THE_PK_KEY,SECTION,DISTRICT,DISTRICT_CD,DATA_TYPE,ELECTION,YEAR,ELECTION_CD,#MALE_REGISTERED,#FEMALE_REGISTERED,#MALE_VOTERS,#FEMALE_VOTERS
1_Centro_Regionali Candidati,1,Centro,1,Affluenza,Regionali Candidati,2014,REG_14,413,404,147,138
2_Centro_Regionali Candidati,2,Centro,1,Affluenza,Regionali Candidati,2014,REG_14,332,402,119,129
3_Centro_Regionali Candidati,3,Centro,1,Affluenza,Regionali Candidati,2014,REG_14,366,451,157,170
4_Centro_Regionali Candidati,4,Centro,1,Affluenza,Regionali Candidati,2014,REG_14,394,411,132,130
5_Centro_Regionali Candidati,5,Centro,1,Affluenza,Regionali Candidati,2014,REG_14,349,429,121,125
6_Centro_Regionali Candidati,6,Centro,1,Affluenza,Regionali Candidati,2014,REG_14,380,457,149,145
7_Centro_Regionali Candidati,7,Centro,1,Affluenza,Regionali Candidati,2014,REG_14,334,441,155,185
8_Centro_Regionali Candidati,8,Centro,1,Affluenza,Regionali Candidati,2014,REG_14,317,381,108,110
9_Centro_Regionali Candidati,9,Centro,1,Affluenza,Regionali Candidati,2014,REG_14,366,396,140,136
10_Centro_Regionali Candidati,10,Centro,1,Affluenza,Regionali Candidati,2014,REG_14,321,389,115,117
11_Centro_Regionali Candidati,11,Centro,1,Affluenza,Regionali Candidati,2014,REG_14,297,318,107,111
12_Centro_Regionali Candidati,12,Centro,1,Affluenza,Regionali Candidati,2014,REG_14,398,393,118,118
13_Centro_Regionali Candidati,13,Centro,1,Affluenza,Regionali Candidati,2014,REG_14,393,398,133,147
14_Centro_Regionali Candidati,14,Centro,1,Affluenza,Regionali Candidati,2014,REG_14,336,368,100,109
15_Centro_Regionali Candidati,15,Centro,1,Affluenza,Regionali Candidati,2014,REG_14,337,384,167,157
16_Centro_Regionali Candidati,16,Centro,1,Affluenza,Regionali Candidati,2014,REG_14,302,351,137,128
17_Centro_Regionali Candidati,17,Centro,1,Affluenza,Regionali Candidati,2014,REG_14,402,422,137,135
99_Buon Pastore_Regionali Candidati,99,Buon Pastore,3,Affluenza,Regionali Candidati,2014,REG_14,344,427,137,146
100_Buon Pastore_Regionali Candidati,100,Buon Pastore,3,Affluenza,Regionali Candidati,2014,REG_14,452,510,209,210
101_Buon Pastore_Regionali Candidati,101,Buon Pastore,3,Affluenza,Regionali Candidati,2014,REG_14,401,484,197,175
102_Buon Pastore_Regionali Candidati,102,Buon Pastore,3,Affluenza,Regionali Candidati,2014,REG_14,335,357,130,119
103_Buon Pastore_Regionali Candidati,103,Buon Pastore,3,Affluenza,Regionali Candidati,2014,REG_14,360,414,142,139
104_Buon Pastore_Regionali Candidati,104,Buon Pastore,3,Affluenza,Regionali Candidati,2014,REG_14,297,367,133,144
105_Buon Pastore_Regionali Candidati,105,Buon Pastore,3,Affluenza,Regionali Candidati,2014,REG_14,310,388,122,138
106_Buon Pastore_Regionali Candidati,106,Buon Pastore,3,Affluenza,Regionali Candidati,2014,REG_14,300,343,128,137
107_Buon Pastore_Regionali Candidati,107,Buon Pastore,3,Affluenza,Regionali Candidati,2014,REG_14,327,372,121,123
108_Buon Pastore_Regionali Candidati,108,Buon Pastore,3,Affluenza,Regionali Candidati,2014,REG_14,326,402,126,149
109_Buon Pastore_Regionali Candidati,109,Buon Pastore,3,Affluenza,Regionali Candidati,2014,REG_14,399,440,176,179
110_Buon Pastore_Regionali Candidati,110,Buon Pastore,3,Affluenza,Regionali Candidati,2014,REG_14,344,391,131,144
111_Buon Pastore_Regionali Candidati,111,Buon Pastore,3,Affluenza,Regionali Candidati,2014,REG_14,367,402,140,134
112_Buon Pastore_Regionali Candidati,112,Buon Pastore,3,Affluenza,Regionali Candidati,2014,REG_14,335,413,142,151
113_Buon Pastore_Regionali Candidati,113,Buon Pastore,3,Affluenza,Regionali Candidati,2014,REG_14,411,457,195,211
114_Buon Pastore_Regionali Candidati,114,Buon Pastore,3,Affluenza,Regionali Candidati,2014,REG_14,400,448,172,173
115_Buon Pastore_Regionali Candidati,115,Buon Pastore,3,Affluenza,Regionali Candidati,2014,REG_14,351,398,173,183
116_Buon Pastore_Regionali Candidati,116,Buon Pastore,3,Affluenza,Regionali Candidati,2014,REG_14,464,505,187,192
117_Buon Pastore_Regionali Candidati,117,Buon Pastore,3,Affluenza,Regionali Candidati,2014,REG_14,398,437,213,208
118_Buon Pastore_Regionali Candidati,118,Buon Pastore,3,Affluenza,Regionali Candidati,2014,REG_14,418,476,201,188
119_Buon Pastore_Regionali Candidati,119,Buon Pastore,3,Affluenza,Regionali Candidati,2014,REG_14,386,407,148,150
120_Buon Pastore_Regionali Candidati,120,Buon Pastore,3,Affluenza,Regionali Candidati,2014,REG_14,509,525,229,204
121_Buon Pastore_Regionali Candidati,121,Buon Pastore,3,Affluenza,Regionali Candidati,2014,REG_14,489,496,207,185
122_Buon Pastore_Regionali Candidati,122,Buon Pastore,3,Affluenza,Regionali Candidati,2014,REG_14,514,492,114,109
123_Buon Pastore_Regionali Candidati,123,Buon Pastore,3,Affluenza,Regionali Candidati,2014,REG_14,293,286,90,88
124_Buon Pastore_Regionali Candidati,124,Buon Pastore,3,Affluenza,Regionali Candidati,2014,REG_14,451,508,231,240
125_Buon Pastore_Regionali Candidati,125,Buon Pastore,3,Affluenza,Regionali Candidati,2014,REG_14,387,395,214,219
126_Buon Pastore_Regionali Candidati,126,Buon Pastore,3,Affluenza,Regionali Candidati,2014,REG_14,408,417,217,202
127_Buon Pastore_Regionali Candidati,127,Buon Pastore,3,Affluenza,Regionali Candidati,2014,REG_14,300,308,119,108
128_Buon Pastore_Regionali Candidati,128,Buon Pastore,3,Affluenza,Regionali Candidati,2014,REG_14,392,428,180,186
129_Buon Pastore_Regionali Candidati,129,Buon Pastore,3,Affluenza,Regionali Candidati,2014,REG_14,371,396,142,160
130_San Faustino_Regionali Candidati,130,San Faustino,4,Affluenza,Regionali Candidati,2014,REG_14,319,353,124,113
131_San Faustino_Regionali Candidati,131,San Faustino,4,Affluenza,Regionali Candidati,2014,REG_14,339,366,142,126
132_San Faustino_Regionali Candidati,132,San Faustino,4,Affluenza,Regionali Candidati,2014,REG_14,384,442,153,138
133_San Faustino_Regionali Candidati,133,San Faustino,4,Affluenza,Regionali Candidati,2014,REG_14,268,358,114,117
134_San Faustino_Regionali Candidati,134,San Faustino,4,Affluenza,Regionali Candidati,2014,REG_14,282,361,106,122
135_San Faustino_Regionali Candidati,135,San Faustino,4,Affluenza,Regionali Candidati,2014,REG_14,344,379,106,106
136_San Faustino_Regionali Candidati,136,San Faustino,4,Affluenza,Regionali Candidati,2014,REG_14,273,349,104,118
137_San Faustino_Regionali Candidati,137,San Faustino,4,Affluenza,Regionali Candidati,2014,REG_14,296,364,105,129
138_San Faustino_Regionali Candidati,138,San Faustino,4,Affluenza,Regionali Candidati,2014,REG_14,331,379,124,137
139_San Faustino_Regionali Candidati,139,San Faustino,4,Affluenza,Regionali Candidati,2014,REG_14,328,404,128,150
140_San Faustino_Regionali Candidati,140,San Faustino,4,Affluenza,Regionali Candidati,2014,REG_14,299,393,140,166
141_San Faustino_Regionali Candidati,141,San Faustino,4,Affluenza,Regionali Candidati,2014,REG_14,279,342,109,118
142_San Faustino_Regionali Candidati,142,San Faustino,4,Affluenza,Regionali Candidati,2014,REG_14,375,401,154,139
143_San Faustino_Regionali Candidati,143,San Faustino,4,Affluenza,Regionali Candidati,2014,REG_14,291,354,117,134
144_San Faustino_Regionali Candidati,144,San Faustino,4,Affluenza,Regionali Candidati,2014,REG_14,321,366,148,149
145_San Faustino_Regionali Candidati,145,San Faustino,4,Affluenza,Regionali Candidati,2014,REG_14,330,358,160,153
146_San Faustino_Regionali Candidati,146,San Faustino,4,Affluenza,Regionali Candidati,2014,REG_14,359,412,135,146
147_San Faustino_Regionali Candidati,147,San Faustino,4,Affluenza,Regionali Candidati,2014,REG_14,355,398,173,188
148_San Faustino_Regionali Candidati,148,San Faustino,4,Affluenza,Regionali Candidati,2014,REG_14,338,379,159,158
149_San Faustino_Regionali Candidati,149,San Faustino,4,Affluenza,Regionali Candidati,2014,REG_14,348,382,183,172
150_San Faustino_Regionali Candidati,150,San Faustino,4,Affluenza,Regionali Candidati,2014,REG_14,394,424,195,181
151_San Faustino_Regionali Candidati,151,San Faustino,4,Affluenza,Regionali Candidati,2014,REG_14,340,408,153,177
152_San Faustino_Regionali Candidati,152,San Faustino,4,Affluenza,Regionali Candidati,2014,REG_14,424,476,197,208
153_San Faustino_Regionali Candidati,153,San Faustino,4,Affluenza,Regionali Candidati,2014,REG_14,392,438,167,149
154_San Faustino_Regionali Candidati,154,San Faustino,4,Affluenza,Regionali Candidati,2014,REG_14,328,391,134,138
155_San Faustino_Regionali Candidati,155,San Faustino,4,Affluenza,Regionali Candidati,2014,REG_14,320,372,132,131
156_San Faustino_Regionali Candidati,156,San Faustino,4,Affluenza,Regionali Candidati,2014,REG_14,369,381,144,131
157_San Faustino_Regionali Candidati,157,San Faustino,4,Affluenza,Regionali Candidati,2014,REG_14,351,367,154,149
158_San Faustino_Regionali Candidati,158,San Faustino,4,Affluenza,Regionali Candidati,2014,REG_14,383,463,184,183
159_San Faustino_Regionali Candidati,159,San Faustino,4,Affluenza,Regionali Candidati,2014,REG_14,372,414,174,189
160_San Faustino_Regionali Candidati,160,San Faustino,4,Affluenza,Regionali Candidati,2014,REG_14,367,385,185,195
161_San Faustino_Regionali Candidati,161,San Faustino,4,Affluenza,Regionali Candidati,2014,REG_14,300,311,125,119
162_San Faustino_Regionali Candidati,162,San Faustino,4,Affluenza,Regionali Candidati,2014,REG_14,347,398,162,168
163_San Faustino_Regionali Candidati,163,San Faustino,4,Affluenza,Regionali Candidati,2014,REG_14,358,410,157,167
164_San Faustino_Regionali Candidati,164,San Faustino,4,Affluenza,Regionali Candidati,2014,REG_14,377,427,144,170
165_San Faustino_Regionali Candidati,165,San Faustino,4,Affluenza,Regionali Candidati,2014,REG_14,375,411,203,215
166_San Faustino_Regionali Candidati,166,San Faustino,4,Affluenza,Regionali Candidati,2014,REG_14,354,341,148,126
167_San Faustino_Regionali Candidati,167,San Faustino,4,Affluenza,Regionali Candidati,2014,REG_14,414,425,200,178
168_San Faustino_Regionali Candidati,168,San Faustino,4,Affluenza,Regionali Candidati,2014,REG_14,439,435,151,149
169_San Faustino_Regionali Candidati,169,San Faustino,4,Affluenza,Regionali Candidati,2014,REG_14,503,561,233,251
170_San Faustino_Regionali Candidati,170,San Faustino,4,Affluenza,Regionali Candidati,2014,REG_14,478,477,195,178
171_San Faustino_Regionali Candidati,171,San Faustino,4,Affluenza,Regionali Candidati,2014,REG_14,485,470,227,201
172_San Faustino_Regionali Candidati,172,San Faustino,4,Affluenza,Regionali Candidati,2014,REG_14,316,332,121,128
173_San Faustino_Regionali Candidati,173,San Faustino,4,Affluenza,Regionali Candidati,2014,REG_14,329,351,148,159
174_San Faustino_Regionali Candidati,174,San Faustino,4,Affluenza,Regionali Candidati,2014,REG_14,299,294,141,125
175_San Faustino_Regionali Candidati,175,San Faustino,4,Affluenza,Regionali Candidati,2014,REG_14,345,372,159,143
176_San Faustino_Regionali Candidati,176,San Faustino,4,Affluenza,Regionali Candidati,2014,REG_14,325,383,164,174
177_San Faustino_Regionali Candidati,177,San Faustino,4,Affluenza,Regionali Candidati,2014,REG_14,346,370,187,180
178_San Faustino_Regionali Candidati,178,San Faustino,4,Affluenza,Regionali Candidati,2014,REG_14,433,434,207,185
179_San Faustino_Regionali Candidati,179,San Faustino,4,Affluenza,Regionali Candidati,2014,REG_14,425,468,180,190
180_San Faustino_Regionali Candidati,180,San Faustino,4,Affluenza,Regionali Candidati,2014,REG_14,393,419,192,182
181_Buon Pastore_Regionali Candidati,181,Buon Pastore,3,Affluenza,Regionali Candidati,2014,REG_14,0,0,26,9
182_Buon Pastore_Regionali Candidati,182,Buon Pastore,3,Affluenza,Regionali Candidati,2014,REG_14,0,0,18,22
183_San Faustino_Regionali Candidati,183,San Faustino,4,Affluenza,Regionali Candidati,2014,REG_14,0,0,29,15
184_San Faustino_Regionali Candidati,184,San Faustino,4,Affluenza,Regionali Candidati,2014,REG_14,0,0,16,11
185_San Faustino_Regionali Candidati,185,San Faustino,4,Affluenza,Regionali Candidati,2014,REG_14,396,396,181,170
186_San Faustino_Regionali Candidati,186,San Faustino,4,Affluenza,Regionali Candidati,2014,REG_14,327,347,144,148
187_Buon Pastore_Regionali Candidati,187,Buon Pastore,3,Affluenza,Regionali Candidati,2014,REG_14,573,585,256,238
18_Centro_Regionali Candidati,18,Centro,1,Affluenza,Regionali Candidati,2014,REG_14,339,361,111,123
19_Centro_Regionali Candidati,19,Centro,1,Affluenza,Regionali Candidati,2014,REG_14,330,338,115,99
20_Centro_Regionali Candidati,20,Centro,1,Affluenza,Regionali Candidati,2014,REG_14,332,373,119,121
21_Centro_Regionali Candidati,21,Centro,1,Affluenza,Regionali Candidati,2014,REG_14,432,442,93,91
22_Crocetta_Regionali Candidati,22,Crocetta,2,Affluenza,Regionali Candidati,2014,REG_14,456,421,154,150
23_Crocetta_Regionali Candidati,23,Crocetta,2,Affluenza,Regionali Candidati,2014,REG_14,357,406,135,152
24_Crocetta_Regionali Candidati,24,Crocetta,2,Affluenza,Regionali Candidati,2014,REG_14,311,349,130,120
25_Crocetta_Regionali Candidati,25,Crocetta,2,Affluenza,Regionali Candidati,2014,REG_14,386,432,187,188
26_Crocetta_Regionali Candidati,26,Crocetta,2,Affluenza,Regionali Candidati,2014,REG_14,343,367,164,158
27_Crocetta_Regionali Candidati,27,Crocetta,2,Affluenza,Regionali Candidati,2014,REG_14,338,325,120,115
28_Crocetta_Regionali Candidati,28,Crocetta,2,Affluenza,Regionali Candidati,2014,REG_14,370,344,116,112
29_Crocetta_Regionali Candidati,29,Crocetta,2,Affluenza,Regionali Candidati,2014,REG_14,396,396,173,173
30_Crocetta_Regionali Candidati,30,Crocetta,2,Affluenza,Regionali Candidati,2014,REG_14,322,321,156,149
31_Crocetta_Regionali Candidati,31,Crocetta,2,Affluenza,Regionali Candidati,2014,REG_14,290,299,114,129
32_Crocetta_Regionali Candidati,32,Crocetta,2,Affluenza,Regionali Candidati,2014,REG_14,386,392,165,162
33_Crocetta_Regionali Candidati,33,Crocetta,2,Affluenza,Regionali Candidati,2014,REG_14,356,387,149,141
34_Crocetta_Regionali Candidati,34,Crocetta,2,Affluenza,Regionali Candidati,2014,REG_14,338,384,140,151
35_Crocetta_Regionali Candidati,35,Crocetta,2,Affluenza,Regionali Candidati,2014,REG_14,389,390,137,130
36_Crocetta_Regionali Candidati,36,Crocetta,2,Affluenza,Regionali Candidati,2014,REG_14,295,325,142,146
37_Crocetta_Regionali Candidati,37,Crocetta,2,Affluenza,Regionali Candidati,2014,REG_14,382,398,199,182
38_Crocetta_Regionali Candidati,38,Crocetta,2,Affluenza,Regionali Candidati,2014,REG_14,312,355,160,164
39_Crocetta_Regionali Candidati,39,Crocetta,2,Affluenza,Regionali Candidati,2014,REG_14,357,394,182,180
40_Crocetta_Regionali Candidati,40,Crocetta,2,Affluenza,Regionali Candidati,2014,REG_14,392,410,199,193
41_Crocetta_Regionali Candidati,41,Crocetta,2,Affluenza,Regionali Candidati,2014,REG_14,471,528,214,219
42_Crocetta_Regionali Candidati,42,Crocetta,2,Affluenza,Regionali Candidati,2014,REG_14,336,344,155,134
43_Crocetta_Regionali Candidati,43,Crocetta,2,Affluenza,Regionali Candidati,2014,REG_14,301,313,118,106
44_Crocetta_Regionali Candidati,44,Crocetta,2,Affluenza,Regionali Candidati,2014,REG_14,284,327,112,117
45_Crocetta_Regionali Candidati,45,Crocetta,2,Affluenza,Regionali Candidati,2014,REG_14,372,391,160,123
46_Crocetta_Regionali Candidati,46,Crocetta,2,Affluenza,Regionali Candidati,2014,REG_14,347,360,163,152
47_Crocetta_Regionali Candidati,47,Crocetta,2,Affluenza,Regionali Candidati,2014,REG_14,334,380,126,122
48_Crocetta_Regionali Candidati,48,Crocetta,2,Affluenza,Regionali Candidati,2014,REG_14,282,293,93,95
49_Crocetta_Regionali Candidati,49,Crocetta,2,Affluenza,Regionali Candidati,2014,REG_14,322,376,121,125
50_Crocetta_Regionali Candidati,50,Crocetta,2,Affluenza,Regionali Candidati,2014,REG_14,299,365,116,121
51_Crocetta_Regionali Candidati,51,Crocetta,2,Affluenza,Regionali Candidati,2014,REG_14,297,351,122,119
52_Crocetta_Regionali Candidati,52,Crocetta,2,Affluenza,Regionali Candidati,2014,REG_14,373,427,139,164
53_Crocetta_Regionali Candidati,53,Crocetta,2,Affluenza,Regionali Candidati,2014,REG_14,298,378,121,148
54_Crocetta_Regionali Candidati,54,Crocetta,2,Affluenza,Regionali Candidati,2014,REG_14,314,373,127,136
55_Crocetta_Regionali Candidati,55,Crocetta,2,Affluenza,Regionali Candidati,2014,REG_14,289,363,113,148
56_Crocetta_Regionali Candidati,56,Crocetta,2,Affluenza,Regionali Candidati,2014,REG_14,328,377,146,146
57_Crocetta_Regionali Candidati,57,Crocetta,2,Affluenza,Regionali Candidati,2014,REG_14,290,336,116,126
58_Crocetta_Regionali Candidati,58,Crocetta,2,Affluenza,Regionali Candidati,2014,REG_14,343,384,134,140
59_Crocetta_Regionali Candidati,59,Crocetta,2,Affluenza,Regionali Candidati,2014,REG_14,421,467,206,181
60_Crocetta_Regionali Candidati,60,Crocetta,2,Affluenza,Regionali Candidati,2014,REG_14,400,403,191,187
61_Crocetta_Regionali Candidati,61,Crocetta,2,Affluenza,Regionali Candidati,2014,REG_14,363,403,168,187
62_Crocetta_Regionali Candidati,62,Crocetta,2,Affluenza,Regionali Candidati,2014,REG_14,366,380,158,157
63_Crocetta_Regionali Candidati,63,Crocetta,2,Affluenza,Regionali Candidati,2014,REG_14,397,410,112,115
64_Crocetta_Regionali Candidati,64,Crocetta,2,Affluenza,Regionali Candidati,2014,REG_14,271,292,103,98
65_Crocetta_Regionali Candidati,65,Crocetta,2,Affluenza,Regionali Candidati,2014,REG_14,242,230,74,71
66_Crocetta_Regionali Candidati,66,Crocetta,2,Affluenza,Regionali Candidati,2014,REG_14,290,326,133,146
67_Crocetta_Regionali Candidati,67,Crocetta,2,Affluenza,Regionali Candidati,2014,REG_14,377,416,186,158
68_Crocetta_Regionali Candidati,68,Crocetta,2,Affluenza,Regionali Candidati,2014,REG_14,307,336,115,119
69_Crocetta_Regionali Candidati,69,Crocetta,2,Affluenza,Regionali Candidati,2014,REG_14,342,387,141,126
70_Crocetta_Regionali Candidati,70,Crocetta,2,Affluenza,Regionali Candidati,2014,REG_14,322,357,123,142
71_Buon Pastore_Regionali Candidati,71,Buon Pastore,3,Affluenza,Regionali Candidati,2014,REG_14,325,369,130,129
72_Buon Pastore_Regionali Candidati,72,Buon Pastore,3,Affluenza,Regionali Candidati,2014,REG_14,310,369,144,154
73_Buon Pastore_Regionali Candidati,73,Buon Pastore,3,Affluenza,Regionali Candidati,2014,REG_14,301,370,154,159
74_Buon Pastore_Regionali Candidati,74,Buon Pastore,3,Affluenza,Regionali Candidati,2014,REG_14,283,318,116,126
75_Buon Pastore_Regionali Candidati,75,Buon Pastore,3,Affluenza,Regionali Candidati,2014,REG_14,314,366,121,138
76_Buon Pastore_Regionali Candidati,76,Buon Pastore,3,Affluenza,Regionali Candidati,2014,REG_14,279,318,109,112
77_Buon Pastore_Regionali Candidati,77,Buon Pastore,3,Affluenza,Regionali Candidati,2014,REG_14,291,325,115,118
78_Buon Pastore_Regionali Candidati,78,Buon Pastore,3,Affluenza,Regionali Candidati,2014,REG_14,344,412,138,155
79_Buon Pastore_Regionali Candidati,79,Buon Pastore,3,Affluenza,Regionali Candidati,2014,REG_14,301,330,123,123
80_Buon Pastore_Regionali Candidati,80,Buon Pastore,3,Affluenza,Regionali Candidati,2014,REG_14,408,449,180,188
81_Buon Pastore_Regionali Candidati,81,Buon Pastore,3,Affluenza,Regionali Candidati,2014,REG_14,354,380,165,171
82_Buon Pastore_Regionali Candidati,82,Buon Pastore,3,Affluenza,Regionali Candidati,2014,REG_14,415,420,177,170
83_Buon Pastore_Regionali Candidati,83,Buon Pastore,3,Affluenza,Regionali Candidati,2014,REG_14,269,325,130,136
84_Buon Pastore_Regionali Candidati,84,Buon Pastore,3,Affluenza,Regionali Candidati,2014,REG_14,355,402,179,158
85_Buon Pastore_Regionali Candidati,85,Buon Pastore,3,Affluenza,Regionali Candidati,2014,REG_14,375,435,164,176
86_Buon Pastore_Regionali Candidati,86,Buon Pastore,3,Affluenza,Regionali Candidati,2014,REG_14,392,441,188,198
87_Buon Pastore_Regionali Candidati,87,Buon Pastore,3,Affluenza,Regionali Candidati,2014,REG_14,328,386,160,170
88_Buon Pastore_Regionali Candidati,88,Buon Pastore,3,Affluenza,Regionali Candidati,2014,REG_14,308,356,140,152
89_Buon Pastore_Regionali Candidati,89,Buon Pastore,3,Affluenza,Regionali Candidati,2014,REG_14,443,515,221,244
90_Buon Pastore_Regionali Candidati,90,Buon Pastore,3,Affluenza,Regionali Candidati,2014,REG_14,317,377,166,177
91_Buon Pastore_Regionali Candidati,91,Buon Pastore,3,Affluenza,Regionali Candidati,2014,REG_14,378,438,204,190
92_Buon Pastore_Regionali Candidati,92,Buon Pastore,3,Affluenza,Regionali Candidati,2014,REG_14,286,355,149,169
93_Buon Pastore_Regionali Candidati,93,Buon Pastore,3,Affluenza,Regionali Candidati,2014,REG_14,287,335,147,128
94_Buon Pastore_Regionali Candidati,94,Buon Pastore,3,Affluenza,Regionali Candidati,2014,REG_14,397,419,203,205
95_Buon Pastore_Regionali Candidati,95,Buon Pastore,3,Affluenza,Regionali Candidati,2014,REG_14,387,407,194,207
96_Buon Pastore_Regionali Candidati,96,Buon Pastore,3,Affluenza,Regionali Candidati,2014,REG_14,370,417,127,112
97_Buon Pastore_Regionali Candidati,97,Buon Pastore,3,Affluenza,Regionali Candidati,2014,REG_14,361,426,178,186
98_Buon Pastore_Regionali Candidati,98,Buon Pastore,3,Affluenza,Regionali Candidati,2014,REG_14,318,394,152,141
