THE_PK_KEY,SECTION,DISTRICT,DISTRICT_CD,DATA_TYPE,ELECTION,YEAR,ELECTION_CD,#MALE_REGISTERED,#FEMALE_REGISTERED,#MALE_VOTERS,#FEMALE_VOTERS
160_San Faustino_Europee,160,San Faustino,4,Affluenza,Europee,2019,EUR_2019,394,418,296,319
161_San Faustino_Europee,161,San Faustino,4,Affluenza,Europee,2019,EUR_2019,281,309,188,198
162_San Faustino_Europee,162,San Faustino,4,Affluenza,Europee,2019,EUR_2019,380,398,294,272
163_San Faustino_Europee,163,San Faustino,4,Affluenza,Europee,2019,EUR_2019,345,377,234,260
164_San Faustino_Europee,164,San Faustino,4,Affluenza,Europee,2019,EUR_2019,383,421,279,303
165_San Faustino_Europee,165,San Faustino,4,Affluenza,Europee,2019,EUR_2019,368,418,278,316
166_San Faustino_Europee,166,San Faustino,4,Affluenza,Europee,2019,EUR_2019,357,327,237,229
167_San Faustino_Europee,167,San Faustino,4,Affluenza,Europee,2019,EUR_2019,395,434,296,325
168_San Faustino_Europee,168,San Faustino,4,Affluenza,Europee,2019,EUR_2019,425,431,274,279
169_San Faustino_Europee,169,San Faustino,4,Affluenza,Europee,2019,EUR_2019,358,370,285,306
170_San Faustino_Europee,170,San Faustino,4,Affluenza,Europee,2019,EUR_2019,374,393,276,290
171_San Faustino_Europee,171,San Faustino,4,Affluenza,Europee,2019,EUR_2019,418,417,316,312
172_San Faustino_Europee,172,San Faustino,4,Affluenza,Europee,2019,EUR_2019,313,317,210,210
173_San Faustino_Europee,173,San Faustino,4,Affluenza,Europee,2019,EUR_2019,377,388,279,275
174_San Faustino_Europee,174,San Faustino,4,Affluenza,Europee,2019,EUR_2019,307,294,219,216
175_San Faustino_Europee,175,San Faustino,4,Affluenza,Europee,2019,EUR_2019,348,361,256,242
176_San Faustino_Europee,176,San Faustino,4,Affluenza,Europee,2019,EUR_2019,334,371,255,290
177_San Faustino_Europee,177,San Faustino,4,Affluenza,Europee,2019,EUR_2019,342,361,278,295
178_San Faustino_Europee,178,San Faustino,4,Affluenza,Europee,2019,EUR_2019,439,448,337,335
179_San Faustino_Europee,179,San Faustino,4,Affluenza,Europee,2019,EUR_2019,469,504,354,383
180_San Faustino_Europee,180,San Faustino,4,Affluenza,Europee,2019,EUR_2019,402,425,306,317
181_Buon Pastore_Europee,181,Buon Pastore,3,Affluenza,Europee,2019,EUR_2019,0,0,34,28
182_Buon Pastore_Europee,182,Buon Pastore,3,Affluenza,Europee,2019,EUR_2019,0,0,34,32
183_San Faustino_Europee,183,San Faustino,4,Affluenza,Europee,2019,EUR_2019,0,0,55,32
184_San Faustino_Europee,184,San Faustino,4,Affluenza,Europee,2019,EUR_2019,0,0,29,28
185_San Faustino_Europee,185,San Faustino,4,Affluenza,Europee,2019,EUR_2019,413,408,325,318
186_San Faustino_Europee,186,San Faustino,4,Affluenza,Europee,2019,EUR_2019,316,347,231,243
187_Buon Pastore_Europee,187,Buon Pastore,3,Affluenza,Europee,2019,EUR_2019,325,349,241,259
188_Buon Pastore_Europee,188,Buon Pastore,3,Affluenza,Europee,2019,EUR_2019,326,378,265,282
189_Buon Pastore_Europee,189,Buon Pastore,3,Affluenza,Europee,2019,EUR_2019,347,339,278,251
190_San Faustino_Europee,190,San Faustino,4,Affluenza,Europee,2019,EUR_2019,378,381,273,267
1_Centro_Europee,1,Centro,1,Affluenza,Europee,2019,EUR_2019,433,414,310,296
2_Centro_Europee,2,Centro,1,Affluenza,Europee,2019,EUR_2019,329,375,216,245
3_Centro_Europee,3,Centro,1,Affluenza,Europee,2019,EUR_2019,385,441,281,320
4_Centro_Europee,4,Centro,1,Affluenza,Europee,2019,EUR_2019,408,433,293,294
5_Centro_Europee,5,Centro,1,Affluenza,Europee,2019,EUR_2019,378,440,276,284
6_Centro_Europee,6,Centro,1,Affluenza,Europee,2019,EUR_2019,382,454,283,319
7_Centro_Europee,7,Centro,1,Affluenza,Europee,2019,EUR_2019,342,438,240,326
8_Centro_Europee,8,Centro,1,Affluenza,Europee,2019,EUR_2019,312,364,195,224
9_Centro_Europee,9,Centro,1,Affluenza,Europee,2019,EUR_2019,373,411,250,279
10_Centro_Europee,10,Centro,1,Affluenza,Europee,2019,EUR_2019,308,399,202,259
11_Centro_Europee,11,Centro,1,Affluenza,Europee,2019,EUR_2019,305,317,200,209
12_Centro_Europee,12,Centro,1,Affluenza,Europee,2019,EUR_2019,400,395,258,239
13_Centro_Europee,13,Centro,1,Affluenza,Europee,2019,EUR_2019,428,405,279,289
14_Centro_Europee,14,Centro,1,Affluenza,Europee,2019,EUR_2019,351,382,227,255
15_Centro_Europee,15,Centro,1,Affluenza,Europee,2019,EUR_2019,355,348,236,224
16_Centro_Europee,16,Centro,1,Affluenza,Europee,2019,EUR_2019,318,332,225,221
17_Centro_Europee,17,Centro,1,Affluenza,Europee,2019,EUR_2019,421,450,247,258
18_Centro_Europee,18,Centro,1,Affluenza,Europee,2019,EUR_2019,373,362,244,234
19_Centro_Europee,19,Centro,1,Affluenza,Europee,2019,EUR_2019,323,325,201,208
20_Centro_Europee,20,Centro,1,Affluenza,Europee,2019,EUR_2019,335,373,246,238
21_Centro_Europee,21,Centro,1,Affluenza,Europee,2019,EUR_2019,438,437,212,222
22_Crocetta_Europee,22,Crocetta,2,Affluenza,Europee,2019,EUR_2019,491,456,313,286
23_Crocetta_Europee,23,Crocetta,2,Affluenza,Europee,2019,EUR_2019,353,436,241,296
24_Crocetta_Europee,24,Crocetta,2,Affluenza,Europee,2019,EUR_2019,310,333,201,210
25_Crocetta_Europee,25,Crocetta,2,Affluenza,Europee,2019,EUR_2019,376,427,278,314
26_Crocetta_Europee,26,Crocetta,2,Affluenza,Europee,2019,EUR_2019,353,343,279,255
27_Crocetta_Europee,27,Crocetta,2,Affluenza,Europee,2019,EUR_2019,333,298,214,200
28_Crocetta_Europee,28,Crocetta,2,Affluenza,Europee,2019,EUR_2019,392,359,226,240
29_Crocetta_Europee,29,Crocetta,2,Affluenza,Europee,2019,EUR_2019,414,413,280,283
30_Crocetta_Europee,30,Crocetta,2,Affluenza,Europee,2019,EUR_2019,315,322,240,257
31_Crocetta_Europee,31,Crocetta,2,Affluenza,Europee,2019,EUR_2019,292,307,196,208
32_Crocetta_Europee,32,Crocetta,2,Affluenza,Europee,2019,EUR_2019,387,392,284,273
33_Crocetta_Europee,33,Crocetta,2,Affluenza,Europee,2019,EUR_2019,365,397,266,276
34_Crocetta_Europee,34,Crocetta,2,Affluenza,Europee,2019,EUR_2019,380,429,267,278
35_Crocetta_Europee,35,Crocetta,2,Affluenza,Europee,2019,EUR_2019,354,341,242,228
36_Crocetta_Europee,36,Crocetta,2,Affluenza,Europee,2019,EUR_2019,289,320,230,241
37_Crocetta_Europee,37,Crocetta,2,Affluenza,Europee,2019,EUR_2019,388,413,296,310
38_Crocetta_Europee,38,Crocetta,2,Affluenza,Europee,2019,EUR_2019,392,438,288,343
39_Crocetta_Europee,39,Crocetta,2,Affluenza,Europee,2019,EUR_2019,382,432,303,334
40_Crocetta_Europee,40,Crocetta,2,Affluenza,Europee,2019,EUR_2019,367,397,292,302
41_Crocetta_Europee,41,Crocetta,2,Affluenza,Europee,2019,EUR_2019,384,433,264,294
42_Crocetta_Europee,42,Crocetta,2,Affluenza,Europee,2019,EUR_2019,319,348,232,247
43_Crocetta_Europee,43,Crocetta,2,Affluenza,Europee,2019,EUR_2019,277,311,171,206
44_Crocetta_Europee,44,Crocetta,2,Affluenza,Europee,2019,EUR_2019,304,356,200,229
45_Crocetta_Europee,45,Crocetta,2,Affluenza,Europee,2019,EUR_2019,380,411,241,274
46_Crocetta_Europee,46,Crocetta,2,Affluenza,Europee,2019,EUR_2019,335,366,253,256
47_Crocetta_Europee,47,Crocetta,2,Affluenza,Europee,2019,EUR_2019,317,345,206,210
48_Crocetta_Europee,48,Crocetta,2,Affluenza,Europee,2019,EUR_2019,318,340,190,191
49_Crocetta_Europee,49,Crocetta,2,Affluenza,Europee,2019,EUR_2019,327,376,212,242
50_Crocetta_Europee,50,Crocetta,2,Affluenza,Europee,2019,EUR_2019,287,332,201,225
51_Crocetta_Europee,51,Crocetta,2,Affluenza,Europee,2019,EUR_2019,296,343,210,241
52_Crocetta_Europee,52,Crocetta,2,Affluenza,Europee,2019,EUR_2019,368,446,265,304
53_Crocetta_Europee,53,Crocetta,2,Affluenza,Europee,2019,EUR_2019,294,386,201,254
54_Crocetta_Europee,54,Crocetta,2,Affluenza,Europee,2019,EUR_2019,322,337,203,214
55_Crocetta_Europee,55,Crocetta,2,Affluenza,Europee,2019,EUR_2019,270,368,183,251
56_Crocetta_Europee,56,Crocetta,2,Affluenza,Europee,2019,EUR_2019,336,375,248,258
57_Crocetta_Europee,57,Crocetta,2,Affluenza,Europee,2019,EUR_2019,290,335,191,210
58_Crocetta_Europee,58,Crocetta,2,Affluenza,Europee,2019,EUR_2019,350,375,212,239
59_Crocetta_Europee,59,Crocetta,2,Affluenza,Europee,2019,EUR_2019,392,450,287,314
60_Crocetta_Europee,60,Crocetta,2,Affluenza,Europee,2019,EUR_2019,407,420,316,326
61_Crocetta_Europee,61,Crocetta,2,Affluenza,Europee,2019,EUR_2019,348,379,264,289
62_Crocetta_Europee,62,Crocetta,2,Affluenza,Europee,2019,EUR_2019,355,367,258,271
63_Crocetta_Europee,63,Crocetta,2,Affluenza,Europee,2019,EUR_2019,442,441,278,283
64_Crocetta_Europee,64,Crocetta,2,Affluenza,Europee,2019,EUR_2019,290,312,166,169
65_Crocetta_Europee,65,Crocetta,2,Affluenza,Europee,2019,EUR_2019,261,257,135,117
66_Crocetta_Europee,66,Crocetta,2,Affluenza,Europee,2019,EUR_2019,281,328,205,229
67_Crocetta_Europee,67,Crocetta,2,Affluenza,Europee,2019,EUR_2019,384,394,273,274
68_Crocetta_Europee,68,Crocetta,2,Affluenza,Europee,2019,EUR_2019,291,327,185,203
69_Crocetta_Europee,69,Crocetta,2,Affluenza,Europee,2019,EUR_2019,342,382,228,245
70_Crocetta_Europee,70,Crocetta,2,Affluenza,Europee,2019,EUR_2019,308,355,203,225
71_Buon Pastore_Europee,71,Buon Pastore,3,Affluenza,Europee,2019,EUR_2019,335,391,214,249
72_Buon Pastore_Europee,72,Buon Pastore,3,Affluenza,Europee,2019,EUR_2019,326,377,281,255
73_Buon Pastore_Europee,73,Buon Pastore,3,Affluenza,Europee,2019,EUR_2019,296,355,229,263
74_Buon Pastore_Europee,74,Buon Pastore,3,Affluenza,Europee,2019,EUR_2019,272,337,189,221
75_Buon Pastore_Europee,75,Buon Pastore,3,Affluenza,Europee,2019,EUR_2019,312,374,235,273
76_Buon Pastore_Europee,76,Buon Pastore,3,Affluenza,Europee,2019,EUR_2019,291,336,188,226
77_Buon Pastore_Europee,77,Buon Pastore,3,Affluenza,Europee,2019,EUR_2019,314,332,219,234
78_Buon Pastore_Europee,78,Buon Pastore,3,Affluenza,Europee,2019,EUR_2019,334,419,232,281
79_Buon Pastore_Europee,79,Buon Pastore,3,Affluenza,Europee,2019,EUR_2019,300,320,196,215
80_Buon Pastore_Europee,80,Buon Pastore,3,Affluenza,Europee,2019,EUR_2019,398,464,290,334
81_Buon Pastore_Europee,81,Buon Pastore,3,Affluenza,Europee,2019,EUR_2019,341,373,262,285
82_Buon Pastore_Europee,82,Buon Pastore,3,Affluenza,Europee,2019,EUR_2019,395,419,294,306
83_Buon Pastore_Europee,83,Buon Pastore,3,Affluenza,Europee,2019,EUR_2019,328,422,240,268
84_Buon Pastore_Europee,84,Buon Pastore,3,Affluenza,Europee,2019,EUR_2019,384,385,307,298
85_Buon Pastore_Europee,85,Buon Pastore,3,Affluenza,Europee,2019,EUR_2019,379,418,279,304
86_Buon Pastore_Europee,86,Buon Pastore,3,Affluenza,Europee,2019,EUR_2019,372,416,289,310
87_Buon Pastore_Europee,87,Buon Pastore,3,Affluenza,Europee,2019,EUR_2019,342,402,249,283
88_Buon Pastore_Europee,88,Buon Pastore,3,Affluenza,Europee,2019,EUR_2019,306,331,211,234
89_Buon Pastore_Europee,89,Buon Pastore,3,Affluenza,Europee,2019,EUR_2019,313,381,251,285
90_Buon Pastore_Europee,90,Buon Pastore,3,Affluenza,Europee,2019,EUR_2019,331,384,237,278
91_Buon Pastore_Europee,91,Buon Pastore,3,Affluenza,Europee,2019,EUR_2019,377,426,303,312
92_Buon Pastore_Europee,92,Buon Pastore,3,Affluenza,Europee,2019,EUR_2019,265,336,197,262
93_Buon Pastore_Europee,93,Buon Pastore,3,Affluenza,Europee,2019,EUR_2019,302,333,216,223
94_Buon Pastore_Europee,94,Buon Pastore,3,Affluenza,Europee,2019,EUR_2019,380,405,322,326
95_Buon Pastore_Europee,95,Buon Pastore,3,Affluenza,Europee,2019,EUR_2019,376,393,302,313
96_Buon Pastore_Europee,96,Buon Pastore,3,Affluenza,Europee,2019,EUR_2019,345,400,211,241
97_Buon Pastore_Europee,97,Buon Pastore,3,Affluenza,Europee,2019,EUR_2019,340,413,257,310
98_Buon Pastore_Europee,98,Buon Pastore,3,Affluenza,Europee,2019,EUR_2019,336,397,224,255
99_Buon Pastore_Europee,99,Buon Pastore,3,Affluenza,Europee,2019,EUR_2019,351,430,263,301
100_Buon Pastore_Europee,100,Buon Pastore,3,Affluenza,Europee,2019,EUR_2019,446,516,347,379
101_Buon Pastore_Europee,101,Buon Pastore,3,Affluenza,Europee,2019,EUR_2019,419,466,328,342
102_Buon Pastore_Europee,102,Buon Pastore,3,Affluenza,Europee,2019,EUR_2019,335,367,223,249
103_Buon Pastore_Europee,103,Buon Pastore,3,Affluenza,Europee,2019,EUR_2019,353,397,254,273
104_Buon Pastore_Europee,104,Buon Pastore,3,Affluenza,Europee,2019,EUR_2019,319,370,226,252
105_Buon Pastore_Europee,105,Buon Pastore,3,Affluenza,Europee,2019,EUR_2019,329,390,240,285
106_Buon Pastore_Europee,106,Buon Pastore,3,Affluenza,Europee,2019,EUR_2019,296,325,225,241
107_Buon Pastore_Europee,107,Buon Pastore,3,Affluenza,Europee,2019,EUR_2019,307,365,216,239
108_Buon Pastore_Europee,108,Buon Pastore,3,Affluenza,Europee,2019,EUR_2019,324,400,244,296
109_Buon Pastore_Europee,109,Buon Pastore,3,Affluenza,Europee,2019,EUR_2019,400,452,309,330
110_Buon Pastore_Europee,110,Buon Pastore,3,Affluenza,Europee,2019,EUR_2019,355,383,240,249
111_Buon Pastore_Europee,111,Buon Pastore,3,Affluenza,Europee,2019,EUR_2019,383,412,274,284
112_Buon Pastore_Europee,112,Buon Pastore,3,Affluenza,Europee,2019,EUR_2019,340,407,241,277
113_Buon Pastore_Europee,113,Buon Pastore,3,Affluenza,Europee,2019,EUR_2019,426,452,338,342
114_Buon Pastore_Europee,114,Buon Pastore,3,Affluenza,Europee,2019,EUR_2019,422,465,303,338
115_Buon Pastore_Europee,115,Buon Pastore,3,Affluenza,Europee,2019,EUR_2019,361,400,281,299
116_Buon Pastore_Europee,116,Buon Pastore,3,Affluenza,Europee,2019,EUR_2019,316,325,247,249
117_Buon Pastore_Europee,117,Buon Pastore,3,Affluenza,Europee,2019,EUR_2019,378,422,298,325
118_Buon Pastore_Europee,118,Buon Pastore,3,Affluenza,Europee,2019,EUR_2019,412,454,328,354
119_Buon Pastore_Europee,119,Buon Pastore,3,Affluenza,Europee,2019,EUR_2019,374,396,270,265
120_Buon Pastore_Europee,120,Buon Pastore,3,Affluenza,Europee,2019,EUR_2019,331,346,266,263
121_Buon Pastore_Europee,121,Buon Pastore,3,Affluenza,Europee,2019,EUR_2019,483,488,371,383
122_Buon Pastore_Europee,122,Buon Pastore,3,Affluenza,Europee,2019,EUR_2019,406,419,188,176
123_Buon Pastore_Europee,123,Buon Pastore,3,Affluenza,Europee,2019,EUR_2019,293,284,165,173
124_Buon Pastore_Europee,124,Buon Pastore,3,Affluenza,Europee,2019,EUR_2019,394,404,293,299
125_Buon Pastore_Europee,125,Buon Pastore,3,Affluenza,Europee,2019,EUR_2019,396,417,304,318
126_Buon Pastore_Europee,126,Buon Pastore,3,Affluenza,Europee,2019,EUR_2019,403,419,311,309
127_Buon Pastore_Europee,127,Buon Pastore,3,Affluenza,Europee,2019,EUR_2019,367,398,268,262
128_Buon Pastore_Europee,128,Buon Pastore,3,Affluenza,Europee,2019,EUR_2019,415,438,310,321
129_Buon Pastore_Europee,129,Buon Pastore,3,Affluenza,Europee,2019,EUR_2019,339,373,251,282
130_San Faustino_Europee,130,San Faustino,4,Affluenza,Europee,2019,EUR_2019,294,330,233,222
131_San Faustino_Europee,131,San Faustino,4,Affluenza,Europee,2019,EUR_2019,339,365,245,255
132_San Faustino_Europee,132,San Faustino,4,Affluenza,Europee,2019,EUR_2019,432,447,329,324
133_San Faustino_Europee,133,San Faustino,4,Affluenza,Europee,2019,EUR_2019,282,346,195,218
134_San Faustino_Europee,134,San Faustino,4,Affluenza,Europee,2019,EUR_2019,289,353,194,234
135_San Faustino_Europee,135,San Faustino,4,Affluenza,Europee,2019,EUR_2019,332,380,194,222
136_San Faustino_Europee,136,San Faustino,4,Affluenza,Europee,2019,EUR_2019,286,324,205,232
137_San Faustino_Europee,137,San Faustino,4,Affluenza,Europee,2019,EUR_2019,323,387,222,264
138_San Faustino_Europee,138,San Faustino,4,Affluenza,Europee,2019,EUR_2019,322,381,231,264
139_San Faustino_Europee,139,San Faustino,4,Affluenza,Europee,2019,EUR_2019,342,423,224,289
140_San Faustino_Europee,140,San Faustino,4,Affluenza,Europee,2019,EUR_2019,279,359,197,225
141_San Faustino_Europee,141,San Faustino,4,Affluenza,Europee,2019,EUR_2019,283,338,199,222
142_San Faustino_Europee,142,San Faustino,4,Affluenza,Europee,2019,EUR_2019,400,422,296,308
143_San Faustino_Europee,143,San Faustino,4,Affluenza,Europee,2019,EUR_2019,309,358,226,262
144_San Faustino_Europee,144,San Faustino,4,Affluenza,Europee,2019,EUR_2019,284,357,204,263
145_San Faustino_Europee,145,San Faustino,4,Affluenza,Europee,2019,EUR_2019,352,380,256,282
146_San Faustino_Europee,146,San Faustino,4,Affluenza,Europee,2019,EUR_2019,344,379,227,253
147_San Faustino_Europee,147,San Faustino,4,Affluenza,Europee,2019,EUR_2019,310,367,238,279
148_San Faustino_Europee,148,San Faustino,4,Affluenza,Europee,2019,EUR_2019,318,376,252,282
149_San Faustino_Europee,149,San Faustino,4,Affluenza,Europee,2019,EUR_2019,335,378,275,286
150_San Faustino_Europee,150,San Faustino,4,Affluenza,Europee,2019,EUR_2019,406,409,348,348
151_San Faustino_Europee,151,San Faustino,4,Affluenza,Europee,2019,EUR_2019,343,391,227,257
152_San Faustino_Europee,152,San Faustino,4,Affluenza,Europee,2019,EUR_2019,453,486,349,378
153_San Faustino_Europee,153,San Faustino,4,Affluenza,Europee,2019,EUR_2019,418,458,327,336
154_San Faustino_Europee,154,San Faustino,4,Affluenza,Europee,2019,EUR_2019,340,383,249,280
155_San Faustino_Europee,155,San Faustino,4,Affluenza,Europee,2019,EUR_2019,370,414,268,284
156_San Faustino_Europee,156,San Faustino,4,Affluenza,Europee,2019,EUR_2019,373,394,262,273
157_San Faustino_Europee,157,San Faustino,4,Affluenza,Europee,2019,EUR_2019,359,374,256,253
158_San Faustino_Europee,158,San Faustino,4,Affluenza,Europee,2019,EUR_2019,372,429,279,313
159_San Faustino_Europee,159,San Faustino,4,Affluenza,Europee,2019,EUR_2019,364,408,272,292
