THE_PK_KEY,SECTION,DISTRICT,DISTRICT_CD,DATA_TYPE,ELECTION,YEAR,ELECTION_CD,#MALE_REGISTERED,#FEMALE_REGISTERED,#MALE_VOTERS,#FEMALE_VOTERS
,2,Centro,,Affluenza,Regionali Candidati,2014,REG_14,332,402,119,129
3_Centro_Regionali Candidati,3,Centro,1,Affluenza,Regionali Candidati,2014,REG_14,366,451,157,170
4_Centro_Regionali Candidati,4,Centro,1,Affluenza,Regionali Candidati,2014,REG_14,394,411,132,130
5_Centro_Regionali Candidati,5,Centro,1,Affluenza,Regionali Candidati,2014,REG_14,349,429,121,125
7_Centro_Regionali Candidati,7,Centro,1,Affluenza,Regionali Candidati,2014,REG_14,334,441,155,185
8_Centro_Regionali Candidati,8,Centro,1,Affluenza,Regionali Candidati,2014,,317,381,108,110
9_Centro_Regionali Candidati,9,Centro,1,Affluenza,Regionali Candidati,2014,REG_14,366,396,140,136
10_Centro_Regionali Candidati,10,Centro,,Affluenza,Regionali Candidati,2014,REG_14,321,389,115,117
,11,Centro,1,Affluenza,Regionali Candidati,2014,REG_14,297,318,107,111
12_Centro_Regionali Candidati,12,Centro,1,Affluenza,Regionali Candidati,2014,REG_14,398,393,118,118
13_Centro_Regionali Candidati,13,Centro,1,Affluenza,Regionali Candidati,2014,REG_14,393,398,133,147
14_Centro_Regionali Candidati,14,Centro,1,Affluenza,Regionali Candidati,2014,REG_14,336,368,100,109
,15,Centro,1,Affluenza,Regionali Candidati,2014,REG_14,337,384,167,157
16_Centro_Regionali Candidati,16,Centro,1,Affluenza,Regionali Candidati,2014,REG_14,302,351,137,128
,17,Centro,,Affluenza,Regionali Candidati,2014,REG_14,402,422,137,135
99_Buon Pastore_Regionali Candidati,99,Buon Pastore,3,Affluenza,Regionali Candidati,2014,,344,427,137,146
100_Buon Pastore_Regionali Candidati,100,Buon Pastore,3,Affluenza,Regionali Candidati,2014,REG_14,452,510,209,210
,101,Buon Pastore,3,Affluenza,Regionali Candidati,2014,REG_14,401,484,197,175
102_Buon Pastore_Regionali Candidati,102,Buon Pastore,3,Affluenza,Regionali Candidati,2014,REG_14,335,357,130,119
103_Buon Pastore_Regionali Candidati,103,Buon Pastore,,Affluenza,Regionali Candidati,2014,REG_14,360,414,142,139
,104,Buon Pastore,,Affluenza,Regionali Candidati,2014,REG_14,297,367,133,144
,107,Buon Pastore,3,Affluenza,Regionali Candidati,2014,REG_14,327,372,121,123
108_Buon Pastore_Regionali Candidati,108,Buon Pastore,3,Affluenza,Regionali Candidati,2014,REG_14,326,402,126,149
,109,Buon Pastore,3,Affluenza,Regionali Candidati,2014,REG_14,399,440,176,179
110_Buon Pastore_Regionali Candidati,110,Buon Pastore,3,Affluenza,Regionali Candidati,2014,,344,391,131,144
112_Buon Pastore_Regionali Candidati,112,Buon Pastore,3,Affluenza,Regionali Candidati,2014,,335,413,142,151
113_Buon Pastore_Regionali Candidati,113,Buon Pastore,,Affluenza,Regionali Candidati,2014,REG_14,411,457,195,211
115_Buon Pastore_Regionali Candidati,115,Buon Pastore,3,Affluenza,Regionali Candidati,2014,REG_14,351,398,173,183
116_Buon Pastore_Regionali Candidati,116,Buon Pastore,,Affluenza,Regionali Candidati,2014,REG_14,464,505,187,192
118_Buon Pastore_Regionali Candidati,118,Buon Pastore,3,Affluenza,Regionali Candidati,2014,REG_14,418,476,201,188
119_Buon Pastore_Regionali Candidati,119,Buon Pastore,3,Affluenza,Regionali Candidati,2014,REG_14,386,407,148,150
120_Buon Pastore_Regionali Candidati,120,Buon Pastore,3,Affluenza,Regionali Candidati,2014,REG_14,509,525,229,204
,122,Buon Pastore,,Affluenza,Regionali Candidati,2014,REG_14,514,492,114,109
123_Buon Pastore_Regionali Candidati,123,Buon Pastore,3,Affluenza,Regionali Candidati,2014,REG_14,293,286,90,88
,124,Buon Pastore,,Affluenza,Regionali Candidati,2014,REG_14,451,508,231,240
125_Buon Pastore_Regionali Candidati,125,Buon Pastore,3,Affluenza,Regionali Candidati,2014,REG_14,387,395,214,219
126_Buon Pastore_Regionali Candidati,126,Buon Pastore,3,Affluenza,Regionali Candidati,2014,REG_14,408,417,217,202
127_Buon Pastore_Regionali Candidati,127,Buon Pastore,3,Affluenza,Regionali Candidati,2014,,300,308,119,108
128_Buon Pastore_Regionali Candidati,128,Buon Pastore,,Affluenza,Regionali Candidati,2014,REG_14,392,428,180,186
129_Buon Pastore_Regionali Candidati,129,Buon Pastore,3,Affluenza,Regionali Candidati,2014,REG_14,371,396,142,160
130_San Faustino_Regionali Candidati,130,San Faustino,4,Affluenza,Regionali Candidati,2014,,319,353,124,113
,131,San Faustino,4,Affluenza,Regionali Candidati,2014,,339,366,142,126
,132,San Faustino,4,Affluenza,Regionali Candidati,2014,REG_14,384,442,153,138
133_San Faustino_Regionali Candidati,133,San Faustino,4,Affluenza,Regionali Candidati,2014,REG_14,268,358,114,117
134_San Faustino_Regionali Candidati,134,San Faustino,4,Affluenza,Regionali Candidati,2014,REG_14,282,361,106,122
135_San Faustino_Regionali Candidati,135,San Faustino,4,Affluenza,Regionali Candidati,2014,REG_14,344,379,106,106
136_San Faustino_Regionali Candidati,136,San Faustino,,Affluenza,Regionali Candidati,2014,REG_14,273,349,104,118
137_San Faustino_Regionali Candidati,137,San Faustino,4,Affluenza,Regionali Candidati,2014,REG_14,296,364,105,129
138_San Faustino_Regionali Candidati,138,San Faustino,4,Affluenza,Regionali Candidati,2014,,331,379,124,137
139_San Faustino_Regionali Candidati,139,San Faustino,4,Affluenza,Regionali Candidati,2014,REG_14,328,404,128,150
,140,San Faustino,4,Affluenza,Regionali Candidati,2014,REG_14,299,393,140,166
141_San Faustino_Regionali Candidati,141,San Faustino,4,Affluenza,Regionali Candidati,2014,REG_14,279,342,109,118
142_San Faustino_Regionali Candidati,142,San Faustino,4,Affluenza,Regionali Candidati,2014,REG_14,375,401,154,139
143_San Faustino_Regionali Candidati,143,San Faustino,4,Affluenza,Regionali Candidati,2014,,291,354,117,134
145_San Faustino_Regionali Candidati,145,San Faustino,,Affluenza,Regionali Candidati,2014,REG_14,330,358,160,153
146_San Faustino_Regionali Candidati,146,San Faustino,4,Affluenza,Regionali Candidati,2014,REG_14,359,412,135,146
147_San Faustino_Regionali Candidati,147,San Faustino,,Affluenza,Regionali Candidati,2014,REG_14,355,398,173,188
148_San Faustino_Regionali Candidati,148,San Faustino,4,Affluenza,Regionali Candidati,2014,REG_14,338,379,159,158
149_San Faustino_Regionali Candidati,149,San Faustino,4,Affluenza,Regionali Candidati,2014,REG_14,348,382,183,172
,150,San Faustino,4,Affluenza,Regionali Candidati,2014,REG_14,394,424,195,181
,151,San Faustino,4,Affluenza,Regionali Candidati,2014,REG_14,340,408,153,177
152_San Faustino_Regionali Candidati,152,San Faustino,,Affluenza,Regionali Candidati,2014,,424,476,197,208
153_San Faustino_Regionali Candidati,153,San Faustino,4,Affluenza,Regionali Candidati,2014,REG_14,392,438,167,149
,154,San Faustino,4,Affluenza,Regionali Candidati,2014,REG_14,328,391,134,138
156_San Faustino_Regionali Candidati,156,San Faustino,,Affluenza,Regionali Candidati,2014,REG_14,369,381,144,131
158_San Faustino_Regionali Candidati,158,San Faustino,4,Affluenza,Regionali Candidati,2014,REG_14,383,463,184,183
160_San Faustino_Regionali Candidati,160,San Faustino,4,Affluenza,Regionali Candidati,2014,,367,385,185,195
161_San Faustino_Regionali Candidati,161,San Faustino,4,Affluenza,Regionali Candidati,2014,REG_14,300,311,125,119
,162,San Faustino,4,Affluenza,Regionali Candidati,2014,REG_14,347,398,162,168
163_San Faustino_Regionali Candidati,163,San Faustino,4,Affluenza,Regionali Candidati,2014,REG_14,358,410,157,167
164_San Faustino_Regionali Candidati,164,San Faustino,4,Affluenza,Regionali Candidati,2014,,377,427,144,170
165_San Faustino_Regionali Candidati,165,San Faustino,4,Affluenza,Regionali Candidati,2014,REG_14,375,411,203,215
167_San Faustino_Regionali Candidati,167,San Faustino,,Affluenza,Regionali Candidati,2014,REG_14,414,425,200,178
168_San Faustino_Regionali Candidati,168,San Faustino,4,Affluenza,Regionali Candidati,2014,,439,435,151,149
169_San Faustino_Regionali Candidati,169,San Faustino,4,Affluenza,Regionali Candidati,2014,REG_14,503,561,233,251
170_San Faustino_Regionali Candidati,170,San Faustino,4,Affluenza,Regionali Candidati,2014,REG_14,478,477,195,178
171_San Faustino_Regionali Candidati,171,San Faustino,4,Affluenza,Regionali Candidati,2014,REG_14,485,470,227,201
173_San Faustino_Regionali Candidati,173,San Faustino,4,Affluenza,Regionali Candidati,2014,REG_14,329,351,148,159
,174,San Faustino,4,Affluenza,Regionali Candidati,2014,REG_14,299,294,141,125
175_San Faustino_Regionali Candidati,175,San Faustino,4,Affluenza,Regionali Candidati,2014,,345,372,159,143
176_San Faustino_Regionali Candidati,176,San Faustino,4,Affluenza,Regionali Candidati,2014,REG_14,325,383,164,174
178_San Faustino_Regionali Candidati,178,San Faustino,4,Affluenza,Regionali Candidati,2014,REG_14,433,434,207,185
179_San Faustino_Regionali Candidati,179,San Faustino,4,Affluenza,Regionali Candidati,2014,,425,468,180,190
180_San Faustino_Regionali Candidati,180,San Faustino,4,Affluenza,Regionali Candidati,2014,REG_14,393,419,192,182
,181,Buon Pastore,,Affluenza,Regionali Candidati,2014,REG_14,0,0,26,9
182_Buon Pastore_Regionali Candidati,182,Buon Pastore,,Affluenza,Regionali Candidati,2014,REG_14,0,0,18,22
183_San Faustino_Regionali Candidati,183,San Faustino,,Affluenza,Regionali Candidati,2014,,0,0,29,15
184_San Faustino_Regionali Candidati,184,San Faustino,4,Affluenza,Regionali Candidati,2014,REG_14,0,0,16,11
18_Centro_Regionali Candidati,18,Centro,1,Affluenza,Regionali Candidati,2014,REG_14,339,361,111,123
,20,Centro,1,Affluenza,Regionali Candidati,2014,REG_14,332,373,119,121
21_Centro_Regionali Candidati,21,Centro,1,Affluenza,Regionali Candidati,2014,REG_14,432,442,93,91
22_Crocetta_Regionali Candidati,22,Crocetta,,Affluenza,Regionali Candidati,2014,,456,421,154,150
,23,Crocetta,2,Affluenza,Regionali Candidati,2014,REG_14,357,406,135,152
24_Crocetta_Regionali Candidati,24,Crocetta,,Affluenza,Regionali Candidati,2014,REG_14,311,349,130,120
25_Crocetta_Regionali Candidati,25,Crocetta,2,Affluenza,Regionali Candidati,2014,REG_14,386,432,187,188
26_Crocetta_Regionali Candidati,26,Crocetta,2,Affluenza,Regionali Candidati,2014,REG_14,343,367,164,158
27_Crocetta_Regionali Candidati,27,Crocetta,2,Affluenza,Regionali Candidati,2014,REG_14,338,325,120,115
28_Crocetta_Regionali Candidati,28,Crocetta,2,Affluenza,Regionali Candidati,2014,REG_14,370,344,116,112
29_Crocetta_Regionali Candidati,29,Crocetta,,Affluenza,Regionali Candidati,2014,,396,396,173,173
30_Crocetta_Regionali Candidati,30,Crocetta,2,Affluenza,Regionali Candidati,2014,REG_14,322,321,156,149
31_Crocetta_Regionali Candidati,31,Crocetta,2,Affluenza,Regionali Candidati,2014,REG_14,290,299,114,129
32_Crocetta_Regionali Candidati,32,Crocetta,2,Affluenza,Regionali Candidati,2014,REG_14,386,392,165,162
33_Crocetta_Regionali Candidati,33,Crocetta,,Affluenza,Regionali Candidati,2014,REG_14,356,387,149,141
36_Crocetta_Regionali Candidati,36,Crocetta,2,Affluenza,Regionali Candidati,2014,,295,325,142,146
37_Crocetta_Regionali Candidati,37,Crocetta,2,Affluenza,Regionali Candidati,2014,,382,398,199,182
38_Crocetta_Regionali Candidati,38,Crocetta,2,Affluenza,Regionali Candidati,2014,REG_14,312,355,160,164
40_Crocetta_Regionali Candidati,40,Crocetta,2,Affluenza,Regionali Candidati,2014,REG_14,392,410,199,193
41_Crocetta_Regionali Candidati,41,Crocetta,2,Affluenza,Regionali Candidati,2014,,471,528,214,219
43_Crocetta_Regionali Candidati,43,Crocetta,2,Affluenza,Regionali Candidati,2014,REG_14,301,313,118,106
45_Crocetta_Regionali Candidati,45,Crocetta,2,Affluenza,Regionali Candidati,2014,REG_14,372,391,160,123
46_Crocetta_Regionali Candidati,46,Crocetta,,Affluenza,Regionali Candidati,2014,,347,360,163,152
47_Crocetta_Regionali Candidati,47,Crocetta,2,Affluenza,Regionali Candidati,2014,REG_14,334,380,126,122
48_Crocetta_Regionali Candidati,48,Crocetta,2,Affluenza,Regionali Candidati,2014,,282,293,93,95
50_Crocetta_Regionali Candidati,50,Crocetta,2,Affluenza,Regionali Candidati,2014,REG_14,299,365,116,121
51_Crocetta_Regionali Candidati,51,Crocetta,2,Affluenza,Regionali Candidati,2014,REG_14,297,351,122,119
52_Crocetta_Regionali Candidati,52,Crocetta,2,Affluenza,Regionali Candidati,2014,REG_14,373,427,139,164
54_Crocetta_Regionali Candidati,54,Crocetta,2,Affluenza,Regionali Candidati,2014,REG_14,314,373,127,136
,55,Crocetta,2,Affluenza,Regionali Candidati,2014,REG_14,289,363,113,148
56_Crocetta_Regionali Candidati,56,Crocetta,,Affluenza,Regionali Candidati,2014,REG_14,328,377,146,146
,57,Crocetta,2,Affluenza,Regionali Candidati,2014,REG_14,290,336,116,126
,58,Crocetta,2,Affluenza,Regionali Candidati,2014,REG_14,343,384,134,140
59_Crocetta_Regionali Candidati,59,Crocetta,2,Affluenza,Regionali Candidati,2014,,421,467,206,181
60_Crocetta_Regionali Candidati,60,Crocetta,,Affluenza,Regionali Candidati,2014,REG_14,400,403,191,187
61_Crocetta_Regionali Candidati,61,Crocetta,2,Affluenza,Regionali Candidati,2014,REG_14,363,403,168,187
,62,Crocetta,2,Affluenza,Regionali Candidati,2014,REG_14,366,380,158,157
63_Crocetta_Regionali Candidati,63,Crocetta,2,Affluenza,Regionali Candidati,2014,REG_14,397,410,112,115
64_Crocetta_Regionali Candidati,64,Crocetta,2,Affluenza,Regionali Candidati,2014,REG_14,271,292,103,98
65_Crocetta_Regionali Candidati,65,Crocetta,2,Affluenza,Regionali Candidati,2014,REG_14,242,230,74,71
66_Crocetta_Regionali Candidati,66,Crocetta,2,Affluenza,Regionali Candidati,2014,REG_14,290,326,133,146
,67,Crocetta,2,Affluenza,Regionali Candidati,2014,REG_14,377,416,186,158
68_Crocetta_Regionali Candidati,68,Crocetta,2,Affluenza,Regionali Candidati,2014,REG_14,307,336,115,119
69_Crocetta_Regionali Candidati,69,Crocetta,,Affluenza,Regionali Candidati,2014,REG_14,342,387,141,126
70_Crocetta_Regionali Candidati,70,Crocetta,,Affluenza,Regionali Candidati,2014,,322,357,123,142
71_Buon Pastore_Regionali Candidati,71,Buon Pastore,3,Affluenza,Regionali Candidati,2014,REG_14,325,369,130,129
,72,Buon Pastore,3,Affluenza,Regionali Candidati,2014,REG_14,310,369,144,154
73_Buon Pastore_Regionali Candidati,73,Buon Pastore,3,Affluenza,Regionali Candidati,2014,,301,370,154,159
,75,Buon Pastore,3,Affluenza,Regionali Candidati,2014,REG_14,314,366,121,138
,76,Buon Pastore,3,Affluenza,Regionali Candidati,2014,REG_14,279,318,109,112
77_Buon Pastore_Regionali Candidati,77,Buon Pastore,3,Affluenza,Regionali Candidati,2014,,291,325,115,118
78_Buon Pastore_Regionali Candidati,78,Buon Pastore,3,Affluenza,Regionali Candidati,2014,,344,412,138,155
79_Buon Pastore_Regionali Candidati,79,Buon Pastore,3,Affluenza,Regionali Candidati,2014,REG_14,301,330,123,123
80_Buon Pastore_Regionali Candidati,80,Buon Pastore,3,Affluenza,Regionali Candidati,2014,REG_14,408,449,180,188
81_Buon Pastore_Regionali Candidati,81,Buon Pastore,3,Affluenza,Regionali Candidati,2014,REG_14,354,380,165,171
82_Buon Pastore_Regionali Candidati,82,Buon Pastore,3,Affluenza,Regionali Candidati,2014,REG_14,415,420,177,170
83_Buon Pastore_Regionali Candidati,83,Buon Pastore,3,Affluenza,Regionali Candidati,2014,REG_14,269,325,130,136
,84,Buon Pastore,3,Affluenza,Regionali Candidati,2014,REG_14,355,402,179,158
,85,Buon Pastore,3,Affluenza,Regionali Candidati,2014,REG_14,375,435,164,176
86_Buon Pastore_Regionali Candidati,86,Buon Pastore,,Affluenza,Regionali Candidati,2014,REG_14,392,441,188,198
89_Buon Pastore_Regionali Candidati,89,Buon Pastore,3,Affluenza,Regionali Candidati,2014,,443,515,221,244
,90,Buon Pastore,3,Affluenza,Regionali Candidati,2014,REG_14,317,377,166,177
,91,Buon Pastore,3,Affluenza,Regionali Candidati,2014,REG_14,378,438,204,190
92_Buon Pastore_Regionali Candidati,92,Buon Pastore,3,Affluenza,Regionali Candidati,2014,,286,355,149,169
,93,Buon Pastore,3,Affluenza,Regionali Candidati,2014,REG_14,287,335,147,128
94_Buon Pastore_Regionali Candidati,94,Buon Pastore,3,Affluenza,Regionali Candidati,2014,REG_14,397,419,203,205
,95,Buon Pastore,3,Affluenza,Regionali Candidati,2014,,387,407,194,207
96_Buon Pastore_Regionali Candidati,96,Buon Pastore,3,Affluenza,Regionali Candidati,2014,REG_14,370,417,127,112
,97,Buon Pastore,3,Affluenza,Regionali Candidati,2014,REG_14,361,426,178,186
,98,Buon Pastore,3,Affluenza,Regionali Candidati,2014,,318,394,152,141
