THE_PK_KEY,SECTION,DISTRICT,DISTRICT_CD,DATA_TYPE,ELECTION,YEAR,ELECTION_CD,#MALE_REGISTERED,#FEMALE_REGISTERED,#MALE_VOTERS,#FEMALE_VOTERS
1_Centro_Regionali Liste,1,Centro,1,Affluenza,Regionali Liste,2024,REG_24,488,431,203,188
,2,Centro,1,Affluenza,Regionali Liste,2024,REG_24,356,392,141,183
5_Centro_Regionali Liste,5,Centro,1,Affluenza,Regionali Liste,2024,REG_24,412,441,210,189
,7,Centro,1,Affluenza,Regionali Liste,2024,,407,464,235,266
8_Centro_Regionali Liste,8,Centro,,Affluenza,Regionali Liste,2024,REG_24,392,417,135,160
9_Centro_Regionali Liste,9,Centro,1,Affluenza,Regionali Liste,2024,REG_24,363,412,171,190
10_Centro_Regionali Liste,10,Centro,,Affluenza,Regionali Liste,2024,REG_24,314,419,137,174
,11,Centro,1,Affluenza,Regionali Liste,2024,REG_24,318,286,139,145
12_Centro_Regionali Liste,12,Centro,1,Affluenza,Regionali Liste,2024,REG_24,436,397,188,179
14_Centro_Regionali Liste,14,Centro,1,Affluenza,Regionali Liste,2024,REG_24,382,365,147,156
15_Centro_Regionali Liste,15,Centro,1,Affluenza,Regionali Liste,2024,REG_24,388,346,185,162
16_Centro_Regionali Liste,16,Centro,1,Affluenza,Regionali Liste,2024,REG_24,319,335,161,148
17_Centro_Regionali Liste,17,Centro,,Affluenza,Regionali Liste,2024,,451,431,167,186
18_Centro_Regionali Liste,18,Centro,,Affluenza,Regionali Liste,2024,REG_24,439,396,183,174
,19,Centro,1,Affluenza,Regionali Liste,2024,REG_24,342,328,132,125
,20,Centro,1,Affluenza,Regionali Liste,2024,REG_24,370,383,180,177
,21,Centro,1,Affluenza,Regionali Liste,2024,,516,504,141,129
,22,Crocetta,2,Affluenza,Regionali Liste,2024,,514,475,220,229
,23,Crocetta,2,Affluenza,Regionali Liste,2024,REG_24,368,410,149,184
,24,Crocetta,,Affluenza,Regionali Liste,2024,REG_24,307,321,121,135
26_Crocetta_Regionali Liste,26,Crocetta,2,Affluenza,Regionali Liste,2024,REG_24,354,362,216,199
27_Crocetta_Regionali Liste,27,Crocetta,2,Affluenza,Regionali Liste,2024,REG_24,350,322,128,125
28_Crocetta_Regionali Liste,28,Crocetta,,Affluenza,Regionali Liste,2024,REG_24,436,401,161,166
31_Crocetta_Regionali Liste,31,Crocetta,2,Affluenza,Regionali Liste,2024,,300,326,126,139
34_Crocetta_Regionali Liste,34,Crocetta,,Affluenza,Regionali Liste,2024,REG_24,373,425,211,224
35_Crocetta_Regionali Liste,35,Crocetta,2,Affluenza,Regionali Liste,2024,REG_24,407,407,169,162
36_Crocetta_Regionali Liste,36,Crocetta,2,Affluenza,Regionali Liste,2024,REG_24,293,314,166,189
37_Crocetta_Regionali Liste,37,Crocetta,2,Affluenza,Regionali Liste,2024,,374,433,234,247
39_Crocetta_Regionali Liste,39,Crocetta,,Affluenza,Regionali Liste,2024,REG_24,385,428,233,265
41_Crocetta_Regionali Liste,41,Crocetta,2,Affluenza,Regionali Liste,2024,REG_24,379,416,187,194
,42,Crocetta,2,Affluenza,Regionali Liste,2024,REG_24,331,334,161,177
,43,Crocetta,2,Affluenza,Regionali Liste,2024,,280,303,119,138
44_Crocetta_Regionali Liste,44,Crocetta,2,Affluenza,Regionali Liste,2024,,346,398,143,160
,45,Crocetta,2,Affluenza,Regionali Liste,2024,REG_24,383,427,160,180
46_Crocetta_Regionali Liste,46,Crocetta,2,Affluenza,Regionali Liste,2024,REG_24,337,341,191,196
,49,Crocetta,2,Affluenza,Regionali Liste,2024,REG_24,331,393,147,152
50_Crocetta_Regionali Liste,50,Crocetta,2,Affluenza,Regionali Liste,2024,REG_24,299,365,132,166
51_Crocetta_Regionali Liste,51,Crocetta,2,Affluenza,Regionali Liste,2024,REG_24,303,370,159,166
52_Crocetta_Regionali Liste,52,Crocetta,2,Affluenza,Regionali Liste,2024,,404,464,188,225
,53,Crocetta,2,Affluenza,Regionali Liste,2024,REG_24,329,398,155,209
54_Crocetta_Regionali Liste,54,Crocetta,2,Affluenza,Regionali Liste,2024,,293,324,159,174
57_Crocetta_Regionali Liste,57,Crocetta,2,Affluenza,Regionali Liste,2024,REG_24,309,357,137,161
58_Crocetta_Regionali Liste,58,Crocetta,2,Affluenza,Regionali Liste,2024,REG_24,406,373,152,166
59_Crocetta_Regionali Liste,59,Crocetta,2,Affluenza,Regionali Liste,2024,REG_24,417,463,216,245
62_Crocetta_Regionali Liste,62,Crocetta,2,Affluenza,Regionali Liste,2024,REG_24,345,363,183,198
64_Crocetta_Regionali Liste,64,Crocetta,2,Affluenza,Regionali Liste,2024,REG_24,344,327,106,102
66_Crocetta_Regionali Liste,66,Crocetta,2,Affluenza,Regionali Liste,2024,REG_24,275,314,144,163
,67,Crocetta,,Affluenza,Regionali Liste,2024,REG_24,377,404,190,192
68_Crocetta_Regionali Liste,68,Crocetta,2,Affluenza,Regionali Liste,2024,REG_24,320,332,127,130
69_Crocetta_Regionali Liste,69,Crocetta,2,Affluenza,Regionali Liste,2024,REG_24,366,393,160,159
70_Crocetta_Regionali Liste,70,Crocetta,2,Affluenza,Regionali Liste,2024,REG_24,334,353,129,148
71_Buon Pastore_Regionali Liste,71,Buon Pastore,3,Affluenza,Regionali Liste,2024,REG_24,329,382,142,185
72_Buon Pastore_Regionali Liste,72,Buon Pastore,3,Affluenza,Regionali Liste,2024,REG_24,326,375,183,204
73_Buon Pastore_Regionali Liste,73,Buon Pastore,,Affluenza,Regionali Liste,2024,REG_24,327,365,169,202
75_Buon Pastore_Regionali Liste,75,Buon Pastore,3,Affluenza,Regionali Liste,2024,REG_24,326,381,172,197
76_Buon Pastore_Regionali Liste,76,Buon Pastore,3,Affluenza,Regionali Liste,2024,,306,340,144,169
77_Buon Pastore_Regionali Liste,77,Buon Pastore,3,Affluenza,Regionali Liste,2024,REG_24,301,333,174,179
79_Buon Pastore_Regionali Liste,79,Buon Pastore,3,Affluenza,Regionali Liste,2024,REG_24,295,327,142,163
80_Buon Pastore_Regionali Liste,80,Buon Pastore,3,Affluenza,Regionali Liste,2024,REG_24,375,442,220,230
81_Buon Pastore_Regionali Liste,81,Buon Pastore,3,Affluenza,Regionali Liste,2024,REG_24,311,353,193,226
,82,Buon Pastore,,Affluenza,Regionali Liste,2024,REG_24,387,396,183,196
83_Buon Pastore_Regionali Liste,83,Buon Pastore,,Affluenza,Regionali Liste,2024,,316,405,172,208
,85,Buon Pastore,3,Affluenza,Regionali Liste,2024,REG_24,360,394,194,223
,86,Buon Pastore,,Affluenza,Regionali Liste,2024,REG_24,382,435,219,244
87_Buon Pastore_Regionali Liste,87,Buon Pastore,3,Affluenza,Regionali Liste,2024,REG_24,335,378,189,191
88_Buon Pastore_Regionali Liste,88,Buon Pastore,3,Affluenza,Regionali Liste,2024,REG_24,316,344,184,199
90_Buon Pastore_Regionali Liste,90,Buon Pastore,3,Affluenza,Regionali Liste,2024,REG_24,337,401,172,205
91_Buon Pastore_Regionali Liste,91,Buon Pastore,3,Affluenza,Regionali Liste,2024,REG_24,381,416,227,242
92_Buon Pastore_Regionali Liste,92,Buon Pastore,3,Affluenza,Regionali Liste,2024,REG_24,260,315,153,190
93_Buon Pastore_Regionali Liste,93,Buon Pastore,3,Affluenza,Regionali Liste,2024,REG_24,435,469,213,205
94_Buon Pastore_Regionali Liste,94,Buon Pastore,3,Affluenza,Regionali Liste,2024,REG_24,357,401,234,255
95_Buon Pastore_Regionali Liste,95,Buon Pastore,,Affluenza,Regionali Liste,2024,REG_24,362,385,230,232
,96,Buon Pastore,,Affluenza,Regionali Liste,2024,REG_24,388,428,150,154
98_Buon Pastore_Regionali Liste,98,Buon Pastore,3,Affluenza,Regionali Liste,2024,REG_24,349,392,153,163
99_Buon Pastore_Regionali Liste,99,Buon Pastore,3,Affluenza,Regionali Liste,2024,,351,429,187,221
100_Buon Pastore_Regionali Liste,100,Buon Pastore,,Affluenza,Regionali Liste,2024,REG_24,469,521,275,300
101_Buon Pastore_Regionali Liste,101,Buon Pastore,3,Affluenza,Regionali Liste,2024,,452,487,247,262
102_Buon Pastore_Regionali Liste,102,Buon Pastore,3,Affluenza,Regionali Liste,2024,REG_24,330,349,140,165
103_Buon Pastore_Regionali Liste,103,Buon Pastore,3,Affluenza,Regionali Liste,2024,REG_24,349,410,172,196
105_Buon Pastore_Regionali Liste,105,Buon Pastore,3,Affluenza,Regionali Liste,2024,REG_24,347,385,170,176
107_Buon Pastore_Regionali Liste,107,Buon Pastore,3,Affluenza,Regionali Liste,2024,REG_24,290,355,154,171
108_Buon Pastore_Regionali Liste,108,Buon Pastore,3,Affluenza,Regionali Liste,2024,REG_24,347,410,179,214
109_Buon Pastore_Regionali Liste,109,Buon Pastore,3,Affluenza,Regionali Liste,2024,,401,469,238,246
110_Buon Pastore_Regionali Liste,110,Buon Pastore,,Affluenza,Regionali Liste,2024,,365,403,166,163
111_Buon Pastore_Regionali Liste,111,Buon Pastore,3,Affluenza,Regionali Liste,2024,REG_24,383,418,199,216
,112,Buon Pastore,,Affluenza,Regionali Liste,2024,REG_24,361,374,182,187
113_Buon Pastore_Regionali Liste,113,Buon Pastore,3,Affluenza,Regionali Liste,2024,,412,439,257,259
114_Buon Pastore_Regionali Liste,114,Buon Pastore,,Affluenza,Regionali Liste,2024,,420,488,212,261
115_Buon Pastore_Regionali Liste,115,Buon Pastore,3,Affluenza,Regionali Liste,2024,,380,369,230,244
,116,Buon Pastore,3,Affluenza,Regionali Liste,2024,REG_24,310,320,195,190
,117,Buon Pastore,3,Affluenza,Regionali Liste,2024,REG_24,382,395,241,260
118_Buon Pastore_Regionali Liste,118,Buon Pastore,3,Affluenza,Regionali Liste,2024,REG_24,419,461,242,263
120_Buon Pastore_Regionali Liste,120,Buon Pastore,,Affluenza,Regionali Liste,2024,REG_24,347,363,206,198
121_Buon Pastore_Regionali Liste,121,Buon Pastore,3,Affluenza,Regionali Liste,2024,REG_24,519,512,291,293
122_Buon Pastore_Regionali Liste,122,Buon Pastore,3,Affluenza,Regionali Liste,2024,REG_24,454,464,134,138
123_Buon Pastore_Regionali Liste,123,Buon Pastore,,Affluenza,Regionali Liste,2024,,306,300,130,133
124_Buon Pastore_Regionali Liste,124,Buon Pastore,3,Affluenza,Regionali Liste,2024,REG_24,397,382,211,203
125_Buon Pastore_Regionali Liste,125,Buon Pastore,3,Affluenza,Regionali Liste,2024,REG_24,411,436,265,269
127_Buon Pastore_Regionali Liste,127,Buon Pastore,3,Affluenza,Regionali Liste,2024,REG_24,364,396,189,188
128_Buon Pastore_Regionali Liste,128,Buon Pastore,,Affluenza,Regionali Liste,2024,REG_24,423,425,226,231
130_San Faustino_Regionali Liste,130,San Faustino,,Affluenza,Regionali Liste,2024,REG_24,322,335,163,159
131_San Faustino_Regionali Liste,131,San Faustino,,Affluenza,Regionali Liste,2024,,371,357,194,185
,134,San Faustino,,Affluenza,Regionali Liste,2024,REG_24,296,348,141,168
136_San Faustino_Regionali Liste,136,San Faustino,4,Affluenza,Regionali Liste,2024,REG_24,290,353,136,161
137_San Faustino_Regionali Liste,137,San Faustino,,Affluenza,Regionali Liste,2024,REG_24,326,386,153,187
138_San Faustino_Regionali Liste,138,San Faustino,4,Affluenza,Regionali Liste,2024,,350,399,171,192
,139,San Faustino,,Affluenza,Regionali Liste,2024,REG_24,380,422,184,208
140_San Faustino_Regionali Liste,140,San Faustino,,Affluenza,Regionali Liste,2024,REG_24,267,314,142,163
141_San Faustino_Regionali Liste,141,San Faustino,4,Affluenza,Regionali Liste,2024,,300,317,158,168
,142,San Faustino,4,Affluenza,Regionali Liste,2024,REG_24,419,430,206,225
,143,San Faustino,4,Affluenza,Regionali Liste,2024,REG_24,332,356,154,181
,144,San Faustino,4,Affluenza,Regionali Liste,2024,REG_24,316,409,166,201
145_San Faustino_Regionali Liste,145,San Faustino,4,Affluenza,Regionali Liste,2024,,333,344,190,210
,146,San Faustino,4,Affluenza,Regionali Liste,2024,REG_24,338,393,179,197
147_San Faustino_Regionali Liste,147,San Faustino,4,Affluenza,Regionali Liste,2024,REG_24,314,387,181,224
148_San Faustino_Regionali Liste,148,San Faustino,4,Affluenza,Regionali Liste,2024,REG_24,348,372,211,234
149_San Faustino_Regionali Liste,149,San Faustino,,Affluenza,Regionali Liste,2024,REG_24,321,380,199,229
150_San Faustino_Regionali Liste,150,San Faustino,,Affluenza,Regionali Liste,2024,REG_24,400,419,257,285
151_San Faustino_Regionali Liste,151,San Faustino,4,Affluenza,Regionali Liste,2024,REG_24,340,379,147,173
153_San Faustino_Regionali Liste,153,San Faustino,4,Affluenza,Regionali Liste,2024,,400,452,235,253
154_San Faustino_Regionali Liste,154,San Faustino,4,Affluenza,Regionali Liste,2024,REG_24,349,368,201,198
155_San Faustino_Regionali Liste,155,San Faustino,4,Affluenza,Regionali Liste,2024,REG_24,391,443,225,227
156_San Faustino_Regionali Liste,156,San Faustino,4,Affluenza,Regionali Liste,2024,REG_24,416,436,234,241
157_San Faustino_Regionali Liste,157,San Faustino,4,Affluenza,Regionali Liste,2024,REG_24,361,386,197,192
158_San Faustino_Regionali Liste,158,San Faustino,4,Affluenza,Regionali Liste,2024,,358,430,191,248
159_San Faustino_Regionali Liste,159,San Faustino,4,Affluenza,Regionali Liste,2024,REG_24,377,407,210,203
,160,San Faustino,4,Affluenza,Regionali Liste,2024,REG_24,399,399,242,251
161_San Faustino_Regionali Liste,161,San Faustino,4,Affluenza,Regionali Liste,2024,REG_24,287,315,140,148
163_San Faustino_Regionali Liste,163,San Faustino,,Affluenza,Regionali Liste,2024,REG_24,347,416,180,193
164_San Faustino_Regionali Liste,164,San Faustino,,Affluenza,Regionali Liste,2024,REG_24,398,413,224,233
165_San Faustino_Regionali Liste,165,San Faustino,4,Affluenza,Regionali Liste,2024,REG_24,356,425,211,244
166_San Faustino_Regionali Liste,166,San Faustino,,Affluenza,Regionali Liste,2024,REG_24,335,331,149,162
,167,San Faustino,4,Affluenza,Regionali Liste,2024,REG_24,410,446,236,242
,169,San Faustino,4,Affluenza,Regionali Liste,2024,,369,389,222,251
170_San Faustino_Regionali Liste,170,San Faustino,4,Affluenza,Regionali Liste,2024,REG_24,369,385,199,201
171_San Faustino_Regionali Liste,171,San Faustino,4,Affluenza,Regionali Liste,2024,REG_24,407,418,235,232
,172,San Faustino,4,Affluenza,Regionali Liste,2024,REG_24,327,309,126,127
,173,San Faustino,,Affluenza,Regionali Liste,2024,,375,399,193,204
,174,San Faustino,4,Affluenza,Regionali Liste,2024,REG_24,310,314,169,168
,175,San Faustino,4,Affluenza,Regionali Liste,2024,REG_24,352,385,196,199
176_San Faustino_Regionali Liste,176,San Faustino,,Affluenza,Regionali Liste,2024,REG_24,351,373,210,232
177_San Faustino_Regionali Liste,177,San Faustino,4,Affluenza,Regionali Liste,2024,REG_24,324,350,228,242
178_San Faustino_Regionali Liste,178,San Faustino,4,Affluenza,Regionali Liste,2024,REG_24,449,468,252,252
181_Buon Pastore_Regionali Liste,181,Buon Pastore,3,Affluenza,Regionali Liste,2024,REG_24,0,0,28,34
182_Buon Pastore_Regionali Liste,182,Buon Pastore,3,Affluenza,Regionali Liste,2024,REG_24,0,0,17,21
183_San Faustino_Regionali Liste,183,San Faustino,4,Affluenza,Regionali Liste,2024,REG_24,0,0,30,15
184_San Faustino_Regionali Liste,184,San Faustino,4,Affluenza,Regionali Liste,2024,REG_24,0,0,16,19
185_San Faustino_Regionali Liste,185,San Faustino,4,Affluenza,Regionali Liste,2024,REG_24,443,418,258,273
187_Buon Pastore_Regionali Liste,187,Buon Pastore,3,Affluenza,Regionali Liste,2024,REG_24,316,355,172,181
188_Buon Pastore_Regionali Liste,188,Buon Pastore,3,Affluenza,Regionali Liste,2024,,344,380,204,220
189_Buon Pastore_Regionali Liste,189,Buon Pastore,3,Affluenza,Regionali Liste,2024,REG_24,375,359,214,202
190_San Faustino_Regionali Liste,190,San Faustino,4,Affluenza,Regionali Liste,2024,REG_24,380,380,195,180
