THE_PK_KEY,SECTION,DISTRICT,DISTRICT_CD,DATA_TYPE,ELECTION,YEAR,ELECTION_CD,#MALE_REGISTERED,#FEMALE_REGISTERED,#MALE_VOTERS,#FEMALE_VOTERS
99_Buon Pastore_Amministrative Comunali  Candidati Ã¢â¬â Ballottaggio,99,Buon Pastore,3,Affluenza,Amministrative Comunali  Candidati Ã¢â¬â Ballottaggio,2014,COM_14_B,339,429,141,173
100_Buon Pastore_Amministrative Comunali  Candidati Ã¢â¬â Ballottaggio,100,Buon Pastore,3,Affluenza,Amministrative Comunali  Candidati Ã¢â¬â Ballottaggio,2014,,453,509,215,240
,101,Buon Pastore,3,Affluenza,Amministrative Comunali  Candidati Ã¢â¬â Ballottaggio,2014,COM_14_B,398,484,215,231
103_Buon Pastore_Amministrative Comunali  Candidati Ã¢â¬â Ballottaggio,103,Buon Pastore,3,Affluenza,Amministrative Comunali  Candidati Ã¢â¬â Ballottaggio,2014,,353,413,154,140
104_Buon Pastore_Amministrative Comunali  Candidati Ã¢â¬â Ballottaggio,104,Buon Pastore,3,Affluenza,Amministrative Comunali  Candidati Ã¢â¬â Ballottaggio,2014,COM_14_B,299,367,110,122
105_Buon Pastore_Amministrative Comunali  Candidati Ã¢â¬â Ballottaggio,105,Buon Pastore,3,Affluenza,Amministrative Comunali  Candidati Ã¢â¬â Ballottaggio,2014,COM_14_B,312,389,153,169
106_Buon Pastore_Amministrative Comunali  Candidati Ã¢â¬â Ballottaggio,106,Buon Pastore,,Affluenza,Amministrative Comunali  Candidati Ã¢â¬â Ballottaggio,2014,,305,352,148,165
,107,Buon Pastore,3,Affluenza,Amministrative Comunali  Candidati Ã¢â¬â Ballottaggio,2014,,321,373,132,151
108_Buon Pastore_Amministrative Comunali  Candidati Ã¢â¬â Ballottaggio,108,Buon Pastore,3,Affluenza,Amministrative Comunali  Candidati Ã¢â¬â Ballottaggio,2014,COM_14_B,332,410,151,187
109_Buon Pastore_Amministrative Comunali  Candidati Ã¢â¬â Ballottaggio,109,Buon Pastore,3,Affluenza,Amministrative Comunali  Candidati Ã¢â¬â Ballottaggio,2014,,397,433,191,196
110_Buon Pastore_Amministrative Comunali  Candidati Ã¢â¬â Ballottaggio,110,Buon Pastore,3,Affluenza,Amministrative Comunali  Candidati Ã¢â¬â Ballottaggio,2014,COM_14_B,338,390,160,158
111_Buon Pastore_Amministrative Comunali  Candidati Ã¢â¬â Ballottaggio,111,Buon Pastore,,Affluenza,Amministrative Comunali  Candidati Ã¢â¬â Ballottaggio,2014,,370,405,192,210
,112,Buon Pastore,,Affluenza,Amministrative Comunali  Candidati Ã¢â¬â Ballottaggio,2014,COM_14_B,339,418,156,184
113_Buon Pastore_Amministrative Comunali  Candidati Ã¢â¬â Ballottaggio,113,Buon Pastore,3,Affluenza,Amministrative Comunali  Candidati Ã¢â¬â Ballottaggio,2014,,410,456,225,232
114_Buon Pastore_Amministrative Comunali  Candidati Ã¢â¬â Ballottaggio,114,Buon Pastore,3,Affluenza,Amministrative Comunali  Candidati Ã¢â¬â Ballottaggio,2014,COM_14_B,394,452,193,215
,115,Buon Pastore,,Affluenza,Amministrative Comunali  Candidati Ã¢â¬â Ballottaggio,2014,COM_14_B,347,399,197,223
,116,Buon Pastore,3,Affluenza,Amministrative Comunali  Candidati Ã¢â¬â Ballottaggio,2014,COM_14_B,463,507,226,226
117_Buon Pastore_Amministrative Comunali  Candidati Ã¢â¬â Ballottaggio,117,Buon Pastore,3,Affluenza,Amministrative Comunali  Candidati Ã¢â¬â Ballottaggio,2014,COM_14_B,397,441,226,236
,118,Buon Pastore,,Affluenza,Amministrative Comunali  Candidati Ã¢â¬â Ballottaggio,2014,COM_14_B,427,475,213,228
119_Buon Pastore_Amministrative Comunali  Candidati Ã¢â¬â Ballottaggio,119,Buon Pastore,3,Affluenza,Amministrative Comunali  Candidati Ã¢â¬â Ballottaggio,2014,COM_14_B,387,409,182,179
122_Buon Pastore_Amministrative Comunali  Candidati Ã¢â¬â Ballottaggio,122,Buon Pastore,,Affluenza,Amministrative Comunali  Candidati Ã¢â¬â Ballottaggio,2014,COM_14_B,519,497,115,112
123_Buon Pastore_Amministrative Comunali  Candidati Ã¢â¬â Ballottaggio,123,Buon Pastore,3,Affluenza,Amministrative Comunali  Candidati Ã¢â¬â Ballottaggio,2014,COM_14_B,299,294,98,96
125_Buon Pastore_Amministrative Comunali  Candidati Ã¢â¬â Ballottaggio,125,Buon Pastore,3,Affluenza,Amministrative Comunali  Candidati Ã¢â¬â Ballottaggio,2014,COM_14_B,386,397,238,245
128_Buon Pastore_Amministrative Comunali  Candidati Ã¢â¬â Ballottaggio,128,Buon Pastore,3,Affluenza,Amministrative Comunali  Candidati Ã¢â¬â Ballottaggio,2014,COM_14_B,393,428,172,180
,130,San Faustino,4,Affluenza,Amministrative Comunali  Candidati Ã¢â¬â Ballottaggio,2014,COM_14_B,321,349,147,142
131_San Faustino_Amministrative Comunali  Candidati Ã¢â¬â Ballottaggio,131,San Faustino,,Affluenza,Amministrative Comunali  Candidati Ã¢â¬â Ballottaggio,2014,COM_14_B,341,364,140,153
133_San Faustino_Amministrative Comunali  Candidati Ã¢â¬â Ballottaggio,133,San Faustino,4,Affluenza,Amministrative Comunali  Candidati Ã¢â¬â Ballottaggio,2014,COM_14_B,272,365,111,139
134_San Faustino_Amministrative Comunali  Candidati Ã¢â¬â Ballottaggio,134,San Faustino,4,Affluenza,Amministrative Comunali  Candidati Ã¢â¬â Ballottaggio,2014,COM_14_B,285,375,128,171
135_San Faustino_Amministrative Comunali  Candidati Ã¢â¬â Ballottaggio,135,San Faustino,4,Affluenza,Amministrative Comunali  Candidati Ã¢â¬â Ballottaggio,2014,,347,391,110,116
,137,San Faustino,,Affluenza,Amministrative Comunali  Candidati Ã¢â¬â Ballottaggio,2014,COM_14_B,293,365,116,140
,138,San Faustino,4,Affluenza,Amministrative Comunali  Candidati Ã¢â¬â Ballottaggio,2014,COM_14_B,337,383,131,157
139_San Faustino_Amministrative Comunali  Candidati Ã¢â¬â Ballottaggio,139,San Faustino,4,Affluenza,Amministrative Comunali  Candidati Ã¢â¬â Ballottaggio,2014,COM_14_B,329,403,141,188
140_San Faustino_Amministrative Comunali  Candidati Ã¢â¬â Ballottaggio,140,San Faustino,4,Affluenza,Amministrative Comunali  Candidati Ã¢â¬â Ballottaggio,2014,COM_14_B,303,395,161,174
141_San Faustino_Amministrative Comunali  Candidati Ã¢â¬â Ballottaggio,141,San Faustino,,Affluenza,Amministrative Comunali  Candidati Ã¢â¬â Ballottaggio,2014,COM_14_B,286,359,135,140
142_San Faustino_Amministrative Comunali  Candidati Ã¢â¬â Ballottaggio,142,San Faustino,,Affluenza,Amministrative Comunali  Candidati Ã¢â¬â Ballottaggio,2014,COM_14_B,381,407,179,168
,144,San Faustino,4,Affluenza,Amministrative Comunali  Candidati Ã¢â¬â Ballottaggio,2014,COM_14_B,330,365,175,180
145_San Faustino_Amministrative Comunali  Candidati Ã¢â¬â Ballottaggio,145,San Faustino,4,Affluenza,Amministrative Comunali  Candidati Ã¢â¬â Ballottaggio,2014,COM_14_B,326,352,176,179
146_San Faustino_Amministrative Comunali  Candidati Ã¢â¬â Ballottaggio,146,San Faustino,4,Affluenza,Amministrative Comunali  Candidati Ã¢â¬â Ballottaggio,2014,COM_14_B,370,416,155,176
147_San Faustino_Amministrative Comunali  Candidati Ã¢â¬â Ballottaggio,147,San Faustino,4,Affluenza,Amministrative Comunali  Candidati Ã¢â¬â Ballottaggio,2014,COM_14_B,356,392,202,216
148_San Faustino_Amministrative Comunali  Candidati Ã¢â¬â Ballottaggio,148,San Faustino,4,Affluenza,Amministrative Comunali  Candidati Ã¢â¬â Ballottaggio,2014,COM_14_B,338,383,183,182
149_San Faustino_Amministrative Comunali  Candidati Ã¢â¬â Ballottaggio,149,San Faustino,,Affluenza,Amministrative Comunali  Candidati Ã¢â¬â Ballottaggio,2014,COM_14_B,350,384,199,210
150_San Faustino_Amministrative Comunali  Candidati Ã¢â¬â Ballottaggio,150,San Faustino,4,Affluenza,Amministrative Comunali  Candidati Ã¢â¬â Ballottaggio,2014,COM_14_B,399,425,206,217
151_San Faustino_Amministrative Comunali  Candidati Ã¢â¬â Ballottaggio,151,San Faustino,4,Affluenza,Amministrative Comunali  Candidati Ã¢â¬â Ballottaggio,2014,COM_14_B,333,403,152,170
152_San Faustino_Amministrative Comunali  Candidati Ã¢â¬â Ballottaggio,152,San Faustino,4,Affluenza,Amministrative Comunali  Candidati Ã¢â¬â Ballottaggio,2014,COM_14_B,420,474,200,228
153_San Faustino_Amministrative Comunali  Candidati Ã¢â¬â Ballottaggio,153,San Faustino,4,Affluenza,Amministrative Comunali  Candidati Ã¢â¬â Ballottaggio,2014,COM_14_B,391,434,169,186
154_San Faustino_Amministrative Comunali  Candidati Ã¢â¬â Ballottaggio,154,San Faustino,,Affluenza,Amministrative Comunali  Candidati Ã¢â¬â Ballottaggio,2014,COM_14_B,325,384,140,165
155_San Faustino_Amministrative Comunali  Candidati Ã¢â¬â Ballottaggio,155,San Faustino,4,Affluenza,Amministrative Comunali  Candidati Ã¢â¬â Ballottaggio,2014,,319,370,127,136
156_San Faustino_Amministrative Comunali  Candidati Ã¢â¬â Ballottaggio,156,San Faustino,4,Affluenza,Amministrative Comunali  Candidati Ã¢â¬â Ballottaggio,2014,COM_14_B,365,381,168,161
157_San Faustino_Amministrative Comunali  Candidati Ã¢â¬â Ballottaggio,157,San Faustino,4,Affluenza,Amministrative Comunali  Candidati Ã¢â¬â Ballottaggio,2014,COM_14_B,351,371,177,179
158_San Faustino_Amministrative Comunali  Candidati Ã¢â¬â Ballottaggio,158,San Faustino,4,Affluenza,Amministrative Comunali  Candidati Ã¢â¬â Ballottaggio,2014,COM_14_B,387,467,179,214
,160,San Faustino,4,Affluenza,Amministrative Comunali  Candidati Ã¢â¬â Ballottaggio,2014,COM_14_B,374,377,207,214
162_San Faustino_Amministrative Comunali  Candidati Ã¢â¬â Ballottaggio,162,San Faustino,4,Affluenza,Amministrative Comunali  Candidati Ã¢â¬â Ballottaggio,2014,COM_14_B,348,405,185,204
163_San Faustino_Amministrative Comunali  Candidati Ã¢â¬â Ballottaggio,163,San Faustino,4,Affluenza,Amministrative Comunali  Candidati Ã¢â¬â Ballottaggio,2014,,361,410,177,209
164_San Faustino_Amministrative Comunali  Candidati Ã¢â¬â Ballottaggio,164,San Faustino,4,Affluenza,Amministrative Comunali  Candidati Ã¢â¬â Ballottaggio,2014,COM_14_B,378,426,176,209
165_San Faustino_Amministrative Comunali  Candidati Ã¢â¬â Ballottaggio,165,San Faustino,4,Affluenza,Amministrative Comunali  Candidati Ã¢â¬â Ballottaggio,2014,COM_14_B,373,407,215,217
166_San Faustino_Amministrative Comunali  Candidati Ã¢â¬â Ballottaggio,166,San Faustino,4,Affluenza,Amministrative Comunali  Candidati Ã¢â¬â Ballottaggio,2014,COM_14_B,356,342,160,145
167_San Faustino_Amministrative Comunali  Candidati Ã¢â¬â Ballottaggio,167,San Faustino,4,Affluenza,Amministrative Comunali  Candidati Ã¢â¬â Ballottaggio,2014,,408,429,217,190
,168,San Faustino,4,Affluenza,Amministrative Comunali  Candidati Ã¢â¬â Ballottaggio,2014,COM_14_B,437,432,175,176
,169,San Faustino,4,Affluenza,Amministrative Comunali  Candidati Ã¢â¬â Ballottaggio,2014,COM_14_B,501,560,248,296
171_San Faustino_Amministrative Comunali  Candidati Ã¢â¬â Ballottaggio,171,San Faustino,,Affluenza,Amministrative Comunali  Candidati Ã¢â¬â Ballottaggio,2014,COM_14_B,487,471,228,217
,173,San Faustino,4,Affluenza,Amministrative Comunali  Candidati Ã¢â¬â Ballottaggio,2014,COM_14_B,323,343,150,157
175_San Faustino_Amministrative Comunali  Candidati Ã¢â¬â Ballottaggio,175,San Faustino,4,Affluenza,Amministrative Comunali  Candidati Ã¢â¬â Ballottaggio,2014,COM_14_B,340,371,155,136
176_San Faustino_Amministrative Comunali  Candidati Ã¢â¬â Ballottaggio,176,San Faustino,4,Affluenza,Amministrative Comunali  Candidati Ã¢â¬â Ballottaggio,2014,COM_14_B,324,378,169,179
177_San Faustino_Amministrative Comunali  Candidati Ã¢â¬â Ballottaggio,177,San Faustino,4,Affluenza,Amministrative Comunali  Candidati Ã¢â¬â Ballottaggio,2014,COM_14_B,343,372,208,225
178_San Faustino_Amministrative Comunali  Candidati Ã¢â¬â Ballottaggio,178,San Faustino,4,Affluenza,Amministrative Comunali  Candidati Ã¢â¬â Ballottaggio,2014,,428,427,196,180
179_San Faustino_Amministrative Comunali  Candidati Ã¢â¬â Ballottaggio,179,San Faustino,4,Affluenza,Amministrative Comunali  Candidati Ã¢â¬â Ballottaggio,2014,COM_14_B,425,462,178,195
180_San Faustino_Amministrative Comunali  Candidati Ã¢â¬â Ballottaggio,180,San Faustino,4,Affluenza,Amministrative Comunali  Candidati Ã¢â¬â Ballottaggio,2014,COM_14_B,394,421,188,186
182_Buon Pastore_Amministrative Comunali  Candidati Ã¢â¬â Ballottaggio,182,Buon Pastore,,Affluenza,Amministrative Comunali  Candidati Ã¢â¬â Ballottaggio,2014,COM_14_B,0,0,13,9
183_San Faustino_Amministrative Comunali  Candidati Ã¢â¬â Ballottaggio,183,San Faustino,,Affluenza,Amministrative Comunali  Candidati Ã¢â¬â Ballottaggio,2014,COM_14_B,0,0,17,11
184_San Faustino_Amministrative Comunali  Candidati Ã¢â¬â Ballottaggio,184,San Faustino,4,Affluenza,Amministrative Comunali  Candidati Ã¢â¬â Ballottaggio,2014,,0,0,4,8
185_San Faustino_Amministrative Comunali  Candidati Ã¢â¬â Ballottaggio,185,San Faustino,,Affluenza,Amministrative Comunali  Candidati Ã¢â¬â Ballottaggio,2014,COM_14_B,405,393,200,206
186_San Faustino_Amministrative Comunali  Candidati Ã¢â¬â Ballottaggio,186,San Faustino,,Affluenza,Amministrative Comunali  Candidati Ã¢â¬â Ballottaggio,2014,COM_14_B,322,345,178,171
1_Centro_Amministrative Comunali  Candidati Ã¢â¬â Ballottaggio,1,Centro,1,Affluenza,Amministrative Comunali  Candidati Ã¢â¬â Ballottaggio,2014,,408,405,169,161
2_Centro_Amministrative Comunali  Candidati Ã¢â¬â Ballottaggio,2,Centro,,Affluenza,Amministrative Comunali  Candidati Ã¢â¬â Ballottaggio,2014,COM_14_B,332,402,127,154
3_Centro_Amministrative Comunali  Candidati Ã¢â¬â Ballottaggio,3,Centro,1,Affluenza,Amministrative Comunali  Candidati Ã¢â¬â Ballottaggio,2014,COM_14_B,364,447,157,172
4_Centro_Amministrative Comunali  Candidati Ã¢â¬â Ballottaggio,4,Centro,1,Affluenza,Amministrative Comunali  Candidati Ã¢â¬â Ballottaggio,2014,COM_14_B,394,414,149,151
6_Centro_Amministrative Comunali  Candidati Ã¢â¬â Ballottaggio,6,Centro,1,Affluenza,Amministrative Comunali  Candidati Ã¢â¬â Ballottaggio,2014,COM_14_B,373,457,142,181
,7,Centro,1,Affluenza,Amministrative Comunali  Candidati Ã¢â¬â Ballottaggio,2014,COM_14_B,340,442,167,190
8_Centro_Amministrative Comunali  Candidati Ã¢â¬â Ballottaggio,8,Centro,1,Affluenza,Amministrative Comunali  Candidati Ã¢â¬â Ballottaggio,2014,COM_14_B,316,383,113,140
9_Centro_Amministrative Comunali  Candidati Ã¢â¬â Ballottaggio,9,Centro,,Affluenza,Amministrative Comunali  Candidati Ã¢â¬â Ballottaggio,2014,,369,392,140,141
10_Centro_Amministrative Comunali  Candidati Ã¢â¬â Ballottaggio,10,Centro,1,Affluenza,Amministrative Comunali  Candidati Ã¢â¬â Ballottaggio,2014,COM_14_B,324,391,117,113
11_Centro_Amministrative Comunali  Candidati Ã¢â¬â Ballottaggio,11,Centro,1,Affluenza,Amministrative Comunali  Candidati Ã¢â¬â Ballottaggio,2014,COM_14_B,299,325,105,111
12_Centro_Amministrative Comunali  Candidati Ã¢â¬â Ballottaggio,12,Centro,1,Affluenza,Amministrative Comunali  Candidati Ã¢â¬â Ballottaggio,2014,,401,396,133,141
16_Centro_Amministrative Comunali  Candidati Ã¢â¬â Ballottaggio,16,Centro,1,Affluenza,Amministrative Comunali  Candidati Ã¢â¬â Ballottaggio,2014,COM_14_B,302,352,141,137
18_Centro_Amministrative Comunali  Candidati Ã¢â¬â Ballottaggio,18,Centro,1,Affluenza,Amministrative Comunali  Candidati Ã¢â¬â Ballottaggio,2014,COM_14_B,333,367,132,154
,19,Centro,,Affluenza,Amministrative Comunali  Candidati Ã¢â¬â Ballottaggio,2014,COM_14_B,323,339,125,113
20_Centro_Amministrative Comunali  Candidati Ã¢â¬â Ballottaggio,20,Centro,1,Affluenza,Amministrative Comunali  Candidati Ã¢â¬â Ballottaggio,2014,COM_14_B,339,364,126,130
21_Centro_Amministrative Comunali  Candidati Ã¢â¬â Ballottaggio,21,Centro,1,Affluenza,Amministrative Comunali  Candidati Ã¢â¬â Ballottaggio,2014,,417,418,113,121
22_Crocetta_Amministrative Comunali  Candidati Ã¢â¬â Ballottaggio,22,Crocetta,2,Affluenza,Amministrative Comunali  Candidati Ã¢â¬â Ballottaggio,2014,,445,416,171,191
23_Crocetta_Amministrative Comunali  Candidati Ã¢â¬â Ballottaggio,23,Crocetta,2,Affluenza,Amministrative Comunali  Candidati Ã¢â¬â Ballottaggio,2014,COM_14_B,355,401,165,169
24_Crocetta_Amministrative Comunali  Candidati Ã¢â¬â Ballottaggio,24,Crocetta,2,Affluenza,Amministrative Comunali  Candidati Ã¢â¬â Ballottaggio,2014,COM_14_B,306,350,140,146
,25,Crocetta,2,Affluenza,Amministrative Comunali  Candidati Ã¢â¬â Ballottaggio,2014,COM_14_B,392,434,197,211
26_Crocetta_Amministrative Comunali  Candidati Ã¢â¬â Ballottaggio,26,Crocetta,2,Affluenza,Amministrative Comunali  Candidati Ã¢â¬â Ballottaggio,2014,COM_14_B,343,370,179,179
27_Crocetta_Amministrative Comunali  Candidati Ã¢â¬â Ballottaggio,27,Crocetta,2,Affluenza,Amministrative Comunali  Candidati Ã¢â¬â Ballottaggio,2014,,334,334,125,132
28_Crocetta_Amministrative Comunali  Candidati Ã¢â¬â Ballottaggio,28,Crocetta,2,Affluenza,Amministrative Comunali  Candidati Ã¢â¬â Ballottaggio,2014,COM_14_B,371,343,141,131
29_Crocetta_Amministrative Comunali  Candidati Ã¢â¬â Ballottaggio,29,Crocetta,2,Affluenza,Amministrative Comunali  Candidati Ã¢â¬â Ballottaggio,2014,COM_14_B,394,393,175,178
30_Crocetta_Amministrative Comunali  Candidati Ã¢â¬â Ballottaggio,30,Crocetta,2,Affluenza,Amministrative Comunali  Candidati Ã¢â¬â Ballottaggio,2014,COM_14_B,321,323,177,184
31_Crocetta_Amministrative Comunali  Candidati Ã¢â¬â Ballottaggio,31,Crocetta,2,Affluenza,Amministrative Comunali  Candidati Ã¢â¬â Ballottaggio,2014,,302,304,142,149
34_Crocetta_Amministrative Comunali  Candidati Ã¢â¬â Ballottaggio,34,Crocetta,2,Affluenza,Amministrative Comunali  Candidati Ã¢â¬â Ballottaggio,2014,COM_14_B,349,387,170,187
36_Crocetta_Amministrative Comunali  Candidati Ã¢â¬â Ballottaggio,36,Crocetta,,Affluenza,Amministrative Comunali  Candidati Ã¢â¬â Ballottaggio,2014,COM_14_B,300,323,139,143
,38,Crocetta,2,Affluenza,Amministrative Comunali  Candidati Ã¢â¬â Ballottaggio,2014,COM_14_B,321,362,160,173
,41,Crocetta,2,Affluenza,Amministrative Comunali  Candidati Ã¢â¬â Ballottaggio,2014,COM_14_B,474,532,225,225
43_Crocetta_Amministrative Comunali  Candidati Ã¢â¬â Ballottaggio,43,Crocetta,,Affluenza,Amministrative Comunali  Candidati Ã¢â¬â Ballottaggio,2014,,309,322,120,118
44_Crocetta_Amministrative Comunali  Candidati Ã¢â¬â Ballottaggio,44,Crocetta,2,Affluenza,Amministrative Comunali  Candidati Ã¢â¬â Ballottaggio,2014,COM_14_B,278,321,117,142
,45,Crocetta,,Affluenza,Amministrative Comunali  Candidati Ã¢â¬â Ballottaggio,2014,COM_14_B,364,397,165,169
46_Crocetta_Amministrative Comunali  Candidati Ã¢â¬â Ballottaggio,46,Crocetta,,Affluenza,Amministrative Comunali  Candidati Ã¢â¬â Ballottaggio,2014,,351,364,173,178
,48,Crocetta,2,Affluenza,Amministrative Comunali  Candidati Ã¢â¬â Ballottaggio,2014,COM_14_B,278,295,119,117
49_Crocetta_Amministrative Comunali  Candidati Ã¢â¬â Ballottaggio,49,Crocetta,2,Affluenza,Amministrative Comunali  Candidati Ã¢â¬â Ballottaggio,2014,COM_14_B,314,383,129,154
50_Crocetta_Amministrative Comunali  Candidati Ã¢â¬â Ballottaggio,50,Crocetta,2,Affluenza,Amministrative Comunali  Candidati Ã¢â¬â Ballottaggio,2014,COM_14_B,302,371,139,150
52_Crocetta_Amministrative Comunali  Candidati Ã¢â¬â Ballottaggio,52,Crocetta,,Affluenza,Amministrative Comunali  Candidati Ã¢â¬â Ballottaggio,2014,COM_14_B,380,429,144,168
53_Crocetta_Amministrative Comunali  Candidati Ã¢â¬â Ballottaggio,53,Crocetta,2,Affluenza,Amministrative Comunali  Candidati Ã¢â¬â Ballottaggio,2014,,299,385,133,174
54_Crocetta_Amministrative Comunali  Candidati Ã¢â¬â Ballottaggio,54,Crocetta,2,Affluenza,Amministrative Comunali  Candidati Ã¢â¬â Ballottaggio,2014,,313,377,125,158
55_Crocetta_Amministrative Comunali  Candidati Ã¢â¬â Ballottaggio,55,Crocetta,,Affluenza,Amministrative Comunali  Candidati Ã¢â¬â Ballottaggio,2014,COM_14_B,288,363,114,159
56_Crocetta_Amministrative Comunali  Candidati Ã¢â¬â Ballottaggio,56,Crocetta,,Affluenza,Amministrative Comunali  Candidati Ã¢â¬â Ballottaggio,2014,COM_14_B,334,373,155,146
57_Crocetta_Amministrative Comunali  Candidati Ã¢â¬â Ballottaggio,57,Crocetta,,Affluenza,Amministrative Comunali  Candidati Ã¢â¬â Ballottaggio,2014,COM_14_B,292,346,134,134
,58,Crocetta,2,Affluenza,Amministrative Comunali  Candidati Ã¢â¬â Ballottaggio,2014,COM_14_B,350,383,142,172
59_Crocetta_Amministrative Comunali  Candidati Ã¢â¬â Ballottaggio,59,Crocetta,2,Affluenza,Amministrative Comunali  Candidati Ã¢â¬â Ballottaggio,2014,COM_14_B,400,458,208,223
,60,Crocetta,2,Affluenza,Amministrative Comunali  Candidati Ã¢â¬â Ballottaggio,2014,COM_14_B,402,401,206,214
,61,Crocetta,2,Affluenza,Amministrative Comunali  Candidati Ã¢â¬â Ballottaggio,2014,COM_14_B,363,409,195,216
62_Crocetta_Amministrative Comunali  Candidati Ã¢â¬â Ballottaggio,62,Crocetta,2,Affluenza,Amministrative Comunali  Candidati Ã¢â¬â Ballottaggio,2014,COM_14_B,364,380,174,173
,63,Crocetta,2,Affluenza,Amministrative Comunali  Candidati Ã¢â¬â Ballottaggio,2014,,399,404,140,149
64_Crocetta_Amministrative Comunali  Candidati Ã¢â¬â Ballottaggio,64,Crocetta,2,Affluenza,Amministrative Comunali  Candidati Ã¢â¬â Ballottaggio,2014,COM_14_B,266,290,95,104
65_Crocetta_Amministrative Comunali  Candidati Ã¢â¬â Ballottaggio,65,Crocetta,,Affluenza,Amministrative Comunali  Candidati Ã¢â¬â Ballottaggio,2014,,241,231,97,91
,66,Crocetta,2,Affluenza,Amministrative Comunali  Candidati Ã¢â¬â Ballottaggio,2014,COM_14_B,290,329,150,154
68_Crocetta_Amministrative Comunali  Candidati Ã¢â¬â Ballottaggio,68,Crocetta,2,Affluenza,Amministrative Comunali  Candidati Ã¢â¬â Ballottaggio,2014,COM_14_B,306,342,141,126
69_Crocetta_Amministrative Comunali  Candidati Ã¢â¬â Ballottaggio,69,Crocetta,2,Affluenza,Amministrative Comunali  Candidati Ã¢â¬â Ballottaggio,2014,COM_14_B,337,385,149,150
70_Crocetta_Amministrative Comunali  Candidati Ã¢â¬â Ballottaggio,70,Crocetta,2,Affluenza,Amministrative Comunali  Candidati Ã¢â¬â Ballottaggio,2014,,325,361,137,164
71_Buon Pastore_Amministrative Comunali  Candidati Ã¢â¬â Ballottaggio,71,Buon Pastore,3,Affluenza,Amministrative Comunali  Candidati Ã¢â¬â Ballottaggio,2014,COM_14_B,325,367,130,127
,73,Buon Pastore,,Affluenza,Amministrative Comunali  Candidati Ã¢â¬â Ballottaggio,2014,,310,380,154,166
74_Buon Pastore_Amministrative Comunali  Candidati Ã¢â¬â Ballottaggio,74,Buon Pastore,3,Affluenza,Amministrative Comunali  Candidati Ã¢â¬â Ballottaggio,2014,COM_14_B,288,330,120,137
75_Buon Pastore_Amministrative Comunali  Candidati Ã¢â¬â Ballottaggio,75,Buon Pastore,3,Affluenza,Amministrative Comunali  Candidati Ã¢â¬â Ballottaggio,2014,COM_14_B,302,366,130,136
77_Buon Pastore_Amministrative Comunali  Candidati Ã¢â¬â Ballottaggio,77,Buon Pastore,3,Affluenza,Amministrative Comunali  Candidati Ã¢â¬â Ballottaggio,2014,COM_14_B,289,331,125,135
78_Buon Pastore_Amministrative Comunali  Candidati Ã¢â¬â Ballottaggio,78,Buon Pastore,3,Affluenza,Amministrative Comunali  Candidati Ã¢â¬â Ballottaggio,2014,COM_14_B,348,410,153,171
79_Buon Pastore_Amministrative Comunali  Candidati Ã¢â¬â Ballottaggio,79,Buon Pastore,,Affluenza,Amministrative Comunali  Candidati Ã¢â¬â Ballottaggio,2014,COM_14_B,303,338,138,146
,80,Buon Pastore,3,Affluenza,Amministrative Comunali  Candidati Ã¢â¬â Ballottaggio,2014,COM_14_B,406,440,203,198
,81,Buon Pastore,3,Affluenza,Amministrative Comunali  Candidati Ã¢â¬â Ballottaggio,2014,COM_14_B,355,381,192,195
82_Buon Pastore_Amministrative Comunali  Candidati Ã¢â¬â Ballottaggio,82,Buon Pastore,3,Affluenza,Amministrative Comunali  Candidati Ã¢â¬â Ballottaggio,2014,COM_14_B,415,419,174,175
83_Buon Pastore_Amministrative Comunali  Candidati Ã¢â¬â Ballottaggio,83,Buon Pastore,3,Affluenza,Amministrative Comunali  Candidati Ã¢â¬â Ballottaggio,2014,COM_14_B,270,330,147,159
84_Buon Pastore_Amministrative Comunali  Candidati Ã¢â¬â Ballottaggio,84,Buon Pastore,3,Affluenza,Amministrative Comunali  Candidati Ã¢â¬â Ballottaggio,2014,COM_14_B,353,399,196,183
,87,Buon Pastore,3,Affluenza,Amministrative Comunali  Candidati Ã¢â¬â Ballottaggio,2014,,328,384,167,179
88_Buon Pastore_Amministrative Comunali  Candidati Ã¢â¬â Ballottaggio,88,Buon Pastore,,Affluenza,Amministrative Comunali  Candidati Ã¢â¬â Ballottaggio,2014,COM_14_B,316,361,165,180
89_Buon Pastore_Amministrative Comunali  Candidati Ã¢â¬â Ballottaggio,89,Buon Pastore,3,Affluenza,Amministrative Comunali  Candidati Ã¢â¬â Ballottaggio,2014,,443,516,248,272
90_Buon Pastore_Amministrative Comunali  Candidati Ã¢â¬â Ballottaggio,90,Buon Pastore,3,Affluenza,Amministrative Comunali  Candidati Ã¢â¬â Ballottaggio,2014,COM_14_B,315,377,183,194
91_Buon Pastore_Amministrative Comunali  Candidati Ã¢â¬â Ballottaggio,91,Buon Pastore,3,Affluenza,Amministrative Comunali  Candidati Ã¢â¬â Ballottaggio,2014,COM_14_B,374,432,211,209
,92,Buon Pastore,3,Affluenza,Amministrative Comunali  Candidati Ã¢â¬â Ballottaggio,2014,COM_14_B,287,363,153,200
93_Buon Pastore_Amministrative Comunali  Candidati Ã¢â¬â Ballottaggio,93,Buon Pastore,,Affluenza,Amministrative Comunali  Candidati Ã¢â¬â Ballottaggio,2014,COM_14_B,286,338,162,164
94_Buon Pastore_Amministrative Comunali  Candidati Ã¢â¬â Ballottaggio,94,Buon Pastore,3,Affluenza,Amministrative Comunali  Candidati Ã¢â¬â Ballottaggio,2014,,400,419,239,241
95_Buon Pastore_Amministrative Comunali  Candidati Ã¢â¬â Ballottaggio,95,Buon Pastore,3,Affluenza,Amministrative Comunali  Candidati Ã¢â¬â Ballottaggio,2014,COM_14_B,389,405,216,255
96_Buon Pastore_Amministrative Comunali  Candidati Ã¢â¬â Ballottaggio,96,Buon Pastore,3,Affluenza,Amministrative Comunali  Candidati Ã¢â¬â Ballottaggio,2014,,369,418,144,146
