THE_PK_KEY,SECTION,DISTRICT,DISTRICT_CD,DATA_TYPE,ELECTION,YEAR,ELECTION_CD,#MALE_REGISTERED,#FEMALE_REGISTERED,#MALE_VOTERS,#FEMALE_VOTERS
,1,Centro,1,Affluenza,Amministrative Comunali  Candidati,2019,,447,425,292,294
2_Centro_Amministrative Comunali  Candidati,2,Centro,1,Affluenza,Amministrative Comunali  Candidati,2019,COM_19,339,383,204,243
,5,Centro,1,Affluenza,Amministrative Comunali  Candidati,2019,COM_19,393,450,278,285
,6,Centro,1,Affluenza,Amministrative Comunali  Candidati,2019,COM_19,385,455,283,320
7_Centro_Amministrative Comunali  Candidati,7,Centro,1,Affluenza,Amministrative Comunali  Candidati,2019,COM_19,348,443,240,326
8_Centro_Amministrative Comunali  Candidati,8,Centro,1,Affluenza,Amministrative Comunali  Candidati,2019,COM_19,325,380,194,225
9_Centro_Amministrative Comunali  Candidati,9,Centro,1,Affluenza,Amministrative Comunali  Candidati,2019,,391,430,250,279
,10,Centro,1,Affluenza,Amministrative Comunali  Candidati,2019,COM_19,318,410,203,260
11_Centro_Amministrative Comunali  Candidati,11,Centro,1,Affluenza,Amministrative Comunali  Candidati,2019,,320,325,201,209
12_Centro_Amministrative Comunali  Candidati,12,Centro,1,Affluenza,Amministrative Comunali  Candidati,2019,,415,408,257,242
14_Centro_Amministrative Comunali  Candidati,14,Centro,1,Affluenza,Amministrative Comunali  Candidati,2019,COM_19,362,389,227,255
15_Centro_Amministrative Comunali  Candidati,15,Centro,,Affluenza,Amministrative Comunali  Candidati,2019,COM_19,359,352,236,224
16_Centro_Amministrative Comunali  Candidati,16,Centro,,Affluenza,Amministrative Comunali  Candidati,2019,COM_19,325,337,226,221
17_Centro_Amministrative Comunali  Candidati,17,Centro,1,Affluenza,Amministrative Comunali  Candidati,2019,COM_19,432,453,247,258
18_Centro_Amministrative Comunali  Candidati,18,Centro,1,Affluenza,Amministrative Comunali  Candidati,2019,COM_19,387,367,243,234
19_Centro_Amministrative Comunali  Candidati,19,Centro,,Affluenza,Amministrative Comunali  Candidati,2019,COM_19,332,332,201,208
20_Centro_Amministrative Comunali  Candidati,20,Centro,1,Affluenza,Amministrative Comunali  Candidati,2019,COM_19,346,381,242,238
21_Centro_Amministrative Comunali  Candidati,21,Centro,1,Affluenza,Amministrative Comunali  Candidati,2019,COM_19,514,505,213,221
22_Crocetta_Amministrative Comunali  Candidati,22,Crocetta,2,Affluenza,Amministrative Comunali  Candidati,2019,COM_19,505,465,313,286
,23,Crocetta,2,Affluenza,Amministrative Comunali  Candidati,2019,COM_19,361,446,240,297
24_Crocetta_Amministrative Comunali  Candidati,24,Crocetta,2,Affluenza,Amministrative Comunali  Candidati,2019,COM_19,313,336,201,209
25_Crocetta_Amministrative Comunali  Candidati,25,Crocetta,,Affluenza,Amministrative Comunali  Candidati,2019,COM_19,382,432,277,314
26_Crocetta_Amministrative Comunali  Candidati,26,Crocetta,2,Affluenza,Amministrative Comunali  Candidati,2019,COM_19,355,345,278,256
27_Crocetta_Amministrative Comunali  Candidati,27,Crocetta,2,Affluenza,Amministrative Comunali  Candidati,2019,COM_19,335,304,207,199
28_Crocetta_Amministrative Comunali  Candidati,28,Crocetta,2,Affluenza,Amministrative Comunali  Candidati,2019,COM_19,413,385,226,240
31_Crocetta_Amministrative Comunali  Candidati,31,Crocetta,,Affluenza,Amministrative Comunali  Candidati,2019,COM_19,298,317,196,208
33_Crocetta_Amministrative Comunali  Candidati,33,Crocetta,,Affluenza,Amministrative Comunali  Candidati,2019,,368,398,266,276
,34,Crocetta,2,Affluenza,Amministrative Comunali  Candidati,2019,COM_19,389,435,267,278
35_Crocetta_Amministrative Comunali  Candidati,35,Crocetta,,Affluenza,Amministrative Comunali  Candidati,2019,COM_19,388,373,242,228
36_Crocetta_Amministrative Comunali  Candidati,36,Crocetta,2,Affluenza,Amministrative Comunali  Candidati,2019,COM_19,290,321,228,241
37_Crocetta_Amministrative Comunali  Candidati,37,Crocetta,2,Affluenza,Amministrative Comunali  Candidati,2019,COM_19,405,430,296,310
,39,Crocetta,2,Affluenza,Amministrative Comunali  Candidati,2019,COM_19,384,437,303,334
41_Crocetta_Amministrative Comunali  Candidati,41,Crocetta,2,Affluenza,Amministrative Comunali  Candidati,2019,COM_19,388,435,264,294
,42,Crocetta,2,Affluenza,Amministrative Comunali  Candidati,2019,COM_19,324,351,232,247
43_Crocetta_Amministrative Comunali  Candidati,43,Crocetta,,Affluenza,Amministrative Comunali  Candidati,2019,COM_19,289,318,171,206
44_Crocetta_Amministrative Comunali  Candidati,44,Crocetta,2,Affluenza,Amministrative Comunali  Candidati,2019,COM_19,334,391,199,229
45_Crocetta_Amministrative Comunali  Candidati,45,Crocetta,2,Affluenza,Amministrative Comunali  Candidati,2019,COM_19,388,417,241,275
,46,Crocetta,,Affluenza,Amministrative Comunali  Candidati,2019,COM_19,338,365,253,256
,49,Crocetta,2,Affluenza,Amministrative Comunali  Candidati,2019,COM_19,331,383,212,242
50_Crocetta_Amministrative Comunali  Candidati,50,Crocetta,2,Affluenza,Amministrative Comunali  Candidati,2019,COM_19,289,338,201,225
51_Crocetta_Amministrative Comunali  Candidati,51,Crocetta,2,Affluenza,Amministrative Comunali  Candidati,2019,,299,347,209,240
52_Crocetta_Amministrative Comunali  Candidati,52,Crocetta,2,Affluenza,Amministrative Comunali  Candidati,2019,COM_19,380,452,266,305
53_Crocetta_Amministrative Comunali  Candidati,53,Crocetta,2,Affluenza,Amministrative Comunali  Candidati,2019,COM_19,302,389,201,254
54_Crocetta_Amministrative Comunali  Candidati,54,Crocetta,,Affluenza,Amministrative Comunali  Candidati,2019,COM_19,324,339,203,215
,57,Crocetta,2,Affluenza,Amministrative Comunali  Candidati,2019,COM_19,298,338,191,210
58_Crocetta_Amministrative Comunali  Candidati,58,Crocetta,,Affluenza,Amministrative Comunali  Candidati,2019,COM_19,358,380,208,238
59_Crocetta_Amministrative Comunali  Candidati,59,Crocetta,2,Affluenza,Amministrative Comunali  Candidati,2019,COM_19,394,451,286,314
,62,Crocetta,,Affluenza,Amministrative Comunali  Candidati,2019,COM_19,358,369,258,271
64_Crocetta_Amministrative Comunali  Candidati,64,Crocetta,2,Affluenza,Amministrative Comunali  Candidati,2019,COM_19,328,332,166,169
65_Crocetta_Amministrative Comunali  Candidati,65,Crocetta,2,Affluenza,Amministrative Comunali  Candidati,2019,,293,289,134,117
,66,Crocetta,2,Affluenza,Amministrative Comunali  Candidati,2019,COM_19,286,334,205,229
67_Crocetta_Amministrative Comunali  Candidati,67,Crocetta,2,Affluenza,Amministrative Comunali  Candidati,2019,COM_19,390,401,273,274
68_Crocetta_Amministrative Comunali  Candidati,68,Crocetta,,Affluenza,Amministrative Comunali  Candidati,2019,,296,336,185,203
69_Crocetta_Amministrative Comunali  Candidati,69,Crocetta,,Affluenza,Amministrative Comunali  Candidati,2019,COM_19,348,389,228,245
70_Crocetta_Amministrative Comunali  Candidati,70,Crocetta,2,Affluenza,Amministrative Comunali  Candidati,2019,COM_19,319,360,203,225
71_Buon Pastore_Amministrative Comunali  Candidati,71,Buon Pastore,3,Affluenza,Amministrative Comunali  Candidati,2019,COM_19,342,395,214,249
,72,Buon Pastore,3,Affluenza,Amministrative Comunali  Candidati,2019,,327,381,281,255
73_Buon Pastore_Amministrative Comunali  Candidati,73,Buon Pastore,,Affluenza,Amministrative Comunali  Candidati,2019,COM_19,303,360,229,264
74_Buon Pastore_Amministrative Comunali  Candidati,74,Buon Pastore,3,Affluenza,Amministrative Comunali  Candidati,2019,,282,339,187,221
75_Buon Pastore_Amministrative Comunali  Candidati,75,Buon Pastore,3,Affluenza,Amministrative Comunali  Candidati,2019,COM_19,319,381,236,274
76_Buon Pastore_Amministrative Comunali  Candidati,76,Buon Pastore,3,Affluenza,Amministrative Comunali  Candidati,2019,COM_19,295,345,188,226
77_Buon Pastore_Amministrative Comunali  Candidati,77,Buon Pastore,3,Affluenza,Amministrative Comunali  Candidati,2019,COM_19,315,333,220,234
79_Buon Pastore_Amministrative Comunali  Candidati,79,Buon Pastore,3,Affluenza,Amministrative Comunali  Candidati,2019,COM_19,300,322,196,215
80_Buon Pastore_Amministrative Comunali  Candidati,80,Buon Pastore,3,Affluenza,Amministrative Comunali  Candidati,2019,,403,466,290,334
81_Buon Pastore_Amministrative Comunali  Candidati,81,Buon Pastore,3,Affluenza,Amministrative Comunali  Candidati,2019,COM_19,347,376,261,285
82_Buon Pastore_Amministrative Comunali  Candidati,82,Buon Pastore,3,Affluenza,Amministrative Comunali  Candidati,2019,COM_19,401,425,294,306
83_Buon Pastore_Amministrative Comunali  Candidati,83,Buon Pastore,3,Affluenza,Amministrative Comunali  Candidati,2019,,329,423,240,268
85_Buon Pastore_Amministrative Comunali  Candidati,85,Buon Pastore,3,Affluenza,Amministrative Comunali  Candidati,2019,,380,419,279,303
,86,Buon Pastore,,Affluenza,Amministrative Comunali  Candidati,2019,COM_19,383,420,289,310
87_Buon Pastore_Amministrative Comunali  Candidati,87,Buon Pastore,3,Affluenza,Amministrative Comunali  Candidati,2019,COM_19,350,404,249,283
88_Buon Pastore_Amministrative Comunali  Candidati,88,Buon Pastore,3,Affluenza,Amministrative Comunali  Candidati,2019,COM_19,310,336,210,234
90_Buon Pastore_Amministrative Comunali  Candidati,90,Buon Pastore,,Affluenza,Amministrative Comunali  Candidati,2019,COM_19,336,389,237,278
91_Buon Pastore_Amministrative Comunali  Candidati,91,Buon Pastore,3,Affluenza,Amministrative Comunali  Candidati,2019,COM_19,380,431,302,312
92_Buon Pastore_Amministrative Comunali  Candidati,92,Buon Pastore,3,Affluenza,Amministrative Comunali  Candidati,2019,COM_19,267,340,197,262
,93,Buon Pastore,3,Affluenza,Amministrative Comunali  Candidati,2019,COM_19,306,338,216,224
94_Buon Pastore_Amministrative Comunali  Candidati,94,Buon Pastore,3,Affluenza,Amministrative Comunali  Candidati,2019,,381,409,323,327
,95,Buon Pastore,3,Affluenza,Amministrative Comunali  Candidati,2019,COM_19,382,393,302,313
,96,Buon Pastore,3,Affluenza,Amministrative Comunali  Candidati,2019,COM_19,354,411,211,240
,98,Buon Pastore,3,Affluenza,Amministrative Comunali  Candidati,2019,COM_19,342,398,224,255
99_Buon Pastore_Amministrative Comunali  Candidati,99,Buon Pastore,3,Affluenza,Amministrative Comunali  Candidati,2019,COM_19,355,434,262,301
,100,Buon Pastore,3,Affluenza,Amministrative Comunali  Candidati,2019,COM_19,449,519,340,377
101_Buon Pastore_Amministrative Comunali  Candidati,101,Buon Pastore,3,Affluenza,Amministrative Comunali  Candidati,2019,COM_19,425,473,328,342
102_Buon Pastore_Amministrative Comunali  Candidati,102,Buon Pastore,,Affluenza,Amministrative Comunali  Candidati,2019,COM_19,342,373,223,249
103_Buon Pastore_Amministrative Comunali  Candidati,103,Buon Pastore,,Affluenza,Amministrative Comunali  Candidati,2019,COM_19,359,401,254,273
105_Buon Pastore_Amministrative Comunali  Candidati,105,Buon Pastore,3,Affluenza,Amministrative Comunali  Candidati,2019,COM_19,336,396,240,285
106_Buon Pastore_Amministrative Comunali  Candidati,106,Buon Pastore,3,Affluenza,Amministrative Comunali  Candidati,2019,COM_19,302,327,225,241
107_Buon Pastore_Amministrative Comunali  Candidati,107,Buon Pastore,3,Affluenza,Amministrative Comunali  Candidati,2019,COM_19,310,369,216,238
108_Buon Pastore_Amministrative Comunali  Candidati,108,Buon Pastore,3,Affluenza,Amministrative Comunali  Candidati,2019,COM_19,336,410,244,298
109_Buon Pastore_Amministrative Comunali  Candidati,109,Buon Pastore,,Affluenza,Amministrative Comunali  Candidati,2019,COM_19,402,455,309,330
110_Buon Pastore_Amministrative Comunali  Candidati,110,Buon Pastore,3,Affluenza,Amministrative Comunali  Candidati,2019,COM_19,360,388,240,248
111_Buon Pastore_Amministrative Comunali  Candidati,111,Buon Pastore,3,Affluenza,Amministrative Comunali  Candidati,2019,COM_19,382,413,271,282
112_Buon Pastore_Amministrative Comunali  Candidati,112,Buon Pastore,,Affluenza,Amministrative Comunali  Candidati,2019,COM_19,349,412,242,277
113_Buon Pastore_Amministrative Comunali  Candidati,113,Buon Pastore,,Affluenza,Amministrative Comunali  Candidati,2019,,432,453,338,343
114_Buon Pastore_Amministrative Comunali  Candidati,114,Buon Pastore,3,Affluenza,Amministrative Comunali  Candidati,2019,,427,470,303,338
,115,Buon Pastore,,Affluenza,Amministrative Comunali  Candidati,2019,COM_19,364,401,281,299
116_Buon Pastore_Amministrative Comunali  Candidati,116,Buon Pastore,3,Affluenza,Amministrative Comunali  Candidati,2019,COM_19,318,328,247,249
117_Buon Pastore_Amministrative Comunali  Candidati,117,Buon Pastore,3,Affluenza,Amministrative Comunali  Candidati,2019,COM_19,384,424,298,325
118_Buon Pastore_Amministrative Comunali  Candidati,118,Buon Pastore,3,Affluenza,Amministrative Comunali  Candidati,2019,COM_19,415,459,328,354
119_Buon Pastore_Amministrative Comunali  Candidati,119,Buon Pastore,3,Affluenza,Amministrative Comunali  Candidati,2019,COM_19,378,398,270,265
120_Buon Pastore_Amministrative Comunali  Candidati,120,Buon Pastore,3,Affluenza,Amministrative Comunali  Candidati,2019,COM_19,338,351,266,263
,121,Buon Pastore,,Affluenza,Amministrative Comunali  Candidati,2019,COM_19,484,490,371,384
122_Buon Pastore_Amministrative Comunali  Candidati,122,Buon Pastore,3,Affluenza,Amministrative Comunali  Candidati,2019,COM_19,488,505,188,176
,123,Buon Pastore,3,Affluenza,Amministrative Comunali  Candidati,2019,COM_19,302,288,164,173
124_Buon Pastore_Amministrative Comunali  Candidati,124,Buon Pastore,,Affluenza,Amministrative Comunali  Candidati,2019,COM_19,401,405,293,299
125_Buon Pastore_Amministrative Comunali  Candidati,125,Buon Pastore,3,Affluenza,Amministrative Comunali  Candidati,2019,COM_19,397,420,304,318
126_Buon Pastore_Amministrative Comunali  Candidati,126,Buon Pastore,,Affluenza,Amministrative Comunali  Candidati,2019,COM_19,403,421,311,309
127_Buon Pastore_Amministrative Comunali  Candidati,127,Buon Pastore,3,Affluenza,Amministrative Comunali  Candidati,2019,COM_19,375,408,268,262
128_Buon Pastore_Amministrative Comunali  Candidati,128,Buon Pastore,3,Affluenza,Amministrative Comunali  Candidati,2019,COM_19,419,439,310,320
,129,Buon Pastore,3,Affluenza,Amministrative Comunali  Candidati,2019,COM_19,372,401,251,283
130_San Faustino_Amministrative Comunali  Candidati,130,San Faustino,,Affluenza,Amministrative Comunali  Candidati,2019,COM_19,307,340,233,222
131_San Faustino_Amministrative Comunali  Candidati,131,San Faustino,4,Affluenza,Amministrative Comunali  Candidati,2019,COM_19,342,368,245,255
132_San Faustino_Amministrative Comunali  Candidati,132,San Faustino,4,Affluenza,Amministrative Comunali  Candidati,2019,COM_19,436,448,329,324
134_San Faustino_Amministrative Comunali  Candidati,134,San Faustino,4,Affluenza,Amministrative Comunali  Candidati,2019,COM_19,294,356,194,234
135_San Faustino_Amministrative Comunali  Candidati,135,San Faustino,4,Affluenza,Amministrative Comunali  Candidati,2019,COM_19,348,384,194,222
136_San Faustino_Amministrative Comunali  Candidati,136,San Faustino,4,Affluenza,Amministrative Comunali  Candidati,2019,COM_19,300,343,206,234
,137,San Faustino,,Affluenza,Amministrative Comunali  Candidati,2019,COM_19,333,389,223,264
138_San Faustino_Amministrative Comunali  Candidati,138,San Faustino,4,Affluenza,Amministrative Comunali  Candidati,2019,COM_19,333,389,230,264
139_San Faustino_Amministrative Comunali  Candidati,139,San Faustino,4,Affluenza,Amministrative Comunali  Candidati,2019,COM_19,357,430,224,289
140_San Faustino_Amministrative Comunali  Candidati,140,San Faustino,4,Affluenza,Amministrative Comunali  Candidati,2019,COM_19,289,364,197,225
141_San Faustino_Amministrative Comunali  Candidati,141,San Faustino,,Affluenza,Amministrative Comunali  Candidati,2019,COM_19,289,343,199,222
,142,San Faustino,,Affluenza,Amministrative Comunali  Candidati,2019,,406,426,296,308
143_San Faustino_Amministrative Comunali  Candidati,143,San Faustino,4,Affluenza,Amministrative Comunali  Candidati,2019,COM_19,314,365,222,262
144_San Faustino_Amministrative Comunali  Candidati,144,San Faustino,4,Affluenza,Amministrative Comunali  Candidati,2019,COM_19,291,360,206,264
145_San Faustino_Amministrative Comunali  Candidati,145,San Faustino,4,Affluenza,Amministrative Comunali  Candidati,2019,COM_19,352,382,256,282
146_San Faustino_Amministrative Comunali  Candidati,146,San Faustino,4,Affluenza,Amministrative Comunali  Candidati,2019,COM_19,365,394,226,253
147_San Faustino_Amministrative Comunali  Candidati,147,San Faustino,4,Affluenza,Amministrative Comunali  Candidati,2019,COM_19,332,390,238,279
148_San Faustino_Amministrative Comunali  Candidati,148,San Faustino,4,Affluenza,Amministrative Comunali  Candidati,2019,COM_19,323,378,252,283
149_San Faustino_Amministrative Comunali  Candidati,149,San Faustino,4,Affluenza,Amministrative Comunali  Candidati,2019,COM_19,341,382,275,286
150_San Faustino_Amministrative Comunali  Candidati,150,San Faustino,4,Affluenza,Amministrative Comunali  Candidati,2019,COM_19,410,414,348,348
151_San Faustino_Amministrative Comunali  Candidati,151,San Faustino,4,Affluenza,Amministrative Comunali  Candidati,2019,COM_19,357,400,227,257
,152,San Faustino,4,Affluenza,Amministrative Comunali  Candidati,2019,COM_19,457,489,349,378
153_San Faustino_Amministrative Comunali  Candidati,153,San Faustino,,Affluenza,Amministrative Comunali  Candidati,2019,,419,460,326,336
154_San Faustino_Amministrative Comunali  Candidati,154,San Faustino,4,Affluenza,Amministrative Comunali  Candidati,2019,COM_19,349,393,250,280
155_San Faustino_Amministrative Comunali  Candidati,155,San Faustino,4,Affluenza,Amministrative Comunali  Candidati,2019,COM_19,374,420,267,281
156_San Faustino_Amministrative Comunali  Candidati,156,San Faustino,4,Affluenza,Amministrative Comunali  Candidati,2019,COM_19,383,404,262,274
157_San Faustino_Amministrative Comunali  Candidati,157,San Faustino,4,Affluenza,Amministrative Comunali  Candidati,2019,COM_19,361,374,256,253
158_San Faustino_Amministrative Comunali  Candidati,158,San Faustino,4,Affluenza,Amministrative Comunali  Candidati,2019,COM_19,381,436,280,314
159_San Faustino_Amministrative Comunali  Candidati,159,San Faustino,,Affluenza,Amministrative Comunali  Candidati,2019,COM_19,371,415,273,292
160_San Faustino_Amministrative Comunali  Candidati,160,San Faustino,4,Affluenza,Amministrative Comunali  Candidati,2019,,396,422,296,319
161_San Faustino_Amministrative Comunali  Candidati,161,San Faustino,,Affluenza,Amministrative Comunali  Candidati,2019,COM_19,293,318,188,198
162_San Faustino_Amministrative Comunali  Candidati,162,San Faustino,4,Affluenza,Amministrative Comunali  Candidati,2019,COM_19,383,402,294,272
163_San Faustino_Amministrative Comunali  Candidati,163,San Faustino,4,Affluenza,Amministrative Comunali  Candidati,2019,COM_19,347,381,234,260
164_San Faustino_Amministrative Comunali  Candidati,164,San Faustino,4,Affluenza,Amministrative Comunali  Candidati,2019,,384,424,279,304
165_San Faustino_Amministrative Comunali  Candidati,165,San Faustino,4,Affluenza,Amministrative Comunali  Candidati,2019,COM_19,369,418,278,316
,166,San Faustino,4,Affluenza,Amministrative Comunali  Candidati,2019,COM_19,361,330,237,229
167_San Faustino_Amministrative Comunali  Candidati,167,San Faustino,4,Affluenza,Amministrative Comunali  Candidati,2019,COM_19,400,438,296,325
168_San Faustino_Amministrative Comunali  Candidati,168,San Faustino,4,Affluenza,Amministrative Comunali  Candidati,2019,,432,436,273,278
169_San Faustino_Amministrative Comunali  Candidati,169,San Faustino,4,Affluenza,Amministrative Comunali  Candidati,2019,COM_19,361,375,285,306
170_San Faustino_Amministrative Comunali  Candidati,170,San Faustino,4,Affluenza,Amministrative Comunali  Candidati,2019,COM_19,379,395,277,291
171_San Faustino_Amministrative Comunali  Candidati,171,San Faustino,4,Affluenza,Amministrative Comunali  Candidati,2019,COM_19,422,420,316,313
172_San Faustino_Amministrative Comunali  Candidati,172,San Faustino,4,Affluenza,Amministrative Comunali  Candidati,2019,COM_19,314,317,209,210
173_San Faustino_Amministrative Comunali  Candidati,173,San Faustino,4,Affluenza,Amministrative Comunali  Candidati,2019,COM_19,381,392,279,275
174_San Faustino_Amministrative Comunali  Candidati,174,San Faustino,4,Affluenza,Amministrative Comunali  Candidati,2019,COM_19,308,297,219,216
175_San Faustino_Amministrative Comunali  Candidati,175,San Faustino,,Affluenza,Amministrative Comunali  Candidati,2019,,355,372,255,242
,176,San Faustino,4,Affluenza,Amministrative Comunali  Candidati,2019,COM_19,336,372,255,290
177_San Faustino_Amministrative Comunali  Candidati,177,San Faustino,4,Affluenza,Amministrative Comunali  Candidati,2019,COM_19,344,363,278,295
178_San Faustino_Amministrative Comunali  Candidati,178,San Faustino,4,Affluenza,Amministrative Comunali  Candidati,2019,COM_19,442,454,330,328
,181,Buon Pastore,,Affluenza,Amministrative Comunali  Candidati,2019,COM_19,0,0,18,16
182_Buon Pastore_Amministrative Comunali  Candidati,182,Buon Pastore,,Affluenza,Amministrative Comunali  Candidati,2019,,0,0,14,15
183_San Faustino_Amministrative Comunali  Candidati,183,San Faustino,4,Affluenza,Amministrative Comunali  Candidati,2019,,0,0,30,17
184_San Faustino_Amministrative Comunali  Candidati,184,San Faustino,4,Affluenza,Amministrative Comunali  Candidati,2019,COM_19,0,0,14,12
185_San Faustino_Amministrative Comunali  Candidati,185,San Faustino,4,Affluenza,Amministrative Comunali  Candidati,2019,,422,418,325,318
187_Buon Pastore_Amministrative Comunali  Candidati,187,Buon Pastore,3,Affluenza,Amministrative Comunali  Candidati,2019,COM_19,326,354,241,260
188_Buon Pastore_Amministrative Comunali  Candidati,188,Buon Pastore,3,Affluenza,Amministrative Comunali  Candidati,2019,COM_19,326,378,265,282
,189,Buon Pastore,3,Affluenza,Amministrative Comunali  Candidati,2019,COM_19,347,339,278,251
190_San Faustino_Amministrative Comunali  Candidati,190,San Faustino,4,Affluenza,Amministrative Comunali  Candidati,2019,COM_19,378,381,273,267
