THE_PK_KEY,SECTION,DISTRICT,DISTRICT_CD,DATA_TYPE,ELECTION,YEAR,ELECTION_CD,#MALE_REGISTERED,#FEMALE_REGISTERED,#MALE_VOTERS,#FEMALE_VOTERS
1_Centro_Regionali Candidati,1,Centro,1,Affluenza,Regionali Candidati,2010,REG_10,412,433,266,285
2_Centro_Regionali Candidati,2,Centro,1,Affluenza,Regionali Candidati,2010,REG_10,341,436,215,260
3_Centro_Regionali Candidati,3,Centro,1,Affluenza,Regionali Candidati,2010,REG_10,379,447,263,307
4_Centro_Regionali Candidati,4,Centro,1,Affluenza,Regionali Candidati,2010,REG_10,394,431,247,268
5_Centro_Regionali Candidati,5,Centro,1,Affluenza,Regionali Candidati,2010,REG_10,356,461,240,268
6_Centro_Regionali Candidati,6,Centro,1,Affluenza,Regionali Candidati,2010,REG_10,346,471,240,322
7_Centro_Regionali Candidati,7,Centro,1,Affluenza,Regionali Candidati,2010,REG_10,364,467,275,334
8_Centro_Regionali Candidati,8,Centro,1,Affluenza,Regionali Candidati,2010,REG_10,308,368,185,212
9_Centro_Regionali Candidati,9,Centro,1,Affluenza,Regionali Candidati,2010,REG_10,376,416,237,257
10_Centro_Regionali Candidati,10,Centro,1,Affluenza,Regionali Candidati,2010,REG_10,334,428,224,250
11_Centro_Regionali Candidati,11,Centro,1,Affluenza,Regionali Candidati,2010,REG_10,301,312,199,216
12_Centro_Regionali Candidati,12,Centro,1,Affluenza,Regionali Candidati,2010,REG_10,398,403,220,256
13_Centro_Regionali Candidati,13,Centro,1,Affluenza,Regionali Candidati,2010,REG_10,395,433,251,261
14_Centro_Regionali Candidati,14,Centro,1,Affluenza,Regionali Candidati,2010,REG_10,367,406,225,253
15_Centro_Regionali Candidati,15,Centro,1,Affluenza,Regionali Candidati,2010,REG_10,355,407,241,277
16_Centro_Regionali Candidati,16,Centro,1,Affluenza,Regionali Candidati,2010,REG_10,315,395,215,269
17_Centro_Regionali Candidati,17,Centro,1,Affluenza,Regionali Candidati,2010,REG_10,398,438,255,291
18_Centro_Regionali Candidati,18,Centro,1,Affluenza,Regionali Candidati,2010,REG_10,337,383,225,257
19_Centro_Regionali Candidati,19,Centro,1,Affluenza,Regionali Candidati,2010,REG_10,306,322,192,195
20_Centro_Regionali Candidati,20,Centro,1,Affluenza,Regionali Candidati,2010,REG_10,321,379,217,250
21_Centro_Regionali Candidati,21,Centro,1,Affluenza,Regionali Candidati,2010,REG_10,291,333,183,198
22_Crocetta_Regionali Candidati,22,Crocetta,2,Affluenza,Regionali Candidati,2010,REG_10,395,384,244,240
23_Crocetta_Regionali Candidati,23,Crocetta,2,Affluenza,Regionali Candidati,2010,REG_10,330,389,214,249
24_Crocetta_Regionali Candidati,24,Crocetta,2,Affluenza,Regionali Candidati,2010,REG_10,310,380,218,248
25_Crocetta_Regionali Candidati,25,Crocetta,2,Affluenza,Regionali Candidati,2010,REG_10,385,431,290,328
26_Crocetta_Regionali Candidati,26,Crocetta,2,Affluenza,Regionali Candidati,2010,REG_10,352,384,294,299
27_Crocetta_Regionali Candidati,27,Crocetta,2,Affluenza,Regionali Candidati,2010,REG_10,294,343,216,240
28_Crocetta_Regionali Candidati,28,Crocetta,2,Affluenza,Regionali Candidati,2010,REG_10,321,287,176,161
29_Crocetta_Regionali Candidati,29,Crocetta,2,Affluenza,Regionali Candidati,2010,REG_10,373,379,259,264
30_Crocetta_Regionali Candidati,30,Crocetta,2,Affluenza,Regionali Candidati,2010,REG_10,340,324,275,263
31_Crocetta_Regionali Candidati,31,Crocetta,2,Affluenza,Regionali Candidati,2010,REG_10,298,321,219,237
32_Crocetta_Regionali Candidati,32,Crocetta,2,Affluenza,Regionali Candidati,2010,REG_10,374,394,282,290
33_Crocetta_Regionali Candidati,33,Crocetta,2,Affluenza,Regionali Candidati,2010,REG_10,374,378,260,270
34_Crocetta_Regionali Candidati,34,Crocetta,2,Affluenza,Regionali Candidati,2010,REG_10,350,399,246,283
35_Crocetta_Regionali Candidati,35,Crocetta,2,Affluenza,Regionali Candidati,2010,REG_10,414,395,239,247
36_Crocetta_Regionali Candidati,36,Crocetta,2,Affluenza,Regionali Candidati,2010,REG_10,310,335,232,242
37_Crocetta_Regionali Candidati,37,Crocetta,2,Affluenza,Regionali Candidati,2010,REG_10,388,408,297,301
38_Crocetta_Regionali Candidati,38,Crocetta,2,Affluenza,Regionali Candidati,2010,REG_10,328,370,250,278
39_Crocetta_Regionali Candidati,39,Crocetta,2,Affluenza,Regionali Candidati,2010,REG_10,370,402,296,317
40_Crocetta_Regionali Candidati,40,Crocetta,2,Affluenza,Regionali Candidati,2010,REG_10,401,418,319,330
41_Crocetta_Regionali Candidati,41,Crocetta,2,Affluenza,Regionali Candidati,2010,REG_10,457,514,325,346
42_Crocetta_Regionali Candidati,42,Crocetta,2,Affluenza,Regionali Candidati,2010,REG_10,359,390,264,283
43_Crocetta_Regionali Candidati,43,Crocetta,2,Affluenza,Regionali Candidati,2010,REG_10,325,343,204,217
44_Crocetta_Regionali Candidati,44,Crocetta,2,Affluenza,Regionali Candidati,2010,REG_10,263,322,172,227
45_Crocetta_Regionali Candidati,45,Crocetta,2,Affluenza,Regionali Candidati,2010,REG_10,412,417,269,290
46_Crocetta_Regionali Candidati,46,Crocetta,2,Affluenza,Regionali Candidati,2010,REG_10,348,374,262,286
47_Crocetta_Regionali Candidati,47,Crocetta,2,Affluenza,Regionali Candidati,2010,REG_10,348,398,226,255
48_Crocetta_Regionali Candidati,48,Crocetta,2,Affluenza,Regionali Candidati,2010,REG_10,303,311,177,186
49_Crocetta_Regionali Candidati,49,Crocetta,2,Affluenza,Regionali Candidati,2010,REG_10,315,381,218,246
50_Crocetta_Regionali Candidati,50,Crocetta,2,Affluenza,Regionali Candidati,2010,REG_10,312,378,231,243
51_Crocetta_Regionali Candidati,51,Crocetta,2,Affluenza,Regionali Candidati,2010,REG_10,302,372,228,255
52_Crocetta_Regionali Candidati,52,Crocetta,2,Affluenza,Regionali Candidati,2010,REG_10,386,451,272,306
53_Crocetta_Regionali Candidati,53,Crocetta,2,Affluenza,Regionali Candidati,2010,REG_10,312,409,192,261
54_Crocetta_Regionali Candidati,54,Crocetta,2,Affluenza,Regionali Candidati,2010,REG_10,321,396,218,264
55_Crocetta_Regionali Candidati,55,Crocetta,2,Affluenza,Regionali Candidati,2010,REG_10,287,389,192,272
56_Crocetta_Regionali Candidati,56,Crocetta,2,Affluenza,Regionali Candidati,2010,REG_10,354,403,263,270
57_Crocetta_Regionali Candidati,57,Crocetta,2,Affluenza,Regionali Candidati,2010,REG_10,277,362,173,230
58_Crocetta_Regionali Candidati,58,Crocetta,2,Affluenza,Regionali Candidati,2010,REG_10,360,383,225,260
59_Crocetta_Regionali Candidati,59,Crocetta,2,Affluenza,Regionali Candidati,2010,REG_10,248,313,187,227
60_Crocetta_Regionali Candidati,60,Crocetta,2,Affluenza,Regionali Candidati,2010,REG_10,498,520,376,371
61_Crocetta_Regionali Candidati,61,Crocetta,2,Affluenza,Regionali Candidati,2010,REG_10,381,421,305,317
62_Crocetta_Regionali Candidati,62,Crocetta,2,Affluenza,Regionali Candidati,2010,REG_10,364,392,274,292
63_Crocetta_Regionali Candidati,63,Crocetta,2,Affluenza,Regionali Candidati,2010,REG_10,328,357,206,236
64_Crocetta_Regionali Candidati,64,Crocetta,2,Affluenza,Regionali Candidati,2010,REG_10,269,294,189,210
65_Crocetta_Regionali Candidati,65,Crocetta,2,Affluenza,Regionali Candidati,2010,REG_10,283,283,164,171
66_Crocetta_Regionali Candidati,66,Crocetta,2,Affluenza,Regionali Candidati,2010,REG_10,298,326,231,239
67_Crocetta_Regionali Candidati,67,Crocetta,2,Affluenza,Regionali Candidati,2010,REG_10,386,432,293,295
68_Crocetta_Regionali Candidati,68,Crocetta,2,Affluenza,Regionali Candidati,2010,REG_10,328,362,212,235
69_Crocetta_Regionali Candidati,69,Crocetta,2,Affluenza,Regionali Candidati,2010,REG_10,347,393,242,258
70_Crocetta_Regionali Candidati,70,Crocetta,2,Affluenza,Regionali Candidati,2010,REG_10,330,394,228,262
71_Buon Pastore_Regionali Candidati,71,Buon Pastore,3,Affluenza,Regionali Candidati,2010,REG_10,302,378,218,236
72_Buon Pastore_Regionali Candidati,72,Buon Pastore,3,Affluenza,Regionali Candidati,2010,REG_10,308,391,234,288
73_Buon Pastore_Regionali Candidati,73,Buon Pastore,3,Affluenza,Regionali Candidati,2010,REG_10,303,374,236,268
74_Buon Pastore_Regionali Candidati,74,Buon Pastore,3,Affluenza,Regionali Candidati,2010,REG_10,280,325,183,216
75_Buon Pastore_Regionali Candidati,75,Buon Pastore,3,Affluenza,Regionali Candidati,2010,REG_10,326,381,224,253
76_Buon Pastore_Regionali Candidati,76,Buon Pastore,3,Affluenza,Regionali Candidati,2010,REG_10,299,332,197,212
77_Buon Pastore_Regionali Candidati,77,Buon Pastore,3,Affluenza,Regionali Candidati,2010,REG_10,293,339,206,241
78_Buon Pastore_Regionali Candidati,78,Buon Pastore,3,Affluenza,Regionali Candidati,2010,REG_10,349,430,263,309
79_Buon Pastore_Regionali Candidati,79,Buon Pastore,3,Affluenza,Regionali Candidati,2010,REG_10,340,356,241,269
80_Buon Pastore_Regionali Candidati,80,Buon Pastore,3,Affluenza,Regionali Candidati,2010,REG_10,419,445,306,332
81_Buon Pastore_Regionali Candidati,81,Buon Pastore,3,Affluenza,Regionali Candidati,2010,REG_10,355,389,297,313
82_Buon Pastore_Regionali Candidati,82,Buon Pastore,3,Affluenza,Regionali Candidati,2010,REG_10,400,442,288,318
83_Buon Pastore_Regionali Candidati,83,Buon Pastore,3,Affluenza,Regionali Candidati,2010,REG_10,260,340,202,245
84_Buon Pastore_Regionali Candidati,84,Buon Pastore,3,Affluenza,Regionali Candidati,2010,REG_10,352,402,274,276
85_Buon Pastore_Regionali Candidati,85,Buon Pastore,3,Affluenza,Regionali Candidati,2010,REG_10,362,429,277,325
86_Buon Pastore_Regionali Candidati,86,Buon Pastore,3,Affluenza,Regionali Candidati,2010,REG_10,383,427,300,318
87_Buon Pastore_Regionali Candidati,87,Buon Pastore,3,Affluenza,Regionali Candidati,2010,REG_10,339,395,243,290
88_Buon Pastore_Regionali Candidati,88,Buon Pastore,3,Affluenza,Regionali Candidati,2010,REG_10,313,368,232,265
89_Buon Pastore_Regionali Candidati,89,Buon Pastore,3,Affluenza,Regionali Candidati,2010,REG_10,436,516,335,381
90_Buon Pastore_Regionali Candidati,90,Buon Pastore,3,Affluenza,Regionali Candidati,2010,REG_10,342,398,278,309
91_Buon Pastore_Regionali Candidati,91,Buon Pastore,3,Affluenza,Regionali Candidati,2010,REG_10,395,434,329,350
92_Buon Pastore_Regionali Candidati,92,Buon Pastore,3,Affluenza,Regionali Candidati,2010,REG_10,310,378,257,304
93_Buon Pastore_Regionali Candidati,93,Buon Pastore,3,Affluenza,Regionali Candidati,2010,REG_10,301,344,237,237
94_Buon Pastore_Regionali Candidati,94,Buon Pastore,3,Affluenza,Regionali Candidati,2010,REG_10,411,438,341,355
95_Buon Pastore_Regionali Candidati,95,Buon Pastore,3,Affluenza,Regionali Candidati,2010,REG_10,412,423,351,357
96_Buon Pastore_Regionali Candidati,96,Buon Pastore,3,Affluenza,Regionali Candidati,2010,REG_10,379,424,241,271
97_Buon Pastore_Regionali Candidati,97,Buon Pastore,3,Affluenza,Regionali Candidati,2010,REG_10,380,446,306,334
98_Buon Pastore_Regionali Candidati,98,Buon Pastore,3,Affluenza,Regionali Candidati,2010,REG_10,327,403,241,261
99_Buon Pastore_Regionali Candidati,99,Buon Pastore,3,Affluenza,Regionali Candidati,2010,REG_10,317,406,226,274
100_Buon Pastore_Regionali Candidati,100,Buon Pastore,3,Affluenza,Regionali Candidati,2010,REG_10,375,435,281,302
101_Buon Pastore_Regionali Candidati,101,Buon Pastore,3,Affluenza,Regionali Candidati,2010,REG_10,433,490,325,359
102_Buon Pastore_Regionali Candidati,102,Buon Pastore,3,Affluenza,Regionali Candidati,2010,REG_10,341,371,233,250
103_Buon Pastore_Regionali Candidati,103,Buon Pastore,3,Affluenza,Regionali Candidati,2010,REG_10,366,413,261,261
104_Buon Pastore_Regionali Candidati,104,Buon Pastore,3,Affluenza,Regionali Candidati,2010,REG_10,324,385,232,256
105_Buon Pastore_Regionali Candidati,105,Buon Pastore,3,Affluenza,Regionali Candidati,2010,REG_10,317,379,216,269
106_Buon Pastore_Regionali Candidati,106,Buon Pastore,3,Affluenza,Regionali Candidati,2010,REG_10,323,349,232,265
107_Buon Pastore_Regionali Candidati,107,Buon Pastore,3,Affluenza,Regionali Candidati,2010,REG_10,347,401,243,292
108_Buon Pastore_Regionali Candidati,108,Buon Pastore,3,Affluenza,Regionali Candidati,2010,REG_10,337,425,245,293
109_Buon Pastore_Regionali Candidati,109,Buon Pastore,3,Affluenza,Regionali Candidati,2010,REG_10,397,440,304,336
110_Buon Pastore_Regionali Candidati,110,Buon Pastore,3,Affluenza,Regionali Candidati,2010,REG_10,342,416,235,280
111_Buon Pastore_Regionali Candidati,111,Buon Pastore,3,Affluenza,Regionali Candidati,2010,REG_10,352,418,279,315
112_Buon Pastore_Regionali Candidati,112,Buon Pastore,3,Affluenza,Regionali Candidati,2010,REG_10,346,430,260,313
113_Buon Pastore_Regionali Candidati,113,Buon Pastore,3,Affluenza,Regionali Candidati,2010,REG_10,387,413,320,327
114_Buon Pastore_Regionali Candidati,114,Buon Pastore,3,Affluenza,Regionali Candidati,2010,REG_10,405,464,301,342
115_Buon Pastore_Regionali Candidati,115,Buon Pastore,3,Affluenza,Regionali Candidati,2010,REG_10,346,414,278,323
116_Buon Pastore_Regionali Candidati,116,Buon Pastore,3,Affluenza,Regionali Candidati,2010,REG_10,433,456,320,334
117_Buon Pastore_Regionali Candidati,117,Buon Pastore,3,Affluenza,Regionali Candidati,2010,REG_10,366,429,298,329
118_Buon Pastore_Regionali Candidati,118,Buon Pastore,3,Affluenza,Regionali Candidati,2010,REG_10,351,388,282,302
119_Buon Pastore_Regionali Candidati,119,Buon Pastore,3,Affluenza,Regionali Candidati,2010,REG_10,378,429,292,321
120_Buon Pastore_Regionali Candidati,120,Buon Pastore,3,Affluenza,Regionali Candidati,2010,REG_10,413,414,297,290
121_Buon Pastore_Regionali Candidati,121,Buon Pastore,3,Affluenza,Regionali Candidati,2010,REG_10,467,477,348,360
122_Buon Pastore_Regionali Candidati,122,Buon Pastore,3,Affluenza,Regionali Candidati,2010,REG_10,520,495,172,161
123_Buon Pastore_Regionali Candidati,123,Buon Pastore,3,Affluenza,Regionali Candidati,2010,REG_10,296,313,182,199
124_Buon Pastore_Regionali Candidati,124,Buon Pastore,3,Affluenza,Regionali Candidati,2010,REG_10,471,516,372,402
125_Buon Pastore_Regionali Candidati,125,Buon Pastore,3,Affluenza,Regionali Candidati,2010,REG_10,401,418,334,349
126_Buon Pastore_Regionali Candidati,126,Buon Pastore,3,Affluenza,Regionali Candidati,2010,REG_10,384,406,324,332
127_Buon Pastore_Regionali Candidati,127,Buon Pastore,3,Affluenza,Regionali Candidati,2010,REG_10,302,309,223,214
128_Buon Pastore_Regionali Candidati,128,Buon Pastore,3,Affluenza,Regionali Candidati,2010,REG_10,370,412,268,298
129_Buon Pastore_Regionali Candidati,129,Buon Pastore,3,Affluenza,Regionali Candidati,2010,REG_10,374,380,251,250
130_San Faustino_Regionali Candidati,130,San Faustino,4,Affluenza,Regionali Candidati,2010,REG_10,304,366,211,252
131_San Faustino_Regionali Candidati,131,San Faustino,4,Affluenza,Regionali Candidati,2010,REG_10,350,365,256,264
132_San Faustino_Regionali Candidati,132,San Faustino,4,Affluenza,Regionali Candidati,2010,REG_10,379,446,266,292
133_San Faustino_Regionali Candidati,133,San Faustino,4,Affluenza,Regionali Candidati,2010,REG_10,295,385,198,251
134_San Faustino_Regionali Candidati,134,San Faustino,4,Affluenza,Regionali Candidati,2010,REG_10,301,387,199,275
135_San Faustino_Regionali Candidati,135,San Faustino,4,Affluenza,Regionali Candidati,2010,REG_10,355,390,194,205
136_San Faustino_Regionali Candidati,136,San Faustino,4,Affluenza,Regionali Candidati,2010,REG_10,305,362,197,252
137_San Faustino_Regionali Candidati,137,San Faustino,4,Affluenza,Regionali Candidati,2010,REG_10,314,402,203,260
138_San Faustino_Regionali Candidati,138,San Faustino,4,Affluenza,Regionali Candidati,2010,REG_10,352,437,229,287
139_San Faustino_Regionali Candidati,139,San Faustino,4,Affluenza,Regionali Candidati,2010,REG_10,329,399,237,289
140_San Faustino_Regionali Candidati,140,San Faustino,4,Affluenza,Regionali Candidati,2010,REG_10,299,382,222,247
141_San Faustino_Regionali Candidati,141,San Faustino,4,Affluenza,Regionali Candidati,2010,REG_10,301,389,225,257
142_San Faustino_Regionali Candidati,142,San Faustino,4,Affluenza,Regionali Candidati,2010,REG_10,369,427,257,293
143_San Faustino_Regionali Candidati,143,San Faustino,4,Affluenza,Regionali Candidati,2010,REG_10,318,374,227,272
144_San Faustino_Regionali Candidati,144,San Faustino,4,Affluenza,Regionali Candidati,2010,REG_10,335,369,252,265
145_San Faustino_Regionali Candidati,145,San Faustino,4,Affluenza,Regionali Candidati,2010,REG_10,327,362,261,284
146_San Faustino_Regionali Candidati,146,San Faustino,4,Affluenza,Regionali Candidati,2010,REG_10,383,422,240,275
147_San Faustino_Regionali Candidati,147,San Faustino,4,Affluenza,Regionali Candidati,2010,REG_10,382,407,285,301
148_San Faustino_Regionali Candidati,148,San Faustino,4,Affluenza,Regionali Candidati,2010,REG_10,355,401,279,300
149_San Faustino_Regionali Candidati,149,San Faustino,4,Affluenza,Regionali Candidati,2010,REG_10,351,386,286,307
150_San Faustino_Regionali Candidati,150,San Faustino,4,Affluenza,Regionali Candidati,2010,REG_10,401,419,328,348
151_San Faustino_Regionali Candidati,151,San Faustino,4,Affluenza,Regionali Candidati,2010,REG_10,355,420,255,302
152_San Faustino_Regionali Candidati,152,San Faustino,4,Affluenza,Regionali Candidati,2010,REG_10,416,470,319,358
153_San Faustino_Regionali Candidati,153,San Faustino,4,Affluenza,Regionali Candidati,2010,REG_10,373,415,284,309
154_San Faustino_Regionali Candidati,154,San Faustino,4,Affluenza,Regionali Candidati,2010,REG_10,325,376,239,275
155_San Faustino_Regionali Candidati,155,San Faustino,4,Affluenza,Regionali Candidati,2010,REG_10,320,389,233,252
156_San Faustino_Regionali Candidati,156,San Faustino,4,Affluenza,Regionali Candidati,2010,REG_10,330,366,239,241
157_San Faustino_Regionali Candidati,157,San Faustino,4,Affluenza,Regionali Candidati,2010,REG_10,346,383,265,281
158_San Faustino_Regionali Candidati,158,San Faustino,4,Affluenza,Regionali Candidati,2010,REG_10,396,475,305,341
159_San Faustino_Regionali Candidati,159,San Faustino,4,Affluenza,Regionali Candidati,2010,REG_10,379,451,279,323
160_San Faustino_Regionali Candidati,160,San Faustino,4,Affluenza,Regionali Candidati,2010,REG_10,362,368,279,292
161_San Faustino_Regionali Candidati,161,San Faustino,4,Affluenza,Regionali Candidati,2010,REG_10,351,335,231,217
162_San Faustino_Regionali Candidati,162,San Faustino,4,Affluenza,Regionali Candidati,2010,REG_10,374,424,291,330
163_San Faustino_Regionali Candidati,163,San Faustino,4,Affluenza,Regionali Candidati,2010,REG_10,353,423,259,302
164_San Faustino_Regionali Candidati,164,San Faustino,4,Affluenza,Regionali Candidati,2010,REG_10,383,404,280,294
165_San Faustino_Regionali Candidati,165,San Faustino,4,Affluenza,Regionali Candidati,2010,REG_10,402,434,307,343
166_San Faustino_Regionali Candidati,166,San Faustino,4,Affluenza,Regionali Candidati,2010,REG_10,374,357,257,256
167_San Faustino_Regionali Candidati,167,San Faustino,4,Affluenza,Regionali Candidati,2010,REG_10,369,375,298,300
168_San Faustino_Regionali Candidati,168,San Faustino,4,Affluenza,Regionali Candidati,2010,REG_10,441,412,287,286
169_San Faustino_Regionali Candidati,169,San Faustino,4,Affluenza,Regionali Candidati,2010,REG_10,495,548,378,423
170_San Faustino_Regionali Candidati,170,San Faustino,4,Affluenza,Regionali Candidati,2010,REG_10,510,498,376,369
171_San Faustino_Regionali Candidati,171,San Faustino,4,Affluenza,Regionali Candidati,2010,REG_10,448,462,365,356
172_San Faustino_Regionali Candidati,172,San Faustino,4,Affluenza,Regionali Candidati,2010,REG_10,308,332,226,236
173_San Faustino_Regionali Candidati,173,San Faustino,4,Affluenza,Regionali Candidati,2010,REG_10,304,317,231,235
174_San Faustino_Regionali Candidati,174,San Faustino,4,Affluenza,Regionali Candidati,2010,REG_10,297,302,232,230
175_San Faustino_Regionali Candidati,175,San Faustino,4,Affluenza,Regionali Candidati,2010,REG_10,346,385,256,263
176_San Faustino_Regionali Candidati,176,San Faustino,4,Affluenza,Regionali Candidati,2010,REG_10,347,383,272,294
177_San Faustino_Regionali Candidati,177,San Faustino,4,Affluenza,Regionali Candidati,2010,REG_10,357,390,307,328
178_San Faustino_Regionali Candidati,178,San Faustino,4,Affluenza,Regionali Candidati,2010,REG_10,413,425,304,301
179_San Faustino_Regionali Candidati,179,San Faustino,4,Affluenza,Regionali Candidati,2010,REG_10,386,415,289,309
180_San Faustino_Regionali Candidati,180,San Faustino,4,Affluenza,Regionali Candidati,2010,REG_10,404,421,301,300
181_Buon Pastore_Regionali Candidati,181,Buon Pastore,3,Affluenza,Regionali Candidati,2010,REG_10,0,0,64,45
182_Buon Pastore_Regionali Candidati,182,Buon Pastore,3,Affluenza,Regionali Candidati,2010,REG_10,0,0,34,27
183_San Faustino_Regionali Candidati,183,San Faustino,4,Affluenza,Regionali Candidati,2010,REG_10,0,0,41,33
184_San Faustino_Regionali Candidati,184,San Faustino,4,Affluenza,Regionali Candidati,2010,REG_10,0,0,24,24
185_San Faustino_Regionali Candidati,185,San Faustino,4,Affluenza,Regionali Candidati,2010,REG_10,368,346,277,266
186_San Faustino_Regionali Candidati,186,San Faustino,4,Affluenza,Regionali Candidati,2010,REG_10,304,334,226,235
187_Buon Pastore_Regionali Candidati,187,Buon Pastore,3,Affluenza,Regionali Candidati,2010,REG_10,416,417,337,324
