THE_PK_KEY,SECTION,DISTRICT,DISTRICT_CD,DATA_TYPE,ELECTION,YEAR,ELECTION_CD,#MALE_REGISTERED,#FEMALE_REGISTERED,#MALE_VOTERS,#FEMALE_VOTERS
1_Centro_Europee,1,Centro,1,Affluenza,Europee,2024,EUR_24,464,417,272,261
2_Centro_Europee,2,Centro,1,Affluenza,Europee,2024,EUR_24,351,381,208,236
3_Centro_Europee,3,Centro,1,Affluenza,Europee,2024,EUR_24,415,445,272,288
4_Centro_Europee,4,Centro,1,Affluenza,Europee,2024,EUR_24,441,461,278,282
5_Centro_Europee,5,Centro,1,Affluenza,Europee,2024,EUR_24,391,420,245,267
6_Centro_Europee,6,Centro,1,Affluenza,Europee,2024,EUR_24,359,422,251,272
7_Centro_Europee,7,Centro,1,Affluenza,Europee,2024,EUR_24,394,460,270,326
8_Centro_Europee,8,Centro,1,Affluenza,Europee,2024,EUR_24,389,384,193,205
9_Centro_Europee,9,Centro,1,Affluenza,Europee,2024,EUR_24,361,399,222,241
10_Centro_Europee,10,Centro,1,Affluenza,Europee,2024,EUR_24,307,409,194,235
11_Centro_Europee,11,Centro,1,Affluenza,Europee,2024,EUR_24,305,291,187,192
12_Centro_Europee,12,Centro,1,Affluenza,Europee,2024,EUR_24,423,390,253,226
13_Centro_Europee,13,Centro,1,Affluenza,Europee,2024,EUR_24,409,393,268,268
14_Centro_Europee,14,Centro,1,Affluenza,Europee,2024,EUR_24,376,361,225,228
15_Centro_Europee,15,Centro,1,Affluenza,Europee,2024,EUR_24,377,343,212,204
16_Centro_Europee,16,Centro,1,Affluenza,Europee,2024,EUR_24,320,333,213,210
17_Centro_Europee,17,Centro,1,Affluenza,Europee,2024,EUR_24,439,435,225,231
18_Centro_Europee,18,Centro,1,Affluenza,Europee,2024,EUR_24,417,390,236,233
19_Centro_Europee,19,Centro,1,Affluenza,Europee,2024,EUR_24,338,320,173,177
20_Centro_Europee,20,Centro,1,Affluenza,Europee,2024,EUR_24,354,378,236,227
21_Centro_Europee,21,Centro,1,Affluenza,Europee,2024,EUR_24,473,460,209,207
22_Crocetta_Europee,22,Crocetta,2,Affluenza,Europee,2024,EUR_24,503,470,269,272
23_Crocetta_Europee,23,Crocetta,2,Affluenza,Europee,2024,EUR_24,369,404,215,236
24_Crocetta_Europee,24,Crocetta,2,Affluenza,Europee,2024,EUR_24,294,310,163,175
25_Crocetta_Europee,25,Crocetta,2,Affluenza,Europee,2024,EUR_24,394,420,275,284
26_Crocetta_Europee,26,Crocetta,2,Affluenza,Europee,2024,EUR_24,342,355,242,225
27_Crocetta_Europee,27,Crocetta,2,Affluenza,Europee,2024,EUR_24,346,321,179,184
28_Crocetta_Europee,28,Crocetta,2,Affluenza,Europee,2024,EUR_24,408,366,208,209
29_Crocetta_Europee,29,Crocetta,2,Affluenza,Europee,2024,EUR_24,403,413,251,247
30_Crocetta_Europee,30,Crocetta,2,Affluenza,Europee,2024,EUR_24,306,329,220,230
31_Crocetta_Europee,31,Crocetta,2,Affluenza,Europee,2024,EUR_24,288,314,161,185
32_Crocetta_Europee,32,Crocetta,2,Affluenza,Europee,2024,EUR_24,416,422,249,250
33_Crocetta_Europee,33,Crocetta,2,Affluenza,Europee,2024,EUR_24,357,395,211,239
34_Crocetta_Europee,34,Crocetta,2,Affluenza,Europee,2024,EUR_24,379,418,241,267
35_Crocetta_Europee,35,Crocetta,2,Affluenza,Europee,2024,EUR_24,377,380,220,221
36_Crocetta_Europee,36,Crocetta,2,Affluenza,Europee,2024,EUR_24,296,315,199,205
37_Crocetta_Europee,37,Crocetta,2,Affluenza,Europee,2024,EUR_24,363,422,253,294
38_Crocetta_Europee,38,Crocetta,2,Affluenza,Europee,2024,EUR_24,391,436,248,297
39_Crocetta_Europee,39,Crocetta,2,Affluenza,Europee,2024,EUR_24,387,425,272,296
40_Crocetta_Europee,40,Crocetta,2,Affluenza,Europee,2024,EUR_24,354,383,249,261
41_Crocetta_Europee,41,Crocetta,2,Affluenza,Europee,2024,EUR_24,376,412,221,233
42_Crocetta_Europee,42,Crocetta,2,Affluenza,Europee,2024,EUR_24,329,335,200,213
43_Crocetta_Europee,43,Crocetta,2,Affluenza,Europee,2024,EUR_24,278,302,156,171
44_Crocetta_Europee,44,Crocetta,2,Affluenza,Europee,2024,EUR_24,324,363,176,200
45_Crocetta_Europee,45,Crocetta,2,Affluenza,Europee,2024,EUR_24,373,426,213,254
46_Crocetta_Europee,46,Crocetta,2,Affluenza,Europee,2024,EUR_24,334,345,230,245
47_Crocetta_Europee,47,Crocetta,2,Affluenza,Europee,2024,EUR_24,319,334,181,197
48_Crocetta_Europee,48,Crocetta,2,Affluenza,Europee,2024,EUR_24,291,314,154,166
49_Crocetta_Europee,49,Crocetta,2,Affluenza,Europee,2024,EUR_24,326,388,200,225
50_Crocetta_Europee,50,Crocetta,2,Affluenza,Europee,2024,EUR_24,300,353,172,217
51_Crocetta_Europee,51,Crocetta,2,Affluenza,Europee,2024,EUR_24,302,366,199,229
52_Crocetta_Europee,52,Crocetta,2,Affluenza,Europee,2024,EUR_24,389,460,237,282
53_Crocetta_Europee,53,Crocetta,2,Affluenza,Europee,2024,EUR_24,335,400,184,244
54_Crocetta_Europee,54,Crocetta,2,Affluenza,Europee,2024,EUR_24,280,324,189,219
55_Crocetta_Europee,55,Crocetta,2,Affluenza,Europee,2024,EUR_24,299,371,176,247
56_Crocetta_Europee,56,Crocetta,2,Affluenza,Europee,2024,EUR_24,346,381,224,237
57_Crocetta_Europee,57,Crocetta,2,Affluenza,Europee,2024,EUR_24,288,341,167,201
58_Crocetta_Europee,58,Crocetta,2,Affluenza,Europee,2024,EUR_24,387,370,200,220
59_Crocetta_Europee,59,Crocetta,2,Affluenza,Europee,2024,EUR_24,405,454,273,300
60_Crocetta_Europee,60,Crocetta,2,Affluenza,Europee,2024,EUR_24,407,422,285,298
61_Crocetta_Europee,61,Crocetta,2,Affluenza,Europee,2024,EUR_24,328,364,226,240
62_Crocetta_Europee,62,Crocetta,2,Affluenza,Europee,2024,EUR_24,338,359,213,237
63_Crocetta_Europee,63,Crocetta,2,Affluenza,Europee,2024,EUR_24,479,469,243,247
64_Crocetta_Europee,64,Crocetta,2,Affluenza,Europee,2024,EUR_24,303,309,142,140
65_Crocetta_Europee,65,Crocetta,2,Affluenza,Europee,2024,EUR_24,631,617,114,132
66_Crocetta_Europee,66,Crocetta,2,Affluenza,Europee,2024,EUR_24,269,312,172,197
67_Crocetta_Europee,67,Crocetta,2,Affluenza,Europee,2024,EUR_24,376,400,219,227
68_Crocetta_Europee,68,Crocetta,2,Affluenza,Europee,2024,EUR_24,313,323,169,179
69_Crocetta_Europee,69,Crocetta,2,Affluenza,Europee,2024,EUR_24,351,386,183,207
70_Crocetta_Europee,70,Crocetta,2,Affluenza,Europee,2024,EUR_24,324,354,172,196
71_Buon Pastore_Europee,71,Buon Pastore,3,Affluenza,Europee,2024,EUR_24,329,385,189,230
72_Buon Pastore_Europee,72,Buon Pastore,3,Affluenza,Europee,2024,EUR_24,322,379,222,258
73_Buon Pastore_Europee,73,Buon Pastore,3,Affluenza,Europee,2024,EUR_24,319,368,215,257
74_Buon Pastore_Europee,74,Buon Pastore,3,Affluenza,Europee,2024,EUR_24,282,324,168,205
75_Buon Pastore_Europee,75,Buon Pastore,3,Affluenza,Europee,2024,EUR_24,308,375,210,236
76_Buon Pastore_Europee,76,Buon Pastore,3,Affluenza,Europee,2024,EUR_24,294,341,182,205
77_Buon Pastore_Europee,77,Buon Pastore,3,Affluenza,Europee,2024,EUR_24,301,333,200,208
78_Buon Pastore_Europee,78,Buon Pastore,3,Affluenza,Europee,2024,EUR_24,348,408,223,271
79_Buon Pastore_Europee,79,Buon Pastore,3,Affluenza,Europee,2024,EUR_24,291,327,167,206
80_Buon Pastore_Europee,80,Buon Pastore,3,Affluenza,Europee,2024,EUR_24,375,435,240,276
81_Buon Pastore_Europee,81,Buon Pastore,3,Affluenza,Europee,2024,EUR_24,310,358,210,264
82_Buon Pastore_Europee,82,Buon Pastore,3,Affluenza,Europee,2024,EUR_24,381,391,235,255
83_Buon Pastore_Europee,83,Buon Pastore,3,Affluenza,Europee,2024,EUR_24,321,409,207,246
84_Buon Pastore_Europee,84,Buon Pastore,3,Affluenza,Europee,2024,EUR_24,367,362,274,251
85_Buon Pastore_Europee,85,Buon Pastore,3,Affluenza,Europee,2024,EUR_24,358,396,223,256
86_Buon Pastore_Europee,86,Buon Pastore,3,Affluenza,Europee,2024,EUR_24,376,432,268,299
87_Buon Pastore_Europee,87,Buon Pastore,3,Affluenza,Europee,2024,EUR_24,340,384,245,230
88_Buon Pastore_Europee,88,Buon Pastore,3,Affluenza,Europee,2024,EUR_24,311,341,224,230
89_Buon Pastore_Europee,89,Buon Pastore,3,Affluenza,Europee,2024,EUR_24,326,378,230,272
90_Buon Pastore_Europee,90,Buon Pastore,3,Affluenza,Europee,2024,EUR_24,335,401,213,259
91_Buon Pastore_Europee,91,Buon Pastore,3,Affluenza,Europee,2024,EUR_24,383,419,253,277
92_Buon Pastore_Europee,92,Buon Pastore,3,Affluenza,Europee,2024,EUR_24,257,311,171,222
93_Buon Pastore_Europee,93,Buon Pastore,3,Affluenza,Europee,2024,EUR_24,426,464,264,276
94_Buon Pastore_Europee,94,Buon Pastore,3,Affluenza,Europee,2024,EUR_24,358,405,274,292
95_Buon Pastore_Europee,95,Buon Pastore,3,Affluenza,Europee,2024,EUR_24,349,385,247,275
96_Buon Pastore_Europee,96,Buon Pastore,3,Affluenza,Europee,2024,EUR_24,382,425,207,231
97_Buon Pastore_Europee,97,Buon Pastore,3,Affluenza,Europee,2024,EUR_24,326,387,237,260
98_Buon Pastore_Europee,98,Buon Pastore,3,Affluenza,Europee,2024,EUR_24,339,389,189,221
99_Buon Pastore_Europee,99,Buon Pastore,3,Affluenza,Europee,2024,EUR_24,354,433,231,282
100_Buon Pastore_Europee,100,Buon Pastore,3,Affluenza,Europee,2024,EUR_24,464,523,332,357
101_Buon Pastore_Europee,101,Buon Pastore,3,Affluenza,Europee,2024,EUR_24,435,482,300,324
102_Buon Pastore_Europee,102,Buon Pastore,3,Affluenza,Europee,2024,EUR_24,327,355,191,226
103_Buon Pastore_Europee,103,Buon Pastore,3,Affluenza,Europee,2024,EUR_24,343,406,214,256
104_Buon Pastore_Europee,104,Buon Pastore,3,Affluenza,Europee,2024,EUR_24,321,382,202,229
105_Buon Pastore_Europee,105,Buon Pastore,3,Affluenza,Europee,2024,EUR_24,343,381,233,242
106_Buon Pastore_Europee,106,Buon Pastore,3,Affluenza,Europee,2024,EUR_24,290,325,194,226
107_Buon Pastore_Europee,107,Buon Pastore,3,Affluenza,Europee,2024,EUR_24,290,361,192,209
108_Buon Pastore_Europee,108,Buon Pastore,3,Affluenza,Europee,2024,EUR_24,338,404,217,269
109_Buon Pastore_Europee,109,Buon Pastore,3,Affluenza,Europee,2024,EUR_24,380,446,254,282
110_Buon Pastore_Europee,110,Buon Pastore,3,Affluenza,Europee,2024,EUR_24,357,401,214,226
111_Buon Pastore_Europee,111,Buon Pastore,3,Affluenza,Europee,2024,EUR_24,385,421,247,279
112_Buon Pastore_Europee,112,Buon Pastore,3,Affluenza,Europee,2024,EUR_24,352,376,225,231
113_Buon Pastore_Europee,113,Buon Pastore,3,Affluenza,Europee,2024,EUR_24,399,433,293,314
114_Buon Pastore_Europee,114,Buon Pastore,3,Affluenza,Europee,2024,EUR_24,414,483,259,332
115_Buon Pastore_Europee,115,Buon Pastore,3,Affluenza,Europee,2024,EUR_24,381,374,276,275
116_Buon Pastore_Europee,116,Buon Pastore,3,Affluenza,Europee,2024,EUR_24,308,319,237,232
117_Buon Pastore_Europee,117,Buon Pastore,3,Affluenza,Europee,2024,EUR_24,370,394,273,279
118_Buon Pastore_Europee,118,Buon Pastore,3,Affluenza,Europee,2024,EUR_24,421,469,299,320
119_Buon Pastore_Europee,119,Buon Pastore,3,Affluenza,Europee,2024,EUR_24,385,392,240,265
120_Buon Pastore_Europee,120,Buon Pastore,3,Affluenza,Europee,2024,EUR_24,345,354,263,252
121_Buon Pastore_Europee,121,Buon Pastore,3,Affluenza,Europee,2024,EUR_24,509,502,338,342
122_Buon Pastore_Europee,122,Buon Pastore,3,Affluenza,Europee,2024,EUR_24,394,405,160,161
123_Buon Pastore_Europee,123,Buon Pastore,3,Affluenza,Europee,2024,EUR_24,300,291,155,153
124_Buon Pastore_Europee,124,Buon Pastore,3,Affluenza,Europee,2024,EUR_24,397,387,252,269
125_Buon Pastore_Europee,125,Buon Pastore,3,Affluenza,Europee,2024,EUR_24,401,431,277,322
126_Buon Pastore_Europee,126,Buon Pastore,3,Affluenza,Europee,2024,EUR_24,393,421,266,267
127_Buon Pastore_Europee,127,Buon Pastore,3,Affluenza,Europee,2024,EUR_24,352,392,219,233
128_Buon Pastore_Europee,128,Buon Pastore,3,Affluenza,Europee,2024,EUR_24,420,417,291,274
129_Buon Pastore_Europee,129,Buon Pastore,3,Affluenza,Europee,2024,EUR_24,371,380,244,260
130_San Faustino_Europee,130,San Faustino,4,Affluenza,Europee,2024,EUR_24,310,324,213,214
131_San Faustino_Europee,131,San Faustino,4,Affluenza,Europee,2024,EUR_24,363,351,237,236
132_San Faustino_Europee,132,San Faustino,4,Affluenza,Europee,2024,EUR_24,419,440,272,288
133_San Faustino_Europee,133,San Faustino,4,Affluenza,Europee,2024,EUR_24,302,318,181,192
134_San Faustino_Europee,134,San Faustino,4,Affluenza,Europee,2024,EUR_24,299,348,190,228
135_San Faustino_Europee,135,San Faustino,4,Affluenza,Europee,2024,EUR_24,317,351,165,192
136_San Faustino_Europee,136,San Faustino,4,Affluenza,Europee,2024,EUR_24,286,345,172,231
137_San Faustino_Europee,137,San Faustino,4,Affluenza,Europee,2024,EUR_24,316,381,197,232
138_San Faustino_Europee,138,San Faustino,4,Affluenza,Europee,2024,EUR_24,341,399,217,242
139_San Faustino_Europee,139,San Faustino,4,Affluenza,Europee,2024,EUR_24,362,419,212,258
140_San Faustino_Europee,140,San Faustino,4,Affluenza,Europee,2024,EUR_24,276,350,172,203
141_San Faustino_Europee,141,San Faustino,4,Affluenza,Europee,2024,EUR_24,291,314,184,212
142_San Faustino_Europee,142,San Faustino,4,Affluenza,Europee,2024,EUR_24,406,426,262,272
143_San Faustino_Europee,143,San Faustino,4,Affluenza,Europee,2024,EUR_24,320,349,210,226
144_San Faustino_Europee,144,San Faustino,4,Affluenza,Europee,2024,EUR_24,298,367,192,233
145_San Faustino_Europee,145,San Faustino,4,Affluenza,Europee,2024,EUR_24,335,348,236,245
146_San Faustino_Europee,146,San Faustino,4,Affluenza,Europee,2024,EUR_24,322,370,191,222
147_San Faustino_Europee,147,San Faustino,4,Affluenza,Europee,2024,EUR_24,296,371,194,249
148_San Faustino_Europee,148,San Faustino,4,Affluenza,Europee,2024,EUR_24,338,372,248,278
149_San Faustino_Europee,149,San Faustino,4,Affluenza,Europee,2024,EUR_24,318,369,236,268
150_San Faustino_Europee,150,San Faustino,4,Affluenza,Europee,2024,EUR_24,395,411,287,317
151_San Faustino_Europee,151,San Faustino,4,Affluenza,Europee,2024,EUR_24,331,371,186,216
152_San Faustino_Europee,152,San Faustino,4,Affluenza,Europee,2024,EUR_24,462,488,311,337
153_San Faustino_Europee,153,San Faustino,4,Affluenza,Europee,2024,EUR_24,403,453,282,315
154_San Faustino_Europee,154,San Faustino,4,Affluenza,Europee,2024,EUR_24,337,363,225,239
155_San Faustino_Europee,155,San Faustino,4,Affluenza,Europee,2024,EUR_24,379,434,258,284
156_San Faustino_Europee,156,San Faustino,4,Affluenza,Europee,2024,EUR_24,406,428,268,292
157_San Faustino_Europee,157,San Faustino,4,Affluenza,Europee,2024,EUR_24,365,385,249,239
158_San Faustino_Europee,158,San Faustino,4,Affluenza,Europee,2024,EUR_24,345,421,235,282
159_San Faustino_Europee,159,San Faustino,4,Affluenza,Europee,2024,EUR_24,366,398,243,252
160_San Faustino_Europee,160,San Faustino,4,Affluenza,Europee,2024,EUR_24,397,407,281,277
161_San Faustino_Europee,161,San Faustino,4,Affluenza,Europee,2024,EUR_24,271,305,170,182
162_San Faustino_Europee,162,San Faustino,4,Affluenza,Europee,2024,EUR_24,369,376,255,247
163_San Faustino_Europee,163,San Faustino,4,Affluenza,Europee,2024,EUR_24,347,414,214,246
164_San Faustino_Europee,164,San Faustino,4,Affluenza,Europee,2024,EUR_24,401,413,276,285
165_San Faustino_Europee,165,San Faustino,4,Affluenza,Europee,2024,EUR_24,354,422,246,284
166_San Faustino_Europee,166,San Faustino,4,Affluenza,Europee,2024,EUR_24,335,334,189,205
167_San Faustino_Europee,167,San Faustino,4,Affluenza,Europee,2024,EUR_24,405,442,292,310
168_San Faustino_Europee,168,San Faustino,4,Affluenza,Europee,2024,EUR_24,418,439,236,255
169_San Faustino_Europee,169,San Faustino,4,Affluenza,Europee,2024,EUR_24,372,383,267,291
170_San Faustino_Europee,170,San Faustino,4,Affluenza,Europee,2024,EUR_24,363,381,228,248
171_San Faustino_Europee,171,San Faustino,4,Affluenza,Europee,2024,EUR_24,409,421,268,284
172_San Faustino_Europee,172,San Faustino,4,Affluenza,Europee,2024,EUR_24,328,314,184,180
173_San Faustino_Europee,173,San Faustino,4,Affluenza,Europee,2024,EUR_24,372,409,247,265
174_San Faustino_Europee,174,San Faustino,4,Affluenza,Europee,2024,EUR_24,304,306,214,215
175_San Faustino_Europee,175,San Faustino,4,Affluenza,Europee,2024,EUR_24,341,375,219,238
176_San Faustino_Europee,176,San Faustino,4,Affluenza,Europee,2024,EUR_24,355,372,257,263
177_San Faustino_Europee,177,San Faustino,4,Affluenza,Europee,2024,EUR_24,324,345,250,264
178_San Faustino_Europee,178,San Faustino,4,Affluenza,Europee,2024,EUR_24,437,453,300,336
179_San Faustino_Europee,179,San Faustino,4,Affluenza,Europee,2024,EUR_24,455,502,295,337
180_San Faustino_Europee,180,San Faustino,4,Affluenza,Europee,2024,EUR_24,379,407,268,281
181_Buon Pastore_Europee,181,Buon Pastore,3,Affluenza,Europee,2024,EUR_24,0,0,28,40
182_Buon Pastore_Europee,182,Buon Pastore,3,Affluenza,Europee,2024,EUR_24,0,0,27,29
183_San Faustino_Europee,183,San Faustino,4,Affluenza,Europee,2024,EUR_24,0,0,43,27
184_San Faustino_Europee,184,San Faustino,4,Affluenza,Europee,2024,EUR_24,0,0,27,20
185_San Faustino_Europee,185,San Faustino,4,Affluenza,Europee,2024,EUR_24,435,410,309,309
186_San Faustino_Europee,186,San Faustino,4,Affluenza,Europee,2024,EUR_24,326,340,207,223
187_Buon Pastore_Europee,187,Buon Pastore,3,Affluenza,Europee,2024,EUR_24,313,350,195,231
188_Buon Pastore_Europee,188,Buon Pastore,3,Affluenza,Europee,2024,EUR_24,342,376,250,271
189_Buon Pastore_Europee,189,Buon Pastore,3,Affluenza,Europee,2024,EUR_24,367,362,275,259
190_San Faustino_Europee,190,San Faustino,4,Affluenza,Europee,2024,EUR_24,379,384,251,246
