THE_PK_KEY,SECTION,DISTRICT,DISTRICT_CD,DATA_TYPE,ELECTION,YEAR,ELECTION_CD,#MALE_REGISTERED,#FEMALE_REGISTERED,#MALE_VOTERS,#FEMALE_VOTERS
1_Centro_Regionali  Candidati,1,Centro,1,Affluenza,Regionali  Candidati,2020,REG_20,451,431,304,304
2_Centro_Regionali  Candidati,2,Centro,1,Affluenza,Regionali  Candidati,2020,REG_20,348,374,213,230
3_Centro_Regionali  Candidati,3,Centro,1,Affluenza,Regionali  Candidati,2020,REG_20,402,460,269,318
4_Centro_Regionali  Candidati,4,Centro,1,Affluenza,Regionali  Candidati,2020,REG_20,426,460,296,317
5_Centro_Regionali  Candidati,5,Centro,1,Affluenza,Regionali  Candidati,2020,REG_20,394,451,264,288
6_Centro_Regionali  Candidati,6,Centro,1,Affluenza,Regionali  Candidati,2020,REG_20,389,462,295,320
7_Centro_Regionali  Candidati,7,Centro,1,Affluenza,Regionali  Candidati,2020,REG_20,361,437,262,331
8_Centro_Regionali  Candidati,8,Centro,1,Affluenza,Regionali  Candidati,2020,REG_20,343,388,194,229
9_Centro_Regionali  Candidati,9,Centro,1,Affluenza,Regionali  Candidati,2020,REG_20,385,428,266,286
10_Centro_Regionali  Candidati,10,Centro,1,Affluenza,Regionali  Candidati,2020,REG_20,317,411,207,260
11_Centro_Regionali  Candidati,11,Centro,1,Affluenza,Regionali  Candidati,2020,REG_20,324,318,219,223
12_Centro_Regionali  Candidati,12,Centro,1,Affluenza,Regionali  Candidati,2020,REG_20,422,393,261,249
13_Centro_Regionali  Candidati,13,Centro,1,Affluenza,Regionali  Candidati,2020,REG_20,445,417,273,284
14_Centro_Regionali  Candidati,14,Centro,1,Affluenza,Regionali  Candidati,2020,REG_20,366,383,242,250
15_Centro_Regionali  Candidati,15,Centro,1,Affluenza,Regionali  Candidati,2020,REG_20,346,342,235,222
16_Centro_Regionali  Candidati,16,Centro,1,Affluenza,Regionali  Candidati,2020,REG_20,325,328,221,212
17_Centro_Regionali  Candidati,17,Centro,1,Affluenza,Regionali  Candidati,2020,REG_20,435,466,240,266
18_Centro_Regionali  Candidati,18,Centro,1,Affluenza,Regionali  Candidati,2020,REG_20,383,361,254,223
19_Centro_Regionali  Candidati,19,Centro,1,Affluenza,Regionali  Candidati,2020,REG_20,332,331,199,200
20_Centro_Regionali  Candidati,20,Centro,1,Affluenza,Regionali  Candidati,2020,REG_20,339,386,228,246
21_Centro_Regionali  Candidati,21,Centro,1,Affluenza,Regionali  Candidati,2020,REG_20,509,497,226,210
22_Crocetta_Regionali  Candidati,22,Crocetta,2,Affluenza,Regionali  Candidati,2020,REG_20,514,462,308,289
23_Crocetta_Regionali  Candidati,23,Crocetta,2,Affluenza,Regionali  Candidati,2020,REG_20,370,443,241,299
24_Crocetta_Regionali  Candidati,24,Crocetta,2,Affluenza,Regionali  Candidati,2020,REG_20,310,338,204,231
25_Crocetta_Regionali  Candidati,25,Crocetta,2,Affluenza,Regionali  Candidati,2020,REG_20,384,427,307,317
26_Crocetta_Regionali  Candidati,26,Crocetta,2,Affluenza,Regionali  Candidati,2020,REG_20,360,343,273,251
27_Crocetta_Regionali  Candidati,27,Crocetta,2,Affluenza,Regionali  Candidati,2020,REG_20,349,303,218,208
28_Crocetta_Regionali  Candidati,28,Crocetta,2,Affluenza,Regionali  Candidati,2020,REG_20,417,382,233,231
29_Crocetta_Regionali  Candidati,29,Crocetta,2,Affluenza,Regionali  Candidati,2020,REG_20,412,416,280,289
30_Crocetta_Regionali  Candidati,30,Crocetta,2,Affluenza,Regionali  Candidati,2020,REG_20,317,330,248,261
31_Crocetta_Regionali  Candidati,31,Crocetta,2,Affluenza,Regionali  Candidati,2020,REG_20,288,313,197,213
32_Crocetta_Regionali  Candidati,32,Crocetta,2,Affluenza,Regionali  Candidati,2020,REG_20,400,415,280,288
33_Crocetta_Regionali  Candidati,33,Crocetta,2,Affluenza,Regionali  Candidati,2020,REG_20,366,396,260,283
34_Crocetta_Regionali  Candidati,34,Crocetta,2,Affluenza,Regionali  Candidati,2020,REG_20,388,430,280,303
35_Crocetta_Regionali  Candidati,35,Crocetta,2,Affluenza,Regionali  Candidati,2020,REG_20,380,370,238,226
36_Crocetta_Regionali  Candidati,36,Crocetta,2,Affluenza,Regionali  Candidati,2020,REG_20,292,321,229,223
37_Crocetta_Regionali  Candidati,37,Crocetta,2,Affluenza,Regionali  Candidati,2020,REG_20,392,417,301,315
38_Crocetta_Regionali  Candidati,38,Crocetta,2,Affluenza,Regionali  Candidati,2020,REG_20,391,448,298,341
39_Crocetta_Regionali  Candidati,39,Crocetta,2,Affluenza,Regionali  Candidati,2020,REG_20,384,430,310,341
40_Crocetta_Regionali  Candidati,40,Crocetta,2,Affluenza,Regionali  Candidati,2020,REG_20,365,397,291,304
41_Crocetta_Regionali  Candidati,41,Crocetta,2,Affluenza,Regionali  Candidati,2020,REG_20,388,441,264,292
42_Crocetta_Regionali  Candidati,42,Crocetta,2,Affluenza,Regionali  Candidati,2020,REG_20,329,349,241,251
43_Crocetta_Regionali  Candidati,43,Crocetta,2,Affluenza,Regionali  Candidati,2020,REG_20,290,315,186,203
44_Crocetta_Regionali  Candidati,44,Crocetta,2,Affluenza,Regionali  Candidati,2020,REG_20,341,395,210,233
45_Crocetta_Regionali  Candidati,45,Crocetta,2,Affluenza,Regionali  Candidati,2020,REG_20,389,424,250,272
46_Crocetta_Regionali  Candidati,46,Crocetta,2,Affluenza,Regionali  Candidati,2020,REG_20,334,362,254,263
47_Crocetta_Regionali  Candidati,47,Crocetta,2,Affluenza,Regionali  Candidati,2020,REG_20,314,336,229,216
48_Crocetta_Regionali  Candidati,48,Crocetta,2,Affluenza,Regionali  Candidati,2020,REG_20,343,357,191,187
49_Crocetta_Regionali  Candidati,49,Crocetta,2,Affluenza,Regionali  Candidati,2020,REG_20,326,382,234,246
50_Crocetta_Regionali  Candidati,50,Crocetta,2,Affluenza,Regionali  Candidati,2020,REG_20,291,336,198,232
51_Crocetta_Regionali  Candidati,51,Crocetta,2,Affluenza,Regionali  Candidati,2020,REG_20,313,355,227,246
52_Crocetta_Regionali  Candidati,52,Crocetta,2,Affluenza,Regionali  Candidati,2020,REG_20,379,437,258,307
53_Crocetta_Regionali  Candidati,53,Crocetta,2,Affluenza,Regionali  Candidati,2020,REG_20,316,391,209,266
54_Crocetta_Regionali  Candidati,54,Crocetta,2,Affluenza,Regionali  Candidati,2020,REG_20,317,338,220,228
55_Crocetta_Regionali  Candidati,55,Crocetta,2,Affluenza,Regionali  Candidati,2020,REG_20,289,376,193,262
56_Crocetta_Regionali  Candidati,56,Crocetta,2,Affluenza,Regionali  Candidati,2020,REG_20,340,378,244,269
57_Crocetta_Regionali  Candidati,57,Crocetta,2,Affluenza,Regionali  Candidati,2020,REG_20,294,337,192,224
58_Crocetta_Regionali  Candidati,58,Crocetta,2,Affluenza,Regionali  Candidati,2020,REG_20,365,382,216,242
59_Crocetta_Regionali  Candidati,59,Crocetta,2,Affluenza,Regionali  Candidati,2020,REG_20,388,443,291,321
60_Crocetta_Regionali  Candidati,60,Crocetta,2,Affluenza,Regionali  Candidati,2020,REG_20,422,432,333,330
61_Crocetta_Regionali  Candidati,61,Crocetta,2,Affluenza,Regionali  Candidati,2020,REG_20,348,373,281,286
62_Crocetta_Regionali  Candidati,62,Crocetta,2,Affluenza,Regionali  Candidati,2020,REG_20,357,370,256,262
63_Crocetta_Regionali  Candidati,63,Crocetta,2,Affluenza,Regionali  Candidati,2020,REG_20,453,442,277,283
64_Crocetta_Regionali  Candidati,64,Crocetta,2,Affluenza,Regionali  Candidati,2020,REG_20,334,330,171,185
65_Crocetta_Regionali  Candidati,65,Crocetta,2,Affluenza,Regionali  Candidati,2020,REG_20,375,358,141,129
66_Crocetta_Regionali  Candidati,66,Crocetta,2,Affluenza,Regionali  Candidati,2020,REG_20,291,336,213,229
67_Crocetta_Regionali  Candidati,67,Crocetta,2,Affluenza,Regionali  Candidati,2020,REG_20,396,397,281,271
68_Crocetta_Regionali  Candidati,68,Crocetta,2,Affluenza,Regionali  Candidati,2020,REG_20,308,343,188,211
69_Crocetta_Regionali  Candidati,69,Crocetta,2,Affluenza,Regionali  Candidati,2020,REG_20,350,388,219,229
70_Crocetta_Regionali  Candidati,70,Crocetta,2,Affluenza,Regionali  Candidati,2020,REG_20,319,355,198,199
71_Buon Pastore_Regionali  Candidati,71,Buon Pastore,3,Affluenza,Regionali  Candidati,2020,REG_20,339,397,209,260
72_Buon Pastore_Regionali  Candidati,72,Buon Pastore,3,Affluenza,Regionali  Candidati,2020,REG_20,342,387,264,303
73_Buon Pastore_Regionali  Candidati,73,Buon Pastore,3,Affluenza,Regionali  Candidati,2020,REG_20,298,350,233,272
74_Buon Pastore_Regionali  Candidati,74,Buon Pastore,3,Affluenza,Regionali  Candidati,2020,REG_20,287,339,199,238
75_Buon Pastore_Regionali  Candidati,75,Buon Pastore,3,Affluenza,Regionali  Candidati,2020,REG_20,330,385,235,278
76_Buon Pastore_Regionali  Candidati,76,Buon Pastore,3,Affluenza,Regionali  Candidati,2020,REG_20,304,344,209,225
77_Buon Pastore_Regionali  Candidati,77,Buon Pastore,3,Affluenza,Regionali  Candidati,2020,REG_20,326,338,230,234
78_Buon Pastore_Regionali  Candidati,78,Buon Pastore,3,Affluenza,Regionali  Candidati,2020,REG_20,336,409,241,301
79_Buon Pastore_Regionali  Candidati,79,Buon Pastore,3,Affluenza,Regionali  Candidati,2020,REG_20,298,323,204,218
80_Buon Pastore_Regionali  Candidati,80,Buon Pastore,3,Affluenza,Regionali  Candidati,2020,REG_20,398,456,289,334
81_Buon Pastore_Regionali  Candidati,81,Buon Pastore,3,Affluenza,Regionali  Candidati,2020,REG_20,345,376,277,305
82_Buon Pastore_Regionali  Candidati,82,Buon Pastore,3,Affluenza,Regionali  Candidati,2020,REG_20,396,421,285,294
83_Buon Pastore_Regionali  Candidati,83,Buon Pastore,3,Affluenza,Regionali  Candidati,2020,REG_20,331,414,244,274
84_Buon Pastore_Regionali  Candidati,84,Buon Pastore,3,Affluenza,Regionali  Candidati,2020,REG_20,385,382,315,297
85_Buon Pastore_Regionali  Candidati,85,Buon Pastore,3,Affluenza,Regionali  Candidati,2020,REG_20,372,410,282,311
86_Buon Pastore_Regionali  Candidati,86,Buon Pastore,3,Affluenza,Regionali  Candidati,2020,REG_20,386,414,298,316
87_Buon Pastore_Regionali  Candidati,87,Buon Pastore,3,Affluenza,Regionali  Candidati,2020,REG_20,354,404,272,290
88_Buon Pastore_Regionali  Candidati,88,Buon Pastore,3,Affluenza,Regionali  Candidati,2020,REG_20,304,338,228,244
89_Buon Pastore_Regionali  Candidati,89,Buon Pastore,3,Affluenza,Regionali  Candidati,2020,REG_20,315,384,256,292
90_Buon Pastore_Regionali  Candidati,90,Buon Pastore,3,Affluenza,Regionali  Candidati,2020,REG_20,335,384,240,278
91_Buon Pastore_Regionali  Candidati,91,Buon Pastore,3,Affluenza,Regionali  Candidati,2020,REG_20,378,430,324,336
92_Buon Pastore_Regionali  Candidati,92,Buon Pastore,3,Affluenza,Regionali  Candidati,2020,REG_20,265,336,206,272
93_Buon Pastore_Regionali  Candidati,93,Buon Pastore,3,Affluenza,Regionali  Candidati,2020,REG_20,305,337,218,217
94_Buon Pastore_Regionali  Candidati,94,Buon Pastore,3,Affluenza,Regionali  Candidati,2020,REG_20,374,408,326,338
95_Buon Pastore_Regionali  Candidati,95,Buon Pastore,3,Affluenza,Regionali  Candidati,2020,REG_20,390,399,311,325
96_Buon Pastore_Regionali  Candidati,96,Buon Pastore,3,Affluenza,Regionali  Candidati,2020,REG_20,344,407,201,229
97_Buon Pastore_Regionali  Candidati,97,Buon Pastore,3,Affluenza,Regionali  Candidati,2020,REG_20,344,406,312,266
98_Buon Pastore_Regionali  Candidati,98,Buon Pastore,3,Affluenza,Regionali  Candidati,2020,REG_20,341,386,227,251
99_Buon Pastore_Regionali  Candidati,99,Buon Pastore,3,Affluenza,Regionali  Candidati,2020,REG_20,357,422,275,284
100_Buon Pastore_Regionali  Candidati,100,Buon Pastore,3,Affluenza,Regionali  Candidati,2020,REG_20,456,515,369,391
101_Buon Pastore_Regionali  Candidati,101,Buon Pastore,3,Affluenza,Regionali  Candidati,2020,REG_20,423,474,332,341
102_Buon Pastore_Regionali  Candidati,102,Buon Pastore,3,Affluenza,Regionali  Candidati,2020,REG_20,347,367,226,246
103_Buon Pastore_Regionali  Candidati,103,Buon Pastore,3,Affluenza,Regionali  Candidati,2020,REG_20,365,411,267,285
104_Buon Pastore_Regionali  Candidati,104,Buon Pastore,3,Affluenza,Regionali  Candidati,2020,REG_20,326,371,225,251
105_Buon Pastore_Regionali  Candidati,105,Buon Pastore,3,Affluenza,Regionali  Candidati,2020,REG_20,338,401,244,284
106_Buon Pastore_Regionali  Candidati,106,Buon Pastore,3,Affluenza,Regionali  Candidati,2020,REG_20,304,329,229,249
107_Buon Pastore_Regionali  Candidati,107,Buon Pastore,3,Affluenza,Regionali  Candidati,2020,REG_20,306,362,224,244
108_Buon Pastore_Regionali  Candidati,108,Buon Pastore,3,Affluenza,Regionali  Candidati,2020,REG_20,344,413,256,304
109_Buon Pastore_Regionali  Candidati,109,Buon Pastore,3,Affluenza,Regionali  Candidati,2020,REG_20,405,457,299,344
110_Buon Pastore_Regionali  Candidati,110,Buon Pastore,3,Affluenza,Regionali  Candidati,2020,REG_20,352,395,246,264
111_Buon Pastore_Regionali  Candidati,111,Buon Pastore,3,Affluenza,Regionali  Candidati,2020,REG_20,377,404,283,294
112_Buon Pastore_Regionali  Candidati,112,Buon Pastore,3,Affluenza,Regionali  Candidati,2020,REG_20,354,414,250,272
113_Buon Pastore_Regionali  Candidati,113,Buon Pastore,3,Affluenza,Regionali  Candidati,2020,REG_20,428,454,340,360
114_Buon Pastore_Regionali  Candidati,114,Buon Pastore,3,Affluenza,Regionali  Candidati,2020,REG_20,426,468,314,359
115_Buon Pastore_Regionali  Candidati,115,Buon Pastore,3,Affluenza,Regionali  Candidati,2020,REG_20,373,400,309,319
116_Buon Pastore_Regionali  Candidati,116,Buon Pastore,3,Affluenza,Regionali  Candidati,2020,REG_20,315,326,255,256
117_Buon Pastore_Regionali  Candidati,117,Buon Pastore,3,Affluenza,Regionali  Candidati,2020,REG_20,387,422,313,319
118_Buon Pastore_Regionali  Candidati,118,Buon Pastore,3,Affluenza,Regionali  Candidati,2020,REG_20,409,458,317,352
119_Buon Pastore_Regionali  Candidati,119,Buon Pastore,3,Affluenza,Regionali  Candidati,2020,REG_20,375,393,272,288
120_Buon Pastore_Regionali  Candidati,120,Buon Pastore,3,Affluenza,Regionali  Candidati,2020,REG_20,348,345,286,280
121_Buon Pastore_Regionali  Candidati,121,Buon Pastore,3,Affluenza,Regionali  Candidati,2020,REG_20,485,488,372,373
122_Buon Pastore_Regionali  Candidati,122,Buon Pastore,3,Affluenza,Regionali  Candidati,2020,REG_20,481,499,190,182
123_Buon Pastore_Regionali  Candidati,123,Buon Pastore,3,Affluenza,Regionali  Candidati,2020,REG_20,298,296,197,194
124_Buon Pastore_Regionali  Candidati,124,Buon Pastore,3,Affluenza,Regionali  Candidati,2020,REG_20,408,396,298,305
125_Buon Pastore_Regionali  Candidati,125,Buon Pastore,3,Affluenza,Regionali  Candidati,2020,REG_20,404,424,333,341
126_Buon Pastore_Regionali  Candidati,126,Buon Pastore,3,Affluenza,Regionali  Candidati,2020,REG_20,391,420,323,319
127_Buon Pastore_Regionali  Candidati,127,Buon Pastore,3,Affluenza,Regionali  Candidati,2020,REG_20,382,412,273,274
128_Buon Pastore_Regionali  Candidati,128,Buon Pastore,3,Affluenza,Regionali  Candidati,2020,REG_20,420,437,316,325
129_Buon Pastore_Regionali  Candidati,129,Buon Pastore,3,Affluenza,Regionali  Candidati,2020,REG_20,379,402,267,288
130_San Faustino_Regionali  Candidati,130,San Faustino,4,Affluenza,Regionali  Candidati,2020,REG_20,307,347,243,252
131_San Faustino_Regionali  Candidati,131,San Faustino,4,Affluenza,Regionali  Candidati,2020,REG_20,350,354,255,248
132_San Faustino_Regionali  Candidati,132,San Faustino,4,Affluenza,Regionali  Candidati,2020,REG_20,430,442,324,331
133_San Faustino_Regionali  Candidati,133,San Faustino,4,Affluenza,Regionali  Candidati,2020,REG_20,298,344,209,223
134_San Faustino_Regionali  Candidati,134,San Faustino,4,Affluenza,Regionali  Candidati,2020,REG_20,297,350,202,233
135_San Faustino_Regionali  Candidati,135,San Faustino,4,Affluenza,Regionali  Candidati,2020,REG_20,346,388,197,227
136_San Faustino_Regionali  Candidati,136,San Faustino,4,Affluenza,Regionali  Candidati,2020,REG_20,300,340,215,233
137_San Faustino_Regionali  Candidati,137,San Faustino,4,Affluenza,Regionali  Candidati,2020,REG_20,329,378,216,251
138_San Faustino_Regionali  Candidati,138,San Faustino,4,Affluenza,Regionali  Candidati,2020,REG_20,333,395,207,261
139_San Faustino_Regionali  Candidati,139,San Faustino,4,Affluenza,Regionali  Candidati,2020,REG_20,357,439,241,308
140_San Faustino_Regionali  Candidati,140,San Faustino,4,Affluenza,Regionali  Candidati,2020,REG_20,295,363,199,235
141_San Faustino_Regionali  Candidati,141,San Faustino,4,Affluenza,Regionali  Candidati,2020,REG_20,299,336,199,237
142_San Faustino_Regionali  Candidati,142,San Faustino,4,Affluenza,Regionali  Candidati,2020,REG_20,407,418,291,296
143_San Faustino_Regionali  Candidati,143,San Faustino,4,Affluenza,Regionali  Candidati,2020,REG_20,316,364,220,266
144_San Faustino_Regionali  Candidati,144,San Faustino,4,Affluenza,Regionali  Candidati,2020,REG_20,291,360,218,273
145_San Faustino_Regionali  Candidati,145,San Faustino,4,Affluenza,Regionali  Candidati,2020,REG_20,352,371,268,284
146_San Faustino_Regionali  Candidati,146,San Faustino,4,Affluenza,Regionali  Candidati,2020,REG_20,358,406,233,276
147_San Faustino_Regionali  Candidati,147,San Faustino,4,Affluenza,Regionali  Candidati,2020,REG_20,327,384,241,265
148_San Faustino_Regionali  Candidati,148,San Faustino,4,Affluenza,Regionali  Candidati,2020,REG_20,336,374,266,294
149_San Faustino_Regionali  Candidati,149,San Faustino,4,Affluenza,Regionali  Candidati,2020,REG_20,341,377,277,295
150_San Faustino_Regionali  Candidati,150,San Faustino,4,Affluenza,Regionali  Candidati,2020,REG_20,408,407,350,349
151_San Faustino_Regionali  Candidati,151,San Faustino,4,Affluenza,Regionali  Candidati,2020,REG_20,359,399,237,263
152_San Faustino_Regionali  Candidati,152,San Faustino,4,Affluenza,Regionali  Candidati,2020,REG_20,463,492,360,379
153_San Faustino_Regionali  Candidati,153,San Faustino,4,Affluenza,Regionali  Candidati,2020,REG_20,414,461,306,346
154_San Faustino_Regionali  Candidati,154,San Faustino,4,Affluenza,Regionali  Candidati,2020,REG_20,360,392,255,292
155_San Faustino_Regionali  Candidati,155,San Faustino,4,Affluenza,Regionali  Candidati,2020,REG_20,374,419,270,286
156_San Faustino_Regionali  Candidati,156,San Faustino,4,Affluenza,Regionali  Candidati,2020,REG_20,392,405,279,296
157_San Faustino_Regionali  Candidati,157,San Faustino,4,Affluenza,Regionali  Candidati,2020,REG_20,360,381,258,264
158_San Faustino_Regionali  Candidati,158,San Faustino,4,Affluenza,Regionali  Candidati,2020,REG_20,383,427,288,313
159_San Faustino_Regionali  Candidati,159,San Faustino,4,Affluenza,Regionali  Candidati,2020,REG_20,364,406,273,287
160_San Faustino_Regionali  Candidati,160,San Faustino,4,Affluenza,Regionali  Candidati,2020,REG_20,400,417,304,318
161_San Faustino_Regionali  Candidati,161,San Faustino,4,Affluenza,Regionali  Candidati,2020,REG_20,291,324,190,210
162_San Faustino_Regionali  Candidati,162,San Faustino,4,Affluenza,Regionali  Candidati,2020,REG_20,385,404,303,299
163_San Faustino_Regionali  Candidati,163,San Faustino,4,Affluenza,Regionali  Candidati,2020,REG_20,357,404,242,268
164_San Faustino_Regionali  Candidati,164,San Faustino,4,Affluenza,Regionali  Candidati,2020,REG_20,398,427,295,314
165_San Faustino_Regionali  Candidati,165,San Faustino,4,Affluenza,Regionali  Candidati,2020,REG_20,372,420,286,319
166_San Faustino_Regionali  Candidati,166,San Faustino,4,Affluenza,Regionali  Candidati,2020,REG_20,350,329,237,226
167_San Faustino_Regionali  Candidati,167,San Faustino,4,Affluenza,Regionali  Candidati,2020,REG_20,395,438,303,330
168_San Faustino_Regionali  Candidati,168,San Faustino,4,Affluenza,Regionali  Candidati,2020,REG_20,427,443,283,309
169_San Faustino_Regionali  Candidati,169,San Faustino,4,Affluenza,Regionali  Candidati,2020,REG_20,359,374,278,303
170_San Faustino_Regionali  Candidati,170,San Faustino,4,Affluenza,Regionali  Candidati,2020,REG_20,377,389,286,289
171_San Faustino_Regionali  Candidati,171,San Faustino,4,Affluenza,Regionali  Candidati,2020,REG_20,421,416,326,317
172_San Faustino_Regionali  Candidati,172,San Faustino,4,Affluenza,Regionali  Candidati,2020,REG_20,316,319,213,221
173_San Faustino_Regionali  Candidati,173,San Faustino,4,Affluenza,Regionali  Candidati,2020,REG_20,369,391,270,281
174_San Faustino_Regionali  Candidati,174,San Faustino,4,Affluenza,Regionali  Candidati,2020,REG_20,305,293,228,206
175_San Faustino_Regionali  Candidati,175,San Faustino,4,Affluenza,Regionali  Candidati,2020,REG_20,353,377,265,250
176_San Faustino_Regionali  Candidati,176,San Faustino,4,Affluenza,Regionali  Candidati,2020,REG_20,348,382,267,313
177_San Faustino_Regionali  Candidati,177,San Faustino,4,Affluenza,Regionali  Candidati,2020,REG_20,346,362,290,304
178_San Faustino_Regionali  Candidati,178,San Faustino,4,Affluenza,Regionali  Candidati,2020,REG_20,442,459,346,358
179_San Faustino_Regionali  Candidati,179,San Faustino,4,Affluenza,Regionali  Candidati,2020,REG_20,470,501,359,379
180_San Faustino_Regionali  Candidati,180,San Faustino,4,Affluenza,Regionali  Candidati,2020,REG_20,405,429,330,322
181_Buon Pastore_Regionali  Candidati,181,Buon Pastore,3,Affluenza,Regionali  Candidati,2020,REG_20,0,0,45,30
182_Buon Pastore_Regionali  Candidati,182,Buon Pastore,3,Affluenza,Regionali  Candidati,2020,REG_20,0,0,32,40
183_San Faustino_Regionali  Candidati,183,San Faustino,4,Affluenza,Regionali  Candidati,2020,REG_20,0,0,55,33
184_San Faustino_Regionali  Candidati,184,San Faustino,4,Affluenza,Regionali  Candidati,2020,REG_20,0,0,42,22
185_San Faustino_Regionali  Candidati,185,San Faustino,4,Affluenza,Regionali  Candidati,2020,REG_20,422,418,341,331
186_San Faustino_Regionali  Candidati,186,San Faustino,4,Affluenza,Regionali  Candidati,2020,REG_20,328,362,234,240
187_Buon Pastore_Regionali  Candidati,187,Buon Pastore,3,Affluenza,Regionali  Candidati,2020,REG_20,329,346,233,255
188_Buon Pastore_Regionali  Candidati,188,Buon Pastore,3,Affluenza,Regionali  Candidati,2020,REG_20,329,376,255,284
189_Buon Pastore_Regionali  Candidati,189,Buon Pastore,3,Affluenza,Regionali  Candidati,2020,REG_20,350,337,292,254
190_San Faustino_Regionali  Candidati,190,San Faustino,4,Affluenza,Regionali  Candidati,2020,REG_20,378,383,293,284
