THE_PK_KEY,SECTION,DISTRICT,DISTRICT_CD,DATA_TYPE,ELECTION,YEAR,ELECTION_CD,#MALE_REGISTERED,#FEMALE_REGISTERED,#MALE_VOTERS,#FEMALE_VOTERS
,84,Buon Pastore,3,Affluenza,Amministrative Comunali  Candidati,2014,COM_14,353,399,271,299
85_Buon Pastore_Amministrative Comunali  Candidati,85,Buon Pastore,3,Affluenza,Amministrative Comunali  Candidati,2014,,376,439,284,332
86_Buon Pastore_Amministrative Comunali  Candidati,86,Buon Pastore,3,Affluenza,Amministrative Comunali  Candidati,2014,COM_14,387,437,291,322
88_Buon Pastore_Amministrative Comunali  Candidati,88,Buon Pastore,3,Affluenza,Amministrative Comunali  Candidati,2014,COM_14,316,361,231,257
89_Buon Pastore_Amministrative Comunali  Candidati,89,Buon Pastore,3,Affluenza,Amministrative Comunali  Candidati,2014,COM_14,443,516,353,411
90_Buon Pastore_Amministrative Comunali  Candidati,90,Buon Pastore,3,Affluenza,Amministrative Comunali  Candidati,2014,,315,377,246,286
91_Buon Pastore_Amministrative Comunali  Candidati,91,Buon Pastore,,Affluenza,Amministrative Comunali  Candidati,2014,COM_14,374,432,309,339
92_Buon Pastore_Amministrative Comunali  Candidati,92,Buon Pastore,3,Affluenza,Amministrative Comunali  Candidati,2014,COM_14,287,363,223,290
93_Buon Pastore_Amministrative Comunali  Candidati,93,Buon Pastore,3,Affluenza,Amministrative Comunali  Candidati,2014,COM_14,286,338,229,244
94_Buon Pastore_Amministrative Comunali  Candidati,94,Buon Pastore,3,Affluenza,Amministrative Comunali  Candidati,2014,,400,419,332,344
95_Buon Pastore_Amministrative Comunali  Candidati,95,Buon Pastore,3,Affluenza,Amministrative Comunali  Candidati,2014,,389,405,327,346
,96,Buon Pastore,3,Affluenza,Amministrative Comunali  Candidati,2014,,369,418,254,255
97_Buon Pastore_Amministrative Comunali  Candidati,97,Buon Pastore,3,Affluenza,Amministrative Comunali  Candidati,2014,COM_14,365,424,299,322
98_Buon Pastore_Amministrative Comunali  Candidati,98,Buon Pastore,3,Affluenza,Amministrative Comunali  Candidati,2014,COM_14,319,393,236,261
99_Buon Pastore_Amministrative Comunali  Candidati,99,Buon Pastore,3,Affluenza,Amministrative Comunali  Candidati,2014,COM_14,339,429,258,306
,100,Buon Pastore,3,Affluenza,Amministrative Comunali  Candidati,2014,,453,509,349,381
101_Buon Pastore_Amministrative Comunali  Candidati,101,Buon Pastore,3,Affluenza,Amministrative Comunali  Candidati,2014,COM_14,398,484,313,372
102_Buon Pastore_Amministrative Comunali  Candidati,102,Buon Pastore,3,Affluenza,Amministrative Comunali  Candidati,2014,COM_14,334,364,242,253
103_Buon Pastore_Amministrative Comunali  Candidati,103,Buon Pastore,3,Affluenza,Amministrative Comunali  Candidati,2014,COM_14,353,413,253,281
,104,Buon Pastore,3,Affluenza,Amministrative Comunali  Candidati,2014,COM_14,299,367,203,252
107_Buon Pastore_Amministrative Comunali  Candidati,107,Buon Pastore,3,Affluenza,Amministrative Comunali  Candidati,2014,COM_14,321,373,228,243
108_Buon Pastore_Amministrative Comunali  Candidati,108,Buon Pastore,3,Affluenza,Amministrative Comunali  Candidati,2014,COM_14,332,410,232,299
110_Buon Pastore_Amministrative Comunali  Candidati,110,Buon Pastore,3,Affluenza,Amministrative Comunali  Candidati,2014,,338,390,252,273
,113,Buon Pastore,3,Affluenza,Amministrative Comunali  Candidati,2014,COM_14,410,456,338,357
115_Buon Pastore_Amministrative Comunali  Candidati,115,Buon Pastore,3,Affluenza,Amministrative Comunali  Candidati,2014,COM_14,347,399,284,333
116_Buon Pastore_Amministrative Comunali  Candidati,116,Buon Pastore,3,Affluenza,Amministrative Comunali  Candidati,2014,,463,507,352,375
118_Buon Pastore_Amministrative Comunali  Candidati,118,Buon Pastore,,Affluenza,Amministrative Comunali  Candidati,2014,COM_14,427,475,325,347
119_Buon Pastore_Amministrative Comunali  Candidati,119,Buon Pastore,3,Affluenza,Amministrative Comunali  Candidati,2014,COM_14,387,409,286,293
120_Buon Pastore_Amministrative Comunali  Candidati,120,Buon Pastore,3,Affluenza,Amministrative Comunali  Candidati,2014,COM_14,493,503,377,381
122_Buon Pastore_Amministrative Comunali  Candidati,122,Buon Pastore,3,Affluenza,Amministrative Comunali  Candidati,2014,COM_14,519,497,172,166
123_Buon Pastore_Amministrative Comunali  Candidati,123,Buon Pastore,3,Affluenza,Amministrative Comunali  Candidati,2014,COM_14,299,294,178,177
,124,Buon Pastore,3,Affluenza,Amministrative Comunali  Candidati,2014,COM_14,453,506,365,405
,125,Buon Pastore,,Affluenza,Amministrative Comunali  Candidati,2014,COM_14,386,397,317,326
126_Buon Pastore_Amministrative Comunali  Candidati,126,Buon Pastore,3,Affluenza,Amministrative Comunali  Candidati,2014,COM_14,414,421,342,319
127_Buon Pastore_Amministrative Comunali  Candidati,127,Buon Pastore,3,Affluenza,Amministrative Comunali  Candidati,2014,COM_14,295,309,210,205
,129,Buon Pastore,3,Affluenza,Amministrative Comunali  Candidati,2014,COM_14,380,398,245,270
130_San Faustino_Amministrative Comunali  Candidati,130,San Faustino,,Affluenza,Amministrative Comunali  Candidati,2014,COM_14,321,349,238,245
131_San Faustino_Amministrative Comunali  Candidati,131,San Faustino,4,Affluenza,Amministrative Comunali  Candidati,2014,COM_14,341,364,247,266
132_San Faustino_Amministrative Comunali  Candidati,132,San Faustino,4,Affluenza,Amministrative Comunali  Candidati,2014,COM_14,382,445,288,315
133_San Faustino_Amministrative Comunali  Candidati,133,San Faustino,4,Affluenza,Amministrative Comunali  Candidati,2014,COM_14,272,365,191,241
,134,San Faustino,4,Affluenza,Amministrative Comunali  Candidati,2014,COM_14,285,375,202,273
135_San Faustino_Amministrative Comunali  Candidati,135,San Faustino,,Affluenza,Amministrative Comunali  Candidati,2014,,347,391,195,221
136_San Faustino_Amministrative Comunali  Candidati,136,San Faustino,4,Affluenza,Amministrative Comunali  Candidati,2014,COM_14,273,356,187,230
,137,San Faustino,4,Affluenza,Amministrative Comunali  Candidati,2014,COM_14,293,365,200,248
138_San Faustino_Amministrative Comunali  Candidati,138,San Faustino,,Affluenza,Amministrative Comunali  Candidati,2014,COM_14,337,383,216,267
,139,San Faustino,4,Affluenza,Amministrative Comunali  Candidati,2014,COM_14,329,403,229,293
140_San Faustino_Amministrative Comunali  Candidati,140,San Faustino,4,Affluenza,Amministrative Comunali  Candidati,2014,COM_14,303,395,218,251
141_San Faustino_Amministrative Comunali  Candidati,141,San Faustino,4,Affluenza,Amministrative Comunali  Candidati,2014,COM_14,286,359,211,243
142_San Faustino_Amministrative Comunali  Candidati,142,San Faustino,4,Affluenza,Amministrative Comunali  Candidati,2014,COM_14,381,407,273,287
143_San Faustino_Amministrative Comunali  Candidati,143,San Faustino,4,Affluenza,Amministrative Comunali  Candidati,2014,COM_14,299,358,230,261
145_San Faustino_Amministrative Comunali  Candidati,145,San Faustino,4,Affluenza,Amministrative Comunali  Candidati,2014,COM_14,326,352,249,271
,147,San Faustino,,Affluenza,Amministrative Comunali  Candidati,2014,COM_14,356,392,264,286
148_San Faustino_Amministrative Comunali  Candidati,148,San Faustino,,Affluenza,Amministrative Comunali  Candidati,2014,COM_14,338,383,268,284
149_San Faustino_Amministrative Comunali  Candidati,149,San Faustino,4,Affluenza,Amministrative Comunali  Candidati,2014,COM_14,350,384,285,307
1_Centro_Amministrative Comunali  Candidati,1,Centro,,Affluenza,Amministrative Comunali  Candidati,2014,COM_14,408,405,283,287
2_Centro_Amministrative Comunali  Candidati,2,Centro,1,Affluenza,Amministrative Comunali  Candidati,2014,,332,402,228,264
3_Centro_Amministrative Comunali  Candidati,3,Centro,1,Affluenza,Amministrative Comunali  Candidati,2014,COM_14,364,447,251,312
,4,Centro,1,Affluenza,Amministrative Comunali  Candidati,2014,COM_14,394,414,259,278
5_Centro_Amministrative Comunali  Candidati,5,Centro,1,Affluenza,Amministrative Comunali  Candidati,2014,COM_14,351,430,245,276
7_Centro_Amministrative Comunali  Candidati,7,Centro,1,Affluenza,Amministrative Comunali  Candidati,2014,COM_14,340,442,266,317
9_Centro_Amministrative Comunali  Candidati,9,Centro,,Affluenza,Amministrative Comunali  Candidati,2014,COM_14,369,392,243,263
,11,Centro,1,Affluenza,Amministrative Comunali  Candidati,2014,COM_14,299,325,194,224
12_Centro_Amministrative Comunali  Candidati,12,Centro,1,Affluenza,Amministrative Comunali  Candidati,2014,COM_14,401,396,254,252
13_Centro_Amministrative Comunali  Candidati,13,Centro,1,Affluenza,Amministrative Comunali  Candidati,2014,,381,400,248,267
14_Centro_Amministrative Comunali  Candidati,14,Centro,1,Affluenza,Amministrative Comunali  Candidati,2014,COM_14,331,368,214,233
15_Centro_Amministrative Comunali  Candidati,15,Centro,1,Affluenza,Amministrative Comunali  Candidati,2014,COM_14,340,387,230,260
16_Centro_Amministrative Comunali  Candidati,16,Centro,1,Affluenza,Amministrative Comunali  Candidati,2014,COM_14,302,352,203,226
18_Centro_Amministrative Comunali  Candidati,18,Centro,1,Affluenza,Amministrative Comunali  Candidati,2014,COM_14,333,367,223,239
,19,Centro,1,Affluenza,Amministrative Comunali  Candidati,2014,COM_14,323,339,209,210
20_Centro_Amministrative Comunali  Candidati,20,Centro,1,Affluenza,Amministrative Comunali  Candidati,2014,COM_14,339,364,227,250
21_Centro_Amministrative Comunali  Candidati,21,Centro,1,Affluenza,Amministrative Comunali  Candidati,2014,COM_14,417,418,208,217
22_Crocetta_Amministrative Comunali  Candidati,22,Crocetta,,Affluenza,Amministrative Comunali  Candidati,2014,COM_14,445,416,282,292
24_Crocetta_Amministrative Comunali  Candidati,24,Crocetta,,Affluenza,Amministrative Comunali  Candidati,2014,COM_14,306,350,215,241
25_Crocetta_Amministrative Comunali  Candidati,25,Crocetta,2,Affluenza,Amministrative Comunali  Candidati,2014,COM_14,392,434,309,331
26_Crocetta_Amministrative Comunali  Candidati,26,Crocetta,2,Affluenza,Amministrative Comunali  Candidati,2014,COM_14,343,370,261,275
27_Crocetta_Amministrative Comunali  Candidati,27,Crocetta,2,Affluenza,Amministrative Comunali  Candidati,2014,COM_14,334,334,213,221
29_Crocetta_Amministrative Comunali  Candidati,29,Crocetta,2,Affluenza,Amministrative Comunali  Candidati,2014,COM_14,394,393,278,277
30_Crocetta_Amministrative Comunali  Candidati,30,Crocetta,2,Affluenza,Amministrative Comunali  Candidati,2014,COM_14,321,323,258,262
31_Crocetta_Amministrative Comunali  Candidati,31,Crocetta,,Affluenza,Amministrative Comunali  Candidati,2014,COM_14,302,304,224,237
32_Crocetta_Amministrative Comunali  Candidati,32,Crocetta,2,Affluenza,Amministrative Comunali  Candidati,2014,COM_14,385,400,287,297
,33,Crocetta,2,Affluenza,Amministrative Comunali  Candidati,2014,,363,386,273,289
34_Crocetta_Amministrative Comunali  Candidati,34,Crocetta,2,Affluenza,Amministrative Comunali  Candidati,2014,,349,387,246,281
35_Crocetta_Amministrative Comunali  Candidati,35,Crocetta,2,Affluenza,Amministrative Comunali  Candidati,2014,COM_14,397,388,228,238
39_Crocetta_Amministrative Comunali  Candidati,39,Crocetta,2,Affluenza,Amministrative Comunali  Candidati,2014,COM_14,349,396,275,298
41_Crocetta_Amministrative Comunali  Candidati,41,Crocetta,2,Affluenza,Amministrative Comunali  Candidati,2014,COM_14,474,532,354,368
42_Crocetta_Amministrative Comunali  Candidati,42,Crocetta,2,Affluenza,Amministrative Comunali  Candidati,2014,COM_14,338,349,261,260
,43,Crocetta,2,Affluenza,Amministrative Comunali  Candidati,2014,COM_14,309,322,199,208
44_Crocetta_Amministrative Comunali  Candidati,44,Crocetta,2,Affluenza,Amministrative Comunali  Candidati,2014,COM_14,278,321,198,217
45_Crocetta_Amministrative Comunali  Candidati,45,Crocetta,2,Affluenza,Amministrative Comunali  Candidati,2014,COM_14,364,397,253,275
,46,Crocetta,,Affluenza,Amministrative Comunali  Candidati,2014,COM_14,351,364,257,275
47_Crocetta_Amministrative Comunali  Candidati,47,Crocetta,,Affluenza,Amministrative Comunali  Candidati,2014,COM_14,328,380,222,241
48_Crocetta_Amministrative Comunali  Candidati,48,Crocetta,2,Affluenza,Amministrative Comunali  Candidati,2014,COM_14,278,295,196,194
49_Crocetta_Amministrative Comunali  Candidati,49,Crocetta,2,Affluenza,Amministrative Comunali  Candidati,2014,COM_14,314,383,231,272
50_Crocetta_Amministrative Comunali  Candidati,50,Crocetta,,Affluenza,Amministrative Comunali  Candidati,2014,COM_14,302,371,222,242
51_Crocetta_Amministrative Comunali  Candidati,51,Crocetta,2,Affluenza,Amministrative Comunali  Candidati,2014,COM_14,301,357,209,245
52_Crocetta_Amministrative Comunali  Candidati,52,Crocetta,,Affluenza,Amministrative Comunali  Candidati,2014,,380,429,266,315
53_Crocetta_Amministrative Comunali  Candidati,53,Crocetta,2,Affluenza,Amministrative Comunali  Candidati,2014,COM_14,299,385,205,253
,54,Crocetta,2,Affluenza,Amministrative Comunali  Candidati,2014,COM_14,313,377,229,265
57_Crocetta_Amministrative Comunali  Candidati,57,Crocetta,2,Affluenza,Amministrative Comunali  Candidati,2014,,292,346,199,222
59_Crocetta_Amministrative Comunali  Candidati,59,Crocetta,,Affluenza,Amministrative Comunali  Candidati,2014,COM_14,400,458,308,330
61_Crocetta_Amministrative Comunali  Candidati,61,Crocetta,2,Affluenza,Amministrative Comunali  Candidati,2014,COM_14,363,409,318,295
,64,Crocetta,2,Affluenza,Amministrative Comunali  Candidati,2014,,266,290,176,179
66_Crocetta_Amministrative Comunali  Candidati,66,Crocetta,2,Affluenza,Amministrative Comunali  Candidati,2014,COM_14,290,329,210,236
67_Crocetta_Amministrative Comunali  Candidati,67,Crocetta,2,Affluenza,Amministrative Comunali  Candidati,2014,COM_14,375,413,286,290
68_Crocetta_Amministrative Comunali  Candidati,68,Crocetta,2,Affluenza,Amministrative Comunali  Candidati,2014,COM_14,306,342,208,225
69_Crocetta_Amministrative Comunali  Candidati,69,Crocetta,,Affluenza,Amministrative Comunali  Candidati,2014,COM_14,337,385,232,261
71_Buon Pastore_Amministrative Comunali  Candidati,71,Buon Pastore,3,Affluenza,Amministrative Comunali  Candidati,2014,COM_14,325,367,219,232
72_Buon Pastore_Amministrative Comunali  Candidati,72,Buon Pastore,,Affluenza,Amministrative Comunali  Candidati,2014,COM_14,304,370,244,279
73_Buon Pastore_Amministrative Comunali  Candidati,73,Buon Pastore,3,Affluenza,Amministrative Comunali  Candidati,2014,COM_14,310,380,239,282
75_Buon Pastore_Amministrative Comunali  Candidati,75,Buon Pastore,3,Affluenza,Amministrative Comunali  Candidati,2014,,302,366,218,244
76_Buon Pastore_Amministrative Comunali  Candidati,76,Buon Pastore,3,Affluenza,Amministrative Comunali  Candidati,2014,COM_14,282,323,202,223
,77,Buon Pastore,,Affluenza,Amministrative Comunali  Candidati,2014,COM_14,289,331,218,248
78_Buon Pastore_Amministrative Comunali  Candidati,78,Buon Pastore,3,Affluenza,Amministrative Comunali  Candidati,2014,,348,410,237,277
79_Buon Pastore_Amministrative Comunali  Candidati,79,Buon Pastore,3,Affluenza,Amministrative Comunali  Candidati,2014,COM_14,303,338,215,238
,80,Buon Pastore,3,Affluenza,Amministrative Comunali  Candidati,2014,COM_14,406,440,297,338
81_Buon Pastore_Amministrative Comunali  Candidati,81,Buon Pastore,3,Affluenza,Amministrative Comunali  Candidati,2014,COM_14,355,381,294,313
150_San Faustino_Amministrative Comunali  Candidati,150,San Faustino,4,Affluenza,Amministrative Comunali  Candidati,2014,COM_14,399,425,326,347
151_San Faustino_Amministrative Comunali  Candidati,151,San Faustino,,Affluenza,Amministrative Comunali  Candidati,2014,COM_14,333,403,242,290
,152,San Faustino,4,Affluenza,Amministrative Comunali  Candidati,2014,COM_14,420,474,321,380
153_San Faustino_Amministrative Comunali  Candidati,153,San Faustino,4,Affluenza,Amministrative Comunali  Candidati,2014,COM_14,391,434,284,321
,154,San Faustino,,Affluenza,Amministrative Comunali  Candidati,2014,,325,384,248,281
155_San Faustino_Amministrative Comunali  Candidati,155,San Faustino,4,Affluenza,Amministrative Comunali  Candidati,2014,COM_14,319,370,232,249
,156,San Faustino,4,Affluenza,Amministrative Comunali  Candidati,2014,COM_14,365,381,264,258
157_San Faustino_Amministrative Comunali  Candidati,157,San Faustino,4,Affluenza,Amministrative Comunali  Candidati,2014,COM_14,351,371,259,260
,159,San Faustino,4,Affluenza,Amministrative Comunali  Candidati,2014,COM_14,376,421,284,321
160_San Faustino_Amministrative Comunali  Candidati,160,San Faustino,4,Affluenza,Amministrative Comunali  Candidati,2014,COM_14,374,377,300,311
161_San Faustino_Amministrative Comunali  Candidati,161,San Faustino,,Affluenza,Amministrative Comunali  Candidati,2014,COM_14,302,311,201,197
162_San Faustino_Amministrative Comunali  Candidati,162,San Faustino,4,Affluenza,Amministrative Comunali  Candidati,2014,COM_14,348,405,272,294
164_San Faustino_Amministrative Comunali  Candidati,164,San Faustino,4,Affluenza,Amministrative Comunali  Candidati,2014,COM_14,378,426,278,316
165_San Faustino_Amministrative Comunali  Candidati,165,San Faustino,,Affluenza,Amministrative Comunali  Candidati,2014,COM_14,373,407,300,321
,166,San Faustino,4,Affluenza,Amministrative Comunali  Candidati,2014,COM_14,356,342,256,241
168_San Faustino_Amministrative Comunali  Candidati,168,San Faustino,4,Affluenza,Amministrative Comunali  Candidati,2014,COM_14,437,432,289,280
,169,San Faustino,4,Affluenza,Amministrative Comunali  Candidati,2014,COM_14,501,560,396,443
,170,San Faustino,4,Affluenza,Amministrative Comunali  Candidati,2014,COM_14,482,475,356,351
171_San Faustino_Amministrative Comunali  Candidati,171,San Faustino,4,Affluenza,Amministrative Comunali  Candidati,2014,COM_14,487,471,381,352
172_San Faustino_Amministrative Comunali  Candidati,172,San Faustino,4,Affluenza,Amministrative Comunali  Candidati,2014,COM_14,315,333,233,244
173_San Faustino_Amministrative Comunali  Candidati,173,San Faustino,4,Affluenza,Amministrative Comunali  Candidati,2014,,323,343,247,264
174_San Faustino_Amministrative Comunali  Candidati,174,San Faustino,4,Affluenza,Amministrative Comunali  Candidati,2014,COM_14,305,297,233,222
175_San Faustino_Amministrative Comunali  Candidati,175,San Faustino,,Affluenza,Amministrative Comunali  Candidati,2014,,340,371,256,259
,178,San Faustino,4,Affluenza,Amministrative Comunali  Candidati,2014,COM_14,428,427,314,310
179_San Faustino_Amministrative Comunali  Candidati,179,San Faustino,,Affluenza,Amministrative Comunali  Candidati,2014,COM_14,425,462,318,347
180_San Faustino_Amministrative Comunali  Candidati,180,San Faustino,4,Affluenza,Amministrative Comunali  Candidati,2014,COM_14,394,421,315,303
181_Buon Pastore_Amministrative Comunali  Candidati,181,Buon Pastore,3,Affluenza,Amministrative Comunali  Candidati,2014,COM_14,0,0,21,18
182_Buon Pastore_Amministrative Comunali  Candidati,182,Buon Pastore,,Affluenza,Amministrative Comunali  Candidati,2014,COM_14,0,0,15,17
,183,San Faustino,4,Affluenza,Amministrative Comunali  Candidati,2014,COM_14,0,0,18,18
184_San Faustino_Amministrative Comunali  Candidati,184,San Faustino,4,Affluenza,Amministrative Comunali  Candidati,2014,COM_14,0,0,11,7
185_San Faustino_Amministrative Comunali  Candidati,185,San Faustino,,Affluenza,Amministrative Comunali  Candidati,2014,COM_14,405,393,319,308
186_San Faustino_Amministrative Comunali  Candidati,186,San Faustino,4,Affluenza,Amministrative Comunali  Candidati,2014,COM_14,322,345,257,263
187_Buon Pastore_Amministrative Comunali  Candidati,187,Buon Pastore,,Affluenza,Amministrative Comunali  Candidati,2014,,570,588,456,454
