THE_PK_KEY,SECTION,DISTRICT,DISTRICT_CD,DATA_TYPE,ELECTION,YEAR,ELECTION_CD,#MALE_REGISTERED,#FEMALE_REGISTERED,#MALE_VOTERS,#FEMALE_VOTERS
3_Centro_Amministrative Comunali  Candidati,3,Centro,1,Affluenza,Amministrative Comunali  Candidati,2009,COM_09,388,454,278,323
,4,Centro,,Affluenza,Amministrative Comunali  Candidati,2009,COM_09,405,440,273,320
,5,Centro,1,Affluenza,Amministrative Comunali  Candidati,2009,COM_09,357,451,275,321
7_Centro_Amministrative Comunali  Candidati,7,Centro,1,Affluenza,Amministrative Comunali  Candidati,2009,,375,472,292,360
8_Centro_Amministrative Comunali  Candidati,8,Centro,1,Affluenza,Amministrative Comunali  Candidati,2009,COM_09,307,374,208,242
9_Centro_Amministrative Comunali  Candidati,9,Centro,1,Affluenza,Amministrative Comunali  Candidati,2009,COM_09,379,433,258,300
,10,Centro,1,Affluenza,Amministrative Comunali  Candidati,2009,,339,422,249,281
11_Centro_Amministrative Comunali  Candidati,11,Centro,,Affluenza,Amministrative Comunali  Candidati,2009,COM_09,292,333,218,262
12_Centro_Amministrative Comunali  Candidati,12,Centro,1,Affluenza,Amministrative Comunali  Candidati,2009,COM_09,401,433,253,304
13_Centro_Amministrative Comunali  Candidati,13,Centro,1,Affluenza,Amministrative Comunali  Candidati,2009,,397,432,285,312
14_Centro_Amministrative Comunali  Candidati,14,Centro,1,Affluenza,Amministrative Comunali  Candidati,2009,COM_09,359,397,254,278
15_Centro_Amministrative Comunali  Candidati,15,Centro,1,Affluenza,Amministrative Comunali  Candidati,2009,COM_09,360,414,260,291
,16,Centro,1,Affluenza,Amministrative Comunali  Candidati,2009,COM_09,337,396,247,295
,17,Centro,,Affluenza,Amministrative Comunali  Candidati,2009,,402,445,284,320
18_Centro_Amministrative Comunali  Candidati,18,Centro,,Affluenza,Amministrative Comunali  Candidati,2009,COM_09,346,393,248,289
19_Centro_Amministrative Comunali  Candidati,19,Centro,1,Affluenza,Amministrative Comunali  Candidati,2009,COM_09,321,325,230,226
20_Centro_Amministrative Comunali  Candidati,20,Centro,1,Affluenza,Amministrative Comunali  Candidati,2009,COM_09,329,376,237,281
21_Centro_Amministrative Comunali  Candidati,21,Centro,,Affluenza,Amministrative Comunali  Candidati,2009,COM_09,304,341,193,232
,22,Crocetta,2,Affluenza,Amministrative Comunali  Candidati,2009,COM_09,390,371,268,258
23_Crocetta_Amministrative Comunali  Candidati,23,Crocetta,2,Affluenza,Amministrative Comunali  Candidati,2009,,303,355,222,252
26_Crocetta_Amministrative Comunali  Candidati,26,Crocetta,2,Affluenza,Amministrative Comunali  Candidati,2009,COM_09,358,376,302,302
27_Crocetta_Amministrative Comunali  Candidati,27,Crocetta,2,Affluenza,Amministrative Comunali  Candidati,2009,COM_09,308,346,238,270
29_Crocetta_Amministrative Comunali  Candidati,29,Crocetta,,Affluenza,Amministrative Comunali  Candidati,2009,COM_09,363,356,278,267
32_Crocetta_Amministrative Comunali  Candidati,32,Crocetta,,Affluenza,Amministrative Comunali  Candidati,2009,COM_09,382,420,299,323
34_Crocetta_Amministrative Comunali  Candidati,34,Crocetta,2,Affluenza,Amministrative Comunali  Candidati,2009,COM_09,352,413,278,333
35_Crocetta_Amministrative Comunali  Candidati,35,Crocetta,2,Affluenza,Amministrative Comunali  Candidati,2009,,412,395,276,281
37_Crocetta_Amministrative Comunali  Candidati,37,Crocetta,2,Affluenza,Amministrative Comunali  Candidati,2009,COM_09,393,413,318,326
38_Crocetta_Amministrative Comunali  Candidati,38,Crocetta,2,Affluenza,Amministrative Comunali  Candidati,2009,COM_09,338,378,274,304
39_Crocetta_Amministrative Comunali  Candidati,39,Crocetta,2,Affluenza,Amministrative Comunali  Candidati,2009,COM_09,381,415,310,331
41_Crocetta_Amministrative Comunali  Candidati,41,Crocetta,2,Affluenza,Amministrative Comunali  Candidati,2009,COM_09,460,509,350,375
42_Crocetta_Amministrative Comunali  Candidati,42,Crocetta,2,Affluenza,Amministrative Comunali  Candidati,2009,COM_09,364,392,288,303
43_Crocetta_Amministrative Comunali  Candidati,43,Crocetta,2,Affluenza,Amministrative Comunali  Candidati,2009,,327,358,231,265
,44,Crocetta,2,Affluenza,Amministrative Comunali  Candidati,2009,COM_09,268,325,189,242
45_Crocetta_Amministrative Comunali  Candidati,45,Crocetta,2,Affluenza,Amministrative Comunali  Candidati,2009,COM_09,408,412,294,325
46_Crocetta_Amministrative Comunali  Candidati,46,Crocetta,2,Affluenza,Amministrative Comunali  Candidati,2009,COM_09,353,379,283,307
48_Crocetta_Amministrative Comunali  Candidati,48,Crocetta,2,Affluenza,Amministrative Comunali  Candidati,2009,COM_09,295,318,201,233
49_Crocetta_Amministrative Comunali  Candidati,49,Crocetta,2,Affluenza,Amministrative Comunali  Candidati,2009,COM_09,314,390,241,294
,50,Crocetta,2,Affluenza,Amministrative Comunali  Candidati,2009,,323,377,251,274
51_Crocetta_Amministrative Comunali  Candidati,51,Crocetta,2,Affluenza,Amministrative Comunali  Candidati,2009,,313,378,255,290
52_Crocetta_Amministrative Comunali  Candidati,52,Crocetta,2,Affluenza,Amministrative Comunali  Candidati,2009,COM_09,395,456,303,347
53_Crocetta_Amministrative Comunali  Candidati,53,Crocetta,2,Affluenza,Amministrative Comunali  Candidati,2009,COM_09,312,423,237,303
54_Crocetta_Amministrative Comunali  Candidati,54,Crocetta,2,Affluenza,Amministrative Comunali  Candidati,2009,COM_09,328,390,227,294
,55,Crocetta,2,Affluenza,Amministrative Comunali  Candidati,2009,COM_09,292,397,210,291
,56,Crocetta,2,Affluenza,Amministrative Comunali  Candidati,2009,COM_09,356,405,282,301
57_Crocetta_Amministrative Comunali  Candidati,57,Crocetta,2,Affluenza,Amministrative Comunali  Candidati,2009,COM_09,277,373,196,263
58_Crocetta_Amministrative Comunali  Candidati,58,Crocetta,2,Affluenza,Amministrative Comunali  Candidati,2009,,358,400,262,293
59_Crocetta_Amministrative Comunali  Candidati,59,Crocetta,2,Affluenza,Amministrative Comunali  Candidati,2009,COM_09,250,309,204,240
,60,Crocetta,2,Affluenza,Amministrative Comunali  Candidati,2009,,364,388,287,294
,61,Crocetta,2,Affluenza,Amministrative Comunali  Candidati,2009,,383,427,330,351
62_Crocetta_Amministrative Comunali  Candidati,62,Crocetta,2,Affluenza,Amministrative Comunali  Candidati,2009,COM_09,376,403,306,325
,64,Crocetta,2,Affluenza,Amministrative Comunali  Candidati,2009,COM_09,298,321,224,246
66_Crocetta_Amministrative Comunali  Candidati,66,Crocetta,,Affluenza,Amministrative Comunali  Candidati,2009,COM_09,302,328,236,261
67_Crocetta_Amministrative Comunali  Candidati,67,Crocetta,2,Affluenza,Amministrative Comunali  Candidati,2009,,387,438,318,337
68_Crocetta_Amministrative Comunali  Candidati,68,Crocetta,2,Affluenza,Amministrative Comunali  Candidati,2009,COM_09,336,362,240,279
69_Crocetta_Amministrative Comunali  Candidati,69,Crocetta,2,Affluenza,Amministrative Comunali  Candidati,2009,,357,403,285,302
70_Crocetta_Amministrative Comunali  Candidati,70,Crocetta,,Affluenza,Amministrative Comunali  Candidati,2009,COM_09,331,408,260,304
71_Buon Pastore_Amministrative Comunali  Candidati,71,Buon Pastore,3,Affluenza,Amministrative Comunali  Candidati,2009,COM_09,322,386,243,263
72_Buon Pastore_Amministrative Comunali  Candidati,72,Buon Pastore,3,Affluenza,Amministrative Comunali  Candidati,2009,COM_09,319,402,263,319
73_Buon Pastore_Amministrative Comunali  Candidati,73,Buon Pastore,3,Affluenza,Amministrative Comunali  Candidati,2009,,314,397,262,311
75_Buon Pastore_Amministrative Comunali  Candidati,75,Buon Pastore,3,Affluenza,Amministrative Comunali  Candidati,2009,COM_09,327,382,248,280
77_Buon Pastore_Amministrative Comunali  Candidati,77,Buon Pastore,,Affluenza,Amministrative Comunali  Candidati,2009,,296,343,221,258
79_Buon Pastore_Amministrative Comunali  Candidati,79,Buon Pastore,3,Affluenza,Amministrative Comunali  Candidati,2009,,350,368,274,282
80_Buon Pastore_Amministrative Comunali  Candidati,80,Buon Pastore,3,Affluenza,Amministrative Comunali  Candidati,2009,,413,445,339,349
81_Buon Pastore_Amministrative Comunali  Candidati,81,Buon Pastore,3,Affluenza,Amministrative Comunali  Candidati,2009,COM_09,361,392,307,327
,82,Buon Pastore,3,Affluenza,Amministrative Comunali  Candidati,2009,COM_09,424,458,315,357
83_Buon Pastore_Amministrative Comunali  Candidati,83,Buon Pastore,3,Affluenza,Amministrative Comunali  Candidati,2009,COM_09,261,348,217,271
,84,Buon Pastore,3,Affluenza,Amministrative Comunali  Candidati,2009,COM_09,351,416,285,320
,86,Buon Pastore,3,Affluenza,Amministrative Comunali  Candidati,2009,,373,416,313,336
87_Buon Pastore_Amministrative Comunali  Candidati,87,Buon Pastore,3,Affluenza,Amministrative Comunali  Candidati,2009,COM_09,350,410,270,317
88_Buon Pastore_Amministrative Comunali  Candidati,88,Buon Pastore,3,Affluenza,Amministrative Comunali  Candidati,2009,COM_09,320,380,258,287
89_Buon Pastore_Amministrative Comunali  Candidati,89,Buon Pastore,3,Affluenza,Amministrative Comunali  Candidati,2009,COM_09,439,512,366,411
90_Buon Pastore_Amministrative Comunali  Candidati,90,Buon Pastore,3,Affluenza,Amministrative Comunali  Candidati,2009,COM_09,349,406,276,335
92_Buon Pastore_Amministrative Comunali  Candidati,92,Buon Pastore,3,Affluenza,Amministrative Comunali  Candidati,2009,COM_09,308,384,264,325
93_Buon Pastore_Amministrative Comunali  Candidati,93,Buon Pastore,3,Affluenza,Amministrative Comunali  Candidati,2009,,302,354,244,274
94_Buon Pastore_Amministrative Comunali  Candidati,94,Buon Pastore,3,Affluenza,Amministrative Comunali  Candidati,2009,COM_09,406,447,350,366
95_Buon Pastore_Amministrative Comunali  Candidati,95,Buon Pastore,3,Affluenza,Amministrative Comunali  Candidati,2009,COM_09,415,428,370,374
97_Buon Pastore_Amministrative Comunali  Candidati,97,Buon Pastore,3,Affluenza,Amministrative Comunali  Candidati,2009,COM_09,384,452,328,377
98_Buon Pastore_Amministrative Comunali  Candidati,98,Buon Pastore,3,Affluenza,Amministrative Comunali  Candidati,2009,COM_09,334,401,247,290
99_Buon Pastore_Amministrative Comunali  Candidati,99,Buon Pastore,3,Affluenza,Amministrative Comunali  Candidati,2009,COM_09,326,409,255,303
100_Buon Pastore_Amministrative Comunali  Candidati,100,Buon Pastore,3,Affluenza,Amministrative Comunali  Candidati,2009,COM_09,365,425,275,320
101_Buon Pastore_Amministrative Comunali  Candidati,101,Buon Pastore,,Affluenza,Amministrative Comunali  Candidati,2009,COM_09,439,492,358,389
,102,Buon Pastore,,Affluenza,Amministrative Comunali  Candidati,2009,COM_09,351,384,269,291
,103,Buon Pastore,3,Affluenza,Amministrative Comunali  Candidati,2009,COM_09,371,415,284,294
107_Buon Pastore_Amministrative Comunali  Candidati,107,Buon Pastore,3,Affluenza,Amministrative Comunali  Candidati,2009,,363,411,270,312
,109,Buon Pastore,3,Affluenza,Amministrative Comunali  Candidati,2009,COM_09,400,445,321,340
110_Buon Pastore_Amministrative Comunali  Candidati,110,Buon Pastore,3,Affluenza,Amministrative Comunali  Candidati,2009,,348,428,274,308
111_Buon Pastore_Amministrative Comunali  Candidati,111,Buon Pastore,,Affluenza,Amministrative Comunali  Candidati,2009,COM_09,355,420,293,343
112_Buon Pastore_Amministrative Comunali  Candidati,112,Buon Pastore,3,Affluenza,Amministrative Comunali  Candidati,2009,COM_09,353,432,295,328
113_Buon Pastore_Amministrative Comunali  Candidati,113,Buon Pastore,3,Affluenza,Amministrative Comunali  Candidati,2009,COM_09,389,410,336,350
114_Buon Pastore_Amministrative Comunali  Candidati,114,Buon Pastore,3,Affluenza,Amministrative Comunali  Candidati,2009,COM_09,409,467,319,363
115_Buon Pastore_Amministrative Comunali  Candidati,115,Buon Pastore,,Affluenza,Amministrative Comunali  Candidati,2009,COM_09,345,414,294,338
116_Buon Pastore_Amministrative Comunali  Candidati,116,Buon Pastore,,Affluenza,Amministrative Comunali  Candidati,2009,COM_09,424,438,347,350
117_Buon Pastore_Amministrative Comunali  Candidati,117,Buon Pastore,3,Affluenza,Amministrative Comunali  Candidati,2009,,377,429,313,362
118_Buon Pastore_Amministrative Comunali  Candidati,118,Buon Pastore,3,Affluenza,Amministrative Comunali  Candidati,2009,COM_09,353,394,296,317
119_Buon Pastore_Amministrative Comunali  Candidati,119,Buon Pastore,3,Affluenza,Amministrative Comunali  Candidati,2009,,386,437,295,334
,120,Buon Pastore,,Affluenza,Amministrative Comunali  Candidati,2009,,349,360,284,282
,121,Buon Pastore,3,Affluenza,Amministrative Comunali  Candidati,2009,COM_09,479,475,381,379
122_Buon Pastore_Amministrative Comunali  Candidati,122,Buon Pastore,,Affluenza,Amministrative Comunali  Candidati,2009,COM_09,522,497,180,164
,125,Buon Pastore,3,Affluenza,Amministrative Comunali  Candidati,2009,,410,426,348,359
127_Buon Pastore_Amministrative Comunali  Candidati,127,Buon Pastore,3,Affluenza,Amministrative Comunali  Candidati,2009,,308,305,242,243
,129,Buon Pastore,3,Affluenza,Amministrative Comunali  Candidati,2009,COM_09,379,382,259,271
132_San Faustino_Amministrative Comunali  Candidati,132,San Faustino,4,Affluenza,Amministrative Comunali  Candidati,2009,,384,454,299,337
134_San Faustino_Amministrative Comunali  Candidati,134,San Faustino,4,Affluenza,Amministrative Comunali  Candidati,2009,COM_09,305,399,220,317
135_San Faustino_Amministrative Comunali  Candidati,135,San Faustino,4,Affluenza,Amministrative Comunali  Candidati,2009,COM_09,361,396,208,230
136_San Faustino_Amministrative Comunali  Candidati,136,San Faustino,4,Affluenza,Amministrative Comunali  Candidati,2009,COM_09,302,357,216,263
137_San Faustino_Amministrative Comunali  Candidati,137,San Faustino,,Affluenza,Amministrative Comunali  Candidati,2009,,321,418,243,320
139_San Faustino_Amministrative Comunali  Candidati,139,San Faustino,,Affluenza,Amministrative Comunali  Candidati,2009,COM_09,339,395,256,302
140_San Faustino_Amministrative Comunali  Candidati,140,San Faustino,4,Affluenza,Amministrative Comunali  Candidati,2009,,308,388,222,268
141_San Faustino_Amministrative Comunali  Candidati,141,San Faustino,4,Affluenza,Amministrative Comunali  Candidati,2009,COM_09,316,391,236,292
143_San Faustino_Amministrative Comunali  Candidati,143,San Faustino,4,Affluenza,Amministrative Comunali  Candidati,2009,COM_09,318,382,245,290
,144,San Faustino,4,Affluenza,Amministrative Comunali  Candidati,2009,,345,375,284,302
145_San Faustino_Amministrative Comunali  Candidati,145,San Faustino,4,Affluenza,Amministrative Comunali  Candidati,2009,COM_09,333,363,280,299
146_San Faustino_Amministrative Comunali  Candidati,146,San Faustino,4,Affluenza,Amministrative Comunali  Candidati,2009,COM_09,390,424,258,305
147_San Faustino_Amministrative Comunali  Candidati,147,San Faustino,4,Affluenza,Amministrative Comunali  Candidati,2009,,392,406,300,319
148_San Faustino_Amministrative Comunali  Candidati,148,San Faustino,4,Affluenza,Amministrative Comunali  Candidati,2009,COM_09,361,404,306,338
149_San Faustino_Amministrative Comunali  Candidati,149,San Faustino,4,Affluenza,Amministrative Comunali  Candidati,2009,,368,395,308,319
150_San Faustino_Amministrative Comunali  Candidati,150,San Faustino,4,Affluenza,Amministrative Comunali  Candidati,2009,COM_09,401,415,346,356
151_San Faustino_Amministrative Comunali  Candidati,151,San Faustino,4,Affluenza,Amministrative Comunali  Candidati,2009,COM_09,364,429,266,319
152_San Faustino_Amministrative Comunali  Candidati,152,San Faustino,,Affluenza,Amministrative Comunali  Candidati,2009,COM_09,422,481,327,382
153_San Faustino_Amministrative Comunali  Candidati,153,San Faustino,4,Affluenza,Amministrative Comunali  Candidati,2009,COM_09,385,415,321,323
154_San Faustino_Amministrative Comunali  Candidati,154,San Faustino,,Affluenza,Amministrative Comunali  Candidati,2009,,332,384,265,299
155_San Faustino_Amministrative Comunali  Candidati,155,San Faustino,4,Affluenza,Amministrative Comunali  Candidati,2009,,326,397,250,279
156_San Faustino_Amministrative Comunali  Candidati,156,San Faustino,4,Affluenza,Amministrative Comunali  Candidati,2009,COM_09,324,361,254,269
157_San Faustino_Amministrative Comunali  Candidati,157,San Faustino,4,Affluenza,Amministrative Comunali  Candidati,2009,COM_09,351,402,289,318
159_San Faustino_Amministrative Comunali  Candidati,159,San Faustino,,Affluenza,Amministrative Comunali  Candidati,2009,COM_09,376,442,292,341
160_San Faustino_Amministrative Comunali  Candidati,160,San Faustino,4,Affluenza,Amministrative Comunali  Candidati,2009,COM_09,363,371,311,306
161_San Faustino_Amministrative Comunali  Candidati,161,San Faustino,4,Affluenza,Amministrative Comunali  Candidati,2009,COM_09,346,328,239,232
162_San Faustino_Amministrative Comunali  Candidati,162,San Faustino,4,Affluenza,Amministrative Comunali  Candidati,2009,COM_09,374,421,317,345
,164,San Faustino,4,Affluenza,Amministrative Comunali  Candidati,2009,,381,401,301,317
165_San Faustino_Amministrative Comunali  Candidati,165,San Faustino,,Affluenza,Amministrative Comunali  Candidati,2009,COM_09,403,440,330,357
166_San Faustino_Amministrative Comunali  Candidati,166,San Faustino,4,Affluenza,Amministrative Comunali  Candidati,2009,COM_09,382,368,285,280
168_San Faustino_Amministrative Comunali  Candidati,168,San Faustino,4,Affluenza,Amministrative Comunali  Candidati,2009,COM_09,444,419,326,315
,169,San Faustino,4,Affluenza,Amministrative Comunali  Candidati,2009,COM_09,490,536,394,438
,170,San Faustino,4,Affluenza,Amministrative Comunali  Candidati,2009,COM_09,494,496,389,380
171_San Faustino_Amministrative Comunali  Candidati,171,San Faustino,4,Affluenza,Amministrative Comunali  Candidati,2009,,447,470,384,386
172_San Faustino_Amministrative Comunali  Candidati,172,San Faustino,4,Affluenza,Amministrative Comunali  Candidati,2009,COM_09,289,310,221,233
173_San Faustino_Amministrative Comunali  Candidati,173,San Faustino,4,Affluenza,Amministrative Comunali  Candidati,2009,,311,320,253,244
174_San Faustino_Amministrative Comunali  Candidati,174,San Faustino,4,Affluenza,Amministrative Comunali  Candidati,2009,COM_09,296,304,234,238
175_San Faustino_Amministrative Comunali  Candidati,175,San Faustino,4,Affluenza,Amministrative Comunali  Candidati,2009,,343,383,269,294
178_San Faustino_Amministrative Comunali  Candidati,178,San Faustino,,Affluenza,Amministrative Comunali  Candidati,2009,COM_09,381,401,297,312
179_San Faustino_Amministrative Comunali  Candidati,179,San Faustino,,Affluenza,Amministrative Comunali  Candidati,2009,COM_09,395,420,296,324
180_San Faustino_Amministrative Comunali  Candidati,180,San Faustino,,Affluenza,Amministrative Comunali  Candidati,2009,COM_09,397,424,324,345
181_Buon Pastore_Amministrative Comunali  Candidati,181,Buon Pastore,3,Affluenza,Amministrative Comunali  Candidati,2009,COM_09,0,0,33,16
182_Buon Pastore_Amministrative Comunali  Candidati,182,Buon Pastore,3,Affluenza,Amministrative Comunali  Candidati,2009,COM_09,0,0,16,13
183_San Faustino_Amministrative Comunali  Candidati,183,San Faustino,4,Affluenza,Amministrative Comunali  Candidati,2009,,0,0,33,16
184_San Faustino_Amministrative Comunali  Candidati,184,San Faustino,4,Affluenza,Amministrative Comunali  Candidati,2009,COM_09,0,0,11,17
185_San Faustino_Amministrative Comunali  Candidati,185,San Faustino,4,Affluenza,Amministrative Comunali  Candidati,2009,COM_09,360,344,281,288
186_San Faustino_Amministrative Comunali  Candidati,186,San Faustino,4,Affluenza,Amministrative Comunali  Candidati,2009,COM_09,299,330,238,242
187_Buon Pastore_Amministrative Comunali  Candidati,187,Buon Pastore,3,Affluenza,Amministrative Comunali  Candidati,2009,COM_09,418,428,341,354
