THE_PK_KEY,SECTION,DISTRICT,DISTRICT_CD,DATA_TYPE,ELECTION,YEAR,ELECTION_CD,#MALE_REGISTERED,#FEMALE_REGISTERED,#MALE_VOTERS,#FEMALE_VOTERS
1_Centro_Europee,1,Centro,1,Affluenza,Europee,2014,EUR_14,400,394,283,287
2_Centro_Europee,2,Centro,1,Affluenza,Europee,2014,EUR_14,328,397,227,264
3_Centro_Europee,3,Centro,1,Affluenza,Europee,2014,EUR_14,357,433,259,313
4_Centro_Europee,4,Centro,1,Affluenza,Europee,2014,EUR_14,383,402,291,282
5_Centro_Europee,5,Centro,1,Affluenza,Europee,2014,EUR_14,345,423,249,275
6_Centro_Europee,6,Centro,1,Affluenza,Europee,2014,EUR_14,369,455,259,309
7_Centro_Europee,7,Centro,1,Affluenza,Europee,2014,EUR_14,339,440,267,318
8_Centro_Europee,8,Centro,1,Affluenza,Europee,2014,EUR_14,310,368,194,230
9_Centro_Europee,9,Centro,1,Affluenza,Europee,2014,EUR_14,353,377,242,263
10_Centro_Europee,10,Centro,1,Affluenza,Europee,2014,EUR_14,313,381,220,248
11_Centro_Europee,11,Centro,1,Affluenza,Europee,2014,EUR_14,288,319,193,225
12_Centro_Europee,12,Centro,1,Affluenza,Europee,2014,EUR_14,392,388,254,254
13_Centro_Europee,13,Centro,1,Affluenza,Europee,2014,EUR_14,377,397,249,266
14_Centro_Europee,14,Centro,1,Affluenza,Europee,2014,EUR_14,322,364,220,235
15_Centro_Europee,15,Centro,1,Affluenza,Europee,2014,EUR_14,335,386,230,261
16_Centro_Europee,16,Centro,1,Affluenza,Europee,2014,EUR_14,299,350,205,226
17_Centro_Europee,17,Centro,1,Affluenza,Europee,2014,EUR_14,394,420,262,287
18_Centro_Europee,18,Centro,1,Affluenza,Europee,2014,EUR_14,330,365,223,239
19_Centro_Europee,19,Centro,1,Affluenza,Europee,2014,EUR_14,316,336,209,210
20_Centro_Europee,20,Centro,1,Affluenza,Europee,2014,EUR_14,336,361,227,250
21_Centro_Europee,21,Centro,1,Affluenza,Europee,2014,EUR_14,373,388,208,216
22_Crocetta_Europee,22,Crocetta,2,Affluenza,Europee,2014,EUR_14,434,410,283,293
23_Crocetta_Europee,23,Crocetta,2,Affluenza,Europee,2014,EUR_14,350,395,255,274
24_Crocetta_Europee,24,Crocetta,2,Affluenza,Europee,2014,EUR_14,305,350,215,241
25_Crocetta_Europee,25,Crocetta,2,Affluenza,Europee,2014,EUR_14,392,434,309,331
26_Crocetta_Europee,26,Crocetta,2,Affluenza,Europee,2014,EUR_14,342,369,261,275
27_Crocetta_Europee,27,Crocetta,2,Affluenza,Europee,2014,EUR_14,334,332,213,221
28_Crocetta_Europee,28,Crocetta,2,Affluenza,Europee,2014,EUR_14,352,316,217,207
29_Crocetta_Europee,29,Crocetta,2,Affluenza,Europee,2014,EUR_14,393,393,278,277
30_Crocetta_Europee,30,Crocetta,2,Affluenza,Europee,2014,EUR_14,320,323,258,262
31_Crocetta_Europee,31,Crocetta,2,Affluenza,Europee,2014,EUR_14,298,299,224,237
32_Crocetta_Europee,32,Crocetta,2,Affluenza,Europee,2014,EUR_14,379,396,287,297
33_Crocetta_Europee,33,Crocetta,2,Affluenza,Europee,2014,EUR_14,363,386,274,289
34_Crocetta_Europee,34,Crocetta,2,Affluenza,Europee,2014,EUR_14,343,386,246,281
35_Crocetta_Europee,35,Crocetta,2,Affluenza,Europee,2014,EUR_14,358,354,228,238
36_Crocetta_Europee,36,Crocetta,2,Affluenza,Europee,2014,EUR_14,299,322,232,234
37_Crocetta_Europee,37,Crocetta,2,Affluenza,Europee,2014,EUR_14,371,384,297,304
38_Crocetta_Europee,38,Crocetta,2,Affluenza,Europee,2014,EUR_14,321,358,241,268
39_Crocetta_Europee,39,Crocetta,2,Affluenza,Europee,2014,EUR_14,347,394,275,298
40_Crocetta_Europee,40,Crocetta,2,Affluenza,Europee,2014,EUR_14,393,411,312,309
41_Crocetta_Europee,41,Crocetta,2,Affluenza,Europee,2014,EUR_14,472,531,354,367
42_Crocetta_Europee,42,Crocetta,2,Affluenza,Europee,2014,EUR_14,334,347,261,260
43_Crocetta_Europee,43,Crocetta,2,Affluenza,Europee,2014,EUR_14,299,316,199,208
44_Crocetta_Europee,44,Crocetta,2,Affluenza,Europee,2014,EUR_14,269,314,198,217
45_Crocetta_Europee,45,Crocetta,2,Affluenza,Europee,2014,EUR_14,360,393,253,275
46_Crocetta_Europee,46,Crocetta,2,Affluenza,Europee,2014,EUR_14,347,364,257,275
47_Crocetta_Europee,47,Crocetta,2,Affluenza,Europee,2014,EUR_14,326,380,222,242
48_Crocetta_Europee,48,Crocetta,2,Affluenza,Europee,2014,EUR_14,270,288,198,194
49_Crocetta_Europee,49,Crocetta,2,Affluenza,Europee,2014,EUR_14,311,379,232,272
50_Crocetta_Europee,50,Crocetta,2,Affluenza,Europee,2014,EUR_14,299,366,222,242
51_Crocetta_Europee,51,Crocetta,2,Affluenza,Europee,2014,EUR_14,300,357,224,248
52_Crocetta_Europee,52,Crocetta,2,Affluenza,Europee,2014,EUR_14,374,427,266,314
53_Crocetta_Europee,53,Crocetta,2,Affluenza,Europee,2014,EUR_14,293,384,205,254
54_Crocetta_Europee,54,Crocetta,2,Affluenza,Europee,2014,EUR_14,313,377,237,265
55_Crocetta_Europee,55,Crocetta,2,Affluenza,Europee,2014,EUR_14,281,361,199,260
56_Crocetta_Europee,56,Crocetta,2,Affluenza,Europee,2014,EUR_14,331,372,249,252
57_Crocetta_Europee,57,Crocetta,2,Affluenza,Europee,2014,EUR_14,289,345,199,222
58_Crocetta_Europee,58,Crocetta,2,Affluenza,Europee,2014,EUR_14,347,379,227,263
59_Crocetta_Europee,59,Crocetta,2,Affluenza,Europee,2014,EUR_14,399,457,308,331
60_Crocetta_Europee,60,Crocetta,2,Affluenza,Europee,2014,EUR_14,400,399,318,312
61_Crocetta_Europee,61,Crocetta,2,Affluenza,Europee,2014,EUR_14,362,408,318,295
62_Crocetta_Europee,62,Crocetta,2,Affluenza,Europee,2014,EUR_14,362,378,284,284
63_Crocetta_Europee,63,Crocetta,2,Affluenza,Europee,2014,EUR_14,398,403,266,264
64_Crocetta_Europee,64,Crocetta,2,Affluenza,Europee,2014,EUR_14,263,288,175,179
65_Crocetta_Europee,65,Crocetta,2,Affluenza,Europee,2014,EUR_14,236,225,141,146
66_Crocetta_Europee,66,Crocetta,2,Affluenza,Europee,2014,EUR_14,289,325,209,236
67_Crocetta_Europee,67,Crocetta,2,Affluenza,Europee,2014,EUR_14,373,413,287,291
68_Crocetta_Europee,68,Crocetta,2,Affluenza,Europee,2014,EUR_14,306,339,208,224
69_Crocetta_Europee,69,Crocetta,2,Affluenza,Europee,2014,EUR_14,334,383,232,261
70_Crocetta_Europee,70,Crocetta,2,Affluenza,Europee,2014,EUR_14,315,356,211,243
71_Buon Pastore_Europee,71,Buon Pastore,3,Affluenza,Europee,2014,EUR_14,320,365,218,231
72_Buon Pastore_Europee,72,Buon Pastore,3,Affluenza,Europee,2014,EUR_14,303,367,244,279
73_Buon Pastore_Europee,73,Buon Pastore,3,Affluenza,Europee,2014,EUR_14,305,378,239,281
74_Buon Pastore_Europee,74,Buon Pastore,3,Affluenza,Europee,2014,EUR_14,282,329,191,220
75_Buon Pastore_Europee,75,Buon Pastore,3,Affluenza,Europee,2014,EUR_14,298,361,218,243
76_Buon Pastore_Europee,76,Buon Pastore,3,Affluenza,Europee,2014,EUR_14,279,320,201,222
77_Buon Pastore_Europee,77,Buon Pastore,3,Affluenza,Europee,2014,EUR_14,289,329,218,248
78_Buon Pastore_Europee,78,Buon Pastore,3,Affluenza,Europee,2014,EUR_14,345,406,237,278
79_Buon Pastore_Europee,79,Buon Pastore,3,Affluenza,Europee,2014,EUR_14,303,337,215,238
80_Buon Pastore_Europee,80,Buon Pastore,3,Affluenza,Europee,2014,EUR_14,402,440,297,338
81_Buon Pastore_Europee,81,Buon Pastore,3,Affluenza,Europee,2014,EUR_14,354,380,294,313
82_Buon Pastore_Europee,82,Buon Pastore,3,Affluenza,Europee,2014,EUR_14,410,413,310,305
83_Buon Pastore_Europee,83,Buon Pastore,3,Affluenza,Europee,2014,EUR_14,268,330,201,215
84_Buon Pastore_Europee,84,Buon Pastore,3,Affluenza,Europee,2014,EUR_14,353,399,271,299
85_Buon Pastore_Europee,85,Buon Pastore,3,Affluenza,Europee,2014,EUR_14,376,439,284,332
86_Buon Pastore_Europee,86,Buon Pastore,3,Affluenza,Europee,2014,EUR_14,385,436,291,322
87_Buon Pastore_Europee,87,Buon Pastore,3,Affluenza,Europee,2014,EUR_14,325,382,260,284
88_Buon Pastore_Europee,88,Buon Pastore,3,Affluenza,Europee,2014,EUR_14,315,357,231,256
89_Buon Pastore_Europee,89,Buon Pastore,3,Affluenza,Europee,2014,EUR_14,439,511,354,411
90_Buon Pastore_Europee,90,Buon Pastore,3,Affluenza,Europee,2014,EUR_14,312,374,246,286
91_Buon Pastore_Europee,91,Buon Pastore,3,Affluenza,Europee,2014,EUR_14,373,431,308,339
92_Buon Pastore_Europee,92,Buon Pastore,3,Affluenza,Europee,2014,EUR_14,287,362,223,290
93_Buon Pastore_Europee,93,Buon Pastore,3,Affluenza,Europee,2014,EUR_14,282,335,229,244
94_Buon Pastore_Europee,94,Buon Pastore,3,Affluenza,Europee,2014,EUR_14,399,416,332,344
95_Buon Pastore_Europee,95,Buon Pastore,3,Affluenza,Europee,2014,EUR_14,387,405,327,346
96_Buon Pastore_Europee,96,Buon Pastore,3,Affluenza,Europee,2014,EUR_14,368,416,254,255
97_Buon Pastore_Europee,97,Buon Pastore,3,Affluenza,Europee,2014,EUR_14,364,424,299,322
98_Buon Pastore_Europee,98,Buon Pastore,3,Affluenza,Europee,2014,EUR_14,319,393,236,261
99_Buon Pastore_Europee,99,Buon Pastore,3,Affluenza,Europee,2014,EUR_14,339,429,259,306
100_Buon Pastore_Europee,100,Buon Pastore,3,Affluenza,Europee,2014,EUR_14,450,506,355,384
101_Buon Pastore_Europee,101,Buon Pastore,3,Affluenza,Europee,2014,EUR_14,397,484,313,372
102_Buon Pastore_Europee,102,Buon Pastore,3,Affluenza,Europee,2014,EUR_14,332,361,242,252
103_Buon Pastore_Europee,103,Buon Pastore,3,Affluenza,Europee,2014,EUR_14,350,411,253,281
104_Buon Pastore_Europee,104,Buon Pastore,3,Affluenza,Europee,2014,EUR_14,293,363,204,252
105_Buon Pastore_Europee,105,Buon Pastore,3,Affluenza,Europee,2014,EUR_14,308,386,237,277
106_Buon Pastore_Europee,106,Buon Pastore,3,Affluenza,Europee,2014,EUR_14,300,349,232,263
107_Buon Pastore_Europee,107,Buon Pastore,3,Affluenza,Europee,2014,EUR_14,320,372,228,243
108_Buon Pastore_Europee,108,Buon Pastore,3,Affluenza,Europee,2014,EUR_14,324,405,232,299
109_Buon Pastore_Europee,109,Buon Pastore,3,Affluenza,Europee,2014,EUR_14,397,432,303,318
110_Buon Pastore_Europee,110,Buon Pastore,3,Affluenza,Europee,2014,EUR_14,334,387,252,273
111_Buon Pastore_Europee,111,Buon Pastore,3,Affluenza,Europee,2014,EUR_14,368,404,292,279
112_Buon Pastore_Europee,112,Buon Pastore,3,Affluenza,Europee,2014,EUR_14,334,414,242,303
113_Buon Pastore_Europee,113,Buon Pastore,3,Affluenza,Europee,2014,EUR_14,410,455,338,358
114_Buon Pastore_Europee,114,Buon Pastore,3,Affluenza,Europee,2014,EUR_14,394,450,296,347
115_Buon Pastore_Europee,115,Buon Pastore,3,Affluenza,Europee,2014,EUR_14,347,399,284,332
116_Buon Pastore_Europee,116,Buon Pastore,3,Affluenza,Europee,2014,EUR_14,462,503,352,374
117_Buon Pastore_Europee,117,Buon Pastore,3,Affluenza,Europee,2014,EUR_14,394,440,312,340
118_Buon Pastore_Europee,118,Buon Pastore,3,Affluenza,Europee,2014,EUR_14,426,474,325,347
119_Buon Pastore_Europee,119,Buon Pastore,3,Affluenza,Europee,2014,EUR_14,386,407,286,293
120_Buon Pastore_Europee,120,Buon Pastore,3,Affluenza,Europee,2014,EUR_14,491,502,377,381
121_Buon Pastore_Europee,121,Buon Pastore,3,Affluenza,Europee,2014,EUR_14,481,495,369,378
122_Buon Pastore_Europee,122,Buon Pastore,3,Affluenza,Europee,2014,EUR_14,420,410,173,167
123_Buon Pastore_Europee,123,Buon Pastore,3,Affluenza,Europee,2014,EUR_14,295,293,178,177
124_Buon Pastore_Europee,124,Buon Pastore,3,Affluenza,Europee,2014,EUR_14,451,505,367,405
125_Buon Pastore_Europee,125,Buon Pastore,3,Affluenza,Europee,2014,EUR_14,386,395,318,326
126_Buon Pastore_Europee,126,Buon Pastore,3,Affluenza,Europee,2014,EUR_14,414,420,342,320
127_Buon Pastore_Europee,127,Buon Pastore,3,Affluenza,Europee,2014,EUR_14,286,301,210,205
128_Buon Pastore_Europee,128,Buon Pastore,3,Affluenza,Europee,2014,EUR_14,391,428,298,313
129_Buon Pastore_Europee,129,Buon Pastore,3,Affluenza,Europee,2014,EUR_14,346,367,247,270
130_San Faustino_Europee,130,San Faustino,4,Affluenza,Europee,2014,EUR_14,313,342,238,245
131_San Faustino_Europee,131,San Faustino,4,Affluenza,Europee,2014,EUR_14,338,362,247,266
132_San Faustino_Europee,132,San Faustino,4,Affluenza,Europee,2014,EUR_14,379,444,288,315
133_San Faustino_Europee,133,San Faustino,4,Affluenza,Europee,2014,EUR_14,270,363,191,241
134_San Faustino_Europee,134,San Faustino,4,Affluenza,Europee,2014,EUR_14,283,373,202,273
135_San Faustino_Europee,135,San Faustino,4,Affluenza,Europee,2014,EUR_14,329,385,195,221
136_San Faustino_Europee,136,San Faustino,4,Affluenza,Europee,2014,EUR_14,262,340,190,233
137_San Faustino_Europee,137,San Faustino,4,Affluenza,Europee,2014,EUR_14,289,363,199,250
138_San Faustino_Europee,138,San Faustino,4,Affluenza,Europee,2014,EUR_14,328,378,216,267
139_San Faustino_Europee,139,San Faustino,4,Affluenza,Europee,2014,EUR_14,324,400,229,293
140_San Faustino_Europee,140,San Faustino,4,Affluenza,Europee,2014,EUR_14,297,392,218,251
141_San Faustino_Europee,141,San Faustino,4,Affluenza,Europee,2014,EUR_14,284,356,215,243
142_San Faustino_Europee,142,San Faustino,4,Affluenza,Europee,2014,EUR_14,379,407,273,287
143_San Faustino_Europee,143,San Faustino,4,Affluenza,Europee,2014,EUR_14,296,353,230,261
144_San Faustino_Europee,144,San Faustino,4,Affluenza,Europee,2014,EUR_14,329,363,255,274
145_San Faustino_Europee,145,San Faustino,4,Affluenza,Europee,2014,EUR_14,325,350,249,271
146_San Faustino_Europee,146,San Faustino,4,Affluenza,Europee,2014,EUR_14,348,400,238,274
147_San Faustino_Europee,147,San Faustino,4,Affluenza,Europee,2014,EUR_14,337,375,264,286
148_San Faustino_Europee,148,San Faustino,4,Affluenza,Europee,2014,EUR_14,335,380,268,284
149_San Faustino_Europee,149,San Faustino,4,Affluenza,Europee,2014,EUR_14,351,383,287,307
150_San Faustino_Europee,150,San Faustino,4,Affluenza,Europee,2014,EUR_14,398,424,326,348
151_San Faustino_Europee,151,San Faustino,4,Affluenza,Europee,2014,EUR_14,327,400,242,290
152_San Faustino_Europee,152,San Faustino,4,Affluenza,Europee,2014,EUR_14,419,472,321,380
153_San Faustino_Europee,153,San Faustino,4,Affluenza,Europee,2014,EUR_14,389,434,283,321
154_San Faustino_Europee,154,San Faustino,4,Affluenza,Europee,2014,EUR_14,320,380,248,281
155_San Faustino_Europee,155,San Faustino,4,Affluenza,Europee,2014,EUR_14,319,366,232,250
156_San Faustino_Europee,156,San Faustino,4,Affluenza,Europee,2014,EUR_14,357,371,264,258
157_San Faustino_Europee,157,San Faustino,4,Affluenza,Europee,2014,EUR_14,349,369,259,260
158_San Faustino_Europee,158,San Faustino,4,Affluenza,Europee,2014,EUR_14,383,464,285,327
159_San Faustino_Europee,159,San Faustino,4,Affluenza,Europee,2014,EUR_14,373,418,284,321
160_San Faustino_Europee,160,San Faustino,4,Affluenza,Europee,2014,EUR_14,373,375,304,311
161_San Faustino_Europee,161,San Faustino,4,Affluenza,Europee,2014,EUR_14,291,299,201,197
162_San Faustino_Europee,162,San Faustino,4,Affluenza,Europee,2014,EUR_14,346,403,272,294
163_San Faustino_Europee,163,San Faustino,4,Affluenza,Europee,2014,EUR_14,359,407,267,317
164_San Faustino_Europee,164,San Faustino,4,Affluenza,Europee,2014,EUR_14,378,425,278,316
165_San Faustino_Europee,165,San Faustino,4,Affluenza,Europee,2014,EUR_14,371,407,300,321
166_San Faustino_Europee,166,San Faustino,4,Affluenza,Europee,2014,EUR_14,353,339,256,240
167_San Faustino_Europee,167,San Faustino,4,Affluenza,Europee,2014,EUR_14,406,427,335,331
168_San Faustino_Europee,168,San Faustino,4,Affluenza,Europee,2014,EUR_14,427,427,289,280
169_San Faustino_Europee,169,San Faustino,4,Affluenza,Europee,2014,EUR_14,499,556,396,443
170_San Faustino_Europee,170,San Faustino,4,Affluenza,Europee,2014,EUR_14,481,475,356,351
171_San Faustino_Europee,171,San Faustino,4,Affluenza,Europee,2014,EUR_14,486,469,381,352
172_San Faustino_Europee,172,San Faustino,4,Affluenza,Europee,2014,EUR_14,315,333,233,244
173_San Faustino_Europee,173,San Faustino,4,Affluenza,Europee,2014,EUR_14,321,342,248,264
174_San Faustino_Europee,174,San Faustino,4,Affluenza,Europee,2014,EUR_14,304,296,231,222
175_San Faustino_Europee,175,San Faustino,4,Affluenza,Europee,2014,EUR_14,335,364,256,259
176_San Faustino_Europee,176,San Faustino,4,Affluenza,Europee,2014,EUR_14,324,377,251,289
177_San Faustino_Europee,177,San Faustino,4,Affluenza,Europee,2014,EUR_14,343,370,289,309
178_San Faustino_Europee,178,San Faustino,4,Affluenza,Europee,2014,EUR_14,426,423,323,321
179_San Faustino_Europee,179,San Faustino,4,Affluenza,Europee,2014,EUR_14,422,461,318,347
180_San Faustino_Europee,180,San Faustino,4,Affluenza,Europee,2014,EUR_14,390,418,315,303
181_Buon Pastore_Europee,181,Buon Pastore,3,Affluenza,Europee,2014,EUR_14,0,0,43,31
182_Buon Pastore_Europee,182,Buon Pastore,3,Affluenza,Europee,2014,EUR_14,0,0,44,35
183_San Faustino_Europee,183,San Faustino,4,Affluenza,Europee,2014,EUR_14,0,0,53,24
184_San Faustino_Europee,184,San Faustino,4,Affluenza,Europee,2014,EUR_14,0,0,37,16
185_San Faustino_Europee,185,San Faustino,4,Affluenza,Europee,2014,EUR_14,403,387,319,308
186_San Faustino_Europee,186,San Faustino,4,Affluenza,Europee,2014,EUR_14,322,346,258,262
187_Buon Pastore_Europee,187,Buon Pastore,3,Affluenza,Europee,2014,EUR_14,569,584,456,454
