THE_PK_KEY,SECTION,DISTRICT,DISTRICT_CD,DATA_TYPE,ELECTION,YEAR,ELECTION_CD,#MALE_REGISTERED,#FEMALE_REGISTERED,#MALE_VOTERS,#FEMALE_VOTERS
1_Centro_Amministrative Comunali Liste,1,Centro,1,Affluenza,Amministrative Comunali Liste,2024,COM_24,477,431,262,262
,2,Centro,1,Affluenza,Amministrative Comunali Liste,2024,COM_24,360,391,190,230
5_Centro_Amministrative Comunali Liste,5,Centro,1,Affluenza,Amministrative Comunali Liste,2024,COM_24,408,433,244,265
7_Centro_Amministrative Comunali Liste,7,Centro,1,Affluenza,Amministrative Comunali Liste,2024,COM_24,403,472,271,326
8_Centro_Amministrative Comunali Liste,8,Centro,1,Affluenza,Amministrative Comunali Liste,2024,,404,405,184,208
9_Centro_Amministrative Comunali Liste,9,Centro,1,Affluenza,Amministrative Comunali Liste,2024,COM_24,378,415,221,241
10_Centro_Amministrative Comunali Liste,10,Centro,1,Affluenza,Amministrative Comunali Liste,2024,COM_24,316,418,195,235
11_Centro_Amministrative Comunali Liste,11,Centro,,Affluenza,Amministrative Comunali Liste,2024,COM_24,318,301,187,193
12_Centro_Amministrative Comunali Liste,12,Centro,1,Affluenza,Amministrative Comunali Liste,2024,COM_24,439,400,253,229
14_Centro_Amministrative Comunali Liste,14,Centro,1,Affluenza,Amministrative Comunali Liste,2024,,390,368,224,228
15_Centro_Amministrative Comunali Liste,15,Centro,1,Affluenza,Amministrative Comunali Liste,2024,COM_24,379,346,210,203
16_Centro_Amministrative Comunali Liste,16,Centro,1,Affluenza,Amministrative Comunali Liste,2024,COM_24,323,337,213,209
,17,Centro,1,Affluenza,Amministrative Comunali Liste,2024,COM_24,453,441,223,233
,18,Centro,1,Affluenza,Amministrative Comunali Liste,2024,COM_24,430,400,236,236
19_Centro_Amministrative Comunali Liste,19,Centro,1,Affluenza,Amministrative Comunali Liste,2024,COM_24,349,333,173,178
20_Centro_Amministrative Comunali Liste,20,Centro,1,Affluenza,Amministrative Comunali Liste,2024,COM_24,364,383,232,226
,21,Centro,1,Affluenza,Amministrative Comunali Liste,2024,COM_24,526,507,203,205
22_Crocetta_Amministrative Comunali Liste,22,Crocetta,,Affluenza,Amministrative Comunali Liste,2024,COM_24,515,477,268,272
23_Crocetta_Amministrative Comunali Liste,23,Crocetta,2,Affluenza,Amministrative Comunali Liste,2024,COM_24,376,412,216,235
,24,Crocetta,,Affluenza,Amministrative Comunali Liste,2024,COM_24,302,314,163,174
26_Crocetta_Amministrative Comunali Liste,26,Crocetta,2,Affluenza,Amministrative Comunali Liste,2024,COM_24,344,358,242,225
27_Crocetta_Amministrative Comunali Liste,27,Crocetta,2,Affluenza,Amministrative Comunali Liste,2024,COM_24,351,329,179,184
28_Crocetta_Amministrative Comunali Liste,28,Crocetta,2,Affluenza,Amministrative Comunali Liste,2024,COM_24,428,391,208,209
31_Crocetta_Amministrative Comunali Liste,31,Crocetta,2,Affluenza,Amministrative Comunali Liste,2024,,298,327,161,185
34_Crocetta_Amministrative Comunali Liste,34,Crocetta,2,Affluenza,Amministrative Comunali Liste,2024,,386,424,242,266
35_Crocetta_Amministrative Comunali Liste,35,Crocetta,,Affluenza,Amministrative Comunali Liste,2024,,400,403,221,220
36_Crocetta_Amministrative Comunali Liste,36,Crocetta,,Affluenza,Amministrative Comunali Liste,2024,,297,315,199,205
37_Crocetta_Amministrative Comunali Liste,37,Crocetta,2,Affluenza,Amministrative Comunali Liste,2024,COM_24,378,434,253,295
,39,Crocetta,2,Affluenza,Amministrative Comunali Liste,2024,,388,430,271,296
41_Crocetta_Amministrative Comunali Liste,41,Crocetta,2,Affluenza,Amministrative Comunali Liste,2024,,382,417,221,232
42_Crocetta_Amministrative Comunali Liste,42,Crocetta,2,Affluenza,Amministrative Comunali Liste,2024,COM_24,334,337,202,215
43_Crocetta_Amministrative Comunali Liste,43,Crocetta,2,Affluenza,Amministrative Comunali Liste,2024,,282,309,158,172
44_Crocetta_Amministrative Comunali Liste,44,Crocetta,2,Affluenza,Amministrative Comunali Liste,2024,COM_24,349,395,176,201
45_Crocetta_Amministrative Comunali Liste,45,Crocetta,2,Affluenza,Amministrative Comunali Liste,2024,COM_24,384,433,213,254
46_Crocetta_Amministrative Comunali Liste,46,Crocetta,,Affluenza,Amministrative Comunali Liste,2024,COM_24,338,346,230,245
,49,Crocetta,2,Affluenza,Amministrative Comunali Liste,2024,,327,396,200,224
50_Crocetta_Amministrative Comunali Liste,50,Crocetta,2,Affluenza,Amministrative Comunali Liste,2024,COM_24,301,361,173,217
51_Crocetta_Amministrative Comunali Liste,51,Crocetta,2,Affluenza,Amministrative Comunali Liste,2024,COM_24,305,375,199,230
,52,Crocetta,2,Affluenza,Amministrative Comunali Liste,2024,COM_24,397,463,239,282
53_Crocetta_Amministrative Comunali Liste,53,Crocetta,2,Affluenza,Amministrative Comunali Liste,2024,COM_24,340,402,185,244
54_Crocetta_Amministrative Comunali Liste,54,Crocetta,2,Affluenza,Amministrative Comunali Liste,2024,COM_24,285,326,189,220
57_Crocetta_Amministrative Comunali Liste,57,Crocetta,2,Affluenza,Amministrative Comunali Liste,2024,COM_24,301,347,166,202
58_Crocetta_Amministrative Comunali Liste,58,Crocetta,2,Affluenza,Amministrative Comunali Liste,2024,COM_24,401,379,200,221
59_Crocetta_Amministrative Comunali Liste,59,Crocetta,,Affluenza,Amministrative Comunali Liste,2024,,413,461,273,299
62_Crocetta_Amministrative Comunali Liste,62,Crocetta,2,Affluenza,Amministrative Comunali Liste,2024,COM_24,342,361,213,237
64_Crocetta_Amministrative Comunali Liste,64,Crocetta,2,Affluenza,Amministrative Comunali Liste,2024,COM_24,339,327,142,140
66_Crocetta_Amministrative Comunali Liste,66,Crocetta,2,Affluenza,Amministrative Comunali Liste,2024,COM_24,273,317,172,198
67_Crocetta_Amministrative Comunali Liste,67,Crocetta,2,Affluenza,Amministrative Comunali Liste,2024,COM_24,381,406,219,227
68_Crocetta_Amministrative Comunali Liste,68,Crocetta,2,Affluenza,Amministrative Comunali Liste,2024,COM_24,316,328,170,179
,69,Crocetta,2,Affluenza,Amministrative Comunali Liste,2024,COM_24,364,391,183,207
70_Crocetta_Amministrative Comunali Liste,70,Crocetta,2,Affluenza,Amministrative Comunali Liste,2024,COM_24,334,362,172,196
71_Buon Pastore_Amministrative Comunali Liste,71,Buon Pastore,,Affluenza,Amministrative Comunali Liste,2024,,337,392,190,230
,72,Buon Pastore,3,Affluenza,Amministrative Comunali Liste,2024,COM_24,325,383,220,258
73_Buon Pastore_Amministrative Comunali Liste,73,Buon Pastore,3,Affluenza,Amministrative Comunali Liste,2024,COM_24,326,374,216,258
,75,Buon Pastore,,Affluenza,Amministrative Comunali Liste,2024,COM_24,318,381,211,236
76_Buon Pastore_Amministrative Comunali Liste,76,Buon Pastore,3,Affluenza,Amministrative Comunali Liste,2024,COM_24,298,345,182,205
77_Buon Pastore_Amministrative Comunali Liste,77,Buon Pastore,3,Affluenza,Amministrative Comunali Liste,2024,COM_24,303,336,200,208
79_Buon Pastore_Amministrative Comunali Liste,79,Buon Pastore,3,Affluenza,Amministrative Comunali Liste,2024,,294,330,167,206
80_Buon Pastore_Amministrative Comunali Liste,80,Buon Pastore,3,Affluenza,Amministrative Comunali Liste,2024,COM_24,379,438,242,277
,81,Buon Pastore,,Affluenza,Amministrative Comunali Liste,2024,COM_24,313,361,210,265
,82,Buon Pastore,3,Affluenza,Amministrative Comunali Liste,2024,,388,397,236,255
83_Buon Pastore_Amministrative Comunali Liste,83,Buon Pastore,3,Affluenza,Amministrative Comunali Liste,2024,COM_24,324,410,207,246
85_Buon Pastore_Amministrative Comunali Liste,85,Buon Pastore,3,Affluenza,Amministrative Comunali Liste,2024,COM_24,359,398,224,256
86_Buon Pastore_Amministrative Comunali Liste,86,Buon Pastore,,Affluenza,Amministrative Comunali Liste,2024,COM_24,385,437,268,299
87_Buon Pastore_Amministrative Comunali Liste,87,Buon Pastore,3,Affluenza,Amministrative Comunali Liste,2024,COM_24,346,384,245,230
,88,Buon Pastore,,Affluenza,Amministrative Comunali Liste,2024,COM_24,315,347,226,231
90_Buon Pastore_Amministrative Comunali Liste,90,Buon Pastore,3,Affluenza,Amministrative Comunali Liste,2024,COM_24,341,404,213,259
91_Buon Pastore_Amministrative Comunali Liste,91,Buon Pastore,,Affluenza,Amministrative Comunali Liste,2024,,384,420,253,277
92_Buon Pastore_Amministrative Comunali Liste,92,Buon Pastore,3,Affluenza,Amministrative Comunali Liste,2024,COM_24,259,316,171,223
93_Buon Pastore_Amministrative Comunali Liste,93,Buon Pastore,3,Affluenza,Amministrative Comunali Liste,2024,,434,470,263,276
94_Buon Pastore_Amministrative Comunali Liste,94,Buon Pastore,3,Affluenza,Amministrative Comunali Liste,2024,COM_24,360,409,274,292
95_Buon Pastore_Amministrative Comunali Liste,95,Buon Pastore,3,Affluenza,Amministrative Comunali Liste,2024,COM_24,355,386,248,275
96_Buon Pastore_Amministrative Comunali Liste,96,Buon Pastore,3,Affluenza,Amministrative Comunali Liste,2024,,391,435,207,231
98_Buon Pastore_Amministrative Comunali Liste,98,Buon Pastore,3,Affluenza,Amministrative Comunali Liste,2024,COM_24,344,392,190,222
99_Buon Pastore_Amministrative Comunali Liste,99,Buon Pastore,,Affluenza,Amministrative Comunali Liste,2024,COM_24,350,431,226,278
100_Buon Pastore_Amministrative Comunali Liste,100,Buon Pastore,3,Affluenza,Amministrative Comunali Liste,2024,COM_24,471,528,329,356
101_Buon Pastore_Amministrative Comunali Liste,101,Buon Pastore,3,Affluenza,Amministrative Comunali Liste,2024,COM_24,443,489,301,325
102_Buon Pastore_Amministrative Comunali Liste,102,Buon Pastore,,Affluenza,Amministrative Comunali Liste,2024,,338,359,192,227
103_Buon Pastore_Amministrative Comunali Liste,103,Buon Pastore,3,Affluenza,Amministrative Comunali Liste,2024,COM_24,350,415,214,256
105_Buon Pastore_Amministrative Comunali Liste,105,Buon Pastore,3,Affluenza,Amministrative Comunali Liste,2024,COM_24,352,386,234,242
107_Buon Pastore_Amministrative Comunali Liste,107,Buon Pastore,3,Affluenza,Amministrative Comunali Liste,2024,COM_24,295,365,192,209
108_Buon Pastore_Amministrative Comunali Liste,108,Buon Pastore,3,Affluenza,Amministrative Comunali Liste,2024,COM_24,345,412,217,269
109_Buon Pastore_Amministrative Comunali Liste,109,Buon Pastore,3,Affluenza,Amministrative Comunali Liste,2024,,382,451,255,283
110_Buon Pastore_Amministrative Comunali Liste,110,Buon Pastore,3,Affluenza,Amministrative Comunali Liste,2024,COM_24,361,407,214,227
111_Buon Pastore_Amministrative Comunali Liste,111,Buon Pastore,3,Affluenza,Amministrative Comunali Liste,2024,COM_24,387,427,245,279
112_Buon Pastore_Amministrative Comunali Liste,112,Buon Pastore,3,Affluenza,Amministrative Comunali Liste,2024,COM_24,364,379,226,231
,113,Buon Pastore,3,Affluenza,Amministrative Comunali Liste,2024,,408,440,293,314
114_Buon Pastore_Amministrative Comunali Liste,114,Buon Pastore,,Affluenza,Amministrative Comunali Liste,2024,COM_24,419,488,259,333
115_Buon Pastore_Amministrative Comunali Liste,115,Buon Pastore,3,Affluenza,Amministrative Comunali Liste,2024,COM_24,385,376,277,275
116_Buon Pastore_Amministrative Comunali Liste,116,Buon Pastore,3,Affluenza,Amministrative Comunali Liste,2024,,310,322,238,232
117_Buon Pastore_Amministrative Comunali Liste,117,Buon Pastore,3,Affluenza,Amministrative Comunali Liste,2024,COM_24,378,396,277,281
118_Buon Pastore_Amministrative Comunali Liste,118,Buon Pastore,3,Affluenza,Amministrative Comunali Liste,2024,COM_24,421,473,299,319
120_Buon Pastore_Amministrative Comunali Liste,120,Buon Pastore,3,Affluenza,Amministrative Comunali Liste,2024,,349,359,265,253
121_Buon Pastore_Amministrative Comunali Liste,121,Buon Pastore,3,Affluenza,Amministrative Comunali Liste,2024,,513,507,338,342
122_Buon Pastore_Amministrative Comunali Liste,122,Buon Pastore,3,Affluenza,Amministrative Comunali Liste,2024,COM_24,460,466,161,162
123_Buon Pastore_Amministrative Comunali Liste,123,Buon Pastore,3,Affluenza,Amministrative Comunali Liste,2024,COM_24,309,293,155,152
124_Buon Pastore_Amministrative Comunali Liste,124,Buon Pastore,3,Affluenza,Amministrative Comunali Liste,2024,,402,389,252,269
125_Buon Pastore_Amministrative Comunali Liste,125,Buon Pastore,3,Affluenza,Amministrative Comunali Liste,2024,COM_24,402,434,277,322
127_Buon Pastore_Amministrative Comunali Liste,127,Buon Pastore,3,Affluenza,Amministrative Comunali Liste,2024,,362,406,219,233
128_Buon Pastore_Amministrative Comunali Liste,128,Buon Pastore,3,Affluenza,Amministrative Comunali Liste,2024,COM_24,424,422,290,275
130_San Faustino_Amministrative Comunali Liste,130,San Faustino,4,Affluenza,Amministrative Comunali Liste,2024,COM_24,322,333,215,213
131_San Faustino_Amministrative Comunali Liste,131,San Faustino,4,Affluenza,Amministrative Comunali Liste,2024,,370,358,238,236
134_San Faustino_Amministrative Comunali Liste,134,San Faustino,4,Affluenza,Amministrative Comunali Liste,2024,COM_24,304,349,190,228
136_San Faustino_Amministrative Comunali Liste,136,San Faustino,4,Affluenza,Amministrative Comunali Liste,2024,COM_24,294,362,171,227
137_San Faustino_Amministrative Comunali Liste,137,San Faustino,4,Affluenza,Amministrative Comunali Liste,2024,COM_24,328,385,200,233
138_San Faustino_Amministrative Comunali Liste,138,San Faustino,4,Affluenza,Amministrative Comunali Liste,2024,,354,405,219,244
,139,San Faustino,4,Affluenza,Amministrative Comunali Liste,2024,COM_24,380,429,211,259
,140,San Faustino,4,Affluenza,Amministrative Comunali Liste,2024,COM_24,287,355,172,203
141_San Faustino_Amministrative Comunali Liste,141,San Faustino,4,Affluenza,Amministrative Comunali Liste,2024,COM_24,295,321,181,212
142_San Faustino_Amministrative Comunali Liste,142,San Faustino,4,Affluenza,Amministrative Comunali Liste,2024,COM_24,415,431,262,272
143_San Faustino_Amministrative Comunali Liste,143,San Faustino,4,Affluenza,Amministrative Comunali Liste,2024,,326,355,210,223
,144,San Faustino,4,Affluenza,Amministrative Comunali Liste,2024,,303,371,193,236
145_San Faustino_Amministrative Comunali Liste,145,San Faustino,,Affluenza,Amministrative Comunali Liste,2024,COM_24,335,351,237,245
,146,San Faustino,4,Affluenza,Amministrative Comunali Liste,2024,COM_24,337,386,191,223
147_San Faustino_Amministrative Comunali Liste,147,San Faustino,4,Affluenza,Amministrative Comunali Liste,2024,COM_24,316,388,195,250
148_San Faustino_Amministrative Comunali Liste,148,San Faustino,4,Affluenza,Amministrative Comunali Liste,2024,COM_24,346,376,248,280
149_San Faustino_Amministrative Comunali Liste,149,San Faustino,4,Affluenza,Amministrative Comunali Liste,2024,COM_24,326,378,237,269
150_San Faustino_Amministrative Comunali Liste,150,San Faustino,,Affluenza,Amministrative Comunali Liste,2024,COM_24,402,416,286,317
151_San Faustino_Amministrative Comunali Liste,151,San Faustino,4,Affluenza,Amministrative Comunali Liste,2024,COM_24,342,380,188,217
153_San Faustino_Amministrative Comunali Liste,153,San Faustino,4,Affluenza,Amministrative Comunali Liste,2024,COM_24,408,457,282,316
154_San Faustino_Amministrative Comunali Liste,154,San Faustino,4,Affluenza,Amministrative Comunali Liste,2024,,346,372,225,239
155_San Faustino_Amministrative Comunali Liste,155,San Faustino,4,Affluenza,Amministrative Comunali Liste,2024,COM_24,382,441,260,283
156_San Faustino_Amministrative Comunali Liste,156,San Faustino,4,Affluenza,Amministrative Comunali Liste,2024,COM_24,414,437,268,292
157_San Faustino_Amministrative Comunali Liste,157,San Faustino,,Affluenza,Amministrative Comunali Liste,2024,,368,387,249,239
158_San Faustino_Amministrative Comunali Liste,158,San Faustino,4,Affluenza,Amministrative Comunali Liste,2024,COM_24,356,430,235,284
159_San Faustino_Amministrative Comunali Liste,159,San Faustino,4,Affluenza,Amministrative Comunali Liste,2024,COM_24,376,405,242,252
,160,San Faustino,4,Affluenza,Amministrative Comunali Liste,2024,,401,413,281,278
161_San Faustino_Amministrative Comunali Liste,161,San Faustino,4,Affluenza,Amministrative Comunali Liste,2024,COM_24,281,313,170,182
163_San Faustino_Amministrative Comunali Liste,163,San Faustino,,Affluenza,Amministrative Comunali Liste,2024,COM_24,352,415,214,246
,164,San Faustino,4,Affluenza,Amministrative Comunali Liste,2024,,402,416,273,283
165_San Faustino_Amministrative Comunali Liste,165,San Faustino,4,Affluenza,Amministrative Comunali Liste,2024,COM_24,354,426,246,285
,166,San Faustino,4,Affluenza,Amministrative Comunali Liste,2024,,338,337,189,205
167_San Faustino_Amministrative Comunali Liste,167,San Faustino,,Affluenza,Amministrative Comunali Liste,2024,COM_24,412,446,292,310
169_San Faustino_Amministrative Comunali Liste,169,San Faustino,,Affluenza,Amministrative Comunali Liste,2024,COM_24,374,389,267,291
170_San Faustino_Amministrative Comunali Liste,170,San Faustino,4,Affluenza,Amministrative Comunali Liste,2024,COM_24,367,383,227,248
,171,San Faustino,4,Affluenza,Amministrative Comunali Liste,2024,COM_24,414,424,269,284
172_San Faustino_Amministrative Comunali Liste,172,San Faustino,4,Affluenza,Amministrative Comunali Liste,2024,,331,315,182,179
173_San Faustino_Amministrative Comunali Liste,173,San Faustino,4,Affluenza,Amministrative Comunali Liste,2024,COM_24,374,413,247,267
174_San Faustino_Amministrative Comunali Liste,174,San Faustino,4,Affluenza,Amministrative Comunali Liste,2024,COM_24,308,312,214,215
175_San Faustino_Amministrative Comunali Liste,175,San Faustino,,Affluenza,Amministrative Comunali Liste,2024,COM_24,348,386,219,239
176_San Faustino_Amministrative Comunali Liste,176,San Faustino,4,Affluenza,Amministrative Comunali Liste,2024,,356,374,257,263
177_San Faustino_Amministrative Comunali Liste,177,San Faustino,4,Affluenza,Amministrative Comunali Liste,2024,COM_24,327,351,250,266
178_San Faustino_Amministrative Comunali Liste,178,San Faustino,4,Affluenza,Amministrative Comunali Liste,2024,COM_24,444,461,296,328
181_Buon Pastore_Amministrative Comunali Liste,181,Buon Pastore,3,Affluenza,Amministrative Comunali Liste,2024,COM_24,0,0,9,19
182_Buon Pastore_Amministrative Comunali Liste,182,Buon Pastore,,Affluenza,Amministrative Comunali Liste,2024,,0,0,10,14
183_San Faustino_Amministrative Comunali Liste,183,San Faustino,,Affluenza,Amministrative Comunali Liste,2024,COM_24,0,0,21,15
184_San Faustino_Amministrative Comunali Liste,184,San Faustino,4,Affluenza,Amministrative Comunali Liste,2024,COM_24,0,0,11,8
185_San Faustino_Amministrative Comunali Liste,185,San Faustino,,Affluenza,Amministrative Comunali Liste,2024,,444,418,309,309
187_Buon Pastore_Amministrative Comunali Liste,187,Buon Pastore,,Affluenza,Amministrative Comunali Liste,2024,COM_24,316,358,195,233
,188,Buon Pastore,,Affluenza,Amministrative Comunali Liste,2024,COM_24,342,378,251,272
189_Buon Pastore_Amministrative Comunali Liste,189,Buon Pastore,3,Affluenza,Amministrative Comunali Liste,2024,COM_24,369,365,273,260
190_San Faustino_Amministrative Comunali Liste,190,San Faustino,4,Affluenza,Amministrative Comunali Liste,2024,COM_24,380,385,251,246
