INTERVENTOFINALE,DATA_ULTIMO_AGGIORNAMENTO,ATTIVA,NUMEROISTANZA,APERTURAATTIVITA,CODVIA,DENOMINAZIONE_VIA,CIVICO,ESPONENTE,FRAZIONE,CIVKEY,TIPOSEDE,SEDIMODENA,SEDIFUORIMODENA,NROPERATORI,NRAUTOPROPRIE
Inizio attivitÃ ,2005-06-30,SI,18106,2005-06-30,2185.0,VIA CARLO FORLANINI,17.0,            ,CA,021850017000,Principale,,Campogalliano- via Marconi 1,5,0
Inizio attivitÃ ,2006-05-11,SI,18131,2006-05-11,2465.0,VIA PIETRO GIARDINI,256.0,            ,CA,024650256000,Principale,,"Formigine - Via Trento Trieste 111/113
Maranello - Via Stradi28",4,2
Inizio attivitÃ ,2006-05-11,SI,18111,2006-05-11,4410.0,VIA DEL POZZO,101.0,            ,CA,044100101000,Secondaria,"Piazza S. Agostino 331
Via J. Da Porto Sud 538
S.da Saliceto Panaro 1
Via Guarini 189/A","Campogalliano - Via dei Mille 23
Sassuolo - Via Brescia 4
Sassuolo - Via Pia 20
Rubiera - Via Emilia Est 2/D
Vignola - Via xxv Aprile 130
Mirandola - Statale Nord 41/43
Bomporto - Via per Modena 26",22,4
Cessazione,2020-01-21,NO,49191,2006-05-11,4820.0,STRADA SAN FAUSTINO,64.0,            ,CA,048200064000,Principale,,,3,1
Variazioni societarie/preposto/responsabile tecnico,2016-09-12,SI,27470,2006-05-11,2130.0,VIA SILVINO FOLLONI,15.0,A           ,CA,02130001500A,Principale,"Piazza S. Agostino 331
Via del Pozzo 101
Via J. Da Porto Sud 538
S.da Saliceto Panaro 1
Via Guarini 189/A
",Sassuolo  prot. 197304  del 07.12.2018,22,4
Inizio attivitÃ ,2021-05-06,SI,56556,2021-05-06,5870.0,STRADA VIGNOLESE,324.0,            ,CA,058700324000,Principale,,VIGNOLA VIA MARIO PELLEGRINI N. 8,0,0
Cessazione,2021-05-06,NO,56875,2017-01-18,5870.0,STRADA VIGNOLESE,324.0,            ,CA,058700324000,Principale,,Comune di Castelnuovo Rangone Frazione Montale prot. 5088 del 07/01/2018,4,0
Cessazione,2017-01-18,NO,30299,2014-05-15,5870.0,STRADA VIGNOLESE,324.0,            ,CA,058700324000,Principale,,,4,0
Inizio attivitÃ ,2024-12-30,SI,84783,2024-12-30,1575.0,STRADA CIMITERO SAN CATALDO,131.0,            ,CA,015750131000,Principale,"STRADA SAN CATALDO, 131",,4,0
Cessazione,2024-12-30,NO,84734,2012-09-12,1575.0,STRADA CIMITERO SAN CATALDO,131.0,            ,CA,015750131000,Secondaria,Modena - S. da Cimitero San Cataldo 131,,5,0
Subingresso,2017-11-01,SI,34386,2017-11-01,5870.0,STRADA VIGNOLESE,784.0,            ,CA,058700784000,Secondaria,,"Autorizzazione principale all'esercizio dell'attivitÃ  Funebre a Sassulo in Piazza Martiri, 78",1,2
Cessazione,2020-12-17,NO,53866,2020-11-27,2701.0,VIA JACOPO DA PORTO SUD,530.0,            ,CA,027010530000,,,,0,0
Variazioni societarie/preposto/responsabile tecnico,2024-10-15,SI,82864,2020-12-17,2701.0,VIA JACOPO DA PORTO SUD,532.0,            ,CA,027010532000,Secondaria,"via moreali 229, sede principale

via cassiani 113, sede secondaria",,4,0
Inizio attivitÃ ,2022-07-26,SI,65273,2022-07-26,3885.0,VIA PADOVA,72.0,            ,CA,038850072000,Principale,,,5,1
Cessazione,2019-08-26,NO,55110,2006-05-11,4375.0,LARGO PORTA SANT'AGOSTINO,331.0,            ,,043750331000,Secondaria,"Via del Pozzo 101
Via J. Da Porto Sud 538
S.da Saliceto Panaro 1
Via Guarini 189/A","Campogalliano - Via dei Mille 23
Sassuolo - Via Brescia 4
Sassuolo - Via Pia 20
Rubiera - Via Emilia Est 2/D
Vignola - Via xxv Aprile 130
Mirandola - Statale Nord 41/43
Bomporto - Via per Modena 26",22,4
Apertura Sede Secondaria,2022-11-04,SI,67156,2022-11-04,4410.0,VIA DEL POZZO,142.0,            ,CA,044100142000,,,,0,0
Inizio attivitÃ ,2006-05-11,SI,18123,2006-05-11,4410.0,VIA DEL POZZO,142.0,            ,,044100142000,Secondaria,Modena - Via del Pozzo 138,,5,4
Inizio attivitÃ ,2019-05-27,NO,44400,,167.0,VIA SALVADOR ALLENDE,101.0,            ,CA,001670101000,Principale,,,4,1
Cessazione,2021-05-04,NO,56485,,280.0,VIA ANTONIO ARALDI,257.0,            ,CA,002800257000,,,,0,0
Variazioni societarie/preposto/responsabile tecnico,2024-08-29,SI,81780,2022-09-14,1960.0,VIA EMILIA EST,545.0,            ,CA,019600545000,,,,0,0
Inizio attivitÃ ,2019-10-07,SI,46663,2019-10-07,3560.0,STRADA MORANE,278.0,            ,CA,035600278000,Secondaria,,,0,0
Inizio attivitÃ ,2006-05-11,SI,18114,2006-05-11,4745.0,STRADA SALICETO PANARO,1.0,            ,CA,047450001000,Secondaria,"Piazza S. Agostino 331
Via del Pozzo 101
Via J. Da Porto Sud 538
Via Guarini 189/A","Campogalliano - Via dei Mille 23
Sassuolo - Via Brescia 4
Sassuolo - Via Pia 20
Rubiera - Via Emilia Est 2/D
Vignola - Via xxv Aprile 130
Mirandola - Statale Nord 41/43
Bomporto - Via per Modena 26
",22,4
Inizio attivitÃ ,2006-05-11,SI,18115,2006-05-11,2645.0,VIA GUARINO GUARINI,189.0,            ,CA,026450189000,Secondaria,"Piazza S. Agostino 331
Via del Pozzo 101
Via J. Da Porto Sud 538
S.da Saliceto Panaro 1
","Campogalliano - Via dei Mille 23
Sassuolo - Via Brescia 4
Sassuolo - Via Pia 20
Rubiera - Via Emilia Est 2/D
Vignola - Via xxv Aprile 130
Mirandola - Statale Nord 41/43
Bomporto - Via per Modena 26",22,4
Inizio attivitÃ ,2006-05-11,SI,18129,2006-05-11,4410.0,VIA DEL POZZO,96.0,            ,CA,044100096000,Principale,,Castelfranco E. - c.so Martiri 134,4,1
Subingresso,2022-10-27,SI,67052,2022-10-27,4410.0,VIA DEL POZZO,138.0,            ,,044100138000,Principale,,,5,1
Inizio attivitÃ ,2006-05-11,SI,18122,2006-05-11,4410.0,VIA DEL POZZO,138.0,            ,CA,044100138000,Principale,Modena - Via del Pozzo 142,,5,4
Cessazione,2020-12-17,NO,53864,2020-11-27,1280.0,VIA GIULIANO CASSIANI,113.0,            ,CA,012800113000,,,,0,0
Subingresso,2020-12-17,SI,53672,2020-12-17,1280.0,VIA GIULIANO CASSIANI,113.0,            ,CA,012800113000,Secondaria,"VIA JACOPO DA PORTO SUD 530;


VIA MOREALI N. 229

",,0,0
Variazioni societarie/preposto/responsabile tecnico,2022-02-14,SI,62178,2020-12-16,3565.0,VIALE GAETANO MOREALI,229.0,            ,CA,035650229000,Principale,"VIA JACOPO DA PORTO SUD 530;
VIA CASSIANI 113
Modena - via del Pozzo 101	
Modena via J. Da Porto Sud 538	
Modena - s.da Saliceto Panaro 1	
Modena - via Guarini 189/A
",,4,16
Inizio attivitÃ ,2013-04-19,SI,18230,2013-04-19,4745.0,STRADA SALICETO PANARO,28.0,            ,CA,047450028000,,,,0,0
Variazioni societarie/preposto/responsabile tecnico,2022-06-13,SI,64516,2006-05-11,1720.0,VIA CESARE COSTA,145.0,            ,CA,017200145000,Principale,,,4,3
Inizio attivitÃ ,2006-05-11,SI,18113,2006-05-11,2701.0,VIA JACOPO DA PORTO SUD,538.0,            ,CA,027010538000,Secondaria,"Piazza S. Agostino 331
Via del Pozzo 101
S.da Saliceto Panaro 1
Via Guarini 189/A","Campogalliano - Via dei Mille 23
Sassuolo - Via Brescia 4
Sassuolo - Via Pia 20
Rubiera - Via Emilia Est 2/D
Vignola - Via xxv Aprile 130
Mirandola - Statale Nord 41/43
Bomporto - Via per Modena 26
",22,4
Inizio attivitÃ ,2006-05-11,SI,18121,2006-05-11,, ,,,,,,,,0,0
