NOME,OCCORRENZE
FERRARI,1501
LEONARDI,223
MALAGOLI,592
ROSSI,561
VACCARI,555
LUGLI,431
BARALDI,422
MARTINELLI,414
BORGHI,411
RIGHI,408
MONTANARI,390
MONTORSI,389
LUPPI,355
SALA,353
VENTURELLI,344
GOLDONI,328
CORRADINI,319
MORSELLI,313
GOZZI,307
REGGIANI,306
PICCININI,301
FRANCHINI,296
MESSORI,295
ANSALONI,283
RUSSO,283
GARUTI,280
ESPOSITO,279
NERI,273
RINALDI,264
CAVANI,260
GUERZONI,256
MANTOVANI,256
MALAVASI,255
BERGAMINI,252
BELLEI,251
MORANDI,251
ASCARI,249
CISSE,249
PANINI,247
VECCHI,247
VANDELLI,246
RONCAGLIA,242
GALLI,239
CAVAZZUTI,238
BORSARI,237
SILVESTRI,234
CUOGHI,232
FONTANA,232
GAVIOLI,223
BARBIERI,874
