NOME,OCCORRENZE
FERRARI,1473
BARBIERI,860
MALAGOLI,575
ROSSI,549
VACCARI,540
LUGLI,423
BARALDI,409
BORGHI,406
MARTINELLI,403
RIGHI,397
MONTANARI,384
MONTORSI,382
SALA,350
LUPPI,348
VENTURELLI,342
GOLDONI,321
CORRADINI,309
MORSELLI,301
REGGIANI,301
GOZZI,300
PICCININI,299
MESSORI,296
ESPOSITO,288
FRANCHINI,288
RUSSO,282
GARUTI,278
ANSALONI,273
NERI,268
RINALDI,263
MANTOVANI,255
CAVANI,254
GUERZONI,250
MORANDI,248
ASCARI,247
BELLEI,246
MALAVASI,244
VECCHI,244
BERGAMINI,243
CISSE,242
VANDELLI,242
PANINI,238
GALLI,235
BORSARI,233
CAVAZZUTI,233
RONCAGLIA,232
FONTANA,228
SILVESTRI,226
CUOGHI,225
LEONARDI,218
LODI,217
