YEAR,DISTRICT,TYPE,CATEGORY,AVG MONTH FAMILIAR EXPENSE (€)
2007,Centro,Beni alimentari,Pane e cereali,53.64
2007,Centro,Beni alimentari,Carne,97.2
2007,Centro,Beni alimentari,Pesce,43.89
2007,Centro,Beni alimentari,"Latte, formaggi e uova",55.93
2007,Centro,Beni alimentari,Oli e grassi,10.1
2007,Centro,Beni alimentari,"Patate, frutta e ortaggi",94.7
2007,Centro,Beni alimentari,"Zucchero, caffè e drogheria",62.52
2007,Centro,Beni alimentari,Bevande,64.3
2007,Centro,Beni alimentari,Altri generi alimentari,21.21
2007,Centro,Beni non alimentari,Tabacchi,15.66
2007,Centro,Beni non alimentari,Abbigliamento e calzature,182.86
2007,Centro,Beni non alimentari,Abitazione,549.1
2007,Centro,Beni non alimentari,Combustibili ed energia,105.05
2007,Centro,Beni non alimentari,"Mobili, elettrodomestici, servizi casa",234.35
2007,Centro,Beni non alimentari,Sanità,151.95
2007,Centro,Beni non alimentari,Trasporti,294.6
2007,Centro,Beni non alimentari,Comunicazioni,62.14
2007,Centro,Beni non alimentari,Istruzione,53.74
2007,Centro,Beni non alimentari,"Tempo libero, cultura e giochi",154.52
2007,Centro,Beni non alimentari,Altri beni e servizi,418.26
2007,Centro,Beni non alimentari,Affitto figurativo (canone mensile),1301.46
2007,Centro,Beni non alimentari,Mutuo (rata mensile),72.0
2007,Crocetta,Beni alimentari,Pane e cereali,53.96
2007,Crocetta,Beni alimentari,Carne,92.25
2007,Crocetta,Beni alimentari,Pesce,31.46
2007,Crocetta,Beni alimentari,"Latte, formaggi e uova",51.87
2007,Crocetta,Beni alimentari,Oli e grassi,10.16
2007,Crocetta,Beni alimentari,"Patate, frutta e ortaggi",90.61
2007,Crocetta,Beni alimentari,"Zucchero, caffè e drogheria",47.57
2007,Crocetta,Beni alimentari,Bevande,49.45
2007,Crocetta,Beni alimentari,Altri generi alimentari,23.28
2007,Crocetta,Beni non alimentari,Tabacchi,29.07
2007,Crocetta,Beni non alimentari,Abbigliamento e calzature,126.08
2007,Crocetta,Beni non alimentari,Abitazione,387.38
2007,Crocetta,Beni non alimentari,Combustibili ed energia,84.67
2007,Crocetta,Beni non alimentari,"Mobili, elettrodomestici, servizi casa",146.76
2007,Crocetta,Beni non alimentari,Sanità,193.54
2007,Crocetta,Beni non alimentari,Trasporti,299.12
2007,Crocetta,Beni non alimentari,Comunicazioni,63.18
2007,Crocetta,Beni non alimentari,Istruzione,39.75
2007,Crocetta,Beni non alimentari,"Tempo libero, cultura e giochi",136.76
2007,Crocetta,Beni non alimentari,Altri beni e servizi,371.83
2007,Crocetta,Beni non alimentari,Affitto figurativo (canone mensile),716.15
2007,Crocetta,Beni non alimentari,Mutuo (rata mensile),67.43
2007,San Faustino,Beni alimentari,Pane e cereali,51.26
2007,San Faustino,Beni alimentari,Carne,85.17
2007,San Faustino,Beni alimentari,Pesce,30.26
2007,San Faustino,Beni alimentari,"Latte, formaggi e uova",56.02
2007,San Faustino,Beni alimentari,Oli e grassi,10.06
2007,San Faustino,Beni alimentari,"Patate, frutta e ortaggi",86.05
2007,San Faustino,Beni alimentari,"Zucchero, caffè e drogheria",50.92
2007,San Faustino,Beni alimentari,Bevande,41.86
2007,San Faustino,Beni alimentari,Altri generi alimentari,17.75
2007,San Faustino,Beni non alimentari,Tabacchi,21.58
2007,San Faustino,Beni non alimentari,Abbigliamento e calzature,106.88
2007,San Faustino,Beni non alimentari,Abitazione,341.12
2007,San Faustino,Beni non alimentari,Combustibili ed energia,94.42
2007,San Faustino,Beni non alimentari,"Mobili, elettrodomestici, servizi casa",100.23
2007,San Faustino,Beni non alimentari,Sanità,141.91
2007,San Faustino,Beni non alimentari,Trasporti,367.48
2007,San Faustino,Beni non alimentari,Comunicazioni,61.86
2007,San Faustino,Beni non alimentari,Istruzione,24.31
2007,San Faustino,Beni non alimentari,"Tempo libero, cultura e giochi",103.0
2007,San Faustino,Beni non alimentari,Altri beni e servizi,290.84
2007,San Faustino,Beni non alimentari,Affitto figurativo (canone mensile),443.38
2007,San Faustino,Beni non alimentari,Mutuo (rata mensile),70.85
2008,Centro,Beni alimentari,Pane e cereali,59.57
2008,Centro,Beni alimentari,Carne,107.3
2008,Centro,Beni alimentari,Pesce,42.89
2008,Centro,Beni alimentari,"Latte, formaggi e uova",57.68
2008,Centro,Beni alimentari,Oli e grassi,8.88
2008,Centro,Beni alimentari,"Patate, frutta e ortaggi",114.27
2008,Centro,Beni alimentari,"Zucchero, caffè e drogheria",52.25
2008,Centro,Beni alimentari,Bevande,71.21
2008,Centro,Beni alimentari,Altri generi alimentari,24.93
2008,Centro,Beni non alimentari,Tabacchi,29.96
2008,Centro,Beni non alimentari,Abbigliamento e calzature,134.78
2008,Centro,Beni non alimentari,Abitazione,565.53
2008,Centro,Beni non alimentari,Combustibili ed energia,96.05
2008,Centro,Beni non alimentari,"Mobili, elettrodomestici, servizi casa",227.84
2008,Centro,Beni non alimentari,Sanità,195.37
2008,Centro,Beni non alimentari,Trasporti,279.2
2008,Centro,Beni non alimentari,Comunicazioni,79.5
2008,Centro,Beni non alimentari,Istruzione,68.0
2008,Centro,Beni non alimentari,"Tempo libero, cultura e giochi",141.86
2008,Centro,Beni non alimentari,Altri beni e servizi,360.43
2008,Centro,Beni non alimentari,Affitto figurativo (canone mensile),1088.81
2008,Centro,Beni non alimentari,Mutuo (rata mensile),163.66
2008,Crocetta,Beni alimentari,Pane e cereali,56.08
2008,Crocetta,Beni alimentari,Carne,96.53
2008,Crocetta,Beni alimentari,Pesce,28.26
2008,Crocetta,Beni alimentari,"Latte, formaggi e uova",55.88
2008,Crocetta,Beni alimentari,Oli e grassi,10.57
2008,Crocetta,Beni alimentari,"Patate, frutta e ortaggi",96.93
2008,Crocetta,Beni alimentari,"Zucchero, caffè e drogheria",45.89
2008,Crocetta,Beni alimentari,Bevande,51.09
2008,Crocetta,Beni alimentari,Altri generi alimentari,28.54
2008,Crocetta,Beni non alimentari,Tabacchi,25.17
2008,Crocetta,Beni non alimentari,Abbigliamento e calzature,111.48
2008,Crocetta,Beni non alimentari,Abitazione,392.61
2008,Crocetta,Beni non alimentari,Combustibili ed energia,86.86
2008,Crocetta,Beni non alimentari,"Mobili, elettrodomestici, servizi casa",140.91
2008,Crocetta,Beni non alimentari,Sanità,156.28
2008,Crocetta,Beni non alimentari,Trasporti,253.49
2008,Crocetta,Beni non alimentari,Comunicazioni,71.14
2008,Crocetta,Beni non alimentari,Istruzione,35.45
2008,Crocetta,Beni non alimentari,"Tempo libero, cultura e giochi",120.8
2008,Crocetta,Beni non alimentari,Altri beni e servizi,290.88
2008,Crocetta,Beni non alimentari,Affitto figurativo (canone mensile),603.18
2008,Crocetta,Beni non alimentari,Mutuo (rata mensile),142.31
2008,San Faustino,Beni alimentari,Pane e cereali,54.54
2008,San Faustino,Beni alimentari,Carne,100.08
2008,San Faustino,Beni alimentari,Pesce,30.55
2008,San Faustino,Beni alimentari,"Latte, formaggi e uova",55.8
2008,San Faustino,Beni alimentari,Oli e grassi,13.35
2008,San Faustino,Beni alimentari,"Patate, frutta e ortaggi",90.0
2008,San Faustino,Beni alimentari,"Zucchero, caffè e drogheria",47.55
2008,San Faustino,Beni alimentari,Bevande,38.01
2008,San Faustino,Beni alimentari,Altri generi alimentari,26.05
2008,San Faustino,Beni non alimentari,Tabacchi,25.56
2008,San Faustino,Beni non alimentari,Abbigliamento e calzature,118.87
2008,San Faustino,Beni non alimentari,Abitazione,401.9
2008,San Faustino,Beni non alimentari,Combustibili ed energia,99.79
2008,San Faustino,Beni non alimentari,"Mobili, elettrodomestici, servizi casa",120.53
2008,San Faustino,Beni non alimentari,Sanità,175.9
2008,San Faustino,Beni non alimentari,Trasporti,267.74
2008,San Faustino,Beni non alimentari,Comunicazioni,74.04
2008,San Faustino,Beni non alimentari,Istruzione,32.31
2008,San Faustino,Beni non alimentari,"Tempo libero, cultura e giochi",98.56
2008,San Faustino,Beni non alimentari,Altri beni e servizi,288.77
2008,San Faustino,Beni non alimentari,Affitto figurativo (canone mensile),462.44
2008,San Faustino,Beni non alimentari,Mutuo (rata mensile),108.55
2009,Centro,Beni alimentari,Pane e cereali,53.14
2009,Centro,Beni alimentari,Carne,108.75
2009,Centro,Beni alimentari,Pesce,38.97
2009,Centro,Beni alimentari,"Latte, formaggi e uova",55.23
2009,Centro,Beni alimentari,Oli e grassi,7.34
2009,Centro,Beni alimentari,"Patate, frutta e ortaggi",92.37
2009,Centro,Beni alimentari,"Zucchero, caffè e drogheria",55.4
2009,Centro,Beni alimentari,Bevande,79.93
2009,Centro,Beni alimentari,Altri generi alimentari,17.31
2009,Centro,Beni non alimentari,Tabacchi,42.2
2009,Centro,Beni non alimentari,Abbigliamento e calzature,150.92
2009,Centro,Beni non alimentari,Abitazione,628.79
2009,Centro,Beni non alimentari,Combustibili ed energia,96.7
2009,Centro,Beni non alimentari,"Mobili, elettrodomestici, servizi casa",331.74
2009,Centro,Beni non alimentari,Sanità,160.16
2009,Centro,Beni non alimentari,Trasporti,302.43
2009,Centro,Beni non alimentari,Comunicazioni,115.93
2009,Centro,Beni non alimentari,Istruzione,80.19
2009,Centro,Beni non alimentari,"Tempo libero, cultura e giochi",277.39
2009,Centro,Beni non alimentari,Altri beni e servizi,556.26
2009,Centro,Beni non alimentari,Affitto figurativo (canone mensile),1205.97
2009,Centro,Beni non alimentari,Mutuo (rata mensile),111.74
2009,Crocetta,Beni alimentari,Pane e cereali,51.15
2009,Crocetta,Beni alimentari,Carne,91.97
2009,Crocetta,Beni alimentari,Pesce,24.81
2009,Crocetta,Beni alimentari,"Latte, formaggi e uova",51.31
2009,Crocetta,Beni alimentari,Oli e grassi,11.15
2009,Crocetta,Beni alimentari,"Patate, frutta e ortaggi",73.39
2009,Crocetta,Beni alimentari,"Zucchero, caffè e drogheria",49.1
2009,Crocetta,Beni alimentari,Bevande,42.77
2009,Crocetta,Beni alimentari,Altri generi alimentari,14.73
2009,Crocetta,Beni non alimentari,Tabacchi,19.76
2009,Crocetta,Beni non alimentari,Abbigliamento e calzature,96.94
2009,Crocetta,Beni non alimentari,Abitazione,395.12
2009,Crocetta,Beni non alimentari,Combustibili ed energia,68.05
2009,Crocetta,Beni non alimentari,"Mobili, elettrodomestici, servizi casa",173.47
2009,Crocetta,Beni non alimentari,Sanità,160.15
2009,Crocetta,Beni non alimentari,Trasporti,280.72
2009,Crocetta,Beni non alimentari,Comunicazioni,68.76
2009,Crocetta,Beni non alimentari,Istruzione,43.13
2009,Crocetta,Beni non alimentari,"Tempo libero, cultura e giochi",158.44
2009,Crocetta,Beni non alimentari,Altri beni e servizi,393.31
2009,Crocetta,Beni non alimentari,Affitto figurativo (canone mensile),609.1
2009,Crocetta,Beni non alimentari,Mutuo (rata mensile),86.82
2009,San Faustino,Beni alimentari,Pane e cereali,49.74
2009,San Faustino,Beni alimentari,Carne,97.88
2009,San Faustino,Beni alimentari,Pesce,22.66
2009,San Faustino,Beni alimentari,"Latte, formaggi e uova",59.4
2009,San Faustino,Beni alimentari,Oli e grassi,13.9
2009,San Faustino,Beni alimentari,"Patate, frutta e ortaggi",73.99
2009,San Faustino,Beni alimentari,"Zucchero, caffè e drogheria",41.87
2009,San Faustino,Beni alimentari,Bevande,40.59
2009,San Faustino,Beni alimentari,Altri generi alimentari,20.8
2009,San Faustino,Beni non alimentari,Tabacchi,19.83
2009,San Faustino,Beni non alimentari,Abbigliamento e calzature,105.95
2009,San Faustino,Beni non alimentari,Abitazione,361.02
2009,San Faustino,Beni non alimentari,Combustibili ed energia,76.53
2009,San Faustino,Beni non alimentari,"Mobili, elettrodomestici, servizi casa",123.3
2009,San Faustino,Beni non alimentari,Sanità,178.23
2009,San Faustino,Beni non alimentari,Trasporti,302.72
2009,San Faustino,Beni non alimentari,Comunicazioni,71.56
2009,San Faustino,Beni non alimentari,Istruzione,27.88
2009,San Faustino,Beni non alimentari,"Tempo libero, cultura e giochi",142.21
2009,San Faustino,Beni non alimentari,Altri beni e servizi,270.38
2009,San Faustino,Beni non alimentari,Affitto figurativo (canone mensile),438.96
2009,San Faustino,Beni non alimentari,Mutuo (rata mensile),97.25
2010,Centro,Beni alimentari,Pane e cereali,47.43
2010,Centro,Beni alimentari,Carne,106.8
2010,Centro,Beni alimentari,Pesce,29.21
2010,Centro,Beni alimentari,"Latte, formaggi e uova",45.42
2010,Centro,Beni alimentari,Oli e grassi,9.31
2010,Centro,Beni alimentari,"Patate, frutta e ortaggi",80.74
2010,Centro,Beni alimentari,"Zucchero, caffè e drogheria",40.77
2010,Centro,Beni alimentari,Bevande,51.02
2010,Centro,Beni alimentari,Altri generi alimentari,8.68
2010,Centro,Beni non alimentari,Tabacchi,30.52
2010,Centro,Beni non alimentari,Abbigliamento e calzature,128.22
2010,Centro,Beni non alimentari,Abitazione,573.37
2010,Centro,Beni non alimentari,Combustibili ed energia,69.43
2010,Centro,Beni non alimentari,"Mobili, elettrodomestici, servizi casa",361.52
2010,Centro,Beni non alimentari,Sanità,190.98
2010,Centro,Beni non alimentari,Trasporti,236.73
2010,Centro,Beni non alimentari,Comunicazioni,75.6
2010,Centro,Beni non alimentari,Istruzione,74.65
2010,Centro,Beni non alimentari,"Tempo libero, cultura e giochi",224.59
2010,Centro,Beni non alimentari,Altri beni e servizi,451.29
2010,Centro,Beni non alimentari,Affitto figurativo (canone mensile),1004.66
2010,Centro,Beni non alimentari,Mutuo (rata mensile),89.82
2010,Crocetta,Beni alimentari,Pane e cereali,44.64
2010,Crocetta,Beni alimentari,Carne,84.71
2010,Crocetta,Beni alimentari,Pesce,25.47
2010,Crocetta,Beni alimentari,"Latte, formaggi e uova",49.38
2010,Crocetta,Beni alimentari,Oli e grassi,14.03
2010,Crocetta,Beni alimentari,"Patate, frutta e ortaggi",75.42
2010,Crocetta,Beni alimentari,"Zucchero, caffè e drogheria",34.69
2010,Crocetta,Beni alimentari,Bevande,42.81
2010,Crocetta,Beni alimentari,Altri generi alimentari,13.56
2010,Crocetta,Beni non alimentari,Tabacchi,18.88
2010,Crocetta,Beni non alimentari,Abbigliamento e calzature,132.76
2010,Crocetta,Beni non alimentari,Abitazione,423.33
2010,Crocetta,Beni non alimentari,Combustibili ed energia,71.91
2010,Crocetta,Beni non alimentari,"Mobili, elettrodomestici, servizi casa",200.95
2010,Crocetta,Beni non alimentari,Sanità,182.73
2010,Crocetta,Beni non alimentari,Trasporti,305.18
2010,Crocetta,Beni non alimentari,Comunicazioni,71.66
2010,Crocetta,Beni non alimentari,Istruzione,30.65
2010,Crocetta,Beni non alimentari,"Tempo libero, cultura e giochi",194.77
2010,Crocetta,Beni non alimentari,Altri beni e servizi,388.81
2010,Crocetta,Beni non alimentari,Affitto figurativo (canone mensile),619.63
2010,Crocetta,Beni non alimentari,Mutuo (rata mensile),83.79
2010,San Faustino,Beni alimentari,Pane e cereali,49.65
2010,San Faustino,Beni alimentari,Carne,91.14
2010,San Faustino,Beni alimentari,Pesce,28.68
2010,San Faustino,Beni alimentari,"Latte, formaggi e uova",49.98
2010,San Faustino,Beni alimentari,Oli e grassi,11.59
2010,San Faustino,Beni alimentari,"Patate, frutta e ortaggi",75.36
2010,San Faustino,Beni alimentari,"Zucchero, caffè e drogheria",42.83
2010,San Faustino,Beni alimentari,Bevande,43.29
2010,San Faustino,Beni alimentari,Altri generi alimentari,20.38
2010,San Faustino,Beni non alimentari,Tabacchi,17.25
2010,San Faustino,Beni non alimentari,Abbigliamento e calzature,109.2
2010,San Faustino,Beni non alimentari,Abitazione,357.92
2010,San Faustino,Beni non alimentari,Combustibili ed energia,69.68
2010,San Faustino,Beni non alimentari,"Mobili, elettrodomestici, servizi casa",161.81
2010,San Faustino,Beni non alimentari,Sanità,179.42
2010,San Faustino,Beni non alimentari,Trasporti,292.73
2010,San Faustino,Beni non alimentari,Comunicazioni,70.77
2010,San Faustino,Beni non alimentari,Istruzione,31.12
2010,San Faustino,Beni non alimentari,"Tempo libero, cultura e giochi",134.28
2010,San Faustino,Beni non alimentari,Altri beni e servizi,317.96
2010,San Faustino,Beni non alimentari,Affitto figurativo (canone mensile),536.87
2010,San Faustino,Beni non alimentari,Mutuo (rata mensile),103.04
2011,Centro,Beni alimentari,Pane e cereali,42.27
2011,Centro,Beni alimentari,Carne,123.95
2011,Centro,Beni alimentari,Pesce,24.43
2011,Centro,Beni alimentari,"Latte, formaggi e uova",49.67
2011,Centro,Beni alimentari,Oli e grassi,7.32
2011,Centro,Beni alimentari,"Patate, frutta e ortaggi",80.1
2011,Centro,Beni alimentari,"Zucchero, caffè e drogheria",45.88
2011,Centro,Beni alimentari,Bevande,47.94
2011,Centro,Beni alimentari,Altri generi alimentari,8.19
2011,Centro,Beni non alimentari,Tabacchi,19.49
2011,Centro,Beni non alimentari,Abbigliamento e calzature,119.74
2011,Centro,Beni non alimentari,Abitazione,595.27
2011,Centro,Beni non alimentari,Combustibili ed energia,71.31
2011,Centro,Beni non alimentari,"Mobili, elettrodomestici, servizi casa",362.92
2011,Centro,Beni non alimentari,Sanità,129.34
2011,Centro,Beni non alimentari,Trasporti,253.27
2011,Centro,Beni non alimentari,Comunicazioni,71.79
2011,Centro,Beni non alimentari,Istruzione,61.96
2011,Centro,Beni non alimentari,"Tempo libero, cultura e giochi",203.6
2011,Centro,Beni non alimentari,Altri beni e servizi,468.41
2011,Centro,Beni non alimentari,Affitto figurativo (canone mensile),1000.95
2011,Centro,Beni non alimentari,Mutuo (rata mensile),87.0
2011,Crocetta,Beni alimentari,Pane e cereali,45.6
2011,Crocetta,Beni alimentari,Carne,84.49
2011,Crocetta,Beni alimentari,Pesce,29.34
2011,Crocetta,Beni alimentari,"Latte, formaggi e uova",53.76
2011,Crocetta,Beni alimentari,Oli e grassi,12.19
2011,Crocetta,Beni alimentari,"Patate, frutta e ortaggi",74.43
2011,Crocetta,Beni alimentari,"Zucchero, caffè e drogheria",40.31
2011,Crocetta,Beni alimentari,Bevande,44.45
2011,Crocetta,Beni alimentari,Altri generi alimentari,14.65
2011,Crocetta,Beni non alimentari,Tabacchi,20.51
2011,Crocetta,Beni non alimentari,Abbigliamento e calzature,122.38
2011,Crocetta,Beni non alimentari,Abitazione,499.31
2011,Crocetta,Beni non alimentari,Combustibili ed energia,71.28
2011,Crocetta,Beni non alimentari,"Mobili, elettrodomestici, servizi casa",201.16
2011,Crocetta,Beni non alimentari,Sanità,172.32
2011,Crocetta,Beni non alimentari,Trasporti,277.17
2011,Crocetta,Beni non alimentari,Comunicazioni,75.15
2011,Crocetta,Beni non alimentari,Istruzione,30.0
2011,Crocetta,Beni non alimentari,"Tempo libero, cultura e giochi",184.19
2011,Crocetta,Beni non alimentari,Altri beni e servizi,424.78
2011,Crocetta,Beni non alimentari,Affitto figurativo (canone mensile),656.73
2011,Crocetta,Beni non alimentari,Mutuo (rata mensile),76.26
2011,San Faustino,Beni alimentari,Pane e cereali,45.45
2011,San Faustino,Beni alimentari,Carne,93.18
2011,San Faustino,Beni alimentari,Pesce,26.46
2011,San Faustino,Beni alimentari,"Latte, formaggi e uova",52.51
2011,San Faustino,Beni alimentari,Oli e grassi,12.65
2011,San Faustino,Beni alimentari,"Patate, frutta e ortaggi",81.26
2011,San Faustino,Beni alimentari,"Zucchero, caffè e drogheria",43.61
2011,San Faustino,Beni alimentari,Bevande,41.86
2011,San Faustino,Beni alimentari,Altri generi alimentari,17.75
2011,San Faustino,Beni non alimentari,Tabacchi,15.63
2011,San Faustino,Beni non alimentari,Abbigliamento e calzature,112.01
2011,San Faustino,Beni non alimentari,Abitazione,339.2
2011,San Faustino,Beni non alimentari,Combustibili ed energia,59.55
2011,San Faustino,Beni non alimentari,"Mobili, elettrodomestici, servizi casa",124.48
2011,San Faustino,Beni non alimentari,Sanità,147.55
2011,San Faustino,Beni non alimentari,Trasporti,264.38
2011,San Faustino,Beni non alimentari,Comunicazioni,67.92
2011,San Faustino,Beni non alimentari,Istruzione,22.49
2011,San Faustino,Beni non alimentari,"Tempo libero, cultura e giochi",146.52
2011,San Faustino,Beni non alimentari,Altri beni e servizi,332.88
2011,San Faustino,Beni non alimentari,Affitto figurativo (canone mensile),536.86
2011,San Faustino,Beni non alimentari,Mutuo (rata mensile),104.57
2012,Centro,Beni alimentari,Pane e cereali,61.31
2012,Centro,Beni alimentari,Carne,85.58
2012,Centro,Beni alimentari,Pesce,36.8
2012,Centro,Beni alimentari,"Latte, formaggi e uova",45.64
2012,Centro,Beni alimentari,Oli e grassi,9.32
2012,Centro,Beni alimentari,"Patate, frutta e ortaggi",98.83
2012,Centro,Beni alimentari,"Zucchero, caffè e drogheria",63.14
2012,Centro,Beni alimentari,Bevande,39.69
2012,Centro,Beni non alimentari,Tabacchi,42.2
2012,Centro,Beni non alimentari,Abbigliamento e calzature,157.85
2012,Centro,Beni non alimentari,Abitazione,707.33
2012,Centro,Beni non alimentari,Combustibili ed energia,72.4
2012,Centro,Beni non alimentari,"Mobili, elettrodomestici, servizi casa",327.23
2012,Centro,Beni non alimentari,Sanità,152.37
2012,Centro,Beni non alimentari,Trasporti,235.62
2012,Centro,Beni non alimentari,Comunicazioni,57.43
2012,Centro,Beni non alimentari,Istruzione,40.43
2012,Centro,Beni non alimentari,"Tempo libero, cultura e giochi",228.27
2012,Centro,Beni non alimentari,Altri beni e servizi,496.78
2012,Centro,Beni non alimentari,Affitto figurativo (canone mensile),844.54
2012,Centro,Beni non alimentari,Mutuo (rata mensile),53.05
2012,Crocetta,Beni alimentari,Pane e cereali,61.38
2012,Crocetta,Beni alimentari,Carne,93.29
2012,Crocetta,Beni alimentari,Pesce,26.88
2012,Crocetta,Beni alimentari,"Latte, formaggi e uova",54.23
2012,Crocetta,Beni alimentari,Oli e grassi,10.96
2012,Crocetta,Beni alimentari,"Patate, frutta e ortaggi",84.6
2012,Crocetta,Beni alimentari,"Zucchero, caffè e drogheria",46.97
2012,Crocetta,Beni alimentari,Bevande,49.56
2012,Crocetta,Beni non alimentari,Tabacchi,22.99
2012,Crocetta,Beni non alimentari,Abbigliamento e calzature,94.3
2012,Crocetta,Beni non alimentari,Abitazione,447.3
2012,Crocetta,Beni non alimentari,Combustibili ed energia,69.95
2012,Crocetta,Beni non alimentari,"Mobili, elettrodomestici, servizi casa",221.73
2012,Crocetta,Beni non alimentari,Sanità,125.81
2012,Crocetta,Beni non alimentari,Trasporti,262.99
2012,Crocetta,Beni non alimentari,Comunicazioni,65.9
2012,Crocetta,Beni non alimentari,Istruzione,36.12
2012,Crocetta,Beni non alimentari,"Tempo libero, cultura e giochi",129.88
2012,Crocetta,Beni non alimentari,Altri beni e servizi,397.22
2012,Crocetta,Beni non alimentari,Affitto figurativo (canone mensile),706.53
2012,Crocetta,Beni non alimentari,Mutuo (rata mensile),96.33
2012,San Faustino,Beni alimentari,Pane e cereali,59.56
2012,San Faustino,Beni alimentari,Carne,96.9
2012,San Faustino,Beni alimentari,Pesce,30.72
2012,San Faustino,Beni alimentari,"Latte, formaggi e uova",55.3
2012,San Faustino,Beni alimentari,Oli e grassi,10.91
2012,San Faustino,Beni alimentari,"Patate, frutta e ortaggi",80.61
2012,San Faustino,Beni alimentari,"Zucchero, caffè e drogheria",55.01
2012,San Faustino,Beni alimentari,Bevande,46.12
2012,San Faustino,Beni non alimentari,Tabacchi,27.83
2012,San Faustino,Beni non alimentari,Abbigliamento e calzature,84.06
2012,San Faustino,Beni non alimentari,Abitazione,412.41
2012,San Faustino,Beni non alimentari,Combustibili ed energia,70.67
2012,San Faustino,Beni non alimentari,"Mobili, elettrodomestici, servizi casa",186.06
2012,San Faustino,Beni non alimentari,Sanità,128.55
2012,San Faustino,Beni non alimentari,Trasporti,337.41
2012,San Faustino,Beni non alimentari,Comunicazioni,62.05
2012,San Faustino,Beni non alimentari,Istruzione,28.57
2012,San Faustino,Beni non alimentari,"Tempo libero, cultura e giochi",144.31
2012,San Faustino,Beni non alimentari,Altri beni e servizi,346.72
2012,San Faustino,Beni non alimentari,Affitto figurativo (canone mensile),596.06
2012,San Faustino,Beni non alimentari,Mutuo (rata mensile),117.69
2013,Centro,Beni alimentari,Pane e cereali,55.54
2013,Centro,Beni alimentari,Carne,82.42
2013,Centro,Beni alimentari,Pesce,31.41
2013,Centro,Beni alimentari,"Latte, formaggi e uova",52.41
2013,Centro,Beni alimentari,Oli e grassi,8.43
2013,Centro,Beni alimentari,"Patate, frutta e ortaggi",80.92
2013,Centro,Beni alimentari,"Zucchero, caffè e drogheria",54.28
2013,Centro,Beni alimentari,Bevande,32.86
2013,Centro,Beni non alimentari,Tabacchi,36.1
2013,Centro,Beni non alimentari,Abbigliamento e calzature,95.73
2013,Centro,Beni non alimentari,Abitazione,581.52
2013,Centro,Beni non alimentari,Combustibili ed energia,79.42
2013,Centro,Beni non alimentari,"Mobili, elettrodomestici, servizi casa",191.5
2013,Centro,Beni non alimentari,Sanità,142.99
2013,Centro,Beni non alimentari,Trasporti,358.86
2013,Centro,Beni non alimentari,Comunicazioni,68.5
2013,Centro,Beni non alimentari,Istruzione,50.07
2013,Centro,Beni non alimentari,"Tempo libero, cultura e giochi",139.8
2013,Centro,Beni non alimentari,Altri beni e servizi,381.64
2013,Centro,Beni non alimentari,Affitto figurativo (canone mensile),888.76
2013,Centro,Beni non alimentari,Mutuo (rata mensile),48.07
2013,Crocetta,Beni alimentari,Pane e cereali,61.41
2013,Crocetta,Beni alimentari,Carne,79.92
2013,Crocetta,Beni alimentari,Pesce,29.18
2013,Crocetta,Beni alimentari,"Latte, formaggi e uova",53.27
2013,Crocetta,Beni alimentari,Oli e grassi,8.4
2013,Crocetta,Beni alimentari,"Patate, frutta e ortaggi",85.34
2013,Crocetta,Beni alimentari,"Zucchero, caffè e drogheria",53.44
2013,Crocetta,Beni alimentari,Bevande,41.19
2013,Crocetta,Beni non alimentari,Tabacchi,20.17
2013,Crocetta,Beni non alimentari,Abbigliamento e calzature,98.88
2013,Crocetta,Beni non alimentari,Abitazione,456.93
2013,Crocetta,Beni non alimentari,Combustibili ed energia,71.88
2013,Crocetta,Beni non alimentari,"Mobili, elettrodomestici, servizi casa",187.79
2013,Crocetta,Beni non alimentari,Sanità,118.19
2013,Crocetta,Beni non alimentari,Trasporti,271.5
2013,Crocetta,Beni non alimentari,Comunicazioni,69.28
2013,Crocetta,Beni non alimentari,Istruzione,41.45
2013,Crocetta,Beni non alimentari,"Tempo libero, cultura e giochi",128.47
2013,Crocetta,Beni non alimentari,Altri beni e servizi,380.58
2013,Crocetta,Beni non alimentari,Affitto figurativo (canone mensile),689.46
2013,Crocetta,Beni non alimentari,Mutuo (rata mensile),58.52
2013,San Faustino,Beni alimentari,Pane e cereali,57.76
2013,San Faustino,Beni alimentari,Carne,77.96
2013,San Faustino,Beni alimentari,Pesce,29.58
2013,San Faustino,Beni alimentari,"Latte, formaggi e uova",46.98
2013,San Faustino,Beni alimentari,Oli e grassi,9.44
2013,San Faustino,Beni alimentari,"Patate, frutta e ortaggi",81.66
2013,San Faustino,Beni alimentari,"Zucchero, caffè e drogheria",50.67
2013,San Faustino,Beni alimentari,Bevande,37.09
2013,San Faustino,Beni non alimentari,Tabacchi,17.53
2013,San Faustino,Beni non alimentari,Abbigliamento e calzature,95.56
2013,San Faustino,Beni non alimentari,Abitazione,400.92
2013,San Faustino,Beni non alimentari,Combustibili ed energia,62.42
2013,San Faustino,Beni non alimentari,"Mobili, elettrodomestici, servizi casa",130.01
2013,San Faustino,Beni non alimentari,Sanità,110.27
2013,San Faustino,Beni non alimentari,Trasporti,258.61
2013,San Faustino,Beni non alimentari,Comunicazioni,70.5
2013,San Faustino,Beni non alimentari,Istruzione,32.89
2013,San Faustino,Beni non alimentari,"Tempo libero, cultura e giochi",107.27
2013,San Faustino,Beni non alimentari,Altri beni e servizi,342.17
2013,San Faustino,Beni non alimentari,Affitto figurativo (canone mensile),613.68
2013,San Faustino,Beni non alimentari,Mutuo (rata mensile),78.05
2007,Buon Pastore,Beni alimentari,Pane e cereali,55.11475296218148
2007,Buon Pastore,Beni alimentari,Carne,91.57478559869287
2007,Buon Pastore,Beni alimentari,Pesce,32.535552567998664
2007,Buon Pastore,Beni alimentari,"Latte, formaggi e uova",60.232705051529585
2007,Buon Pastore,Beni alimentari,Oli e grassi,10.81651218883234
2007,Buon Pastore,Beni alimentari,"Patate, frutta e ortaggi",92.52096161521101
2007,Buon Pastore,Beni alimentari,"Zucchero, caffè e drogheria",54.74918495579947
2007,Buon Pastore,Beni alimentari,Bevande,45.007872785737746
2007,Buon Pastore,Beni alimentari,Altri generi alimentari,19.084800333178332
2007,Buon Pastore,Beni non alimentari,Tabacchi,23.20281640506977
2007,Buon Pastore,Beni non alimentari,Abbigliamento e calzature,114.91737800620281
2007,Buon Pastore,Beni non alimentari,Abitazione,366.77223040303056
2007,Buon Pastore,Beni non alimentari,Combustibili ed energia,101.52038577232102
2007,Buon Pastore,Beni non alimentari,"Mobili, elettrodomestici, servizi casa",107.76729788137827
2007,Buon Pastore,Beni non alimentari,Sanità,152.5816346637373
2007,Buon Pastore,Beni non alimentari,Trasporti,395.11450289782385
2007,Buon Pastore,Beni non alimentari,Comunicazioni,66.51187316114995
2007,Buon Pastore,Beni non alimentari,Istruzione,26.138112456313532
2007,Buon Pastore,Beni non alimentari,"Tempo libero, cultura e giochi",110.74560193337285
2007,Buon Pastore,Beni non alimentari,Altri beni e servizi,312.71117345924426
2007,Buon Pastore,Beni non alimentari,Affitto figurativo (canone mensile),476.72218432251316
2007,Buon Pastore,Beni non alimentari,Mutuo (rata mensile),76.17792132989773
2008,Buon Pastore,Beni alimentari,Pane e cereali,58.64140902374908
2008,Buon Pastore,Beni alimentari,Carne,107.60601787856267
2008,Buon Pastore,Beni alimentari,Pesce,32.847360573442145
2008,Buon Pastore,Beni alimentari,"Latte, formaggi e uova",59.99616104740005
2008,Buon Pastore,Beni alimentari,Oli e grassi,14.353920250587645
2008,Buon Pastore,Beni alimentari,"Patate, frutta e ortaggi",96.76800168935492
2008,Buon Pastore,Beni alimentari,"Zucchero, caffè e drogheria",51.125760892542516
2008,Buon Pastore,Beni alimentari,Bevande,40.86835271347089
2008,Buon Pastore,Beni alimentari,Altri generi alimentari,28.008960488974395
2008,Buon Pastore,Beni non alimentari,Tabacchi,27.482112479776795
2008,Buon Pastore,Beni non alimentari,Abbigliamento e calzature,127.80902623126244
2008,Buon Pastore,Beni non alimentari,Abitazione,432.12288754390823
2008,Buon Pastore,Beni non alimentari,Combustibili ed energia,107.2942098731192
2008,Buon Pastore,Beni non alimentari,"Mobili, elettrodomestici, servizi casa",129.59385826242166
2008,Buon Pastore,Beni non alimentari,Sanità,189.12768330175035
2008,Buon Pastore,Beni non alimentari,Trasporti,287.8740530256432
2008,Buon Pastore,Beni non alimentari,Comunicazioni,79.607809389776
2008,Buon Pastore,Beni non alimentari,Istruzione,34.73971260647842
2008,Buon Pastore,Beni non alimentari,"Tempo libero, cultura e giochi",105.97171385003135
2008,Buon Pastore,Beni non alimentari,Altri beni e servizi,310.4855094203891
2008,Buon Pastore,Beni non alimentari,Affitto figurativo (canone mensile),497.215496680281
2008,Buon Pastore,Beni non alimentari,Mutuo (rata mensile),116.71296203754974
2009,Buon Pastore,Beni alimentari,Pane e cereali,53.48044893365015
2009,Buon Pastore,Beni alimentari,Carne,105.24057783726732
2009,Buon Pastore,Beni alimentari,Pesce,24.364032425342028
2009,Buon Pastore,Beni alimentari,"Latte, formaggi e uova",63.86688111497425
2009,Buon Pastore,Beni alimentari,Oli e grassi,14.945280260911483
2009,Buon Pastore,Beni alimentari,"Patate, frutta e ortaggi",79.55404938883744
2009,Buon Pastore,Beni alimentari,"Zucchero, caffè e drogheria",45.01862478592545
2009,Buon Pastore,Beni alimentari,Bevande,43.64236876189907
2009,Buon Pastore,Beni alimentari,Altri generi alimentari,22.364160390428694
2009,Buon Pastore,Beni non alimentari,Tabacchi,21.321216372221198
2009,Buon Pastore,Beni non alimentari,Abbigliamento e calzature,113.91744198874616
2009,Buon Pastore,Beni non alimentari,Abitazione,388.16871077656566
2009,Buon Pastore,Beni non alimentari,Combustibili ed energia,82.2850574365148
2009,Buon Pastore,Beni non alimentari,"Mobili, elettrodomestici, servizi casa",132.57216231441623
2009,Buon Pastore,Beni non alimentari,Sanità,191.63289934548584
2009,Buon Pastore,Beni non alimentari,Trasporti,325.48454968223916
2009,Buon Pastore,Beni non alimentari,Comunicazioni,76.94131334322486
2009,Buon Pastore,Beni non alimentari,Istruzione,29.97657652332461
2009,Buon Pastore,Beni non alimentari,"Tempo libero, cultura e giochi",152.90419466936848
2009,Buon Pastore,Beni non alimentari,Altri beni e servizi,290.7125810751976
2009,Buon Pastore,Beni non alimentari,Affitto figurativo (canone mensile),471.96980023954706
2009,Buon Pastore,Beni non alimentari,Mutuo (rata mensile),104.56320182544184
2010,Buon Pastore,Beni alimentari,Pane e cereali,53.3836809319608
2010,Buon Pastore,Beni alimentari,Carne,97.99372971075341
2010,Buon Pastore,Beni alimentari,Pesce,30.8367365383411
2010,Buon Pastore,Beni alimentari,"Latte, formaggi e uova",53.738496938155095
2010,Buon Pastore,Beni alimentari,Oli e grassi,12.461568217551372
2010,Buon Pastore,Beni alimentari,"Patate, frutta e ortaggi",81.02707341455319
2010,Buon Pastore,Beni alimentari,"Zucchero, caffè e drogheria",46.05081680394523
2010,Buon Pastore,Beni alimentari,Bevande,46.545408812579716
2010,Buon Pastore,Beni alimentari,Altri generi alimentari,21.912576382545033
2010,Buon Pastore,Beni non alimentari,Tabacchi,18.547200323793028
2010,Buon Pastore,Beni non alimentari,Abbigliamento e calzature,117.41184204975065
2010,Buon Pastore,Beni non alimentari,Abitazione,384.8355907183768
2010,Buon Pastore,Beni non alimentari,Combustibili ed energia,74.91993730793612
2010,Buon Pastore,Beni non alimentari,"Mobili, elettrodomestici, servizi casa",173.97811503727243
2010,Buon Pastore,Beni non alimentari,Sanità,192.91238736782287
2010,Buon Pastore,Beni non alimentari,Trasporti,314.74330149472075
2010,Buon Pastore,Beni non alimentari,Comunicazioni,76.09190532839608
2010,Buon Pastore,Beni non alimentari,Istruzione,33.46022458414139
2010,Buon Pastore,Beni non alimentari,"Tempo libero, cultura e giochi",144.37785852051755
2010,Buon Pastore,Beni non alimentari,Altri beni e servizi,341.87059796830323
2010,Buon Pastore,Beni non alimentari,Affitto figurativo (canone mensile),577.2426340773775
2010,Buon Pastore,Beni non alimentari,Mutuo (rata mensile),110.78860993412368
2011,Buon Pastore,Beni alimentari,Pane e cereali,48.867840853124235
2011,Buon Pastore,Beni alimentari,Carne,100.18713774904546
2011,Buon Pastore,Beni alimentari,Pesce,28.449792496670348
2011,Buon Pastore,Beni alimentari,"Latte, formaggi e uova",56.45875298564474
2011,Buon Pastore,Beni alimentari,Oli e grassi,13.60128023744822
2011,Buon Pastore,Beni alimentari,"Patate, frutta e ortaggi",87.37075352529979
2011,Buon Pastore,Beni alimentari,"Zucchero, caffè e drogheria",46.88947281858631
2011,Buon Pastore,Beni alimentari,Bevande,45.007872785737746
2011,Buon Pastore,Beni alimentari,Altri generi alimentari,19.084800333178332
2011,Buon Pastore,Beni non alimentari,Tabacchi,16.80537629338464
2011,Buon Pastore,Beni non alimentari,Abbigliamento e calzature,120.43315410249606
2011,Buon Pastore,Beni non alimentari,Abitazione,364.70784636699096
2011,Buon Pastore,Beni non alimentari,Combustibili ed energia,64.02816111778984
2011,Buon Pastore,Beni non alimentari,"Mobili, elettrodomestici, servizi casa",133.84089833656557
2011,Buon Pastore,Beni non alimentari,Sanità,158.64576276960355
2011,Buon Pastore,Beni non alimentari,Trasporti,284.2613809625739
2011,Buon Pastore,Beni non alimentari,Comunicazioni,73.02758527489985
2011,Buon Pastore,Beni non alimentari,Istruzione,24.18124842215102
2011,Buon Pastore,Beni non alimentari,"Tempo libero, cultura e giochi",157.5383067502698
2011,Buon Pastore,Beni non alimentari,Altri beni e servizi,357.9125822483607
2011,Buon Pastore,Beni non alimentari,Affitto figurativo (canone mensile),577.2318820771898
2011,Buon Pastore,Beni non alimentari,Mutuo (rata mensile),112.43366596284271
2012,Buon Pastore,Beni alimentari,Pane e cereali,64.03891311797754
2012,Buon Pastore,Beni alimentari,Carne,104.18688181887214
2012,Buon Pastore,Beni alimentari,Pesce,33.03014457663315
2012,Buon Pastore,Beni alimentari,"Latte, formaggi e uova",59.45856103801474
2012,Buon Pastore,Beni alimentari,Oli e grassi,11.730432204787357
2012,Buon Pastore,Beni alimentari,"Patate, frutta e ortaggi",86.67187351309889
2012,Buon Pastore,Beni alimentari,"Zucchero, caffè e drogheria",59.14675303257127
2012,Buon Pastore,Beni alimentari,Bevande,49.58822486570054
2012,Buon Pastore,Beni non alimentari,Tabacchi,29.922816522386082
2012,Buon Pastore,Beni non alimentari,Abbigliamento e calzature,90.3813135778575
2012,Buon Pastore,Beni non alimentari,Abitazione,443.4232397411874
2012,Buon Pastore,Beni non alimentari,Combustibili ed energia,75.98438532651903
2012,Buon Pastore,Beni non alimentari,"Mobili, elettrodomestici, servizi casa",200.05171549245975
2012,Buon Pastore,Beni non alimentari,Sanità,138.21696241296195
2012,Buon Pastore,Beni non alimentari,Trasporti,362.78323833339164
2012,Buon Pastore,Beni non alimentari,Comunicazioni,66.71616116471637
2012,Buon Pastore,Beni non alimentari,Istruzione,30.718464536276336
2012,Buon Pastore,Beni non alimentari,"Tempo libero, cultura e giochi",155.16211470878676
2012,Buon Pastore,Beni non alimentari,Altri beni e servizi,372.793350508146
2012,Buon Pastore,Beni non alimentari,Affitto figurativo (canone mensile),640.8837231884098
2012,Buon Pastore,Beni non alimentari,Mutuo (rata mensile),126.54029020911311
2013,Buon Pastore,Beni alimentari,Pane e cereali,62.103553084190445
2013,Buon Pastore,Beni alimentari,Carne,83.82259346335677
2013,Buon Pastore,Beni alimentari,Pesce,31.80441655523465
2013,Buon Pastore,Beni alimentari,"Latte, formaggi e uova",50.51289688184326
2013,Buon Pastore,Beni alimentari,Oli e grassi,10.14988817719456
2013,Buon Pastore,Beni alimentari,"Patate, frutta e ortaggi",87.80083353280803
2013,Buon Pastore,Beni alimentari,"Zucchero, caffè e drogheria",54.48038495110682
2013,Buon Pastore,Beni alimentari,Bevande,39.87916869620194
2013,Buon Pastore,Beni non alimentari,Tabacchi,18.848256329048798
2013,Buon Pastore,Beni non alimentari,Abbigliamento e calzature,102.74611379371952
2013,Buon Pastore,Beni non alimentari,Abitazione,431.0691915255131
2013,Buon Pastore,Beni non alimentari,Combustibili ed energia,67.1139851716615
2013,Buon Pastore,Beni non alimentari,"Mobili, elettrodomestici, servizi casa",139.78675444036702
2013,Buon Pastore,Beni non alimentari,Sanità,118.56230606983519
2013,Buon Pastore,Beni non alimentari,Trasporti,278.0574768542675
2013,Buon Pastore,Beni non alimentari,Comunicazioni,75.80160132332801
2013,Buon Pastore,Beni non alimentari,Istruzione,35.36332861736537
2013,Buon Pastore,Beni non alimentari,"Tempo libero, cultura e giochi",115.33670601352335
2013,Buon Pastore,Beni non alimentari,Altri beni e servizi,367.9011904227397
2013,Buon Pastore,Beni non alimentari,Affitto figurativo (canone mensile),659.828747519148
2013,Buon Pastore,Beni non alimentari,Mutuo (rata mensile),83.91936146504612
2014,Centro,Beni alimentari,Pane e cereali,56.48
2014,Centro,Beni alimentari,Carne,82.49
2014,Centro,Beni alimentari,Pesce,31.99
2014,Centro,Beni alimentari,"Latte, formaggi e uova",53.88
2014,Centro,Beni alimentari,Oli e grassi,8.58
2014,Centro,Beni alimentari,"Patate, frutta e ortaggi",81.77
2014,Centro,Beni alimentari,"Zucchero, caffè e drogheria",55.09
2014,Centro,Beni alimentari,Bevande,33.93
2014,Centro,Beni non alimentari,Tabacchi,37.07
2014,Centro,Beni non alimentari,Abbigliamento e calzature,98.91
2014,Centro,Beni non alimentari,Abitazione,598.28
2014,Centro,Beni non alimentari,Combustibili ed energia,81.15
2014,Centro,Beni non alimentari,"Mobili, elettrodomestici, servizi casa",192.88
2014,Centro,Beni non alimentari,Sanità,147.52
2014,Centro,Beni non alimentari,Trasporti,369.09
2014,Centro,Beni non alimentari,Comunicazioni,69.11
2014,Centro,Beni non alimentari,Istruzione,49.82
2014,Centro,Beni non alimentari,"Tempo libero, cultura e giochi",141.27
2014,Centro,Beni non alimentari,Altri beni e servizi,391.92
2014,Centro,Beni non alimentari,Affitto figurativo (canone mensile),908.69
2014,Centro,Beni non alimentari,Mutuo (rata mensile),48.89
2014,Crocetta,Beni alimentari,Pane e cereali,63.39
2014,Crocetta,Beni alimentari,Carne,80.56
2014,Crocetta,Beni alimentari,Pesce,29.38
2014,Crocetta,Beni alimentari,"Latte, formaggi e uova",54.77
2014,Crocetta,Beni alimentari,Oli e grassi,8.59
2014,Crocetta,Beni alimentari,"Patate, frutta e ortaggi",87.89
2014,Crocetta,Beni alimentari,"Zucchero, caffè e drogheria",53.33
2014,Crocetta,Beni alimentari,Bevande,41.08
2014,Crocetta,Beni non alimentari,Tabacchi,20.12
2014,Crocetta,Beni non alimentari,Abbigliamento e calzature,101.2
2014,Crocetta,Beni non alimentari,Abitazione,472.25
2014,Crocetta,Beni non alimentari,Combustibili ed energia,73.46
2014,Crocetta,Beni non alimentari,"Mobili, elettrodomestici, servizi casa",190.34
2014,Crocetta,Beni non alimentari,Sanità,119.01
2014,Crocetta,Beni non alimentari,Trasporti,275.4
2014,Crocetta,Beni non alimentari,Comunicazioni,69.48
2014,Crocetta,Beni non alimentari,Istruzione,42.13
2014,Crocetta,Beni non alimentari,"Tempo libero, cultura e giochi",128.33
2014,Crocetta,Beni non alimentari,Altri beni e servizi,387.08
2014,Crocetta,Beni non alimentari,Affitto figurativo (canone mensile),705.85
2014,Crocetta,Beni non alimentari,Mutuo (rata mensile),60.58
2014,San Faustino,Beni alimentari,Pane e cereali,59.69
2014,San Faustino,Beni alimentari,Carne,80.01
2014,San Faustino,Beni alimentari,Pesce,30.07
2014,San Faustino,Beni alimentari,"Latte, formaggi e uova",47.08
2014,San Faustino,Beni alimentari,Oli e grassi,9.48
2014,San Faustino,Beni alimentari,"Patate, frutta e ortaggi",82.61
2014,San Faustino,Beni alimentari,"Zucchero, caffè e drogheria",52.4
2014,San Faustino,Beni alimentari,Bevande,37.64
2014,San Faustino,Beni non alimentari,Tabacchi,17.45
2014,San Faustino,Beni non alimentari,Abbigliamento e calzature,96.78
2014,San Faustino,Beni non alimentari,Abitazione,408.3
2014,San Faustino,Beni non alimentari,Combustibili ed energia,63.61
2014,San Faustino,Beni non alimentari,"Mobili, elettrodomestici, servizi casa",134.52
2014,San Faustino,Beni non alimentari,Sanità,110.79
2014,San Faustino,Beni non alimentari,Trasporti,267.84
2014,San Faustino,Beni non alimentari,Comunicazioni,73.02
2014,San Faustino,Beni non alimentari,Istruzione,33.15
2014,San Faustino,Beni non alimentari,"Tempo libero, cultura e giochi",109.15
2014,San Faustino,Beni non alimentari,Altri beni e servizi,348.56
2014,San Faustino,Beni non alimentari,Affitto figurativo (canone mensile),614.27
2014,San Faustino,Beni non alimentari,Mutuo (rata mensile),77.9
2014,Buon Pastore,Beni alimentari,Pane e cereali,63.99
2014,Buon Pastore,Beni alimentari,Carne,85.59
2014,Buon Pastore,Beni alimentari,Pesce,31.72
2014,Buon Pastore,Beni alimentari,"Latte, formaggi e uova",50.9
2014,Buon Pastore,Beni alimentari,Oli e grassi,10.26
2014,Buon Pastore,Beni alimentari,"Patate, frutta e ortaggi",90.67
2014,Buon Pastore,Beni alimentari,"Zucchero, caffè e drogheria",55.43
2014,Buon Pastore,Beni alimentari,Bevande,40.38
2014,Buon Pastore,Beni non alimentari,Tabacchi,18.85
2014,Buon Pastore,Beni non alimentari,Abbigliamento e calzature,102.75
2014,Buon Pastore,Beni non alimentari,Abitazione,432.98
2014,Buon Pastore,Beni non alimentari,Combustibili ed energia,68.03
2014,Buon Pastore,Beni non alimentari,"Mobili, elettrodomestici, servizi casa",139.36
2014,Buon Pastore,Beni non alimentari,Sanità,121.55
2014,Buon Pastore,Beni non alimentari,Trasporti,287.75
2014,Buon Pastore,Beni non alimentari,Comunicazioni,78.79
2014,Buon Pastore,Beni non alimentari,Istruzione,35.91
2014,Buon Pastore,Beni non alimentari,"Tempo libero, cultura e giochi",118.14
2014,Buon Pastore,Beni non alimentari,Altri beni e servizi,375.09
2014,Buon Pastore,Beni non alimentari,Affitto figurativo (canone mensile),659.33
2014,Buon Pastore,Beni non alimentari,Mutuo (rata mensile),84.93
2015,Centro,Beni alimentari,Pane e cereali,58.72
2015,Centro,Beni alimentari,Carne,84.7
2015,Centro,Beni alimentari,Pesce,32.95
2015,Centro,Beni alimentari,"Latte, formaggi e uova",54.01
2015,Centro,Beni alimentari,Oli e grassi,8.73
2015,Centro,Beni alimentari,"Patate, frutta e ortaggi",84.66
2015,Centro,Beni alimentari,"Zucchero, caffè e drogheria",55.86
2015,Centro,Beni alimentari,Bevande,33.88
2015,Centro,Beni non alimentari,Tabacchi,38.36
2015,Centro,Beni non alimentari,Abbigliamento e calzature,100.26
2015,Centro,Beni non alimentari,Abitazione,618.57
2015,Centro,Beni non alimentari,Combustibili ed energia,83.61
2015,Centro,Beni non alimentari,"Mobili, elettrodomestici, servizi casa",199.63
2015,Centro,Beni non alimentari,Sanità,148.59
2015,Centro,Beni non alimentari,Trasporti,372.4
2015,Centro,Beni non alimentari,Comunicazioni,70.23
2015,Centro,Beni non alimentari,Istruzione,51.44
2015,Centro,Beni non alimentari,"Tempo libero, cultura e giochi",144.38
2015,Centro,Beni non alimentari,Altri beni e servizi,396.55
2015,Centro,Beni non alimentari,Affitto figurativo (canone mensile),908.47
2015,Centro,Beni non alimentari,Mutuo (rata mensile),49.53
2015,Crocetta,Beni alimentari,Pane e cereali,65.18
2015,Crocetta,Beni alimentari,Carne,81.53
2015,Crocetta,Beni alimentari,Pesce,29.36
2015,Crocetta,Beni alimentari,"Latte, formaggi e uova",56.03
2015,Crocetta,Beni alimentari,Oli e grassi,8.72
2015,Crocetta,Beni alimentari,"Patate, frutta e ortaggi",90.53
2015,Crocetta,Beni alimentari,"Zucchero, caffè e drogheria",53.73
2015,Crocetta,Beni alimentari,Bevande,41.96
2015,Crocetta,Beni non alimentari,Tabacchi,20.62
2015,Crocetta,Beni non alimentari,Abbigliamento e calzature,104.71
2015,Crocetta,Beni non alimentari,Abitazione,470.52
2015,Crocetta,Beni non alimentari,Combustibili ed energia,74.02
2015,Crocetta,Beni non alimentari,"Mobili, elettrodomestici, servizi casa",194.64
2015,Crocetta,Beni non alimentari,Sanità,120.05
2015,Crocetta,Beni non alimentari,Trasporti,284.23
2015,Crocetta,Beni non alimentari,Comunicazioni,71.91
2015,Crocetta,Beni non alimentari,Istruzione,43.0
2015,Crocetta,Beni non alimentari,"Tempo libero, cultura e giochi",131.42
2015,Crocetta,Beni non alimentari,Altri beni e servizi,400.23
2015,Crocetta,Beni non alimentari,Affitto figurativo (canone mensile),713.3
2015,Crocetta,Beni non alimentari,Mutuo (rata mensile),62.8
2015,San Faustino,Beni alimentari,Pane e cereali,61.32
2015,San Faustino,Beni alimentari,Carne,82.88
2015,San Faustino,Beni alimentari,Pesce,31.18
2015,San Faustino,Beni alimentari,"Latte, formaggi e uova",48.14
2015,San Faustino,Beni alimentari,Oli e grassi,9.68
2015,San Faustino,Beni alimentari,"Patate, frutta e ortaggi",85.13
2015,San Faustino,Beni alimentari,"Zucchero, caffè e drogheria",52.96
2015,San Faustino,Beni alimentari,Bevande,38.01
2015,San Faustino,Beni non alimentari,Tabacchi,17.55
2015,San Faustino,Beni non alimentari,Abbigliamento e calzature,99.03
2015,San Faustino,Beni non alimentari,Abitazione,411.4
2015,San Faustino,Beni non alimentari,Combustibili ed energia,65.01
2015,San Faustino,Beni non alimentari,"Mobili, elettrodomestici, servizi casa",134.81
2015,San Faustino,Beni non alimentari,Sanità,112.8
2015,San Faustino,Beni non alimentari,Trasporti,273.45
2015,San Faustino,Beni non alimentari,Comunicazioni,73.44
2015,San Faustino,Beni non alimentari,Istruzione,33.34
2015,San Faustino,Beni non alimentari,"Tempo libero, cultura e giochi",111.6
2015,San Faustino,Beni non alimentari,Altri beni e servizi,354.1
2015,San Faustino,Beni non alimentari,Affitto figurativo (canone mensile),633.11
2015,San Faustino,Beni non alimentari,Mutuo (rata mensile),79.34
2015,Buon Pastore,Beni alimentari,Pane e cereali,64.97
2015,Buon Pastore,Beni alimentari,Carne,88.66
2015,Buon Pastore,Beni alimentari,Pesce,31.81
2015,Buon Pastore,Beni alimentari,"Latte, formaggi e uova",52.44
2015,Buon Pastore,Beni alimentari,Oli e grassi,10.4
2015,Buon Pastore,Beni alimentari,"Patate, frutta e ortaggi",92.6
2015,Buon Pastore,Beni alimentari,"Zucchero, caffè e drogheria",55.83
2015,Buon Pastore,Beni alimentari,Bevande,40.52
2015,Buon Pastore,Beni non alimentari,Tabacchi,19.43
2015,Buon Pastore,Beni non alimentari,Abbigliamento e calzature,103.94
2015,Buon Pastore,Beni non alimentari,Abitazione,445.79
2015,Buon Pastore,Beni non alimentari,Combustibili ed energia,70.5
2015,Buon Pastore,Beni non alimentari,"Mobili, elettrodomestici, servizi casa",138.99
2015,Buon Pastore,Beni non alimentari,Sanità,122.87
2015,Buon Pastore,Beni non alimentari,Trasporti,289.84
2015,Buon Pastore,Beni non alimentari,Comunicazioni,79.46
2015,Buon Pastore,Beni non alimentari,Istruzione,36.23
2015,Buon Pastore,Beni non alimentari,"Tempo libero, cultura e giochi",121.27
2015,Buon Pastore,Beni non alimentari,Altri beni e servizi,385.3
2015,Buon Pastore,Beni non alimentari,Affitto figurativo (canone mensile),676.2
2015,Buon Pastore,Beni non alimentari,Mutuo (rata mensile),87.18
2016,Centro,Beni alimentari,Pane e cereali,60.01
2016,Centro,Beni alimentari,Carne,86.94
2016,Centro,Beni alimentari,Pesce,34.0
2016,Centro,Beni alimentari,"Latte, formaggi e uova",54.64
2016,Centro,Beni alimentari,Oli e grassi,9.11
2016,Centro,Beni alimentari,"Patate, frutta e ortaggi",88.21
2016,Centro,Beni alimentari,"Zucchero, caffè e drogheria",58.14
2016,Centro,Beni alimentari,Bevande,35.26
2016,Centro,Beni non alimentari,Tabacchi,38.93
2016,Centro,Beni non alimentari,Abbigliamento e calzature,104.44
2016,Centro,Beni non alimentari,Abitazione,647.53
2016,Centro,Beni non alimentari,Combustibili ed energia,86.63
2016,Centro,Beni non alimentari,"Mobili, elettrodomestici, servizi casa",202.41
2016,Centro,Beni non alimentari,Sanità,155.25
2016,Centro,Beni non alimentari,Trasporti,381.6
2016,Centro,Beni non alimentari,Comunicazioni,71.65
2016,Centro,Beni non alimentari,Istruzione,52.16
2016,Centro,Beni non alimentari,"Tempo libero, cultura e giochi",151.01
2016,Centro,Beni non alimentari,Altri beni e servizi,411.51
2016,Centro,Beni non alimentari,Affitto figurativo (canone mensile),931.75
2016,Centro,Beni non alimentari,Mutuo (rata mensile),50.05
2016,Crocetta,Beni alimentari,Pane e cereali,67.11
2016,Crocetta,Beni alimentari,Carne,83.08
2016,Crocetta,Beni alimentari,Pesce,29.72
2016,Crocetta,Beni alimentari,"Latte, formaggi e uova",56.88
2016,Crocetta,Beni alimentari,Oli e grassi,9.12
2016,Crocetta,Beni alimentari,"Patate, frutta e ortaggi",91.75
2016,Crocetta,Beni alimentari,"Zucchero, caffè e drogheria",55.6
2016,Crocetta,Beni alimentari,Bevande,44.02
2016,Crocetta,Beni non alimentari,Tabacchi,21.1
2016,Crocetta,Beni non alimentari,Abbigliamento e calzature,108.35
2016,Crocetta,Beni non alimentari,Abitazione,482.93
2016,Crocetta,Beni non alimentari,Combustibili ed energia,76.75
2016,Crocetta,Beni non alimentari,"Mobili, elettrodomestici, servizi casa",200.8
2016,Crocetta,Beni non alimentari,Sanità,125.54
2016,Crocetta,Beni non alimentari,Trasporti,293.51
2016,Crocetta,Beni non alimentari,Comunicazioni,73.91
2016,Crocetta,Beni non alimentari,Istruzione,43.34
2016,Crocetta,Beni non alimentari,"Tempo libero, cultura e giochi",137.27
2016,Crocetta,Beni non alimentari,Altri beni e servizi,407.15
2016,Crocetta,Beni non alimentari,Affitto figurativo (canone mensile),742.23
2016,Crocetta,Beni non alimentari,Mutuo (rata mensile),63.66
2016,San Faustino,Beni alimentari,Pane e cereali,62.62
2016,San Faustino,Beni alimentari,Carne,86.0
2016,San Faustino,Beni alimentari,Pesce,32.1
2016,San Faustino,Beni alimentari,"Latte, formaggi e uova",48.99
2016,San Faustino,Beni alimentari,Oli e grassi,9.81
2016,San Faustino,Beni alimentari,"Patate, frutta e ortaggi",88.95
2016,San Faustino,Beni alimentari,"Zucchero, caffè e drogheria",53.89
2016,San Faustino,Beni alimentari,Bevande,38.78
2016,San Faustino,Beni non alimentari,Tabacchi,18.14
2016,San Faustino,Beni non alimentari,Abbigliamento e calzature,102.51
2016,San Faustino,Beni non alimentari,Abitazione,421.24
2016,San Faustino,Beni non alimentari,Combustibili ed energia,67.43
2016,San Faustino,Beni non alimentari,"Mobili, elettrodomestici, servizi casa",140.09
2016,San Faustino,Beni non alimentari,Sanità,116.33
2016,San Faustino,Beni non alimentari,Trasporti,279.28
2016,San Faustino,Beni non alimentari,Comunicazioni,75.08
2016,San Faustino,Beni non alimentari,Istruzione,33.7
2016,San Faustino,Beni non alimentari,"Tempo libero, cultura e giochi",113.47
2016,San Faustino,Beni non alimentari,Altri beni e servizi,356.86
2016,San Faustino,Beni non alimentari,Affitto figurativo (canone mensile),655.86
2016,San Faustino,Beni non alimentari,Mutuo (rata mensile),80.47
2016,Buon Pastore,Beni alimentari,Pane e cereali,66.33
2016,Buon Pastore,Beni alimentari,Carne,89.34
2016,Buon Pastore,Beni alimentari,Pesce,33.1
2016,Buon Pastore,Beni alimentari,"Latte, formaggi e uova",54.25
2016,Buon Pastore,Beni alimentari,Oli e grassi,10.88
2016,Buon Pastore,Beni alimentari,"Patate, frutta e ortaggi",95.06
2016,Buon Pastore,Beni alimentari,"Zucchero, caffè e drogheria",56.38
2016,Buon Pastore,Beni alimentari,Bevande,41.97
2016,Buon Pastore,Beni non alimentari,Tabacchi,19.87
2016,Buon Pastore,Beni non alimentari,Abbigliamento e calzature,104.74
2016,Buon Pastore,Beni non alimentari,Abitazione,452.78
2016,Buon Pastore,Beni non alimentari,Combustibili ed energia,71.77
2016,Buon Pastore,Beni non alimentari,"Mobili, elettrodomestici, servizi casa",143.86
2016,Buon Pastore,Beni non alimentari,Sanità,125.72
2016,Buon Pastore,Beni non alimentari,Trasporti,295.55
2016,Buon Pastore,Beni non alimentari,Comunicazioni,79.86
2016,Buon Pastore,Beni non alimentari,Istruzione,36.7
2016,Buon Pastore,Beni non alimentari,"Tempo libero, cultura e giochi",122.02
2016,Buon Pastore,Beni non alimentari,Altri beni e servizi,389.85
2016,Buon Pastore,Beni non alimentari,Affitto figurativo (canone mensile),700.54
2016,Buon Pastore,Beni non alimentari,Mutuo (rata mensile),90.88
2017,Centro,Beni alimentari,Pane e cereali,61.65
2017,Centro,Beni alimentari,Carne,86.58
2017,Centro,Beni alimentari,Pesce,34.32
2017,Centro,Beni alimentari,"Latte, formaggi e uova",56.6
2017,Centro,Beni alimentari,Oli e grassi,9.19
2017,Centro,Beni alimentari,"Patate, frutta e ortaggi",88.62
2017,Centro,Beni alimentari,"Zucchero, caffè e drogheria",60.22
2017,Centro,Beni alimentari,Bevande,35.4
2017,Centro,Beni non alimentari,Tabacchi,38.87
2017,Centro,Beni non alimentari,Abbigliamento e calzature,108.14
2017,Centro,Beni non alimentari,Abitazione,653.15
2017,Centro,Beni non alimentari,Combustibili ed energia,86.55
2017,Centro,Beni non alimentari,"Mobili, elettrodomestici, servizi casa",204.02
2017,Centro,Beni non alimentari,Sanità,157.08
2017,Centro,Beni non alimentari,Trasporti,393.72
2017,Centro,Beni non alimentari,Comunicazioni,73.5
2017,Centro,Beni non alimentari,Istruzione,52.7
2017,Centro,Beni non alimentari,"Tempo libero, cultura e giochi",151.83
2017,Centro,Beni non alimentari,Altri beni e servizi,416.3
2017,Centro,Beni non alimentari,Affitto figurativo (canone mensile),933.31
2017,Centro,Beni non alimentari,Mutuo (rata mensile),50.03
2017,Crocetta,Beni alimentari,Pane e cereali,69.56
2017,Crocetta,Beni alimentari,Carne,85.34
2017,Crocetta,Beni alimentari,Pesce,30.58
2017,Crocetta,Beni alimentari,"Latte, formaggi e uova",58.57
2017,Crocetta,Beni alimentari,Oli e grassi,9.47
2017,Crocetta,Beni alimentari,"Patate, frutta e ortaggi",95.34
2017,Crocetta,Beni alimentari,"Zucchero, caffè e drogheria",57.55
2017,Crocetta,Beni alimentari,Bevande,44.65
2017,Crocetta,Beni non alimentari,Tabacchi,21.54
2017,Crocetta,Beni non alimentari,Abbigliamento e calzature,108.07
2017,Crocetta,Beni non alimentari,Abitazione,482.32
2017,Crocetta,Beni non alimentari,Combustibili ed energia,79.12
2017,Crocetta,Beni non alimentari,"Mobili, elettrodomestici, servizi casa",203.06
2017,Crocetta,Beni non alimentari,Sanità,130.25
2017,Crocetta,Beni non alimentari,Trasporti,293.43
2017,Crocetta,Beni non alimentari,Comunicazioni,76.46
2017,Crocetta,Beni non alimentari,Istruzione,43.15
2017,Crocetta,Beni non alimentari,"Tempo libero, cultura e giochi",139.78
2017,Crocetta,Beni non alimentari,Altri beni e servizi,411.05
2017,Crocetta,Beni non alimentari,Affitto figurativo (canone mensile),742.4
2017,Crocetta,Beni non alimentari,Mutuo (rata mensile),65.67
2017,San Faustino,Beni alimentari,Pane e cereali,64.1
2017,San Faustino,Beni alimentari,Carne,87.75
2017,San Faustino,Beni alimentari,Pesce,33.01
2017,San Faustino,Beni alimentari,"Latte, formaggi e uova",49.19
2017,San Faustino,Beni alimentari,Oli e grassi,9.99
2017,San Faustino,Beni alimentari,"Patate, frutta e ortaggi",89.94
2017,San Faustino,Beni alimentari,"Zucchero, caffè e drogheria",55.02
2017,San Faustino,Beni alimentari,Bevande,40.25
2017,San Faustino,Beni non alimentari,Tabacchi,18.62
2017,San Faustino,Beni non alimentari,Abbigliamento e calzature,103.19
2017,San Faustino,Beni non alimentari,Abitazione,431.47
2017,San Faustino,Beni non alimentari,Combustibili ed energia,68.01
2017,San Faustino,Beni non alimentari,"Mobili, elettrodomestici, servizi casa",144.9
2017,San Faustino,Beni non alimentari,Sanità,116.3
2017,San Faustino,Beni non alimentari,Trasporti,290.04
2017,San Faustino,Beni non alimentari,Comunicazioni,76.11
2017,San Faustino,Beni non alimentari,Istruzione,34.1
2017,San Faustino,Beni non alimentari,"Tempo libero, cultura e giochi",117.9
2017,San Faustino,Beni non alimentari,Altri beni e servizi,369.1
2017,San Faustino,Beni non alimentari,Affitto figurativo (canone mensile),669.82
2017,San Faustino,Beni non alimentari,Mutuo (rata mensile),83.14
2017,Buon Pastore,Beni alimentari,Pane e cereali,66.94
2017,Buon Pastore,Beni alimentari,Carne,92.21
2017,Buon Pastore,Beni alimentari,Pesce,33.66
2017,Buon Pastore,Beni alimentari,"Latte, formaggi e uova",55.55
2017,Buon Pastore,Beni alimentari,Oli e grassi,10.91
2017,Buon Pastore,Beni alimentari,"Patate, frutta e ortaggi",97.15
2017,Buon Pastore,Beni alimentari,"Zucchero, caffè e drogheria",58.04
2017,Buon Pastore,Beni alimentari,Bevande,42.64
2017,Buon Pastore,Beni non alimentari,Tabacchi,20.0
2017,Buon Pastore,Beni non alimentari,Abbigliamento e calzature,108.37
2017,Buon Pastore,Beni non alimentari,Abitazione,454.83
2017,Buon Pastore,Beni non alimentari,Combustibili ed energia,72.95
2017,Buon Pastore,Beni non alimentari,"Mobili, elettrodomestici, servizi casa",143.78
2017,Buon Pastore,Beni non alimentari,Sanità,126.42
2017,Buon Pastore,Beni non alimentari,Trasporti,298.17
2017,Buon Pastore,Beni non alimentari,Comunicazioni,82.34
2017,Buon Pastore,Beni non alimentari,Istruzione,37.36
2017,Buon Pastore,Beni non alimentari,"Tempo libero, cultura e giochi",122.58
2017,Buon Pastore,Beni non alimentari,Altri beni e servizi,402.41
2017,Buon Pastore,Beni non alimentari,Affitto figurativo (canone mensile),724.04
2017,Buon Pastore,Beni non alimentari,Mutuo (rata mensile),90.88
2018,Centro,Beni alimentari,Pane e cereali,63.1
2018,Centro,Beni alimentari,Carne,87.33
2018,Centro,Beni alimentari,Pesce,34.67
2018,Centro,Beni alimentari,"Latte, formaggi e uova",57.56
2018,Centro,Beni alimentari,Oli e grassi,9.36
2018,Centro,Beni alimentari,"Patate, frutta e ortaggi",92.08
2018,Centro,Beni alimentari,"Zucchero, caffè e drogheria",61.15
2018,Centro,Beni alimentari,Bevande,36.69
2018,Centro,Beni non alimentari,Tabacchi,39.77
2018,Centro,Beni non alimentari,Abbigliamento e calzature,112.01
2018,Centro,Beni non alimentari,Abitazione,670.1
2018,Centro,Beni non alimentari,Combustibili ed energia,87.25
2018,Centro,Beni non alimentari,"Mobili, elettrodomestici, servizi casa",213.76
2018,Centro,Beni non alimentari,Sanità,161.6
2018,Centro,Beni non alimentari,Trasporti,403.22
2018,Centro,Beni non alimentari,Comunicazioni,75.83
2018,Centro,Beni non alimentari,Istruzione,55.12
2018,Centro,Beni non alimentari,"Tempo libero, cultura e giochi",153.77
2018,Centro,Beni non alimentari,Altri beni e servizi,434.39
2018,Centro,Beni non alimentari,Affitto figurativo (canone mensile),977.78
2018,Centro,Beni non alimentari,Mutuo (rata mensile),52.19
2018,Crocetta,Beni alimentari,Pane e cereali,72.57
2018,Crocetta,Beni alimentari,Carne,87.34
2018,Crocetta,Beni alimentari,Pesce,31.07
2018,Crocetta,Beni alimentari,"Latte, formaggi e uova",58.96
2018,Crocetta,Beni alimentari,Oli e grassi,9.93
2018,Crocetta,Beni alimentari,"Patate, frutta e ortaggi",98.09
2018,Crocetta,Beni alimentari,"Zucchero, caffè e drogheria",59.37
2018,Crocetta,Beni alimentari,Bevande,45.63
2018,Crocetta,Beni non alimentari,Tabacchi,22.49
2018,Crocetta,Beni non alimentari,Abbigliamento e calzature,112.05
2018,Crocetta,Beni non alimentari,Abitazione,499.61
2018,Crocetta,Beni non alimentari,Combustibili ed energia,79.52
2018,Crocetta,Beni non alimentari,"Mobili, elettrodomestici, servizi casa",210.51
2018,Crocetta,Beni non alimentari,Sanità,136.59
2018,Crocetta,Beni non alimentari,Trasporti,297.45
2018,Crocetta,Beni non alimentari,Comunicazioni,79.7
2018,Crocetta,Beni non alimentari,Istruzione,44.35
2018,Crocetta,Beni non alimentari,"Tempo libero, cultura e giochi",141.83
2018,Crocetta,Beni non alimentari,Altri beni e servizi,429.22
2018,Crocetta,Beni non alimentari,Affitto figurativo (canone mensile),764.87
2018,Crocetta,Beni non alimentari,Mutuo (rata mensile),66.57
2018,San Faustino,Beni alimentari,Pane e cereali,65.94
2018,San Faustino,Beni alimentari,Carne,89.58
2018,San Faustino,Beni alimentari,Pesce,33.9
2018,San Faustino,Beni alimentari,"Latte, formaggi e uova",50.51
2018,San Faustino,Beni alimentari,Oli e grassi,10.34
2018,San Faustino,Beni alimentari,"Patate, frutta e ortaggi",90.43
2018,San Faustino,Beni alimentari,"Zucchero, caffè e drogheria",56.04
2018,San Faustino,Beni alimentari,Bevande,42.22
2018,San Faustino,Beni non alimentari,Tabacchi,19.51
2018,San Faustino,Beni non alimentari,Abbigliamento e calzature,107.51
2018,San Faustino,Beni non alimentari,Abitazione,437.09
2018,San Faustino,Beni non alimentari,Combustibili ed energia,68.71
2018,San Faustino,Beni non alimentari,"Mobili, elettrodomestici, servizi casa",149.73
2018,San Faustino,Beni non alimentari,Sanità,118.76
2018,San Faustino,Beni non alimentari,Trasporti,301.54
2018,San Faustino,Beni non alimentari,Comunicazioni,79.76
2018,San Faustino,Beni non alimentari,Istruzione,35.06
2018,San Faustino,Beni non alimentari,"Tempo libero, cultura e giochi",119.96
2018,San Faustino,Beni non alimentari,Altri beni e servizi,384.62
2018,San Faustino,Beni non alimentari,Affitto figurativo (canone mensile),680.97
2018,San Faustino,Beni non alimentari,Mutuo (rata mensile),86.34
2018,Buon Pastore,Beni alimentari,Pane e cereali,68.26
2018,Buon Pastore,Beni alimentari,Carne,94.84
2018,Buon Pastore,Beni alimentari,Pesce,34.47
2018,Buon Pastore,Beni alimentari,"Latte, formaggi e uova",56.24
2018,Buon Pastore,Beni alimentari,Oli e grassi,11.3
2018,Buon Pastore,Beni alimentari,"Patate, frutta e ortaggi",100.49
2018,Buon Pastore,Beni alimentari,"Zucchero, caffè e drogheria",58.5
2018,Buon Pastore,Beni alimentari,Bevande,43.71
2018,Buon Pastore,Beni non alimentari,Tabacchi,20.17
2018,Buon Pastore,Beni non alimentari,Abbigliamento e calzature,109.12
2018,Buon Pastore,Beni non alimentari,Abitazione,459.18
2018,Buon Pastore,Beni non alimentari,Combustibili ed energia,74.12
2018,Buon Pastore,Beni non alimentari,"Mobili, elettrodomestici, servizi casa",148.25
2018,Buon Pastore,Beni non alimentari,Sanità,131.68
2018,Buon Pastore,Beni non alimentari,Trasporti,303.19
2018,Buon Pastore,Beni non alimentari,Comunicazioni,84.15
2018,Buon Pastore,Beni non alimentari,Istruzione,38.42
2018,Buon Pastore,Beni non alimentari,"Tempo libero, cultura e giochi",126.1
2018,Buon Pastore,Beni non alimentari,Altri beni e servizi,420.14
2018,Buon Pastore,Beni non alimentari,Affitto figurativo (canone mensile),729.83
2018,Buon Pastore,Beni non alimentari,Mutuo (rata mensile),92.18
2019,Centro,Beni alimentari,Pane e cereali,62.83
2019,Centro,Beni alimentari,Carne,90.18
2019,Centro,Beni alimentari,Pesce,34.57
2019,Centro,Beni alimentari,"Latte, formaggi e uova",58.53
2019,Centro,Beni alimentari,Oli e grassi,9.6
2019,Centro,Beni alimentari,"Patate, frutta e ortaggi",93.33
2019,Centro,Beni alimentari,"Zucchero, caffè e drogheria",62.46
2019,Centro,Beni alimentari,Bevande,37.91
2019,Centro,Beni non alimentari,Tabacchi,40.14
2019,Centro,Beni non alimentari,Abbigliamento e calzature,114.22
2019,Centro,Beni non alimentari,Abitazione,677.13
2019,Centro,Beni non alimentari,Combustibili ed energia,86.98
2019,Centro,Beni non alimentari,"Mobili, elettrodomestici, servizi casa",220.45
2019,Centro,Beni non alimentari,Sanità,161.15
2019,Centro,Beni non alimentari,Trasporti,417.59
2019,Centro,Beni non alimentari,Comunicazioni,77.61
2019,Centro,Beni non alimentari,Istruzione,55.76
2019,Centro,Beni non alimentari,"Tempo libero, cultura e giochi",154.41
2019,Centro,Beni non alimentari,Altri beni e servizi,446.07
2019,Centro,Beni non alimentari,Affitto figurativo (canone mensile),1006.13
2019,Centro,Beni non alimentari,Mutuo (rata mensile),54.11
2019,Crocetta,Beni alimentari,Pane e cereali,74.42
2019,Crocetta,Beni alimentari,Carne,90.37
2019,Crocetta,Beni alimentari,Pesce,31.46
2019,Crocetta,Beni alimentari,"Latte, formaggi e uova",61.05
2019,Crocetta,Beni alimentari,Oli e grassi,10.27
2019,Crocetta,Beni alimentari,"Patate, frutta e ortaggi",101.03
2019,Crocetta,Beni alimentari,"Zucchero, caffè e drogheria",60.16
2019,Crocetta,Beni alimentari,Bevande,46.01
2019,Crocetta,Beni non alimentari,Tabacchi,23.19
2019,Crocetta,Beni non alimentari,Abbigliamento e calzature,113.38
2019,Crocetta,Beni non alimentari,Abitazione,509.85
2019,Crocetta,Beni non alimentari,Combustibili ed energia,82.42
2019,Crocetta,Beni non alimentari,"Mobili, elettrodomestici, servizi casa",211.91
2019,Crocetta,Beni non alimentari,Sanità,140.05
2019,Crocetta,Beni non alimentari,Trasporti,305.88
2019,Crocetta,Beni non alimentari,Comunicazioni,81.18
2019,Crocetta,Beni non alimentari,Istruzione,44.77
2019,Crocetta,Beni non alimentari,"Tempo libero, cultura e giochi",145.74
2019,Crocetta,Beni non alimentari,Altri beni e servizi,440.9
2019,Crocetta,Beni non alimentari,Affitto figurativo (canone mensile),790.39
2019,Crocetta,Beni non alimentari,Mutuo (rata mensile),68.74
2019,San Faustino,Beni alimentari,Pane e cereali,67.1
2019,San Faustino,Beni alimentari,Carne,89.73
2019,San Faustino,Beni alimentari,Pesce,35.18
2019,San Faustino,Beni alimentari,"Latte, formaggi e uova",50.51
2019,San Faustino,Beni alimentari,Oli e grassi,10.53
2019,San Faustino,Beni alimentari,"Patate, frutta e ortaggi",90.99
2019,San Faustino,Beni alimentari,"Zucchero, caffè e drogheria",55.79
2019,San Faustino,Beni alimentari,Bevande,42.19
2019,San Faustino,Beni non alimentari,Tabacchi,19.94
2019,San Faustino,Beni non alimentari,Abbigliamento e calzature,109.44
2019,San Faustino,Beni non alimentari,Abitazione,434.91
2019,San Faustino,Beni non alimentari,Combustibili ed energia,69.09
2019,San Faustino,Beni non alimentari,"Mobili, elettrodomestici, servizi casa",149.88
2019,San Faustino,Beni non alimentari,Sanità,118.43
2019,San Faustino,Beni non alimentari,Trasporti,308.21
2019,San Faustino,Beni non alimentari,Comunicazioni,79.77
2019,San Faustino,Beni non alimentari,Istruzione,36.43
2019,San Faustino,Beni non alimentari,"Tempo libero, cultura e giochi",120.08
2019,San Faustino,Beni non alimentari,Altri beni e servizi,391.3
2019,San Faustino,Beni non alimentari,Affitto figurativo (canone mensile),690.3
2019,San Faustino,Beni non alimentari,Mutuo (rata mensile),87.05
2019,Buon Pastore,Beni alimentari,Pane e cereali,69.56
2019,Buon Pastore,Beni alimentari,Carne,97.84
2019,Buon Pastore,Beni alimentari,Pesce,35.29
2019,Buon Pastore,Beni alimentari,"Latte, formaggi e uova",55.98
2019,Buon Pastore,Beni alimentari,Oli e grassi,11.65
2019,Buon Pastore,Beni alimentari,"Patate, frutta e ortaggi",101.6
2019,Buon Pastore,Beni alimentari,"Zucchero, caffè e drogheria",59.28
2019,Buon Pastore,Beni alimentari,Bevande,44.84
2019,Buon Pastore,Beni non alimentari,Tabacchi,20.28
2019,Buon Pastore,Beni non alimentari,Abbigliamento e calzature,112.65
2019,Buon Pastore,Beni non alimentari,Abitazione,475.14
2019,Buon Pastore,Beni non alimentari,Combustibili ed energia,74.18
2019,Buon Pastore,Beni non alimentari,"Mobili, elettrodomestici, servizi casa",150.14
2019,Buon Pastore,Beni non alimentari,Sanità,134.12
2019,Buon Pastore,Beni non alimentari,Trasporti,309.15
2019,Buon Pastore,Beni non alimentari,Comunicazioni,87.32
2019,Buon Pastore,Beni non alimentari,Istruzione,38.62
2019,Buon Pastore,Beni non alimentari,"Tempo libero, cultura e giochi",130.61
2019,Buon Pastore,Beni non alimentari,Altri beni e servizi,435.22
2019,Buon Pastore,Beni non alimentari,Affitto figurativo (canone mensile),738.83
2019,Buon Pastore,Beni non alimentari,Mutuo (rata mensile),92.1
2020,Centro,Beni alimentari,Pane e cereali,68.88
2020,Centro,Beni alimentari,Carne,100.75
2020,Centro,Beni alimentari,Pesce,37.68
2020,Centro,Beni alimentari,"Latte, formaggi e uova",64.06
2020,Centro,Beni alimentari,Oli e grassi,10.79
2020,Centro,Beni alimentari,"Patate, frutta e ortaggi",101.38
2020,Centro,Beni alimentari,"Zucchero, caffè e drogheria",68.82
2020,Centro,Beni alimentari,Bevande,41.69
2020,Centro,Beni non alimentari,Tabacchi,44.84
2020,Centro,Beni non alimentari,Abbigliamento e calzature,128.88
2020,Centro,Beni non alimentari,Abitazione,763.17
2020,Centro,Beni non alimentari,Combustibili ed energia,95.24
2020,Centro,Beni non alimentari,"Mobili, elettrodomestici, servizi casa",246.5
2020,Centro,Beni non alimentari,Sanità,178.99
2020,Centro,Beni non alimentari,Trasporti,454.01
2020,Centro,Beni non alimentari,Comunicazioni,84.26
2020,Centro,Beni non alimentari,Istruzione,61.29
2020,Centro,Beni non alimentari,"Tempo libero, cultura e giochi",167.89
2020,Centro,Beni non alimentari,Altri beni e servizi,496.37
2020,Centro,Beni non alimentari,Affitto figurativo (canone mensile),1117.97
2020,Centro,Beni non alimentari,Mutuo (rata mensile),59.41
2020,Crocetta,Beni alimentari,Pane e cereali,83.96
2020,Crocetta,Beni alimentari,Carne,100.73
2020,Crocetta,Beni alimentari,Pesce,34.53
2020,Crocetta,Beni alimentari,"Latte, formaggi e uova",67.7
2020,Crocetta,Beni alimentari,Oli e grassi,11.45
2020,Crocetta,Beni alimentari,"Patate, frutta e ortaggi",112.97
2020,Crocetta,Beni alimentari,"Zucchero, caffè e drogheria",65.65
2020,Crocetta,Beni alimentari,Bevande,51.85
2020,Crocetta,Beni non alimentari,Tabacchi,25.48
2020,Crocetta,Beni non alimentari,Abbigliamento e calzature,124.49
2020,Crocetta,Beni non alimentari,Abitazione,560.52
2020,Crocetta,Beni non alimentari,Combustibili ed energia,91.62
2020,Crocetta,Beni non alimentari,"Mobili, elettrodomestici, servizi casa",234.16
2020,Crocetta,Beni non alimentari,Sanità,154.29
2020,Crocetta,Beni non alimentari,Trasporti,343.3
2020,Crocetta,Beni non alimentari,Comunicazioni,90.41
2020,Crocetta,Beni non alimentari,Istruzione,50.47
2020,Crocetta,Beni non alimentari,"Tempo libero, cultura e giochi",161.83
2020,Crocetta,Beni non alimentari,Altri beni e servizi,478.64
2020,Crocetta,Beni non alimentari,Affitto figurativo (canone mensile),867.42
2020,Crocetta,Beni non alimentari,Mutuo (rata mensile),75.12
2020,San Faustino,Beni alimentari,Pane e cereali,75.3
2020,San Faustino,Beni alimentari,Carne,100.23
2020,San Faustino,Beni alimentari,Pesce,38.69
2020,San Faustino,Beni alimentari,"Latte, formaggi e uova",56.6
2020,San Faustino,Beni alimentari,Oli e grassi,11.88
2020,San Faustino,Beni alimentari,"Patate, frutta e ortaggi",99.39
2020,San Faustino,Beni alimentari,"Zucchero, caffè e drogheria",62.74
2020,San Faustino,Beni alimentari,Bevande,47.21
2020,San Faustino,Beni non alimentari,Tabacchi,21.88
2020,San Faustino,Beni non alimentari,Abbigliamento e calzature,122.79
2020,San Faustino,Beni non alimentari,Abitazione,474.84
2020,San Faustino,Beni non alimentari,Combustibili ed energia,76.81
2020,San Faustino,Beni non alimentari,"Mobili, elettrodomestici, servizi casa",168.69
2020,San Faustino,Beni non alimentari,Sanità,129.48
2020,San Faustino,Beni non alimentari,Trasporti,336.05
2020,San Faustino,Beni non alimentari,Comunicazioni,86.78
2020,San Faustino,Beni non alimentari,Istruzione,41.01
2020,San Faustino,Beni non alimentari,"Tempo libero, cultura e giochi",133.79
2020,San Faustino,Beni non alimentari,Altri beni e servizi,429.84
2020,San Faustino,Beni non alimentari,Affitto figurativo (canone mensile),761.83
2020,San Faustino,Beni non alimentari,Mutuo (rata mensile),97.98
2020,Buon Pastore,Beni alimentari,Pane e cereali,76.98
2020,Buon Pastore,Beni alimentari,Carne,109.33
2020,Buon Pastore,Beni alimentari,Pesce,38.87
2020,Buon Pastore,Beni alimentari,"Latte, formaggi e uova",62.85
2020,Buon Pastore,Beni alimentari,Oli e grassi,13.07
2020,Buon Pastore,Beni alimentari,"Patate, frutta e ortaggi",110.41
2020,Buon Pastore,Beni alimentari,"Zucchero, caffè e drogheria",66.23
2020,Buon Pastore,Beni alimentari,Bevande,49.74
2020,Buon Pastore,Beni non alimentari,Tabacchi,22.56
2020,Buon Pastore,Beni non alimentari,Abbigliamento e calzature,126.15
2020,Buon Pastore,Beni non alimentari,Abitazione,529.38
2020,Buon Pastore,Beni non alimentari,Combustibili ed energia,80.94
2020,Buon Pastore,Beni non alimentari,"Mobili, elettrodomestici, servizi casa",163.88
2020,Buon Pastore,Beni non alimentari,Sanità,149.8
2020,Buon Pastore,Beni non alimentari,Trasporti,337.02
2020,Buon Pastore,Beni non alimentari,Comunicazioni,95.5
2020,Buon Pastore,Beni non alimentari,Istruzione,43.36
2020,Buon Pastore,Beni non alimentari,"Tempo libero, cultura e giochi",143.92
2020,Buon Pastore,Beni non alimentari,Altri beni e servizi,489.76
2020,Buon Pastore,Beni non alimentari,Affitto figurativo (canone mensile),820.91
2020,Buon Pastore,Beni non alimentari,Mutuo (rata mensile),102.19
2021,Centro,Beni alimentari,Pane e cereali,77.56
2021,Centro,Beni alimentari,Carne,113.75
2021,Centro,Beni alimentari,Pesce,42.69
2021,Centro,Beni alimentari,"Latte, formaggi e uova",72.31
2021,Centro,Beni alimentari,Oli e grassi,11.98
2021,Centro,Beni alimentari,"Patate, frutta e ortaggi",116.53
2021,Centro,Beni alimentari,"Zucchero, caffè e drogheria",77.41
2021,Centro,Beni alimentari,Bevande,46.65
2021,Centro,Beni non alimentari,Tabacchi,50.38
2021,Centro,Beni non alimentari,Abbigliamento e calzature,146.15
2021,Centro,Beni non alimentari,Abitazione,855.37
2021,Centro,Beni non alimentari,Combustibili ed energia,107.73
2021,Centro,Beni non alimentari,"Mobili, elettrodomestici, servizi casa",280.34
2021,Centro,Beni non alimentari,Sanità,200.43
2021,Centro,Beni non alimentari,Trasporti,502.72
2021,Centro,Beni non alimentari,Comunicazioni,93.38
2021,Centro,Beni non alimentari,Istruzione,69.35
2021,Centro,Beni non alimentari,"Tempo libero, cultura e giochi",190.38
2021,Centro,Beni non alimentari,Altri beni e servizi,551.23
2021,Centro,Beni non alimentari,Affitto figurativo (canone mensile),1253.16
2021,Centro,Beni non alimentari,Mutuo (rata mensile),67.07
2021,Crocetta,Beni alimentari,Pane e cereali,94.65
2021,Crocetta,Beni alimentari,Carne,115.33
2021,Crocetta,Beni alimentari,Pesce,38.52
2021,Crocetta,Beni alimentari,"Latte, formaggi e uova",75.84
2021,Crocetta,Beni alimentari,Oli e grassi,13.09
2021,Crocetta,Beni alimentari,"Patate, frutta e ortaggi",126.66
2021,Crocetta,Beni alimentari,"Zucchero, caffè e drogheria",74.78
2021,Crocetta,Beni alimentari,Bevande,58.65
2021,Crocetta,Beni non alimentari,Tabacchi,29.11
2021,Crocetta,Beni non alimentari,Abbigliamento e calzature,141.85
2021,Crocetta,Beni non alimentari,Abitazione,621.8
2021,Crocetta,Beni non alimentari,Combustibili ed energia,105.33
2021,Crocetta,Beni non alimentari,"Mobili, elettrodomestici, servizi casa",260.37
2021,Crocetta,Beni non alimentari,Sanità,175.88
2021,Crocetta,Beni non alimentari,Trasporti,382.11
2021,Crocetta,Beni non alimentari,Comunicazioni,100.62
2021,Crocetta,Beni non alimentari,Istruzione,56.8
2021,Crocetta,Beni non alimentari,"Tempo libero, cultura e giochi",181.46
2021,Crocetta,Beni non alimentari,Altri beni e servizi,541.8
2021,Crocetta,Beni non alimentari,Affitto figurativo (canone mensile),991.86
2021,Crocetta,Beni non alimentari,Mutuo (rata mensile),84.38
2021,San Faustino,Beni alimentari,Pane e cereali,84.74
2021,San Faustino,Beni alimentari,Carne,111.95
2021,San Faustino,Beni alimentari,Pesce,43.37
2021,San Faustino,Beni alimentari,"Latte, formaggi e uova",64.39
2021,San Faustino,Beni alimentari,Oli e grassi,13.4
2021,San Faustino,Beni alimentari,"Patate, frutta e ortaggi",112.21
2021,San Faustino,Beni alimentari,"Zucchero, caffè e drogheria",69.63
2021,San Faustino,Beni alimentari,Bevande,53.0
2021,San Faustino,Beni non alimentari,Tabacchi,25.16
2021,San Faustino,Beni non alimentari,Abbigliamento e calzature,137.62
2021,San Faustino,Beni non alimentari,Abitazione,532.55
2021,San Faustino,Beni non alimentari,Combustibili ed energia,87.53
2021,San Faustino,Beni non alimentari,"Mobili, elettrodomestici, servizi casa",187.01
2021,San Faustino,Beni non alimentari,Sanità,145.12
2021,San Faustino,Beni non alimentari,Trasporti,384.72
2021,San Faustino,Beni non alimentari,Comunicazioni,96.47
2021,San Faustino,Beni non alimentari,Istruzione,46.35
2021,San Faustino,Beni non alimentari,"Tempo libero, cultura e giochi",150.3
2021,San Faustino,Beni non alimentari,Altri beni e servizi,486.19
2021,San Faustino,Beni non alimentari,Affitto figurativo (canone mensile),846.55
2021,San Faustino,Beni non alimentari,Mutuo (rata mensile),108.74
2021,Buon Pastore,Beni alimentari,Pane e cereali,85.07
2021,Buon Pastore,Beni alimentari,Carne,122.8
2021,Buon Pastore,Beni alimentari,Pesce,43.43
2021,Buon Pastore,Beni alimentari,"Latte, formaggi e uova",69.69
2021,Buon Pastore,Beni alimentari,Oli e grassi,14.52
2021,Buon Pastore,Beni alimentari,"Patate, frutta e ortaggi",123.96
2021,Buon Pastore,Beni alimentari,"Zucchero, caffè e drogheria",73.55
2021,Buon Pastore,Beni alimentari,Bevande,55.79
2021,Buon Pastore,Beni non alimentari,Tabacchi,25.32
2021,Buon Pastore,Beni non alimentari,Abbigliamento e calzature,141.88
2021,Buon Pastore,Beni non alimentari,Abitazione,602.16
2021,Buon Pastore,Beni non alimentari,Combustibili ed energia,92.09
2021,Buon Pastore,Beni non alimentari,"Mobili, elettrodomestici, servizi casa",183.81
2021,Buon Pastore,Beni non alimentari,Sanità,170.8
2021,Buon Pastore,Beni non alimentari,Trasporti,374.12
2021,Buon Pastore,Beni non alimentari,Comunicazioni,107.08
2021,Buon Pastore,Beni non alimentari,Istruzione,48.44
2021,Buon Pastore,Beni non alimentari,"Tempo libero, cultura e giochi",162.28
2021,Buon Pastore,Beni non alimentari,Altri beni e servizi,547.09
2021,Buon Pastore,Beni non alimentari,Affitto figurativo (canone mensile),939.29
2021,Buon Pastore,Beni non alimentari,Mutuo (rata mensile),115.55
2022,Centro,Beni alimentari,Pane e cereali,84.41
2022,Centro,Beni alimentari,Carne,122.32
2022,Centro,Beni alimentari,Pesce,44.61
2022,Centro,Beni alimentari,"Latte, formaggi e uova",76.49
2022,Centro,Beni alimentari,Oli e grassi,12.64
2022,Centro,Beni alimentari,"Patate, frutta e ortaggi",122.52
2022,Centro,Beni alimentari,"Zucchero, caffè e drogheria",81.68
2022,Centro,Beni alimentari,Bevande,50.65
2022,Centro,Beni non alimentari,Tabacchi,54.7
2022,Centro,Beni non alimentari,Abbigliamento e calzature,155.85
2022,Centro,Beni non alimentari,Abitazione,905.77
2022,Centro,Beni non alimentari,Combustibili ed energia,117.14
2022,Centro,Beni non alimentari,"Mobili, elettrodomestici, servizi casa",301.8
2022,Centro,Beni non alimentari,Sanità,211.54
2022,Centro,Beni non alimentari,Trasporti,531.94
2022,Centro,Beni non alimentari,Comunicazioni,101.06
2022,Centro,Beni non alimentari,Istruzione,75.08
2022,Centro,Beni non alimentari,"Tempo libero, cultura e giochi",201.5
2022,Centro,Beni non alimentari,Altri beni e servizi,576.32
2022,Centro,Beni non alimentari,Affitto figurativo (canone mensile),1347.64
2022,Centro,Beni non alimentari,Mutuo (rata mensile),70.39
2022,Crocetta,Beni alimentari,Pane e cereali,103.09
2022,Crocetta,Beni alimentari,Carne,122.14
2022,Crocetta,Beni alimentari,Pesce,41.35
2022,Crocetta,Beni alimentari,"Latte, formaggi e uova",82.38
2022,Crocetta,Beni alimentari,Oli e grassi,13.71
2022,Crocetta,Beni alimentari,"Patate, frutta e ortaggi",137.38
2022,Crocetta,Beni alimentari,"Zucchero, caffè e drogheria",78.99
2022,Crocetta,Beni alimentari,Bevande,61.36
2022,Crocetta,Beni non alimentari,Tabacchi,31.58
2022,Crocetta,Beni non alimentari,Abbigliamento e calzature,150.53
2022,Crocetta,Beni non alimentari,Abitazione,666.05
2022,Crocetta,Beni non alimentari,Combustibili ed energia,112.13
2022,Crocetta,Beni non alimentari,"Mobili, elettrodomestici, servizi casa",279.34
2022,Crocetta,Beni non alimentari,Sanità,186.92
2022,Crocetta,Beni non alimentari,Trasporti,411.49
2022,Crocetta,Beni non alimentari,Comunicazioni,109.44
2022,Crocetta,Beni non alimentari,Istruzione,60.37
2022,Crocetta,Beni non alimentari,"Tempo libero, cultura e giochi",197.14
2022,Crocetta,Beni non alimentari,Altri beni e servizi,573.35
2022,Crocetta,Beni non alimentari,Affitto figurativo (canone mensile),1068.69
2022,Crocetta,Beni non alimentari,Mutuo (rata mensile),90.71
2022,San Faustino,Beni alimentari,Pane e cereali,89.12
2022,San Faustino,Beni alimentari,Carne,119.04
2022,San Faustino,Beni alimentari,Pesce,46.27
2022,San Faustino,Beni alimentari,"Latte, formaggi e uova",68.38
2022,San Faustino,Beni alimentari,Oli e grassi,14.2
2022,San Faustino,Beni alimentari,"Patate, frutta e ortaggi",121.41
2022,San Faustino,Beni alimentari,"Zucchero, caffè e drogheria",74.89
2022,San Faustino,Beni alimentari,Bevande,56.67
2022,San Faustino,Beni non alimentari,Tabacchi,26.91
2022,San Faustino,Beni non alimentari,Abbigliamento e calzature,143.95
2022,San Faustino,Beni non alimentari,Abitazione,558.12
2022,San Faustino,Beni non alimentari,Combustibili ed energia,93.16
2022,San Faustino,Beni non alimentari,"Mobili, elettrodomestici, servizi casa",202.78
2022,San Faustino,Beni non alimentari,Sanità,153.13
2022,San Faustino,Beni non alimentari,Trasporti,405.77
2022,San Faustino,Beni non alimentari,Comunicazioni,102.82
2022,San Faustino,Beni non alimentari,Istruzione,49.39
2022,San Faustino,Beni non alimentari,"Tempo libero, cultura e giochi",157.39
2022,San Faustino,Beni non alimentari,Altri beni e servizi,510.06
2022,San Faustino,Beni non alimentari,Affitto figurativo (canone mensile),886.33
2022,San Faustino,Beni non alimentari,Mutuo (rata mensile),115.47
2022,Buon Pastore,Beni alimentari,Pane e cereali,90.17
2022,Buon Pastore,Beni alimentari,Carne,132.29
2022,Buon Pastore,Beni alimentari,Pesce,46.79
2022,Buon Pastore,Beni alimentari,"Latte, formaggi e uova",75.63
2022,Buon Pastore,Beni alimentari,Oli e grassi,15.25
2022,Buon Pastore,Beni alimentari,"Patate, frutta e ortaggi",130.13
2022,Buon Pastore,Beni alimentari,"Zucchero, caffè e drogheria",79.95
2022,Buon Pastore,Beni alimentari,Bevande,59.41
2022,Buon Pastore,Beni non alimentari,Tabacchi,26.68
2022,Buon Pastore,Beni non alimentari,Abbigliamento e calzature,150.4
2022,Buon Pastore,Beni non alimentari,Abitazione,651.75
2022,Buon Pastore,Beni non alimentari,Combustibili ed energia,100.19
2022,Buon Pastore,Beni non alimentari,"Mobili, elettrodomestici, servizi casa",195.33
2022,Buon Pastore,Beni non alimentari,Sanità,181.18
2022,Buon Pastore,Beni non alimentari,Trasporti,405.93
2022,Buon Pastore,Beni non alimentari,Comunicazioni,113.95
2022,Buon Pastore,Beni non alimentari,Istruzione,50.8
2022,Buon Pastore,Beni non alimentari,"Tempo libero, cultura e giochi",175.79
2022,Buon Pastore,Beni non alimentari,Altri beni e servizi,574.44
2022,Buon Pastore,Beni non alimentari,Affitto figurativo (canone mensile),993.74
2022,Buon Pastore,Beni non alimentari,Mutuo (rata mensile),124.16
2023,Centro,Beni alimentari,Pane e cereali,86.43
2023,Centro,Beni alimentari,Carne,124.72
2023,Centro,Beni alimentari,Pesce,45.12
2023,Centro,Beni alimentari,"Latte, formaggi e uova",79.89
2023,Centro,Beni alimentari,Oli e grassi,13.2
2023,Centro,Beni alimentari,"Patate, frutta e ortaggi",125.91
2023,Centro,Beni alimentari,"Zucchero, caffè e drogheria",83.31
2023,Centro,Beni alimentari,Bevande,51.34
2023,Centro,Beni non alimentari,Tabacchi,55.24
2023,Centro,Beni non alimentari,Abbigliamento e calzature,162.97
2023,Centro,Beni non alimentari,Abitazione,941.16
2023,Centro,Beni non alimentari,Combustibili ed energia,121.77
2023,Centro,Beni non alimentari,"Mobili, elettrodomestici, servizi casa",307.73
2023,Centro,Beni non alimentari,Sanità,212.89
2023,Centro,Beni non alimentari,Trasporti,541.69
2023,Centro,Beni non alimentari,Comunicazioni,105.76
2023,Centro,Beni non alimentari,Istruzione,77.07
2023,Centro,Beni non alimentari,"Tempo libero, cultura e giochi",203.39
2023,Centro,Beni non alimentari,Altri beni e servizi,587.66
2023,Centro,Beni non alimentari,Affitto figurativo (canone mensile),1413.99
2023,Centro,Beni non alimentari,Mutuo (rata mensile),71.59
2023,Crocetta,Beni alimentari,Pane e cereali,104.63
2023,Crocetta,Beni alimentari,Carne,127.08
2023,Crocetta,Beni alimentari,Pesce,42.93
2023,Crocetta,Beni alimentari,"Latte, formaggi e uova",85.36
2023,Crocetta,Beni alimentari,Oli e grassi,14.07
2023,Crocetta,Beni alimentari,"Patate, frutta e ortaggi",139.32
2023,Crocetta,Beni alimentari,"Zucchero, caffè e drogheria",80.41
2023,Crocetta,Beni alimentari,Bevande,62.38
2023,Crocetta,Beni non alimentari,Tabacchi,31.79
2023,Crocetta,Beni non alimentari,Abbigliamento e calzature,153.45
2023,Crocetta,Beni non alimentari,Abitazione,673.69
2023,Crocetta,Beni non alimentari,Combustibili ed energia,116.13
2023,Crocetta,Beni non alimentari,"Mobili, elettrodomestici, servizi casa",282.38
2023,Crocetta,Beni non alimentari,Sanità,191.87
2023,Crocetta,Beni non alimentari,Trasporti,419.04
2023,Crocetta,Beni non alimentari,Comunicazioni,112.97
2023,Crocetta,Beni non alimentari,Istruzione,62.17
2023,Crocetta,Beni non alimentari,"Tempo libero, cultura e giochi",203.93
2023,Crocetta,Beni non alimentari,Altri beni e servizi,593.42
2023,Crocetta,Beni non alimentari,Affitto figurativo (canone mensile),1081.01
2023,Crocetta,Beni non alimentari,Mutuo (rata mensile),94.96
2023,San Faustino,Beni alimentari,Pane e cereali,92.48
2023,San Faustino,Beni alimentari,Carne,121.66
2023,San Faustino,Beni alimentari,Pesce,47.88
2023,San Faustino,Beni alimentari,"Latte, formaggi e uova",71.45
2023,San Faustino,Beni alimentari,Oli e grassi,14.76
2023,San Faustino,Beni alimentari,"Patate, frutta e ortaggi",125.57
2023,San Faustino,Beni alimentari,"Zucchero, caffè e drogheria",78.49
2023,San Faustino,Beni alimentari,Bevande,58.17
2023,San Faustino,Beni non alimentari,Tabacchi,27.35
2023,San Faustino,Beni non alimentari,Abbigliamento e calzature,147.28
2023,San Faustino,Beni non alimentari,Abitazione,577.52
2023,San Faustino,Beni non alimentari,Combustibili ed energia,97.64
2023,San Faustino,Beni non alimentari,"Mobili, elettrodomestici, servizi casa",210.8
2023,San Faustino,Beni non alimentari,Sanità,156.82
2023,San Faustino,Beni non alimentari,Trasporti,416.95
2023,San Faustino,Beni non alimentari,Comunicazioni,103.92
2023,San Faustino,Beni non alimentari,Istruzione,50.21
2023,San Faustino,Beni non alimentari,"Tempo libero, cultura e giochi",162.61
2023,San Faustino,Beni non alimentari,Altri beni e servizi,531.99
2023,San Faustino,Beni non alimentari,Affitto figurativo (canone mensile),926.13
2023,San Faustino,Beni non alimentari,Mutuo (rata mensile),119.49
2023,Buon Pastore,Beni alimentari,Pane e cereali,94.28
2023,Buon Pastore,Beni alimentari,Carne,134.62
2023,Buon Pastore,Beni alimentari,Pesce,47.48
2023,Buon Pastore,Beni alimentari,"Latte, formaggi e uova",78.15
2023,Buon Pastore,Beni alimentari,Oli e grassi,15.36
2023,Buon Pastore,Beni alimentari,"Patate, frutta e ortaggi",133.42
2023,Buon Pastore,Beni alimentari,"Zucchero, caffè e drogheria",83.54
2023,Buon Pastore,Beni alimentari,Bevande,59.97
2023,Buon Pastore,Beni non alimentari,Tabacchi,27.4
2023,Buon Pastore,Beni non alimentari,Abbigliamento e calzature,155.17
2023,Buon Pastore,Beni non alimentari,Abitazione,662.47
2023,Buon Pastore,Beni non alimentari,Combustibili ed energia,100.77
2023,Buon Pastore,Beni non alimentari,"Mobili, elettrodomestici, servizi casa",199.19
2023,Buon Pastore,Beni non alimentari,Sanità,189.55
2023,Buon Pastore,Beni non alimentari,Trasporti,421.47
2023,Buon Pastore,Beni non alimentari,Comunicazioni,116.88
2023,Buon Pastore,Beni non alimentari,Istruzione,52.93
2023,Buon Pastore,Beni non alimentari,"Tempo libero, cultura e giochi",184.37
2023,Buon Pastore,Beni non alimentari,Altri beni e servizi,579.87
2023,Buon Pastore,Beni non alimentari,Affitto figurativo (canone mensile),1026.38
2023,Buon Pastore,Beni non alimentari,Mutuo (rata mensile),129.37
