YEAR,NUMBER OF CHILDREN,TYPE,CATEGORY,AVG MONTH FAMILIAR EXPENSE (€)
2007,0,Beni alimentari,Pane e cereali,43.43
2007,0,Beni alimentari,Carne,66.99
2007,0,Beni alimentari,Pesce,28.07
2007,0,Beni alimentari,"Latte, formaggi e uova",43.3
2007,0,Beni alimentari,Oli e grassi,8.93
2007,0,Beni alimentari,"Patate, frutta e ortaggi",78.63
2007,0,Beni alimentari,"Zucchero, caffè e drogheria",42.6
2007,0,Beni alimentari,Bevande,44.01
2007,0,Beni alimentari,Altri generi alimentari,16.82
2007,0,Beni non alimentari,Tabacchi,19.87
2007,0,Beni non alimentari,Abbigliamento e calzature,100.55
2007,0,Beni non alimentari,Abitazione,356.32
2007,0,Beni non alimentari,Combustibili ed energia,82.14
2007,0,Beni non alimentari,"Mobili, elettrodomestici, servizi casa",107.67
2007,0,Beni non alimentari,Sanità,142.36
2007,0,Beni non alimentari,Trasporti,314.14
2007,0,Beni non alimentari,Comunicazioni,52.03
2007,0,Beni non alimentari,Istruzione,5.25
2007,0,Beni non alimentari,"Tempo libero, cultura e giochi",108.53
2007,0,Beni non alimentari,Altri beni e servizi,278.52
2007,0,Beni non alimentari,Affitto figurativo (canone mensile),574.78
2007,0,Beni non alimentari,Mutuo (rata mensile),42.85
2007,1,Beni alimentari,Pane e cereali,68.22
2007,1,Beni alimentari,Carne,118.65
2007,1,Beni alimentari,Pesce,39.62
2007,1,Beni alimentari,"Latte, formaggi e uova",75.46
2007,1,Beni alimentari,Oli e grassi,12.19
2007,1,Beni alimentari,"Patate, frutta e ortaggi",103.42
2007,1,Beni alimentari,"Zucchero, caffè e drogheria",63.15
2007,1,Beni alimentari,Bevande,44.21
2007,1,Beni alimentari,Altri generi alimentari,22.18
2007,1,Beni non alimentari,Tabacchi,29.89
2007,1,Beni non alimentari,Abbigliamento e calzature,119.06
2007,1,Beni non alimentari,Abitazione,364.63
2007,1,Beni non alimentari,Combustibili ed energia,108.08
2007,1,Beni non alimentari,"Mobili, elettrodomestici, servizi casa",123.85
2007,1,Beni non alimentari,Sanità,190.49
2007,1,Beni non alimentari,Trasporti,427.58
2007,1,Beni non alimentari,Comunicazioni,75.95
2007,1,Beni non alimentari,Istruzione,61.42
2007,1,Beni non alimentari,"Tempo libero, cultura e giochi",109.03
2007,1,Beni non alimentari,Altri beni e servizi,382.71
2007,1,Beni non alimentari,Affitto figurativo (canone mensile),601.31
2007,1,Beni non alimentari,Mutuo (rata mensile),116.44
2007,2,Beni alimentari,Pane e cereali,76.65
2007,2,Beni alimentari,Carne,158.21
2007,2,Beni alimentari,Pesce,37.93
2007,2,Beni alimentari,"Latte, formaggi e uova",81.74
2007,2,Beni alimentari,Oli e grassi,13.18
2007,2,Beni alimentari,"Patate, frutta e ortaggi",113.94
2007,2,Beni alimentari,"Zucchero, caffè e drogheria",71.31
2007,2,Beni alimentari,Bevande,57.58
2007,2,Beni alimentari,Altri generi alimentari,31.01
2007,2,Beni non alimentari,Tabacchi,32.22
2007,2,Beni non alimentari,Abbigliamento e calzature,215.35
2007,2,Beni non alimentari,Abitazione,403.61
2007,2,Beni non alimentari,Combustibili ed energia,116.05
2007,2,Beni non alimentari,"Mobili, elettrodomestici, servizi casa",220.37
2007,2,Beni non alimentari,Sanità,214.97
2007,2,Beni non alimentari,Trasporti,342.26
2007,2,Beni non alimentari,Comunicazioni,97.47
2007,2,Beni non alimentari,Istruzione,108.2
2007,2,Beni non alimentari,"Tempo libero, cultura e giochi",180.43
2007,2,Beni non alimentari,Altri beni e servizi,506.71
2007,2,Beni non alimentari,Affitto figurativo (canone mensile),696.65
2007,2,Beni non alimentari,Mutuo (rata mensile),147.97
2007,3+,Beni alimentari,Pane e cereali,79.44
2007,3+,Beni alimentari,Carne,168.16
2007,3+,Beni alimentari,Pesce,40.09
2007,3+,Beni alimentari,"Latte, formaggi e uova",94.92
2007,3+,Beni alimentari,Oli e grassi,14.06
2007,3+,Beni alimentari,"Patate, frutta e ortaggi",132.19
2007,3+,Beni alimentari,"Zucchero, caffè e drogheria",86.62
2007,3+,Beni alimentari,Bevande,66.89
2007,3+,Beni alimentari,Altri generi alimentari,43.34
2007,3+,Beni non alimentari,Tabacchi,52.97
2007,3+,Beni non alimentari,Abbigliamento e calzature,220.87
2007,3+,Beni non alimentari,Abitazione,675.24
2007,3+,Beni non alimentari,Combustibili ed energia,129.86
2007,3+,Beni non alimentari,"Mobili, elettrodomestici, servizi casa",237.06
2007,3+,Beni non alimentari,Sanità,223.38
2007,3+,Beni non alimentari,Trasporti,319.64
2007,3+,Beni non alimentari,Comunicazioni,101.46
2007,3+,Beni non alimentari,Istruzione,220.95
2007,3+,Beni non alimentari,"Tempo libero, cultura e giochi",205.35
2007,3+,Beni non alimentari,Altri beni e servizi,537.34
2007,3+,Beni non alimentari,Affitto figurativo (canone mensile),669.05
2007,3+,Beni non alimentari,Mutuo (rata mensile),138.4
2008,0,Beni alimentari,Pane e cereali,43.38
2008,0,Beni alimentari,Carne,74.26
2008,0,Beni alimentari,Pesce,25.17
2008,0,Beni alimentari,"Latte, formaggi e uova",42.55
2008,0,Beni alimentari,Oli e grassi,10.04
2008,0,Beni alimentari,"Patate, frutta e ortaggi",82.95
2008,0,Beni alimentari,"Zucchero, caffè e drogheria",37.12
2008,0,Beni alimentari,Bevande,41.53
2008,0,Beni alimentari,Altri generi alimentari,18.45
2008,0,Beni non alimentari,Tabacchi,22.78
2008,0,Beni non alimentari,Abbigliamento e calzature,92.21
2008,0,Beni non alimentari,Abitazione,394.52
2008,0,Beni non alimentari,Combustibili ed energia,83.45
2008,0,Beni non alimentari,"Mobili, elettrodomestici, servizi casa",90.7
2008,0,Beni non alimentari,Sanità,134.33
2008,0,Beni non alimentari,Trasporti,189.77
2008,0,Beni non alimentari,Comunicazioni,61.01
2008,0,Beni non alimentari,Istruzione,3.61
2008,0,Beni non alimentari,"Tempo libero, cultura e giochi",82.27
2008,0,Beni non alimentari,Altri beni e servizi,278.88
2008,0,Beni non alimentari,Affitto figurativo (canone mensile),514.65
2008,0,Beni non alimentari,Mutuo (rata mensile),119.39
2008,1,Beni alimentari,Pane e cereali,62.96
2008,1,Beni alimentari,Carne,119.43
2008,1,Beni alimentari,Pesce,36.36
2008,1,Beni alimentari,"Latte, formaggi e uova",72.26
2008,1,Beni alimentari,Oli e grassi,12.45
2008,1,Beni alimentari,"Patate, frutta e ortaggi",104.05
2008,1,Beni alimentari,"Zucchero, caffè e drogheria",56.31
2008,1,Beni alimentari,Bevande,49.6
2008,1,Beni alimentari,Altri generi alimentari,35.46
2008,1,Beni non alimentari,Tabacchi,23.63
2008,1,Beni non alimentari,Abbigliamento e calzature,129.73
2008,1,Beni non alimentari,Abitazione,424.89
2008,1,Beni non alimentari,Combustibili ed energia,95.35
2008,1,Beni non alimentari,"Mobili, elettrodomestici, servizi casa",189.29
2008,1,Beni non alimentari,Sanità,210.32
2008,1,Beni non alimentari,Trasporti,296.94
2008,1,Beni non alimentari,Comunicazioni,82.78
2008,1,Beni non alimentari,Istruzione,53.56
2008,1,Beni non alimentari,"Tempo libero, cultura e giochi",129.39
2008,1,Beni non alimentari,Altri beni e servizi,274.6
2008,1,Beni non alimentari,Affitto figurativo (canone mensile),551.83
2008,1,Beni non alimentari,Mutuo (rata mensile),97.36
2008,2,Beni alimentari,Pane e cereali,81.55
2008,2,Beni alimentari,Carne,149.94
2008,2,Beni alimentari,Pesce,39.72
2008,2,Beni alimentari,"Latte, formaggi e uova",76.67
2008,2,Beni alimentari,Oli e grassi,17.31
2008,2,Beni alimentari,"Patate, frutta e ortaggi",117.14
2008,2,Beni alimentari,"Zucchero, caffè e drogheria",68.89
2008,2,Beni alimentari,Bevande,50.26
2008,2,Beni alimentari,Altri generi alimentari,42.94
2008,2,Beni non alimentari,Tabacchi,39.85
2008,2,Beni non alimentari,Abbigliamento e calzature,186.69
2008,2,Beni non alimentari,Abitazione,419.63
2008,2,Beni non alimentari,Combustibili ed energia,132.68
2008,2,Beni non alimentari,"Mobili, elettrodomestici, servizi casa",219.46
2008,2,Beni non alimentari,Sanità,215.71
2008,2,Beni non alimentari,Trasporti,504.75
2008,2,Beni non alimentari,Comunicazioni,102.57
2008,2,Beni non alimentari,Istruzione,118.97
2008,2,Beni non alimentari,"Tempo libero, cultura e giochi",178.66
2008,2,Beni non alimentari,Altri beni e servizi,376.89
2008,2,Beni non alimentari,Affitto figurativo (canone mensile),699.29
2008,2,Beni non alimentari,Mutuo (rata mensile),183.16
2008,3+,Beni alimentari,Pane e cereali,110.23
2008,3+,Beni alimentari,Carne,193.67
2008,3+,Beni alimentari,Pesce,44.91
2008,3+,Beni alimentari,"Latte, formaggi e uova",95.08
2008,3+,Beni alimentari,Oli e grassi,22.71
2008,3+,Beni alimentari,"Patate, frutta e ortaggi",130.44
2008,3+,Beni alimentari,"Zucchero, caffè e drogheria",75.75
2008,3+,Beni alimentari,Bevande,53.61
2008,3+,Beni alimentari,Altri generi alimentari,52.97
2008,3+,Beni non alimentari,Tabacchi,36.15
2008,3+,Beni non alimentari,Abbigliamento e calzature,192.69
2008,3+,Beni non alimentari,Abitazione,487.11
2008,3+,Beni non alimentari,Combustibili ed energia,137.6
2008,3+,Beni non alimentari,"Mobili, elettrodomestici, servizi casa",202.95
2008,3+,Beni non alimentari,Sanità,317.29
2008,3+,Beni non alimentari,Trasporti,382.44
2008,3+,Beni non alimentari,Comunicazioni,107.62
2008,3+,Beni non alimentari,Istruzione,147.43
2008,3+,Beni non alimentari,"Tempo libero, cultura e giochi",184.18
2008,3+,Beni non alimentari,Altri beni e servizi,370.96
2008,3+,Beni non alimentari,Affitto figurativo (canone mensile),703.21
2008,3+,Beni non alimentari,Mutuo (rata mensile),182.29
2009,0,Beni alimentari,Pane e cereali,40.28
2009,0,Beni alimentari,Carne,84.14
2009,0,Beni alimentari,Pesce,18.2
2009,0,Beni alimentari,"Latte, formaggi e uova",49.38
2009,0,Beni alimentari,Oli e grassi,10.96
2009,0,Beni alimentari,"Patate, frutta e ortaggi",64.85
2009,0,Beni alimentari,"Zucchero, caffè e drogheria",38.65
2009,0,Beni alimentari,Bevande,36.44
2009,0,Beni alimentari,Altri generi alimentari,16.07
2009,0,Beni non alimentari,Tabacchi,16.27
2009,0,Beni non alimentari,Abbigliamento e calzature,75.95
2009,0,Beni non alimentari,Abitazione,370.09
2009,0,Beni non alimentari,Combustibili ed energia,67.42
2009,0,Beni non alimentari,"Mobili, elettrodomestici, servizi casa",117.08
2009,0,Beni non alimentari,Sanità,133.91
2009,0,Beni non alimentari,Trasporti,235.42
2009,0,Beni non alimentari,Comunicazioni,62.38
2009,0,Beni non alimentari,Istruzione,7.73
2009,0,Beni non alimentari,"Tempo libero, cultura e giochi",114.77
2009,0,Beni non alimentari,Altri beni e servizi,265.52
2009,0,Beni non alimentari,Affitto figurativo (canone mensile),496.9
2009,0,Beni non alimentari,Mutuo (rata mensile),62.92
2009,1,Beni alimentari,Pane e cereali,60.87
2009,1,Beni alimentari,Carne,106.5
2009,1,Beni alimentari,Pesce,32.43
2009,1,Beni alimentari,"Latte, formaggi e uova",64.45
2009,1,Beni alimentari,Oli e grassi,14.38
2009,1,Beni alimentari,"Patate, frutta e ortaggi",89.88
2009,1,Beni alimentari,"Zucchero, caffè e drogheria",49.98
2009,1,Beni alimentari,Bevande,57.21
2009,1,Beni alimentari,Altri generi alimentari,19.77
2009,1,Beni non alimentari,Tabacchi,31.87
2009,1,Beni non alimentari,Abbigliamento e calzature,153.41
2009,1,Beni non alimentari,Abitazione,423.44
2009,1,Beni non alimentari,Combustibili ed energia,79.37
2009,1,Beni non alimentari,"Mobili, elettrodomestici, servizi casa",203.64
2009,1,Beni non alimentari,Sanità,236.32
2009,1,Beni non alimentari,Trasporti,364.99
2009,1,Beni non alimentari,Comunicazioni,87.46
2009,1,Beni non alimentari,Istruzione,63.02
2009,1,Beni non alimentari,"Tempo libero, cultura e giochi",209.07
2009,1,Beni non alimentari,Altri beni e servizi,432.75
2009,1,Beni non alimentari,Affitto figurativo (canone mensile),607.65
2009,1,Beni non alimentari,Mutuo (rata mensile),141.26
2009,2,Beni alimentari,Pane e cereali,81.18
2009,2,Beni alimentari,Carne,147.4
2009,2,Beni alimentari,Pesce,43.61
2009,2,Beni alimentari,"Latte, formaggi e uova",77.68
2009,2,Beni alimentari,Oli e grassi,17.74
2009,2,Beni alimentari,"Patate, frutta e ortaggi",107.49
2009,2,Beni alimentari,"Zucchero, caffè e drogheria",70.43
2009,2,Beni alimentari,Bevande,63.41
2009,2,Beni alimentari,Altri generi alimentari,27.9
2009,2,Beni non alimentari,Tabacchi,32.18
2009,2,Beni non alimentari,Abbigliamento e calzature,184.64
2009,2,Beni non alimentari,Abitazione,399.81
2009,2,Beni non alimentari,Combustibili ed energia,99.91
2009,2,Beni non alimentari,"Mobili, elettrodomestici, servizi casa",259.98
2009,2,Beni non alimentari,Sanità,265.37
2009,2,Beni non alimentari,Trasporti,493.14
2009,2,Beni non alimentari,Comunicazioni,106.35
2009,2,Beni non alimentari,Istruzione,129.7
2009,2,Beni non alimentari,"Tempo libero, cultura e giochi",288.76
2009,2,Beni non alimentari,Altri beni e servizi,508.72
2009,2,Beni non alimentari,Affitto figurativo (canone mensile),733.28
2009,2,Beni non alimentari,Mutuo (rata mensile),206.46
2009,3+,Beni alimentari,Pane e cereali,124.24
2009,3+,Beni alimentari,Carne,145.6
2009,3+,Beni alimentari,Pesce,55.1
2009,3+,Beni alimentari,"Latte, formaggi e uova",91.33
2009,3+,Beni alimentari,Oli e grassi,19.29
2009,3+,Beni alimentari,"Patate, frutta e ortaggi",101.57
2009,3+,Beni alimentari,"Zucchero, caffè e drogheria",90.89
2009,3+,Beni alimentari,Bevande,59.26
2009,3+,Beni alimentari,Altri generi alimentari,31.33
2009,3+,Beni non alimentari,Tabacchi,26.87
2009,3+,Beni non alimentari,Abbigliamento e calzature,217.68
2009,3+,Beni non alimentari,Abitazione,604.37
2009,3+,Beni non alimentari,Combustibili ed energia,130.18
2009,3+,Beni non alimentari,"Mobili, elettrodomestici, servizi casa",354.85
2009,3+,Beni non alimentari,Sanità,285.75
2009,3+,Beni non alimentari,Trasporti,571.29
2009,3+,Beni non alimentari,Comunicazioni,122.32
2009,3+,Beni non alimentari,Istruzione,244.71
2009,3+,Beni non alimentari,"Tempo libero, cultura e giochi",345.02
2009,3+,Beni non alimentari,Altri beni e servizi,684.77
2009,3+,Beni non alimentari,Affitto figurativo (canone mensile),685.38
2009,3+,Beni non alimentari,Mutuo (rata mensile),140.53
2010,0,Beni alimentari,Pane e cereali,38.82
2010,0,Beni alimentari,Carne,76.17
2010,0,Beni alimentari,Pesce,23.82
2010,0,Beni alimentari,"Latte, formaggi e uova",41.35
2010,0,Beni alimentari,Oli e grassi,10.79
2010,0,Beni alimentari,"Patate, frutta e ortaggi",64.91
2010,0,Beni alimentari,"Zucchero, caffè e drogheria",31.29
2010,0,Beni alimentari,Bevande,38.61
2010,0,Beni alimentari,Altri generi alimentari,14.81
2010,0,Beni non alimentari,Tabacchi,16.03
2010,0,Beni non alimentari,Abbigliamento e calzature,98.46
2010,0,Beni non alimentari,Abitazione,355.4
2010,0,Beni non alimentari,Combustibili ed energia,61.79
2010,0,Beni non alimentari,"Mobili, elettrodomestici, servizi casa",142.88
2010,0,Beni non alimentari,Sanità,168.4
2010,0,Beni non alimentari,Trasporti,228.6
2010,0,Beni non alimentari,Comunicazioni,58.54
2010,0,Beni non alimentari,Istruzione,2.3
2010,0,Beni non alimentari,"Tempo libero, cultura e giochi",130.12
2010,0,Beni non alimentari,Altri beni e servizi,297.2
2010,0,Beni non alimentari,Affitto figurativo (canone mensile),578.59
2010,0,Beni non alimentari,Mutuo (rata mensile),64.72
2010,1,Beni alimentari,Pane e cereali,60.61
2010,1,Beni alimentari,Carne,106.71
2010,1,Beni alimentari,Pesce,35.53
2010,1,Beni alimentari,"Latte, formaggi e uova",62.3
2010,1,Beni alimentari,Oli e grassi,13.41
2010,1,Beni alimentari,"Patate, frutta e ortaggi",98.32
2010,1,Beni alimentari,"Zucchero, caffè e drogheria",51.72
2010,1,Beni alimentari,Bevande,51.77
2010,1,Beni alimentari,Altri generi alimentari,21.97
2010,1,Beni non alimentari,Tabacchi,26.24
2010,1,Beni non alimentari,Abbigliamento e calzature,156.16
2010,1,Beni non alimentari,Abitazione,445.25
2010,1,Beni non alimentari,Combustibili ed energia,81.83
2010,1,Beni non alimentari,"Mobili, elettrodomestici, servizi casa",226.24
2010,1,Beni non alimentari,Sanità,216.67
2010,1,Beni non alimentari,Trasporti,407.16
2010,1,Beni non alimentari,Comunicazioni,96.57
2010,1,Beni non alimentari,Istruzione,70.98
2010,1,Beni non alimentari,"Tempo libero, cultura e giochi",216.03
2010,1,Beni non alimentari,Altri beni e servizi,446.09
2010,1,Beni non alimentari,Affitto figurativo (canone mensile),608.91
2010,1,Beni non alimentari,Mutuo (rata mensile),121.68
2010,2,Beni alimentari,Pane e cereali,73.04
2010,2,Beni alimentari,Carne,138.34
2010,2,Beni alimentari,Pesce,33.8
2010,2,Beni alimentari,"Latte, formaggi e uova",70.22
2010,2,Beni alimentari,Oli e grassi,19.58
2010,2,Beni alimentari,"Patate, frutta e ortaggi",96.0
2010,2,Beni alimentari,"Zucchero, caffè e drogheria",64.25
2010,2,Beni alimentari,Bevande,55.06
2010,2,Beni alimentari,Altri generi alimentari,20.5
2010,2,Beni non alimentari,Tabacchi,19.08
2010,2,Beni non alimentari,Abbigliamento e calzature,168.61
2010,2,Beni non alimentari,Abitazione,528.12
2010,2,Beni non alimentari,Combustibili ed energia,96.15
2010,2,Beni non alimentari,"Mobili, elettrodomestici, servizi casa",343.33
2010,2,Beni non alimentari,Sanità,191.78
2010,2,Beni non alimentari,Trasporti,469.78
2010,2,Beni non alimentari,Comunicazioni,101.84
2010,2,Beni non alimentari,Istruzione,135.11
2010,2,Beni non alimentari,"Tempo libero, cultura e giochi",243.78
2010,2,Beni non alimentari,Altri beni e servizi,511.37
2010,2,Beni non alimentari,Affitto figurativo (canone mensile),660.44
2010,2,Beni non alimentari,Mutuo (rata mensile),182.58
2010,3+,Beni alimentari,Pane e cereali,93.42
2010,3+,Beni alimentari,Carne,144.46
2010,3+,Beni alimentari,Pesce,43.87
2010,3+,Beni alimentari,"Latte, formaggi e uova",95.38
2010,3+,Beni alimentari,Oli e grassi,20.06
2010,3+,Beni alimentari,"Patate, frutta e ortaggi",123.59
2010,3+,Beni alimentari,"Zucchero, caffè e drogheria",82.89
2010,3+,Beni alimentari,Bevande,73.48
2010,3+,Beni alimentari,Altri generi alimentari,30.19
2010,3+,Beni non alimentari,Tabacchi,32.17
2010,3+,Beni non alimentari,Abbigliamento e calzature,219.3
2010,3+,Beni non alimentari,Abitazione,610.17
2010,3+,Beni non alimentari,Combustibili ed energia,124.38
2010,3+,Beni non alimentari,"Mobili, elettrodomestici, servizi casa",553.56
2010,3+,Beni non alimentari,Sanità,231.75
2010,3+,Beni non alimentari,Trasporti,560.28
2010,3+,Beni non alimentari,Comunicazioni,118.09
2010,3+,Beni non alimentari,Istruzione,216.33
2010,3+,Beni non alimentari,"Tempo libero, cultura e giochi",332.35
2010,3+,Beni non alimentari,Altri beni e servizi,561.6
2010,3+,Beni non alimentari,Affitto figurativo (canone mensile),738.4
2010,3+,Beni non alimentari,Mutuo (rata mensile),182.19
2011,0,Beni alimentari,Pane e cereali,36.69
2011,0,Beni alimentari,Carne,74.46
2011,0,Beni alimentari,Pesce,22.85
2011,0,Beni alimentari,"Latte, formaggi e uova",45.47
2011,0,Beni alimentari,Oli e grassi,10.19
2011,0,Beni alimentari,"Patate, frutta e ortaggi",64.18
2011,0,Beni alimentari,"Zucchero, caffè e drogheria",35.5
2011,0,Beni alimentari,Bevande,35.17
2011,0,Beni alimentari,Altri generi alimentari,12.7
2011,0,Beni non alimentari,Tabacchi,13.79
2011,0,Beni non alimentari,Abbigliamento e calzature,92.98
2011,0,Beni non alimentari,Abitazione,393.76
2011,0,Beni non alimentari,Combustibili ed energia,56.63
2011,0,Beni non alimentari,"Mobili, elettrodomestici, servizi casa",134.87
2011,0,Beni non alimentari,Sanità,141.11
2011,0,Beni non alimentari,Trasporti,210.89
2011,0,Beni non alimentari,Comunicazioni,57.4
2011,0,Beni non alimentari,Istruzione,2.08
2011,0,Beni non alimentari,"Tempo libero, cultura e giochi",146.96
2011,0,Beni non alimentari,Altri beni e servizi,331.72
2011,0,Beni non alimentari,Affitto figurativo (canone mensile),576.36
2011,0,Beni non alimentari,Mutuo (rata mensile),70.62
2011,1,Beni alimentari,Pane e cereali,58.11
2011,1,Beni alimentari,Carne,114.76
2011,1,Beni alimentari,Pesce,35.71
2011,1,Beni alimentari,"Latte, formaggi e uova",64.46
2011,1,Beni alimentari,Oli e grassi,15.22
2011,1,Beni alimentari,"Patate, frutta e ortaggi",106.56
2011,1,Beni alimentari,"Zucchero, caffè e drogheria",54.97
2011,1,Beni alimentari,Bevande,65.18
2011,1,Beni alimentari,Altri generi alimentari,24.54
2011,1,Beni non alimentari,Tabacchi,26.76
2011,1,Beni non alimentari,Abbigliamento e calzature,145.09
2011,1,Beni non alimentari,Abitazione,446.17
2011,1,Beni non alimentari,Combustibili ed energia,80.21
2011,1,Beni non alimentari,"Mobili, elettrodomestici, servizi casa",221.41
2011,1,Beni non alimentari,Sanità,176.08
2011,1,Beni non alimentari,Trasporti,360.85
2011,1,Beni non alimentari,Comunicazioni,100.28
2011,1,Beni non alimentari,Istruzione,58.94
2011,1,Beni non alimentari,"Tempo libero, cultura e giochi",191.98
2011,1,Beni non alimentari,Altri beni e servizi,439.63
2011,1,Beni non alimentari,Affitto figurativo (canone mensile),696.07
2011,1,Beni non alimentari,Mutuo (rata mensile),111.61
2011,2,Beni alimentari,Pane e cereali,73.59
2011,2,Beni alimentari,Carne,166.19
2011,2,Beni alimentari,Pesce,43.84
2011,2,Beni alimentari,"Latte, formaggi e uova",81.8
2011,2,Beni alimentari,Oli e grassi,16.02
2011,2,Beni alimentari,"Patate, frutta e ortaggi",122.63
2011,2,Beni alimentari,"Zucchero, caffè e drogheria",67.99
2011,2,Beni alimentari,Bevande,59.34
2011,2,Beni alimentari,Altri generi alimentari,23.53
2011,2,Beni non alimentari,Tabacchi,28.32
2011,2,Beni non alimentari,Abbigliamento e calzature,229.29
2011,2,Beni non alimentari,Abitazione,472.09
2011,2,Beni non alimentari,Combustibili ed energia,86.0
2011,2,Beni non alimentari,"Mobili, elettrodomestici, servizi casa",299.37
2011,2,Beni non alimentari,Sanità,220.69
2011,2,Beni non alimentari,Trasporti,507.63
2011,2,Beni non alimentari,Comunicazioni,113.09
2011,2,Beni non alimentari,Istruzione,129.6
2011,2,Beni non alimentari,"Tempo libero, cultura e giochi",235.91
2011,2,Beni non alimentari,Altri beni e servizi,533.26
2011,2,Beni non alimentari,Affitto figurativo (canone mensile),684.15
2011,2,Beni non alimentari,Mutuo (rata mensile),132.47
2011,3+,Beni alimentari,Pane e cereali,95.67
2011,3+,Beni alimentari,Carne,153.6
2011,3+,Beni alimentari,Pesce,40.3
2011,3+,Beni alimentari,"Latte, formaggi e uova",75.25
2011,3+,Beni alimentari,Oli e grassi,30.88
2011,3+,Beni alimentari,"Patate, frutta e ortaggi",134.25
2011,3+,Beni alimentari,"Zucchero, caffè e drogheria",62.9
2011,3+,Beni alimentari,Bevande,60.8
2011,3+,Beni alimentari,Altri generi alimentari,23.8
2011,3+,Beni non alimentari,Tabacchi,27.19
2011,3+,Beni non alimentari,Abbigliamento e calzature,174.69
2011,3+,Beni non alimentari,Abitazione,569.27
2011,3+,Beni non alimentari,Combustibili ed energia,105.22
2011,3+,Beni non alimentari,"Mobili, elettrodomestici, servizi casa",249.21
2011,3+,Beni non alimentari,Sanità,195.96
2011,3+,Beni non alimentari,Trasporti,404.1
2011,3+,Beni non alimentari,Comunicazioni,97.79
2011,3+,Beni non alimentari,Istruzione,161.44
2011,3+,Beni non alimentari,"Tempo libero, cultura e giochi",199.38
2011,3+,Beni non alimentari,Altri beni e servizi,591.77
2011,3+,Beni non alimentari,Affitto figurativo (canone mensile),691.73
2011,3+,Beni non alimentari,Mutuo (rata mensile),255.66
2012,0,Beni alimentari,Pane e cereali,50.86
2012,0,Beni alimentari,Carne,79.88
2012,0,Beni alimentari,Pesce,25.63
2012,0,Beni alimentari,"Latte, formaggi e uova",46.36
2012,0,Beni alimentari,Oli e grassi,9.69
2012,0,Beni alimentari,"Patate, frutta e ortaggi",74.39
2012,0,Beni alimentari,"Zucchero, caffè e drogheria",47.25
2012,0,Beni alimentari,Bevande,40.21
2012,0,Beni non alimentari,Tabacchi,26.79
2012,0,Beni non alimentari,Abbigliamento e calzature,70.49
2012,0,Beni non alimentari,Abitazione,420.14
2012,0,Beni non alimentari,Combustibili ed energia,63.36
2012,0,Beni non alimentari,"Mobili, elettrodomestici, servizi casa",189.94
2012,0,Beni non alimentari,Sanità,114.3
2012,0,Beni non alimentari,Trasporti,239.4
2012,0,Beni non alimentari,Comunicazioni,56.49
2012,0,Beni non alimentari,Istruzione,5.62
2012,0,Beni non alimentari,"Tempo libero, cultura e giochi",121.33
2012,0,Beni non alimentari,Altri beni e servizi,308.66
2012,0,Beni non alimentari,Affitto figurativo (canone mensile),590.68
2012,0,Beni non alimentari,Mutuo (rata mensile),78.32
2012,1,Beni alimentari,Pane e cereali,73.51
2012,1,Beni alimentari,Carne,122.63
2012,1,Beni alimentari,Pesce,35.38
2012,1,Beni alimentari,"Latte, formaggi e uova",70.89
2012,1,Beni alimentari,Oli e grassi,15.07
2012,1,Beni alimentari,"Patate, frutta e ortaggi",104.07
2012,1,Beni alimentari,"Zucchero, caffè e drogheria",62.68
2012,1,Beni alimentari,Bevande,61.49
2012,1,Beni non alimentari,Tabacchi,33.09
2012,1,Beni non alimentari,Abbigliamento e calzature,125.09
2012,1,Beni non alimentari,Abitazione,481.13
2012,1,Beni non alimentari,Combustibili ed energia,82.64
2012,1,Beni non alimentari,"Mobili, elettrodomestici, servizi casa",198.86
2012,1,Beni non alimentari,Sanità,167.67
2012,1,Beni non alimentari,Trasporti,455.74
2012,1,Beni non alimentari,Comunicazioni,76.29
2012,1,Beni non alimentari,Istruzione,65.64
2012,1,Beni non alimentari,"Tempo libero, cultura e giochi",182.61
2012,1,Beni non alimentari,Altri beni e servizi,487.17
2012,1,Beni non alimentari,Affitto figurativo (canone mensile),782.69
2012,1,Beni non alimentari,Mutuo (rata mensile),172.35
2012,2+,Beni alimentari,Pane e cereali,105.91
2012,2+,Beni alimentari,Carne,155.15
2012,2+,Beni alimentari,Pesce,47.18
2012,2+,Beni alimentari,"Latte, formaggi e uova",83.82
2012,2+,Beni alimentari,Oli e grassi,13.57
2012,2+,Beni alimentari,"Patate, frutta e ortaggi",109.94
2012,2+,Beni alimentari,"Zucchero, caffè e drogheria",75.23
2012,2+,Beni alimentari,Bevande,71.97
2012,2+,Beni non alimentari,Tabacchi,22.31
2012,2+,Beni non alimentari,Abbigliamento e calzature,188.91
2012,2+,Beni non alimentari,Abitazione,537.98
2012,2+,Beni non alimentari,Combustibili ed energia,100.61
2012,2+,Beni non alimentari,"Mobili, elettrodomestici, servizi casa",327.83
2012,2+,Beni non alimentari,Sanità,172.55
2012,2+,Beni non alimentari,Trasporti,519.33
2012,2+,Beni non alimentari,Comunicazioni,89.36
2012,2+,Beni non alimentari,Istruzione,158.13
2012,2+,Beni non alimentari,"Tempo libero, cultura e giochi",239.42
2012,2+,Beni non alimentari,Altri beni e servizi,657.87
2012,2+,Beni non alimentari,Affitto figurativo (canone mensile),873.97
2012,2+,Beni non alimentari,Mutuo (rata mensile),197.02
2013,0,Beni alimentari,Pane e cereali,48.49
2013,0,Beni alimentari,Carne,61.79
2013,0,Beni alimentari,Pesce,21.8
2013,0,Beni alimentari,"Latte, formaggi e uova",41.13
2013,0,Beni alimentari,Oli e grassi,7.57
2013,0,Beni alimentari,"Patate, frutta e ortaggi",71.17
2013,0,Beni alimentari,"Zucchero, caffè e drogheria",41.85
2013,0,Beni alimentari,Bevande,32.93
2013,0,Beni non alimentari,Tabacchi,18.6
2013,0,Beni non alimentari,Abbigliamento e calzature,76.65
2013,0,Beni non alimentari,Abitazione,425.02
2013,0,Beni non alimentari,Combustibili ed energia,57.06
2013,0,Beni non alimentari,"Mobili, elettrodomestici, servizi casa",128.28
2013,0,Beni non alimentari,Sanità,101.61
2013,0,Beni non alimentari,Trasporti,216.68
2013,0,Beni non alimentari,Comunicazioni,62.41
2013,0,Beni non alimentari,Istruzione,6.81
2013,0,Beni non alimentari,"Tempo libero, cultura e giochi",98.41
2013,0,Beni non alimentari,Altri beni e servizi,309.44
2013,0,Beni non alimentari,Affitto figurativo (canone mensile),598.38
2013,0,Beni non alimentari,Mutuo (rata mensile),50.12
2013,1,Beni alimentari,Pane e cereali,76.48
2013,1,Beni alimentari,Carne,120.97
2013,1,Beni alimentari,Pesce,48.02
2013,1,Beni alimentari,"Latte, formaggi e uova",64.38
2013,1,Beni alimentari,Oli e grassi,13.95
2013,1,Beni alimentari,"Patate, frutta e ortaggi",108.85
2013,1,Beni alimentari,"Zucchero, caffè e drogheria",68.61
2013,1,Beni alimentari,Bevande,50.45
2013,1,Beni non alimentari,Tabacchi,27.06
2013,1,Beni non alimentari,Abbigliamento e calzature,137.92
2013,1,Beni non alimentari,Abitazione,462.35
2013,1,Beni non alimentari,Combustibili ed energia,82.29
2013,1,Beni non alimentari,"Mobili, elettrodomestici, servizi casa",205.37
2013,1,Beni non alimentari,Sanità,137.16
2013,1,Beni non alimentari,Trasporti,392.2
2013,1,Beni non alimentari,Comunicazioni,81.6
2013,1,Beni non alimentari,Istruzione,90.77
2013,1,Beni non alimentari,"Tempo libero, cultura e giochi",148.36
2013,1,Beni non alimentari,Altri beni e servizi,451.89
2013,1,Beni non alimentari,Affitto figurativo (canone mensile),736.58
2013,1,Beni non alimentari,Mutuo (rata mensile),85.38
2013,2+,Beni alimentari,Pane e cereali,89.67
2013,2+,Beni alimentari,Carne,116.61
2013,2+,Beni alimentari,Pesce,45.89
2013,2+,Beni alimentari,"Latte, formaggi e uova",76.65
2013,2+,Beni alimentari,Oli e grassi,10.93
2013,2+,Beni alimentari,"Patate, frutta e ortaggi",111.63
2013,2+,Beni alimentari,"Zucchero, caffè e drogheria",83.61
2013,2+,Beni alimentari,Bevande,51.93
2013,2+,Beni non alimentari,Tabacchi,17.81
2013,2+,Beni non alimentari,Abbigliamento e calzature,152.97
2013,2+,Beni non alimentari,Abitazione,449.48
2013,2+,Beni non alimentari,Combustibili ed energia,101.91
2013,2+,Beni non alimentari,"Mobili, elettrodomestici, servizi casa",240.69
2013,2+,Beni non alimentari,Sanità,161.69
2013,2+,Beni non alimentari,Trasporti,407.16
2013,2+,Beni non alimentari,Comunicazioni,95.15
2013,2+,Beni non alimentari,Istruzione,132.81
2013,2+,Beni non alimentari,"Tempo libero, cultura e giochi",177.69
2013,2+,Beni non alimentari,Altri beni e servizi,512.82
2013,2+,Beni non alimentari,Affitto figurativo (canone mensile),899.96
2013,2+,Beni non alimentari,Mutuo (rata mensile),146.21
2014,0,Beni alimentari,Pane e cereali,50.13
2014,0,Beni alimentari,Carne,62.73
2014,0,Beni alimentari,Pesce,21.93
2014,0,Beni alimentari,"Latte, formaggi e uova",41.71
2014,0,Beni alimentari,Oli e grassi,7.61
2014,0,Beni alimentari,"Patate, frutta e ortaggi",73.87
2014,0,Beni alimentari,"Zucchero, caffè e drogheria",41.7
2014,0,Beni alimentari,Bevande,34.03
2014,0,Beni non alimentari,Tabacchi,18.66
2014,0,Beni non alimentari,Abbigliamento e calzature,77.92
2014,0,Beni non alimentari,Abitazione,434.1
2014,0,Beni non alimentari,Combustibili ed energia,58.16
2014,0,Beni non alimentari,"Mobili, elettrodomestici, servizi casa",129.38
2014,0,Beni non alimentari,Sanità,105.49
2014,0,Beni non alimentari,Trasporti,224.1
2014,0,Beni non alimentari,Comunicazioni,64.02
2014,0,Beni non alimentari,Istruzione,6.91
2014,0,Beni non alimentari,"Tempo libero, cultura e giochi",101.02
2014,0,Beni non alimentari,Altri beni e servizi,314.78
2014,0,Beni non alimentari,Affitto figurativo (canone mensile),604.12
2014,0,Beni non alimentari,Mutuo (rata mensile),50.47
2014,1,Beni alimentari,Pane e cereali,76.49
2014,1,Beni alimentari,Carne,120.87
2014,1,Beni alimentari,Pesce,48.38
2014,1,Beni alimentari,"Latte, formaggi e uova",66.55
2014,1,Beni alimentari,Oli e grassi,14.02
2014,1,Beni alimentari,"Patate, frutta e ortaggi",108.41
2014,1,Beni alimentari,"Zucchero, caffè e drogheria",69.31
2014,1,Beni alimentari,Bevande,50.66
2014,1,Beni non alimentari,Tabacchi,28.04
2014,1,Beni non alimentari,Abbigliamento e calzature,140.72
2014,1,Beni non alimentari,Abitazione,478.99
2014,1,Beni non alimentari,Combustibili ed energia,82.5
2014,1,Beni non alimentari,"Mobili, elettrodomestici, servizi casa",211.37
2014,1,Beni non alimentari,Sanità,140.85
2014,1,Beni non alimentari,Trasporti,399.65
2014,1,Beni non alimentari,Comunicazioni,83.87
2014,1,Beni non alimentari,Istruzione,94.27
2014,1,Beni non alimentari,"Tempo libero, cultura e giochi",148.13
2014,1,Beni non alimentari,Altri beni e servizi,469.62
2014,1,Beni non alimentari,Affitto figurativo (canone mensile),764.52
2014,1,Beni non alimentari,Mutuo (rata mensile),88.55
2014,2+,Beni alimentari,Pane e cereali,90.36
2014,2+,Beni alimentari,Carne,118.7
2014,2+,Beni alimentari,Pesce,45.8
2014,2+,Beni alimentari,"Latte, formaggi e uova",76.41
2014,2+,Beni alimentari,Oli e grassi,11.37
2014,2+,Beni alimentari,"Patate, frutta e ortaggi",111.27
2014,2+,Beni alimentari,"Zucchero, caffè e drogheria",83.22
2014,2+,Beni alimentari,Bevande,52.89
2014,2+,Beni non alimentari,Tabacchi,18.4
2014,2+,Beni non alimentari,Abbigliamento e calzature,152.89
2014,2+,Beni non alimentari,Abitazione,459.72
2014,2+,Beni non alimentari,Combustibili ed energia,102.77
2014,2+,Beni non alimentari,"Mobili, elettrodomestici, servizi casa",242.32
2014,2+,Beni non alimentari,Sanità,166.35
2014,2+,Beni non alimentari,Trasporti,409.61
2014,2+,Beni non alimentari,Comunicazioni,96.73
2014,2+,Beni non alimentari,Istruzione,136.3
2014,2+,Beni non alimentari,"Tempo libero, cultura e giochi",180.08
2014,2+,Beni non alimentari,Altri beni e servizi,510.83
2014,2+,Beni non alimentari,Affitto figurativo (canone mensile),934.25
2014,2+,Beni non alimentari,Mutuo (rata mensile),146.23
2015,0,Beni alimentari,Pane e cereali,51.58
2015,0,Beni alimentari,Carne,62.55
2015,0,Beni alimentari,Pesce,22.63
2015,0,Beni alimentari,"Latte, formaggi e uova",42.29
2015,0,Beni alimentari,Oli e grassi,7.66
2015,0,Beni alimentari,"Patate, frutta e ortaggi",73.84
2015,0,Beni alimentari,"Zucchero, caffè e drogheria",43.15
2015,0,Beni alimentari,Bevande,34.43
2015,0,Beni non alimentari,Tabacchi,18.94
2015,0,Beni non alimentari,Abbigliamento e calzature,79.18
2015,0,Beni non alimentari,Abitazione,451.16
2015,0,Beni non alimentari,Combustibili ed energia,59.79
2015,0,Beni non alimentari,"Mobili, elettrodomestici, servizi casa",133.6
2015,0,Beni non alimentari,Sanità,109.7
2015,0,Beni non alimentari,Trasporti,228.27
2015,0,Beni non alimentari,Comunicazioni,64.98
2015,0,Beni non alimentari,Istruzione,7.04
2015,0,Beni non alimentari,"Tempo libero, cultura e giochi",100.57
2015,0,Beni non alimentari,Altri beni e servizi,319.4
2015,0,Beni non alimentari,Affitto figurativo (canone mensile),602.84
2015,0,Beni non alimentari,Mutuo (rata mensile),52.38
2015,1,Beni alimentari,Pane e cereali,78.08
2015,1,Beni alimentari,Carne,124.89
2015,1,Beni alimentari,Pesce,48.31
2015,1,Beni alimentari,"Latte, formaggi e uova",68.78
2015,1,Beni alimentari,Oli e grassi,14.21
2015,1,Beni alimentari,"Patate, frutta e ortaggi",108.06
2015,1,Beni alimentari,"Zucchero, caffè e drogheria",70.0
2015,1,Beni alimentari,Bevande,52.43
2015,1,Beni non alimentari,Tabacchi,28.83
2015,1,Beni non alimentari,Abbigliamento e calzature,141.04
2015,1,Beni non alimentari,Abitazione,496.14
2015,1,Beni non alimentari,Combustibili ed energia,85.52
2015,1,Beni non alimentari,"Mobili, elettrodomestici, servizi casa",214.63
2015,1,Beni non alimentari,Sanità,145.82
2015,1,Beni non alimentari,Trasporti,408.16
2015,1,Beni non alimentari,Comunicazioni,85.77
2015,1,Beni non alimentari,Istruzione,95.35
2015,1,Beni non alimentari,"Tempo libero, cultura e giochi",153.04
2015,1,Beni non alimentari,Altri beni e servizi,485.38
2015,1,Beni non alimentari,Affitto figurativo (canone mensile),773.45
2015,1,Beni non alimentari,Mutuo (rata mensile),88.63
2015,2+,Beni alimentari,Pane e cereali,92.31
2015,2+,Beni alimentari,Carne,122.95
2015,2+,Beni alimentari,Pesce,45.84
2015,2+,Beni alimentari,"Latte, formaggi e uova",79.43
2015,2+,Beni alimentari,Oli e grassi,11.8
2015,2+,Beni alimentari,"Patate, frutta e ortaggi",111.14
2015,2+,Beni alimentari,"Zucchero, caffè e drogheria",86.14
2015,2+,Beni alimentari,Bevande,52.9
2015,2+,Beni non alimentari,Tabacchi,19.08
2015,2+,Beni non alimentari,Abbigliamento e calzature,154.24
2015,2+,Beni non alimentari,Abitazione,459.78
2015,2+,Beni non alimentari,Combustibili ed energia,106.34
2015,2+,Beni non alimentari,"Mobili, elettrodomestici, servizi casa",244.42
2015,2+,Beni non alimentari,Sanità,169.85
2015,2+,Beni non alimentari,Trasporti,412.72
2015,2+,Beni non alimentari,Comunicazioni,98.07
2015,2+,Beni non alimentari,Istruzione,135.8
2015,2+,Beni non alimentari,"Tempo libero, cultura e giochi",187.25
2015,2+,Beni non alimentari,Altri beni e servizi,508.7
2015,2+,Beni non alimentari,Affitto figurativo (canone mensile),938.65
2015,2+,Beni non alimentari,Mutuo (rata mensile),145.88
2016,0,Beni alimentari,Pane e cereali,52.27
2016,0,Beni alimentari,Carne,63.56
2016,0,Beni alimentari,Pesce,22.97
2016,0,Beni alimentari,"Latte, formaggi e uova",43.68
2016,0,Beni alimentari,Oli e grassi,7.94
2016,0,Beni alimentari,"Patate, frutta e ortaggi",75.16
2016,0,Beni alimentari,"Zucchero, caffè e drogheria",44.88
2016,0,Beni alimentari,Bevande,35.16
2016,0,Beni non alimentari,Tabacchi,19.79
2016,0,Beni non alimentari,Abbigliamento e calzature,79.85
2016,0,Beni non alimentari,Abitazione,456.47
2016,0,Beni non alimentari,Combustibili ed energia,60.17
2016,0,Beni non alimentari,"Mobili, elettrodomestici, servizi casa",137.62
2016,0,Beni non alimentari,Sanità,112.74
2016,0,Beni non alimentari,Trasporti,231.55
2016,0,Beni non alimentari,Comunicazioni,66.27
2016,0,Beni non alimentari,Istruzione,7.09
2016,0,Beni non alimentari,"Tempo libero, cultura e giochi",105.01
2016,0,Beni non alimentari,Altri beni e servizi,324.45
2016,0,Beni non alimentari,Affitto figurativo (canone mensile),607.26
2016,0,Beni non alimentari,Mutuo (rata mensile),53.85
2016,1,Beni alimentari,Pane e cereali,81.22
2016,1,Beni alimentari,Carne,128.88
2016,1,Beni alimentari,Pesce,48.74
2016,1,Beni alimentari,"Latte, formaggi e uova",69.87
2016,1,Beni alimentari,Oli e grassi,14.49
2016,1,Beni alimentari,"Patate, frutta e ortaggi",111.4
2016,1,Beni alimentari,"Zucchero, caffè e drogheria",73.48
2016,1,Beni alimentari,Bevande,53.68
2016,1,Beni non alimentari,Tabacchi,29.37
2016,1,Beni non alimentari,Abbigliamento e calzature,142.78
2016,1,Beni non alimentari,Abitazione,506.08
2016,1,Beni non alimentari,Combustibili ed energia,86.02
2016,1,Beni non alimentari,"Mobili, elettrodomestici, servizi casa",216.23
2016,1,Beni non alimentari,Sanità,147.76
2016,1,Beni non alimentari,Trasporti,426.59
2016,1,Beni non alimentari,Comunicazioni,87.37
2016,1,Beni non alimentari,Istruzione,97.64
2016,1,Beni non alimentari,"Tempo libero, cultura e giochi",155.3
2016,1,Beni non alimentari,Altri beni e servizi,495.12
2016,1,Beni non alimentari,Affitto figurativo (canone mensile),811.43
2016,1,Beni non alimentari,Mutuo (rata mensile),92.61
2016,2+,Beni alimentari,Pane e cereali,95.45
2016,2+,Beni alimentari,Carne,124.94
2016,2+,Beni alimentari,Pesce,48.0
2016,2+,Beni alimentari,"Latte, formaggi e uova",82.06
2016,2+,Beni alimentari,Oli e grassi,12.22
2016,2+,Beni alimentari,"Patate, frutta e ortaggi",112.6
2016,2+,Beni alimentari,"Zucchero, caffè e drogheria",88.97
2016,2+,Beni alimentari,Bevande,53.27
2016,2+,Beni non alimentari,Tabacchi,19.94
2016,2+,Beni non alimentari,Abbigliamento e calzature,155.4
2016,2+,Beni non alimentari,Abitazione,474.78
2016,2+,Beni non alimentari,Combustibili ed energia,107.32
2016,2+,Beni non alimentari,"Mobili, elettrodomestici, servizi casa",254.69
2016,2+,Beni non alimentari,Sanità,171.33
2016,2+,Beni non alimentari,Trasporti,418.22
2016,2+,Beni non alimentari,Comunicazioni,99.43
2016,2+,Beni non alimentari,Istruzione,137.12
2016,2+,Beni non alimentari,"Tempo libero, cultura e giochi",189.92
2016,2+,Beni non alimentari,Altri beni e servizi,528.81
2016,2+,Beni non alimentari,Affitto figurativo (canone mensile),946.25
2016,2+,Beni non alimentari,Mutuo (rata mensile),148.54
2017,0,Beni alimentari,Pane e cereali,52.04
2017,0,Beni alimentari,Carne,65.61
2017,0,Beni alimentari,Pesce,23.55
2017,0,Beni alimentari,"Latte, formaggi e uova",44.41
2017,0,Beni alimentari,Oli e grassi,8.0
2017,0,Beni alimentari,"Patate, frutta e ortaggi",76.51
2017,0,Beni alimentari,"Zucchero, caffè e drogheria",44.85
2017,0,Beni alimentari,Bevande,35.0
2017,0,Beni non alimentari,Tabacchi,19.99
2017,0,Beni non alimentari,Abbigliamento e calzature,81.52
2017,0,Beni non alimentari,Abitazione,460.72
2017,0,Beni non alimentari,Combustibili ed energia,62.0
2017,0,Beni non alimentari,"Mobili, elettrodomestici, servizi casa",138.25
2017,0,Beni non alimentari,Sanità,115.39
2017,0,Beni non alimentari,Trasporti,234.13
2017,0,Beni non alimentari,Comunicazioni,68.27
2017,0,Beni non alimentari,Istruzione,7.33
2017,0,Beni non alimentari,"Tempo libero, cultura e giochi",105.36
2017,0,Beni non alimentari,Altri beni e servizi,332.87
2017,0,Beni non alimentari,Affitto figurativo (canone mensile),625.84
2017,0,Beni non alimentari,Mutuo (rata mensile),55.57
2017,1,Beni alimentari,Pane e cereali,84.38
2017,1,Beni alimentari,Carne,132.99
2017,1,Beni alimentari,Pesce,49.93
2017,1,Beni alimentari,"Latte, formaggi e uova",69.75
2017,1,Beni alimentari,Oli e grassi,14.64
2017,1,Beni alimentari,"Patate, frutta e ortaggi",115.25
2017,1,Beni alimentari,"Zucchero, caffè e drogheria",73.28
2017,1,Beni alimentari,Bevande,55.18
2017,1,Beni non alimentari,Tabacchi,30.04
2017,1,Beni non alimentari,Abbigliamento e calzature,146.16
2017,1,Beni non alimentari,Abitazione,522.6
2017,1,Beni non alimentari,Combustibili ed energia,89.08
2017,1,Beni non alimentari,"Mobili, elettrodomestici, servizi casa",218.21
2017,1,Beni non alimentari,Sanità,147.34
2017,1,Beni non alimentari,Trasporti,434.37
2017,1,Beni non alimentari,Comunicazioni,90.31
2017,1,Beni non alimentari,Istruzione,101.39
2017,1,Beni non alimentari,"Tempo libero, cultura e giochi",156.45
2017,1,Beni non alimentari,Altri beni e servizi,504.13
2017,1,Beni non alimentari,Affitto figurativo (canone mensile),827.47
2017,1,Beni non alimentari,Mutuo (rata mensile),94.65
2017,2+,Beni alimentari,Pane e cereali,99.07
2017,2+,Beni alimentari,Carne,129.56
2017,2+,Beni alimentari,Pesce,47.86
2017,2+,Beni alimentari,"Latte, formaggi e uova",83.74
2017,2+,Beni alimentari,Oli e grassi,12.62
2017,2+,Beni alimentari,"Patate, frutta e ortaggi",116.42
2017,2+,Beni alimentari,"Zucchero, caffè e drogheria",89.42
2017,2+,Beni alimentari,Bevande,53.29
2017,2+,Beni non alimentari,Tabacchi,20.7
2017,2+,Beni non alimentari,Abbigliamento e calzature,158.46
2017,2+,Beni non alimentari,Abitazione,477.31
2017,2+,Beni non alimentari,Combustibili ed energia,108.51
2017,2+,Beni non alimentari,"Mobili, elettrodomestici, servizi casa",258.55
2017,2+,Beni non alimentari,Sanità,174.54
2017,2+,Beni non alimentari,Trasporti,419.82
2017,2+,Beni non alimentari,Comunicazioni,103.31
2017,2+,Beni non alimentari,Istruzione,140.0
2017,2+,Beni non alimentari,"Tempo libero, cultura e giochi",197.29
2017,2+,Beni non alimentari,Altri beni e servizi,534.49
2017,2+,Beni non alimentari,Affitto figurativo (canone mensile),943.94
2017,2+,Beni non alimentari,Mutuo (rata mensile),151.45
2018,0,Beni alimentari,Pane e cereali,53.89
2018,0,Beni alimentari,Carne,66.72
2018,0,Beni alimentari,Pesce,24.19
2018,0,Beni alimentari,"Latte, formaggi e uova",45.43
2018,0,Beni alimentari,Oli e grassi,8.38
2018,0,Beni alimentari,"Patate, frutta e ortaggi",79.81
2018,0,Beni alimentari,"Zucchero, caffè e drogheria",45.41
2018,0,Beni alimentari,Bevande,35.63
2018,0,Beni non alimentari,Tabacchi,20.66
2018,0,Beni non alimentari,Abbigliamento e calzature,84.03
2018,0,Beni non alimentari,Abitazione,469.34
2018,0,Beni non alimentari,Combustibili ed energia,62.56
2018,0,Beni non alimentari,"Mobili, elettrodomestici, servizi casa",140.52
2018,0,Beni non alimentari,Sanità,120.0
2018,0,Beni non alimentari,Trasporti,235.71
2018,0,Beni non alimentari,Comunicazioni,71.28
2018,0,Beni non alimentari,Istruzione,7.5
2018,0,Beni non alimentari,"Tempo libero, cultura e giochi",107.62
2018,0,Beni non alimentari,Altri beni e servizi,341.45
2018,0,Beni non alimentari,Affitto figurativo (canone mensile),641.57
2018,0,Beni non alimentari,Mutuo (rata mensile),57.35
2018,1,Beni alimentari,Pane e cereali,86.51
2018,1,Beni alimentari,Carne,139.07
2018,1,Beni alimentari,Pesce,52.17
2018,1,Beni alimentari,"Latte, formaggi e uova",71.49
2018,1,Beni alimentari,Oli e grassi,15.1
2018,1,Beni alimentari,"Patate, frutta e ortaggi",117.02
2018,1,Beni alimentari,"Zucchero, caffè e drogheria",75.95
2018,1,Beni alimentari,Bevande,55.72
2018,1,Beni non alimentari,Tabacchi,31.37
2018,1,Beni non alimentari,Abbigliamento e calzature,151.97
2018,1,Beni non alimentari,Abitazione,526.07
2018,1,Beni non alimentari,Combustibili ed energia,90.67
2018,1,Beni non alimentari,"Mobili, elettrodomestici, servizi casa",227.2
2018,1,Beni non alimentari,Sanità,152.82
2018,1,Beni non alimentari,Trasporti,451.25
2018,1,Beni non alimentari,Comunicazioni,90.96
2018,1,Beni non alimentari,Istruzione,103.43
2018,1,Beni non alimentari,"Tempo libero, cultura e giochi",160.08
2018,1,Beni non alimentari,Altri beni e servizi,525.04
2018,1,Beni non alimentari,Affitto figurativo (canone mensile),853.07
2018,1,Beni non alimentari,Mutuo (rata mensile),97.16
2018,2+,Beni alimentari,Pane e cereali,101.73
2018,2+,Beni alimentari,Carne,131.36
2018,2+,Beni alimentari,Pesce,49.14
2018,2+,Beni alimentari,"Latte, formaggi e uova",86.15
2018,2+,Beni alimentari,Oli e grassi,12.87
2018,2+,Beni alimentari,"Patate, frutta e ortaggi",120.67
2018,2+,Beni alimentari,"Zucchero, caffè e drogheria",91.01
2018,2+,Beni alimentari,Bevande,54.23
2018,2+,Beni non alimentari,Tabacchi,21.41
2018,2+,Beni non alimentari,Abbigliamento e calzature,162.3
2018,2+,Beni non alimentari,Abitazione,482.88
2018,2+,Beni non alimentari,Combustibili ed energia,110.44
2018,2+,Beni non alimentari,"Mobili, elettrodomestici, servizi casa",266.8
2018,2+,Beni non alimentari,Sanità,183.15
2018,2+,Beni non alimentari,Trasporti,424.87
2018,2+,Beni non alimentari,Comunicazioni,106.61
2018,2+,Beni non alimentari,Istruzione,140.88
2018,2+,Beni non alimentari,"Tempo libero, cultura e giochi",205.62
2018,2+,Beni non alimentari,Altri beni e servizi,552.26
2018,2+,Beni non alimentari,Affitto figurativo (canone mensile),986.4
2018,2+,Beni non alimentari,Mutuo (rata mensile),155.41
2019,0,Beni alimentari,Pane e cereali,55.05
2019,0,Beni alimentari,Carne,68.5
2019,0,Beni alimentari,Pesce,24.7
2019,0,Beni alimentari,"Latte, formaggi e uova",46.85
2019,0,Beni alimentari,Oli e grassi,8.37
2019,0,Beni alimentari,"Patate, frutta e ortaggi",79.98
2019,0,Beni alimentari,"Zucchero, caffè e drogheria",45.9
2019,0,Beni alimentari,Bevande,36.09
2019,0,Beni non alimentari,Tabacchi,20.61
2019,0,Beni non alimentari,Abbigliamento e calzature,83.74
2019,0,Beni non alimentari,Abitazione,480.88
2019,0,Beni non alimentari,Combustibili ed energia,64.71
2019,0,Beni non alimentari,"Mobili, elettrodomestici, servizi casa",145.32
2019,0,Beni non alimentari,Sanità,121.76
2019,0,Beni non alimentari,Trasporti,237.26
2019,0,Beni non alimentari,Comunicazioni,73.0
2019,0,Beni non alimentari,Istruzione,7.51
2019,0,Beni non alimentari,"Tempo libero, cultura e giochi",110.62
2019,0,Beni non alimentari,Altri beni e servizi,341.74
2019,0,Beni non alimentari,Affitto figurativo (canone mensile),647.28
2019,0,Beni non alimentari,Mutuo (rata mensile),59.26
2019,1,Beni alimentari,Pane e cereali,89.89
2019,1,Beni alimentari,Carne,141.59
2019,1,Beni alimentari,Pesce,52.06
2019,1,Beni alimentari,"Latte, formaggi e uova",74.01
2019,1,Beni alimentari,Oli e grassi,15.7
2019,1,Beni alimentari,"Patate, frutta e ortaggi",118.45
2019,1,Beni alimentari,"Zucchero, caffè e drogheria",76.85
2019,1,Beni alimentari,Bevande,56.75
2019,1,Beni non alimentari,Tabacchi,32.51
2019,1,Beni non alimentari,Abbigliamento e calzature,155.12
2019,1,Beni non alimentari,Abitazione,531.16
2019,1,Beni non alimentari,Combustibili ed energia,93.34
2019,1,Beni non alimentari,"Mobili, elettrodomestici, servizi casa",226.45
2019,1,Beni non alimentari,Sanità,152.66
2019,1,Beni non alimentari,Trasporti,455.64
2019,1,Beni non alimentari,Comunicazioni,93.31
2019,1,Beni non alimentari,Istruzione,103.58
2019,1,Beni non alimentari,"Tempo libero, cultura e giochi",162.49
2019,1,Beni non alimentari,Altri beni e servizi,534.3
2019,1,Beni non alimentari,Affitto figurativo (canone mensile),864.53
2019,1,Beni non alimentari,Mutuo (rata mensile),97.19
2019,2+,Beni alimentari,Pane e cereali,105.16
2019,2+,Beni alimentari,Carne,133.27
2019,2+,Beni alimentari,Pesce,49.01
2019,2+,Beni alimentari,"Latte, formaggi e uova",87.51
2019,2+,Beni alimentari,Oli e grassi,13.26
2019,2+,Beni alimentari,"Patate, frutta e ortaggi",121.15
2019,2+,Beni alimentari,"Zucchero, caffè e drogheria",90.88
2019,2+,Beni alimentari,Bevande,54.42
2019,2+,Beni non alimentari,Tabacchi,21.73
2019,2+,Beni non alimentari,Abbigliamento e calzature,164.29
2019,2+,Beni non alimentari,Abitazione,491.73
2019,2+,Beni non alimentari,Combustibili ed energia,112.61
2019,2+,Beni non alimentari,"Mobili, elettrodomestici, servizi casa",276.96
2019,2+,Beni non alimentari,Sanità,188.22
2019,2+,Beni non alimentari,Trasporti,426.46
2019,2+,Beni non alimentari,Comunicazioni,108.46
2019,2+,Beni non alimentari,Istruzione,141.86
2019,2+,Beni non alimentari,"Tempo libero, cultura e giochi",206.3
2019,2+,Beni non alimentari,Altri beni e servizi,565.29
2019,2+,Beni non alimentari,Affitto figurativo (canone mensile),1023.14
2019,2+,Beni non alimentari,Mutuo (rata mensile),159.68
2020,0,Beni alimentari,Pane e cereali,61.2
2020,0,Beni alimentari,Carne,75.97
2020,0,Beni alimentari,Pesce,27.13
2020,0,Beni alimentari,"Latte, formaggi e uova",51.24
2020,0,Beni alimentari,Oli e grassi,9.45
2020,0,Beni alimentari,"Patate, frutta e ortaggi",88.67
2020,0,Beni alimentari,"Zucchero, caffè e drogheria",50.92
2020,0,Beni alimentari,Bevande,40.03
2020,0,Beni non alimentari,Tabacchi,22.71
2020,0,Beni non alimentari,Abbigliamento e calzature,91.27
2020,0,Beni non alimentari,Abitazione,539.97
2020,0,Beni non alimentari,Combustibili ed energia,71.18
2020,0,Beni non alimentari,"Mobili, elettrodomestici, servizi casa",158.88
2020,0,Beni non alimentari,Sanità,135.87
2020,0,Beni non alimentari,Trasporti,262.23
2020,0,Beni non alimentari,Comunicazioni,81.32
2020,0,Beni non alimentari,Istruzione,8.45
2020,0,Beni non alimentari,"Tempo libero, cultura e giochi",124.71
2020,0,Beni non alimentari,Altri beni e servizi,382.95
2020,0,Beni non alimentari,Affitto figurativo (canone mensile),713.3
2020,0,Beni non alimentari,Mutuo (rata mensile),66.68
2020,1,Beni alimentari,Pane e cereali,98.97
2020,1,Beni alimentari,Carne,156.67
2020,1,Beni alimentari,Pesce,57.24
2020,1,Beni alimentari,"Latte, formaggi e uova",82.5
2020,1,Beni alimentari,Oli e grassi,17.05
2020,1,Beni alimentari,"Patate, frutta e ortaggi",130.22
2020,1,Beni alimentari,"Zucchero, caffè e drogheria",86.42
2020,1,Beni alimentari,Bevande,64.1
2020,1,Beni non alimentari,Tabacchi,35.67
2020,1,Beni non alimentari,Abbigliamento e calzature,173.23
2020,1,Beni non alimentari,Abitazione,592.39
2020,1,Beni non alimentari,Combustibili ed energia,101.62
2020,1,Beni non alimentari,"Mobili, elettrodomestici, servizi casa",252.78
2020,1,Beni non alimentari,Sanità,172.27
2020,1,Beni non alimentari,Trasporti,513.59
2020,1,Beni non alimentari,Comunicazioni,103.15
2020,1,Beni non alimentari,Istruzione,113.94
2020,1,Beni non alimentari,"Tempo libero, cultura e giochi",182.13
2020,1,Beni non alimentari,Altri beni e servizi,595.91
2020,1,Beni non alimentari,Affitto figurativo (canone mensile),974.37
2020,1,Beni non alimentari,Mutuo (rata mensile),109.26
2020,2+,Beni alimentari,Pane e cereali,116.64
2020,2+,Beni alimentari,Carne,145.72
2020,2+,Beni alimentari,Pesce,55.07
2020,2+,Beni alimentari,"Latte, formaggi e uova",98.39
2020,2+,Beni alimentari,Oli e grassi,14.65
2020,2+,Beni alimentari,"Patate, frutta e ortaggi",134.66
2020,2+,Beni alimentari,"Zucchero, caffè e drogheria",99.91
2020,2+,Beni alimentari,Bevande,59.06
2020,2+,Beni non alimentari,Tabacchi,24.04
2020,2+,Beni non alimentari,Abbigliamento e calzature,184.99
2020,2+,Beni non alimentari,Abitazione,546.5
2020,2+,Beni non alimentari,Combustibili ed energia,125.73
2020,2+,Beni non alimentari,"Mobili, elettrodomestici, servizi casa",306.93
2020,2+,Beni non alimentari,Sanità,205.24
2020,2+,Beni non alimentari,Trasporti,477.48
2020,2+,Beni non alimentari,Comunicazioni,119.62
2020,2+,Beni non alimentari,Istruzione,159.48
2020,2+,Beni non alimentari,"Tempo libero, cultura e giochi",226.7
2020,2+,Beni non alimentari,Altri beni e servizi,637.82
2020,2+,Beni non alimentari,Affitto figurativo (canone mensile),1136.43
2020,2+,Beni non alimentari,Mutuo (rata mensile),178.19
2021,0,Beni alimentari,Pane e cereali,69.92
2021,0,Beni alimentari,Carne,86.97
2021,0,Beni alimentari,Pesce,31.03
2021,0,Beni alimentari,"Latte, formaggi e uova",58.52
2021,0,Beni alimentari,Oli e grassi,10.86
2021,0,Beni alimentari,"Patate, frutta e ortaggi",98.22
2021,0,Beni alimentari,"Zucchero, caffè e drogheria",57.19
2021,0,Beni alimentari,Bevande,45.9
2021,0,Beni non alimentari,Tabacchi,25.62
2021,0,Beni non alimentari,Abbigliamento e calzature,101.35
2021,0,Beni non alimentari,Abitazione,616.69
2021,0,Beni non alimentari,Combustibili ed energia,81.35
2021,0,Beni non alimentari,"Mobili, elettrodomestici, servizi casa",181.01
2021,0,Beni non alimentari,Sanità,151.69
2021,0,Beni non alimentari,Trasporti,299.2
2021,0,Beni non alimentari,Comunicazioni,91.88
2021,0,Beni non alimentari,Istruzione,9.45
2021,0,Beni non alimentari,"Tempo libero, cultura e giochi",139.45
2021,0,Beni non alimentari,Altri beni e servizi,435.99
2021,0,Beni non alimentari,Affitto figurativo (canone mensile),812.57
2021,0,Beni non alimentari,Mutuo (rata mensile),75.92
2021,1,Beni alimentari,Pane e cereali,112.99
2021,1,Beni alimentari,Carne,177.64
2021,1,Beni alimentari,Pesce,63.79
2021,1,Beni alimentari,"Latte, formaggi e uova",91.92
2021,1,Beni alimentari,Oli e grassi,19.16
2021,1,Beni alimentari,"Patate, frutta e ortaggi",144.77
2021,1,Beni alimentari,"Zucchero, caffè e drogheria",96.46
2021,1,Beni alimentari,Bevande,72.32
2021,1,Beni non alimentari,Tabacchi,39.75
2021,1,Beni non alimentari,Abbigliamento e calzature,193.42
2021,1,Beni non alimentari,Abitazione,657.89
2021,1,Beni non alimentari,Combustibili ed energia,115.46
2021,1,Beni non alimentari,"Mobili, elettrodomestici, servizi casa",283.03
2021,1,Beni non alimentari,Sanità,190.99
2021,1,Beni non alimentari,Trasporti,580.91
2021,1,Beni non alimentari,Comunicazioni,115.67
2021,1,Beni non alimentari,Istruzione,129.64
2021,1,Beni non alimentari,"Tempo libero, cultura e giochi",206.11
2021,1,Beni non alimentari,Altri beni e servizi,662.42
2021,1,Beni non alimentari,Affitto figurativo (canone mensile),1107.58
2021,1,Beni non alimentari,Mutuo (rata mensile),121.58
2021,2+,Beni alimentari,Pane e cereali,129.93
2021,2+,Beni alimentari,Carne,166.31
2021,2+,Beni alimentari,Pesce,61.54
2021,2+,Beni alimentari,"Latte, formaggi e uova",108.76
2021,2+,Beni alimentari,Oli e grassi,16.77
2021,2+,Beni alimentari,"Patate, frutta e ortaggi",151.33
2021,2+,Beni alimentari,"Zucchero, caffè e drogheria",110.41
2021,2+,Beni alimentari,Bevande,67.06
2021,2+,Beni non alimentari,Tabacchi,27.6
2021,2+,Beni non alimentari,Abbigliamento e calzature,208.21
2021,2+,Beni non alimentari,Abitazione,619.64
2021,2+,Beni non alimentari,Combustibili ed energia,139.46
2021,2+,Beni non alimentari,"Mobili, elettrodomestici, servizi casa",346.06
2021,2+,Beni non alimentari,Sanità,228.84
2021,2+,Beni non alimentari,Trasporti,541.02
2021,2+,Beni non alimentari,Comunicazioni,137.15
2021,2+,Beni non alimentari,Istruzione,180.4
2021,2+,Beni non alimentari,"Tempo libero, cultura e giochi",250.65
2021,2+,Beni non alimentari,Altri beni e servizi,731.75
2021,2+,Beni non alimentari,Affitto figurativo (canone mensile),1266.21
2021,2+,Beni non alimentari,Mutuo (rata mensile),200.91
2022,0,Beni alimentari,Pane e cereali,74.4
2022,0,Beni alimentari,Carne,92.67
2022,0,Beni alimentari,Pesce,33.38
2022,0,Beni alimentari,"Latte, formaggi e uova",61.31
2022,0,Beni alimentari,Oli e grassi,11.57
2022,0,Beni alimentari,"Patate, frutta e ortaggi",106.79
2022,0,Beni alimentari,"Zucchero, caffè e drogheria",61.53
2022,0,Beni alimentari,Bevande,49.26
2022,0,Beni non alimentari,Tabacchi,27.66
2022,0,Beni non alimentari,Abbigliamento e calzature,110.38
2022,0,Beni non alimentari,Abitazione,656.62
2022,0,Beni non alimentari,Combustibili ed energia,86.33
2022,0,Beni non alimentari,"Mobili, elettrodomestici, servizi casa",195.59
2022,0,Beni non alimentari,Sanità,159.21
2022,0,Beni non alimentari,Trasporti,325.2
2022,0,Beni non alimentari,Comunicazioni,99.9
2022,0,Beni non alimentari,Istruzione,9.97
2022,0,Beni non alimentari,"Tempo libero, cultura e giochi",147.47
2022,0,Beni non alimentari,Altri beni e servizi,470.19
2022,0,Beni non alimentari,Affitto figurativo (canone mensile),880.18
2022,0,Beni non alimentari,Mutuo (rata mensile),82.48
2022,1,Beni alimentari,Pane e cereali,118.19
2022,1,Beni alimentari,Carne,188.83
2022,1,Beni alimentari,Pesce,69.4
2022,1,Beni alimentari,"Latte, formaggi e uova",98.6
2022,1,Beni alimentari,Oli e grassi,20.04
2022,1,Beni alimentari,"Patate, frutta e ortaggi",155.32
2022,1,Beni alimentari,"Zucchero, caffè e drogheria",102.03
2022,1,Beni alimentari,Bevande,78.6
2022,1,Beni non alimentari,Tabacchi,43.16
2022,1,Beni non alimentari,Abbigliamento e calzature,210.02
2022,1,Beni non alimentari,Abitazione,690.14
2022,1,Beni non alimentari,Combustibili ed energia,121.07
2022,1,Beni non alimentari,"Mobili, elettrodomestici, servizi casa",299.87
2022,1,Beni non alimentari,Sanità,201.49
2022,1,Beni non alimentari,Trasporti,632.77
2022,1,Beni non alimentari,Comunicazioni,124.15
2022,1,Beni non alimentari,Istruzione,141.3
2022,1,Beni non alimentari,"Tempo libero, cultura e giochi",218.44
2022,1,Beni non alimentari,Altri beni e servizi,710.08
2022,1,Beni non alimentari,Affitto figurativo (canone mensile),1189.52
2022,1,Beni non alimentari,Mutuo (rata mensile),132.36
2022,2+,Beni alimentari,Pane e cereali,141.16
2022,2+,Beni alimentari,Carne,173.95
2022,2+,Beni alimentari,Pesce,66.86
2022,2+,Beni alimentari,"Latte, formaggi e uova",117.35
2022,2+,Beni alimentari,Oli e grassi,18.04
2022,2+,Beni alimentari,"Patate, frutta e ortaggi",158.92
2022,2+,Beni alimentari,"Zucchero, caffè e drogheria",120.12
2022,2+,Beni alimentari,Bevande,70.68
2022,2+,Beni non alimentari,Tabacchi,29.21
2022,2+,Beni non alimentari,Abbigliamento e calzature,217.74
2022,2+,Beni non alimentari,Abitazione,652.48
2022,2+,Beni non alimentari,Combustibili ed energia,147.4
2022,2+,Beni non alimentari,"Mobili, elettrodomestici, servizi casa",377.05
2022,2+,Beni non alimentari,Sanità,249.1
2022,2+,Beni non alimentari,Trasporti,569.44
2022,2+,Beni non alimentari,Comunicazioni,148.9
2022,2+,Beni non alimentari,Istruzione,189.81
2022,2+,Beni non alimentari,"Tempo libero, cultura e giochi",262.23
2022,2+,Beni non alimentari,Altri beni e servizi,771.92
2022,2+,Beni non alimentari,Affitto figurativo (canone mensile),1339.13
2022,2+,Beni non alimentari,Mutuo (rata mensile),210.95
2023,0,Beni alimentari,Pane e cereali,75.52
2023,0,Beni alimentari,Carne,96.23
2023,0,Beni alimentari,Pesce,33.61
2023,0,Beni alimentari,"Latte, formaggi e uova",63.72
2023,0,Beni alimentari,Oli e grassi,11.68
2023,0,Beni alimentari,"Patate, frutta e ortaggi",108.87
2023,0,Beni alimentari,"Zucchero, caffè e drogheria",63.48
2023,0,Beni alimentari,Bevande,50.22
2023,0,Beni non alimentari,Tabacchi,28.72
2023,0,Beni non alimentari,Abbigliamento e calzature,115.79
2023,0,Beni non alimentari,Abitazione,660.8
2023,0,Beni non alimentari,Combustibili ed energia,87.38
2023,0,Beni non alimentari,"Mobili, elettrodomestici, servizi casa",203.45
2023,0,Beni non alimentari,Sanità,160.61
2023,0,Beni non alimentari,Trasporti,330.7
2023,0,Beni non alimentari,Comunicazioni,104.4
2023,0,Beni non alimentari,Istruzione,10.22
2023,0,Beni non alimentari,"Tempo libero, cultura e giochi",152.26
2023,0,Beni non alimentari,Altri beni e servizi,493.12
2023,0,Beni non alimentari,Affitto figurativo (canone mensile),900.27
2023,0,Beni non alimentari,Mutuo (rata mensile),83.26
2023,1,Beni alimentari,Pane e cereali,123.33
2023,1,Beni alimentari,Carne,198.03
2023,1,Beni alimentari,Pesce,70.51
2023,1,Beni alimentari,"Latte, formaggi e uova",100.56
2023,1,Beni alimentari,Oli e grassi,20.79
2023,1,Beni alimentari,"Patate, frutta e ortaggi",160.61
2023,1,Beni alimentari,"Zucchero, caffè e drogheria",106.46
2023,1,Beni alimentari,Bevande,79.09
2023,1,Beni non alimentari,Tabacchi,44.27
2023,1,Beni non alimentari,Abbigliamento e calzature,211.36
2023,1,Beni non alimentari,Abitazione,694.68
2023,1,Beni non alimentari,Combustibili ed energia,121.95
2023,1,Beni non alimentari,"Mobili, elettrodomestici, servizi casa",307.61
2023,1,Beni non alimentari,Sanità,208.85
2023,1,Beni non alimentari,Trasporti,637.53
2023,1,Beni non alimentari,Comunicazioni,130.09
2023,1,Beni non alimentari,Istruzione,146.87
2023,1,Beni non alimentari,"Tempo libero, cultura e giochi",226.88
2023,1,Beni non alimentari,Altri beni e servizi,735.66
2023,1,Beni non alimentari,Affitto figurativo (canone mensile),1225.95
2023,1,Beni non alimentari,Mutuo (rata mensile),135.49
2023,2+,Beni alimentari,Pane e cereali,142.03
2023,2+,Beni alimentari,Carne,176.12
2023,2+,Beni alimentari,Pesce,70.07
2023,2+,Beni alimentari,"Latte, formaggi e uova",121.49
2023,2+,Beni alimentari,Oli e grassi,18.82
2023,2+,Beni alimentari,"Patate, frutta e ortaggi",161.38
2023,2+,Beni alimentari,"Zucchero, caffè e drogheria",123.9
2023,2+,Beni alimentari,Bevande,73.18
2023,2+,Beni non alimentari,Tabacchi,29.74
2023,2+,Beni non alimentari,Abbigliamento e calzature,221.46
2023,2+,Beni non alimentari,Abitazione,656.04
2023,2+,Beni non alimentari,Combustibili ed energia,152.52
2023,2+,Beni non alimentari,"Mobili, elettrodomestici, servizi casa",384.45
2023,2+,Beni non alimentari,Sanità,254.43
2023,2+,Beni non alimentari,Trasporti,581.31
2023,2+,Beni non alimentari,Comunicazioni,150.32
2023,2+,Beni non alimentari,Istruzione,192.36
2023,2+,Beni non alimentari,"Tempo libero, cultura e giochi",274.02
2023,2+,Beni non alimentari,Altri beni e servizi,800.36
2023,2+,Beni non alimentari,Affitto figurativo (canone mensile),1371.77
2023,2+,Beni non alimentari,Mutuo (rata mensile),216.23
