COD_VIA,NOMEVIA,CIVICO,ESPONENT,CIVKEY,PARTKEY,FOGLIO,SVILUPPO,ALLEGATO,DESC_TIPO,NUM_DIST
955,VIALE BUON PASTORE,187,,009550187000,F257  159  239,159,0,0,Distribuzione carburanti,1
2465,VIA PIETRO GIARDINI,208,,024650208000,F257  157  373,157,0,0,Distribuzione carburanti,9
5870,STRADA VIGNOLESE,394,,058700394000,F257  176   22,176,0,0,Distribuzione carburanti,18
1965,VIA EMILIA OVEST,374,,019650374000,F257  106  235,106,0,0,Distribuzione carburanti,6
2465,VIA PIETRO GIARDINI,450,,024650450000,F257  155   49,155,0,0,Distribuzione carburanti,71
2465,VIA PIETRO GIARDINI,585,,024650585000,F257  171    1,171,0,0,Distribuzione carburanti,72
2247,VIA FRANCIA,5,,022470005000,F257   48  180,48,0,0,Distribuzione carburanti,58
2195,STRADA FORMIGINA,230,,021950230000,F257  137  100,137,0,0,Distribuzione carburanti,99
1870,VIA DIVISIONE ACQUI,89,,018700089000,F257  115   33,115,0,0,Distribuzione carburanti,4
1965,VIA EMILIA OVEST,642,,019650642000,F257   71  271,71,0,0,Distribuzione carburanti,20
5870,STRADA VIGNOLESE,888,,058700888000,F257  205   21,205,0,0,Distribuzione carburanti,23
2465,VIA PIETRO GIARDINI,1278,,024651278000,F257  230  346,230,0,0,Distribuzione carburanti,27
2465,VIA PIETRO GIARDINI,1171,,024651171000,F257  230  219,230,0,0,Distribuzione carburanti,37
200,VIALE GIOVANNI AMENDOLA,431,,002000431000,F257  172  154,172,0,0,Distribuzione carburanti,47
1960,VIA EMILIA EST,821,,019600821000,F257  148   83,148,0,0,Distribuzione carburanti,50
2465,VIA PIETRO GIARDINI,414,,024650414000,F257  155    3,155,0,0,Distribuzione carburanti,53
4525,VIA OTTORINO RESPIGHI,71,,045250071000,F257  148  234,148,0,0,Distribuzione carburanti,60
1965,VIA EMILIA OVEST,314,,019650314000,F257  106  205,106,0,0,Distribuzione carburanti,70
2545,VIALE PIERO GOBETTI,65,,025450065000,F257  175  155,175,0,0,Distribuzione carburanti,73
350,VIALE DELL'AUTODROMO,150,,003500150000,F257  122   35,122,0,0,Distribuzione carburanti,85
5870,STRADA VIGNOLESE,386,,058700386000,F257  176  155,176,0,0,Distribuzione carburanti,93
3365,VIA CIRO MENOTTI,386,,033650386000,F257  112   49,112,0,0,Distribuzione carburanti,100
5870,STRADA VIGNOLESE,611,,058700611000,F257  181   69,181,0,0,Distribuzione carburanti,102
1211,STRADA PER CARPI CENTRO,427,,012110427000,F257   56  107,56,0,0,Distribuzione carburanti,106
1965,VIA EMILIA OVEST,178,D,01965017800D,F257  106  165,106,0,0,Distribuzione carburanti,109
1615,STRADA DI COLLEGAROLA,215,,016150215000,F257  225   66,225,0,0,Distribuzione carburanti,115
2465,VIA PIETRO GIARDINI,1370,,024651370000,F257  243  680,243,0,0,Distribuzione carburanti,137
3560,STRADA MORANE,338,,035600338000,F257  178  196,178,0,0,Distribuzione carburanti,59
1087,STRADA CANALETTO SUD,62,,010870062000,F257   94   76,94,0,0,Distribuzione carburanti con funzioni compl.,2
1960,VIA EMILIA EST,1030,A,01960103000A,F257  184   57,184,0,0,Distribuzione carburanti con funzioni compl.,5
3042,VIA FERNANDO MALAVOLTI,1,,030420001000,F257  100  501,100,0,0,Distribuzione carburanti con funzioni compl.,11
1085,STRADA CANALETTO NORD,1061,,010851061000,F257   11  369,11,0,0,Distribuzione carburanti con funzioni compl.,31
1965,VIA EMILIA OVEST,656,,019650656000,F257   71  215,71,0,0,Distribuzione carburanti con funzioni compl.,34
3735,VIA NONANTOLANA,576,,037350576000,F257  112    1,112,0,0,Distribuzione carburanti con funzioni compl.,39
5870,STRADA VIGNOLESE,1601,,058701601000,F257  270   77,270,0,0,Distribuzione carburanti con funzioni compl.,41
550,STRADA BELLARIA,95,,005500095000,F257  237   92,237,0,0,Distribuzione carburanti con funzioni compl.,63
5870,STRADA VIGNOLESE,1030,,058701030000,F257  225   76,225,0,0,Distribuzione carburanti con funzioni compl.,80
200,VIALE GIOVANNI AMENDOLA,408,,002000408000,F257  173  313,173,0,0,Distribuzione carburanti con funzioni compl.,84
1965,VIA EMILIA OVEST,842,,019650842000,F257   59   91,59,0,0,Distribuzione carburanti con funzioni compl.,90
5870,STRADA VIGNOLESE,1053,,058701053000,F257  226   15,226,0,0,Distribuzione carburanti con funzioni compl.,96
3987,VIA PAPA GIOVANNI VENTITREESIMO,36,,039870036000,F257  100  495,100,0,0,Distribuzione carburanti con funzioni compl.,101
1960,VIA EMILIA EST,1050,,019601050000,F257  185   50,185,0,0,Distribuzione carburanti con funzioni compl.,107
4212,TANGENZIALE LUIGI PIRANDELLO,51,,042120051000,F257   56  201,56,0,0,Distribuzione carburanti con funzioni compl.,119
2725,VIALE DELL'INDIPENDENZA,21,,027250021000,F257  150  252,150,0,0,Distribuzione carburanti con funzioni compl.,120
1670,STRADA CONTRADA,286,,016700286000,F257  233  336,233,0,0,Distribuzione carburanti con funzioni compl.,121
6053,VIALE ALESSANDRO LA MARMORA,157,,060530157000,F257   77  137,77,0,0,Distribuzione carburanti con funzioni compl.,122
3560,STRADA MORANE,500,49,035600500049,F257  221  294,221,0,0,Distribuzione carburanti con funzioni compl.,123
4212,TANGENZIALE LUIGI PIRANDELLO,50,,042120050000,F257   56  562,56,0,0,Distribuzione carburanti con funzioni compl.,124
3777,VIA NUOVA ESTENSE,101,,037770101000,F257  183   18,183,0,0,Distribuzione carburanti con funzioni compl.,125
1085,STRADA CANALETTO NORD,678,,010850678000,F257   29  223,29,0,0,Distribuzione carburanti con funzioni compl.,126
3438,STRADA MODENA-SASSUOLO,1600,,034381600000,F257  229  238,229,0,0,Distribuzione carburanti con funzioni compl.,127
1210,STRADA PER CARPI NORD,982,,012100982000,F257   42  172,42,0,0,Distribuzione carburanti con funzioni compl.,128
3438,STRADA MODENA-SASSUOLO,1601,,034381601000,F257  243  524,243,0,0,Distribuzione carburanti con funzioni compl.,130
5870,STRADA VIGNOLESE,1375,,058701375000,F257  252  546,252,0,0,Distribuzione carburanti con funzioni compl.,131
1801,VIA SALVO D'ACQUISTO,100,,018010100000,F257  201  211,201,0,0,Distribuzione carburanti con funzioni compl.,132
1055,STRADA DI CAMPOGALLIANO,158,,010550158000,F257   42  178,42,0,0,Distribuzione carburanti con funzioni compl.,133
1951,COMPLANARE LUIGI EINAUDI,800,,019510800000,F257  246  272,246,0,0,Distribuzione carburanti con funzioni compl.,134
1960,VIA EMILIA EST,1250,,019601250000,F257  209   77,209,0,0,Distribuzione carburanti con funzioni compl.,135
3735,VIA NONANTOLANA,1070,,037351070000,F257   53  637,53,0,0,Distribuzione carburanti con funzioni compl.,136
1951,COMPLANARE LUIGI EINAUDI,895,,019510895000,F257  246  305,246,0,0,Distribuzione carburanti con funzioni compl.,138
2803,VIALE LEONARDO DA VINCI,330,,028030330000,F257  121  612,121,0,0,Distribuzione carburanti con funzioni compl.,139
1210,STRADA PER CARPI NORD,1423,,012101423000,F257   20  196,20,0,0,Distribuzione carburanti con funzioni compl.,140
3862,VIALE OVIDIO,251,,038620251000,F257  119  371,119,0,0,Distribuzione carburanti con funzioni compl.,141
4143,VIA ARMANDO PICA,11,,041430011000,F257  185   51,185,0,0,Distribuzione carburanti senza destinazione nel PRG,116
3735,VIA NONANTOLANA,880,,037350880000,F257   98   45,98,0,0,Distribuzione carburanti senza destinazione nel PRG,76
755,VIA MARIO BONACINI,94,,007550094000,F257  126  185,126,0,0,Distribuzione carburanti senza destinazione nel PRG,48
90,STRADA DI ALBARETO,599,,000900599000,F257   30  130,30,0,A,Distribuzione carburanti senza destinazione nel PRG,29
1087,STRADA CANALETTO SUD,104,,010870104000,F257   94   42,94,0,0,Distribuzione carburanti senza destinazione nel PRG,65
1960,VIA EMILIA EST,117,,019600117000,F257  144  111,144,0,0,Distribuzione carburanti senza destinazione nel PRG,87
