NOME,OCCORRENZE
LEONARDO,29
ADEM,2
TOMMASO,24
ANDREA,21
RICCARDO,19
ALESSANDRO,17
FRANCESCO,16
FEDERICO,15
SAMUELE,14
LORENZO,13
ENEA,12
DIEGO,11
GABRIELE,11
NICOLO',11
MATTEO,10
MATTIA,10
PIETRO,10
GIACOMO,8
GIULIO,8
LUCA,8
CHRISTIAN,6
MARCO,6
MICHELE,6
ADAM,5
CRISTIAN,5
DAVIDE,5
FILIPPO,5
GABRIEL,5
GIOELE,5
GIOVANNI,5
LUDOVICO,5
SAMUEL,5
ELIA,4
ETTORE,4
GREGORIO,4
NATHAN,4
NICCOLO',4
ALBERTO,3
AMIR,3
ANTONIO,3
DAMIANO,3
DYLAN,3
EMANUELE,3
FABIO,3
LEONE,3
MASSIMO,3
SEBASTIAN,3
TEO,3
ACHILLE,2
EDOARDO,28
