NOME,OCCORRENZE
MARIA,1765
ANNA,1682
FRANCESCA,1593
GIULIA,1478
PAOLA,1276
CHIARA,1246
ELENA,1232
LAURA,1049
SARA,1045
SILVIA,967
DANIELA,844
ELISA,840
PATRIZIA,780
VALENTINA,733
GIOVANNA,726
MARTINA,724
CRISTINA,715
ANNA MARIA,710
LUCIA,706
ROBERTA,682
FEDERICA,681
MONICA,670
ALESSANDRA,668
FRANCA,661
ANGELA,657
ALICE,646
BARBARA,621
STEFANIA,618
CARLA,610
ALESSIA,601
SOFIA,600
ANTONELLA,573
CLAUDIA,566
SIMONA,566
ELISABETTA,530
GIUSEPPINA,463
RITA,458
SILVANA,451
GABRIELLA,435
GIORGIA,430
ELEONORA,427
LUISA,425
ROSA,424
BEATRICE,422
MARISA,404
CATERINA,400
CECILIA,391
LUCIANA,373
ROSANNA,371
ILARIA,371
