NOME,OCCORRENZE
LEONARDO,38
YOUNES,3
ALESSANDRO,15
GABRIELE,15
LORENZO,15
ANDREA,14
FRANCESCO,14
LUCA,14
MATTIA,14
RICCARDO,14
FILIPPO,13
NICOLO',13
FEDERICO,12
PIETRO,12
GIACOMO,11
ENEA,9
TOMMASO,9
DIEGO,8
MATTEO,8
CHRISTIAN,7
DAVIDE,7
GIULIO,7
ALESSIO,6
ELIA,6
EMANUELE,6
GIORGIO,6
GIOVANNI,6
MICHELE,6
MARCO,5
MOHAMED,5
NICOLA,5
NOAH,5
SAMUELE,5
THOMAS,5
YAHYA,5
ANTONIO,4
ETTORE,4
GIOELE,4
GREGORIO,4
JACOPO,4
SIMONE,4
ALBERTO,3
GABRIEL,3
GIUSEPPE,3
ILYAS,3
LUDOVICO,3
MARTINO,3
SAMUEL,3
SEBASTIANO,3
EDOARDO,17
