THE_PK_KEY,SECTION,DISTRICT,DISTRICT_CD,DATA_TYPE,ELECTION,YEAR,MOVIMENTO_5_STELLE,GOL_GIUSTIZIA_ONORE,FORZA_ITALIA,LEGA,SIAMO_MODENA,FRATELLI_D_ITALIA,MODENA_VOLTA_PAGINA,SINISTRA_PER_MODENA,MODENA_SOLIDALE,PARTITO_DEMOCRATICO,EUROPA_ITALIA_IN_COM,VERDI,POPOLO_IDEA_LIBERTA,MODENA_ORA,FORM,#VOTERS,#BLANK,#VALID,#REGISTERED,#DISPUTED,#OF WHICH,#NOT VALID,#NULL
1_Centro_Amministrative Comunali  Liste,1,Centro,1,Liste,Amministrative Comunali  Liste,2019,30,5,42,157,24,35,13,44,20,146,23,9,4,5,B9L,586,0,557,872,0,,13,13
2_Centro_Amministrative Comunali  Liste,2,Centro,1,Liste,Amministrative Comunali  Liste,2019,17,5,29,109,6,20,18,31,20,137,9,11,1,6,B9L,447,5,419,722,0,,14,9
3_Centro_Amministrative Comunali  Liste,3,Centro,1,Liste,Amministrative Comunali  Liste,2019,25,1,58,143,6,49,17,35,28,133,29,16,4,3,B9L,582,5,547,848,0,,11,6
4_Centro_Amministrative Comunali  Liste,4,Centro,1,Liste,Amministrative Comunali  Liste,2019,29,1,36,128,10,43,28,48,25,152,23,17,0,5,B9L,571,2,545,869,0,,12,10
5_Centro_Amministrative Comunali  Liste,5,Centro,1,Liste,Amministrative Comunali  Liste,2019,25,1,34,161,8,34,33,30,20,133,20,18,2,7,B9L,563,10,526,843,0,,16,6
6_Centro_Amministrative Comunali  Liste,6,Centro,1,Liste,Amministrative Comunali  Liste,2019,31,7,54,143,11,31,25,39,21,171,25,14,3,8,B9L,603,3,583,840,0,,8,5
7_Centro_Amministrative Comunali  Liste,7,Centro,1,Liste,Amministrative Comunali  Liste,2019,32,2,33,161,10,54,16,33,7,148,21,16,8,0,B9L,566,5,541,791,0,,8,3
8_Centro_Amministrative Comunali  Liste,8,Centro,1,Liste,Amministrative Comunali  Liste,2019,37,1,15,84,1,17,23,28,15,121,29,20,4,5,B9L,419,0,400,705,0,,5,5
9_Centro_Amministrative Comunali  Liste,9,Centro,1,Liste,Amministrative Comunali  Liste,2019,23,0,35,135,12,33,25,34,19,139,17,21,4,7,B9L,529,2,504,821,0,,10,8
10_Centro_Amministrative Comunali  Liste,10,Centro,1,Liste,Amministrative Comunali  Liste,2019,31,6,38,105,2,28,23,40,19,103,24,10,9,5,B9L,463,4,443,728,1,,11,6
11_Centro_Amministrative Comunali  Liste,11,Centro,1,Liste,Amministrative Comunali  Liste,2019,20,2,29,88,7,13,23,35,16,110,21,23,1,2,B9L,410,2,390,645,0,,12,10
12_Centro_Amministrative Comunali  Liste,12,Centro,1,Liste,Amministrative Comunali  Liste,2019,31,0,26,99,10,18,36,28,17,161,19,20,4,8,B9L,499,4,477,823,0,,6,2
13_Centro_Amministrative Comunali  Liste,13,Centro,1,Liste,Amministrative Comunali  Liste,2019,33,0,34,126,4,20,28,40,14,174,15,26,5,4,B9L,567,5,523,854,0,,21,16
14_Centro_Amministrative Comunali  Liste,14,Centro,1,Liste,Amministrative Comunali  Liste,2019,40,2,18,123,2,16,37,38,11,118,10,27,3,6,B9L,482,3,451,751,0,,11,8
15_Centro_Amministrative Comunali  Liste,15,Centro,1,Liste,Amministrative Comunali  Liste,2019,43,2,28,87,2,17,12,53,15,149,13,16,1,2,B9L,460,9,440,711,0,,17,8
16_Centro_Amministrative Comunali  Liste,16,Centro,1,Liste,Amministrative Comunali  Liste,2019,47,3,21,103,0,6,19,42,14,141,14,12,1,5,B9L,447,2,428,662,0,,8,6
17_Centro_Amministrative Comunali  Liste,17,Centro,1,Liste,Amministrative Comunali  Liste,2019,62,3,18,112,3,12,23,50,21,148,9,11,1,4,B9L,505,7,477,885,1,,13,5
18_Centro_Amministrative Comunali  Liste,18,Centro,1,Liste,Amministrative Comunali  Liste,2019,57,1,16,115,2,13,18,30,14,164,9,13,1,5,B9L,477,5,458,754,0,,8,3
19_Centro_Amministrative Comunali  Liste,19,Centro,1,Liste,Amministrative Comunali  Liste,2019,25,1,24,91,5,16,28,35,9,125,14,15,2,6,B9L,409,0,396,664,0,,5,5
20_Centro_Amministrative Comunali  Liste,20,Centro,1,Liste,Amministrative Comunali  Liste,2019,28,2,32,126,5,11,17,27,28,150,9,16,1,6,B9L,480,1,458,727,0,,7,6
21_Centro_Amministrative Comunali  Liste,21,Centro,1,Liste,Amministrative Comunali  Liste,2019,56,6,11,105,9,13,13,33,20,126,12,10,3,3,B9L,434,2,420,1019,0,,6,4
22_Crocetta_Amministrative Comunali  Liste,22,Crocetta,2,Liste,Amministrative Comunali  Liste,2019,83,2,17,122,1,17,15,55,24,201,8,16,3,4,B9L,599,3,568,970,0,,14,11
23_Crocetta_Amministrative Comunali  Liste,23,Crocetta,2,Liste,Amministrative Comunali  Liste,2019,62,5,8,112,3,8,7,37,24,204,18,14,3,11,B9L,537,2,516,807,0,,8,6
24_Crocetta_Amministrative Comunali  Liste,24,Crocetta,2,Liste,Amministrative Comunali  Liste,2019,59,2,9,94,2,9,5,29,9,148,1,12,0,3,B9L,410,3,382,649,0,,19,16
25_Crocetta_Amministrative Comunali  Liste,25,Crocetta,2,Liste,Amministrative Comunali  Liste,2019,75,1,14,106,3,26,14,67,16,198,16,17,1,9,B9L,591,6,563,814,0,,16,10
26_Crocetta_Amministrative Comunali  Liste,26,Crocetta,2,Liste,Amministrative Comunali  Liste,2019,59,5,19,113,5,6,8,44,14,212,3,13,3,10,B9L,534,3,514,700,0,,7,4
27_Crocetta_Amministrative Comunali  Liste,27,Crocetta,2,Liste,Amministrative Comunali  Liste,2019,44,4,12,103,1,7,7,36,11,146,8,9,6,7,B9L,406,3,401,639,0,,4,1
28_Crocetta_Amministrative Comunali  Liste,28,Crocetta,2,Liste,Amministrative Comunali  Liste,2019,49,0,19,112,6,8,13,25,23,162,8,7,5,4,B9L,466,4,441,798,0,,9,5
29_Crocetta_Amministrative Comunali  Liste,29,Crocetta,2,Liste,Amministrative Comunali  Liste,2019,55,1,8,153,7,11,12,43,14,181,9,27,0,10,B9L,563,6,531,836,0,,16,10
30_Crocetta_Amministrative Comunali  Liste,30,Crocetta,2,Liste,Amministrative Comunali  Liste,2019,60,0,14,91,4,12,9,25,15,212,5,12,1,10,B9L,497,8,470,638,0,,18,10
31_Crocetta_Amministrative Comunali  Liste,31,Crocetta,2,Liste,Amministrative Comunali  Liste,2019,44,2,11,90,3,10,7,38,11,147,4,4,0,6,B9L,404,5,377,615,0,,16,11
32_Crocetta_Amministrative Comunali  Liste,32,Crocetta,2,Liste,Amministrative Comunali  Liste,2019,66,4,12,147,3,21,8,40,21,170,9,17,0,11,B9L,557,7,529,793,0,,14,7
33_Crocetta_Amministrative Comunali  Liste,33,Crocetta,2,Liste,Amministrative Comunali  Liste,2019,56,2,17,123,1,13,12,62,12,166,7,9,0,39,B9L,542,7,519,766,0,,12,5
34_Crocetta_Amministrative Comunali  Liste,34,Crocetta,2,Liste,Amministrative Comunali  Liste,2019,70,2,15,87,2,9,15,43,23,220,7,18,1,11,B9L,545,4,523,824,0,,15,11
35_Crocetta_Amministrative Comunali  Liste,35,Crocetta,2,Liste,Amministrative Comunali  Liste,2019,44,11,12,86,2,15,9,23,7,206,10,17,5,6,B9L,470,4,453,761,0,,10,6
36_Crocetta_Amministrative Comunali  Liste,36,Crocetta,2,Liste,Amministrative Comunali  Liste,2019,64,3,15,84,4,19,7,29,18,175,10,11,1,6,B9L,469,4,446,611,0,,12,8
37_Crocetta_Amministrative Comunali  Liste,37,Crocetta,2,Liste,Amministrative Comunali  Liste,2019,46,4,21,128,2,12,17,65,21,247,10,6,0,10,B9L,606,4,589,835,0,,8,4
38_Crocetta_Amministrative Comunali  Liste,38,Crocetta,2,Liste,Amministrative Comunali  Liste,2019,63,5,14,135,2,13,6,39,18,278,9,15,2,6,B9L,631,4,605,836,0,,13,9
39_Crocetta_Amministrative Comunali  Liste,39,Crocetta,2,Liste,Amministrative Comunali  Liste,2019,65,5,11,117,3,17,19,50,33,250,13,18,2,8,B9L,637,4,611,821,0,,15,11
40_Crocetta_Amministrative Comunali  Liste,40,Crocetta,2,Liste,Amministrative Comunali  Liste,2019,49,3,15,98,9,20,17,46,14,254,17,24,0,4,B9L,595,6,570,774,0,,9,3
41_Crocetta_Amministrative Comunali  Liste,41,Crocetta,2,Liste,Amministrative Comunali  Liste,2019,70,8,14,116,1,7,19,52,23,179,7,13,2,10,B9L,558,8,521,823,0,,20,12
42_Crocetta_Amministrative Comunali  Liste,42,Crocetta,2,Liste,Amministrative Comunali  Liste,2019,61,1,5,93,5,15,15,31,17,183,8,13,4,6,B9L,479,4,457,675,0,,11,7
43_Crocetta_Amministrative Comunali  Liste,43,Crocetta,2,Liste,Amministrative Comunali  Liste,2019,46,1,13,104,1,5,5,25,16,125,4,8,0,6,B9L,377,3,359,607,0,,9,6
44_Crocetta_Amministrative Comunali  Liste,44,Crocetta,2,Liste,Amministrative Comunali  Liste,2019,63,5,14,95,0,12,6,33,13,138,7,11,1,7,B9L,428,4,405,725,0,,6,2
45_Crocetta_Amministrative Comunali  Liste,45,Crocetta,2,Liste,Amministrative Comunali  Liste,2019,75,6,15,108,1,16,19,51,30,136,6,14,0,10,B9L,516,2,487,805,0,,13,11
46_Crocetta_Amministrative Comunali  Liste,46,Crocetta,2,Liste,Amministrative Comunali  Liste,2019,68,3,9,97,8,15,17,35,20,187,6,6,6,5,B9L,509,6,482,703,0,,7,1
47_Crocetta_Amministrative Comunali  Liste,47,Crocetta,2,Liste,Amministrative Comunali  Liste,2019,61,1,11,101,6,12,8,32,18,115,15,10,0,3,B9L,416,3,393,665,0,,9,6
48_Crocetta_Amministrative Comunali  Liste,48,Crocetta,2,Liste,Amministrative Comunali  Liste,2019,63,0,12,63,1,11,6,38,20,112,8,15,3,3,B9L,380,1,355,698,0,,12,11
49_Crocetta_Amministrative Comunali  Liste,49,Crocetta,2,Liste,Amministrative Comunali  Liste,2019,46,5,18,92,11,15,14,47,20,133,8,14,1,4,B9L,454,3,428,714,0,,9,6
50_Crocetta_Amministrative Comunali  Liste,50,Crocetta,2,Liste,Amministrative Comunali  Liste,2019,34,2,19,89,8,24,12,35,21,134,6,7,0,2,B9L,426,6,393,627,3,,14,5
51_Crocetta_Amministrative Comunali  Liste,51,Crocetta,2,Liste,Amministrative Comunali  Liste,2019,47,5,15,77,2,23,11,44,22,138,17,12,4,5,B9L,449,5,422,646,0,,13,8
52_Crocetta_Amministrative Comunali  Liste,52,Crocetta,2,Liste,Amministrative Comunali  Liste,2019,57,3,21,118,14,17,12,62,35,164,7,27,1,5,B9L,571,2,543,832,0,,8,6
53_Crocetta_Amministrative Comunali  Liste,53,Crocetta,2,Liste,Amministrative Comunali  Liste,2019,56,2,20,73,3,21,9,45,17,152,6,15,2,6,B9L,455,9,427,691,0,,16,7
54_Crocetta_Amministrative Comunali  Liste,54,Crocetta,2,Liste,Amministrative Comunali  Liste,2019,37,3,29,86,6,27,11,38,18,113,11,12,1,2,B9L,418,7,394,663,0,,11,4
55_Crocetta_Amministrative Comunali  Liste,55,Crocetta,2,Liste,Amministrative Comunali  Liste,2019,49,0,18,82,5,23,15,38,19,131,15,15,1,0,B9L,434,2,411,656,0,,9,7
56_Crocetta_Amministrative Comunali  Liste,56,Crocetta,2,Liste,Amministrative Comunali  Liste,2019,32,2,35,141,6,27,22,35,24,128,9,13,2,8,B9L,507,6,484,716,0,,16,10
57_Crocetta_Amministrative Comunali  Liste,57,Crocetta,2,Liste,Amministrative Comunali  Liste,2019,41,6,22,84,2,15,14,41,26,103,6,16,4,6,B9L,401,3,386,636,1,,7,3
58_Crocetta_Amministrative Comunali  Liste,58,Crocetta,2,Liste,Amministrative Comunali  Liste,2019,43,7,11,69,0,8,17,41,13,170,12,16,2,11,B9L,446,2,420,738,0,,10,8
59_Crocetta_Amministrative Comunali  Liste,59,Crocetta,2,Liste,Amministrative Comunali  Liste,2019,68,2,20,124,4,23,11,52,20,210,16,18,2,16,B9L,600,1,586,845,0,,4,3
60_Crocetta_Amministrative Comunali  Liste,60,Crocetta,2,Liste,Amministrative Comunali  Liste,2019,67,1,20,118,6,19,11,73,15,248,10,10,0,8,B9L,642,7,606,833,0,,21,14
61_Crocetta_Amministrative Comunali  Liste,61,Crocetta,2,Liste,Amministrative Comunali  Liste,2019,42,1,13,115,3,10,29,53,10,233,9,7,1,6,B9L,553,4,532,730,0,,9,5
62_Crocetta_Amministrative Comunali  Liste,62,Crocetta,2,Liste,Amministrative Comunali  Liste,2019,54,6,15,139,1,12,7,45,10,179,7,11,0,8,B9L,529,6,494,727,0,,12,6
63_Crocetta_Amministrative Comunali  Liste,63,Crocetta,2,Liste,Amministrative Comunali  Liste,2019,70,4,16,127,2,22,12,36,18,184,11,17,0,16,B9L,561,6,535,895,0,,17,11
64_Crocetta_Amministrative Comunali  Liste,64,Crocetta,2,Liste,Amministrative Comunali  Liste,2019,49,13,8,86,1,5,8,12,13,115,2,4,1,4,B9L,335,2,321,660,0,,5,3
65_Crocetta_Amministrative Comunali  Liste,65,Crocetta,2,Liste,Amministrative Comunali  Liste,2019,28,0,7,49,3,8,5,28,10,93,4,1,1,4,B9L,251,2,241,582,0,,4,2
66_Crocetta_Amministrative Comunali  Liste,66,Crocetta,2,Liste,Amministrative Comunali  Liste,2019,45,2,14,86,4,18,10,56,17,135,10,12,1,6,B9L,434,9,416,620,0,,10,1
67_Crocetta_Amministrative Comunali  Liste,67,Crocetta,2,Liste,Amministrative Comunali  Liste,2019,77,2,24,104,5,17,10,42,20,196,8,9,1,8,B9L,547,3,523,791,0,,12,9
68_Crocetta_Amministrative Comunali  Liste,68,Crocetta,2,Liste,Amministrative Comunali  Liste,2019,73,0,8,95,1,11,13,31,13,104,10,9,0,1,B9L,388,2,369,632,0,,14,12
69_Crocetta_Amministrative Comunali  Liste,69,Crocetta,2,Liste,Amministrative Comunali  Liste,2019,72,7,9,122,1,19,11,37,8,131,7,14,3,11,B9L,473,5,452,737,0,,13,8
70_Crocetta_Amministrative Comunali  Liste,70,Crocetta,2,Liste,Amministrative Comunali  Liste,2019,57,3,12,112,0,10,10,40,14,140,3,7,1,1,B9L,428,5,410,679,0,,6,1
71_Buon Pastore_Amministrative Comunali  Liste,71,Buon Pastore,3,Liste,Amministrative Comunali  Liste,2019,32,3,19,113,8,26,16,33,28,129,18,19,2,3,B9L,463,1,449,737,0,,4,3
72_Buon Pastore_Amministrative Comunali  Liste,72,Buon Pastore,3,Liste,Amministrative Comunali  Liste,2019,35,4,39,153,14,35,14,36,19,127,17,15,2,4,B9L,536,2,514,708,0,,4,2
73_Buon Pastore_Amministrative Comunali  Liste,73,Buon Pastore,3,Liste,Amministrative Comunali  Liste,2019,25,3,26,114,15,26,16,30,18,148,9,16,7,4,B9L,493,5,457,663,2,,13,6
74_Buon Pastore_Amministrative Comunali  Liste,74,Buon Pastore,3,Liste,Amministrative Comunali  Liste,2019,29,5,27,109,4,17,11,24,24,98,13,17,2,1,B9L,408,7,381,621,1,,12,4
75_Buon Pastore_Amministrative Comunali  Liste,75,Buon Pastore,3,Liste,Amministrative Comunali  Liste,2019,40,2,23,112,10,28,20,39,21,140,15,19,3,11,B9L,510,2,483,700,0,,7,5
76_Buon Pastore_Amministrative Comunali  Liste,76,Buon Pastore,3,Liste,Amministrative Comunali  Liste,2019,49,2,10,79,14,16,9,34,20,133,9,13,1,9,B9L,414,9,398,640,0,,11,2
77_Buon Pastore_Amministrative Comunali  Liste,77,Buon Pastore,3,Liste,Amministrative Comunali  Liste,2019,42,3,38,105,9,18,13,33,17,119,18,10,3,4,B9L,454,4,432,648,0,,7,3
78_Buon Pastore_Amministrative Comunali  Liste,78,Buon Pastore,3,Liste,Amministrative Comunali  Liste,2019,32,3,24,119,4,26,16,29,18,178,20,5,5,4,B9L,511,8,483,763,0,,12,4
79_Buon Pastore_Amministrative Comunali  Liste,79,Buon Pastore,3,Liste,Amministrative Comunali  Liste,2019,39,1,13,91,6,16,8,26,8,155,13,11,0,4,B9L,411,5,391,622,0,,12,7
80_Buon Pastore_Amministrative Comunali  Liste,80,Buon Pastore,3,Liste,Amministrative Comunali  Liste,2019,74,1,25,113,3,15,25,49,13,238,9,21,1,8,B9L,624,1,595,869,0,,10,9
81_Buon Pastore_Amministrative Comunali  Liste,81,Buon Pastore,3,Liste,Amministrative Comunali  Liste,2019,46,0,11,82,4,20,12,47,17,246,14,17,2,6,B9L,546,9,524,723,0,,15,6
82_Buon Pastore_Amministrative Comunali  Liste,82,Buon Pastore,3,Liste,Amministrative Comunali  Liste,2019,48,2,22,132,3,17,22,41,18,215,13,18,6,8,B9L,600,5,565,826,0,,12,7
83_Buon Pastore_Amministrative Comunali  Liste,83,Buon Pastore,3,Liste,Amministrative Comunali  Liste,2019,49,4,15,98,3,13,20,35,13,198,15,12,0,8,B9L,508,5,483,752,0,,15,10
84_Buon Pastore_Amministrative Comunali  Liste,84,Buon Pastore,3,Liste,Amministrative Comunali  Liste,2019,55,1,14,103,3,20,29,39,12,259,12,14,3,7,B9L,605,7,571,771,0,,17,10
85_Buon Pastore_Amministrative Comunali  Liste,85,Buon Pastore,3,Liste,Amministrative Comunali  Liste,2019,59,1,20,106,6,14,16,56,18,228,9,14,2,4,B9L,582,9,553,799,0,,15,6
86_Buon Pastore_Amministrative Comunali  Liste,86,Buon Pastore,3,Liste,Amministrative Comunali  Liste,2019,38,2,35,140,10,28,20,47,10,200,11,19,2,9,B9L,599,3,571,803,0,,11,8
87_Buon Pastore_Amministrative Comunali  Liste,87,Buon Pastore,3,Liste,Amministrative Comunali  Liste,2019,51,0,24,110,6,16,20,30,26,176,19,13,2,9,B9L,532,11,502,754,0,,19,8
88_Buon Pastore_Amministrative Comunali  Liste,88,Buon Pastore,3,Liste,Amministrative Comunali  Liste,2019,47,0,11,86,1,16,20,45,13,161,6,17,1,3,B9L,444,7,427,646,0,,8,1
89_Buon Pastore_Amministrative Comunali  Liste,89,Buon Pastore,3,Liste,Amministrative Comunali  Liste,2019,36,0,20,98,5,20,24,56,16,196,19,14,1,8,B9L,536,6,513,702,0,,10,4
90_Buon Pastore_Amministrative Comunali  Liste,90,Buon Pastore,3,Liste,Amministrative Comunali  Liste,2019,44,2,17,101,4,13,17,23,12,212,18,17,2,7,B9L,515,3,489,725,0,,9,6
91_Buon Pastore_Amministrative Comunali  Liste,91,Buon Pastore,3,Liste,Amministrative Comunali  Liste,2019,42,2,19,135,2,21,19,59,11,238,16,17,1,7,B9L,614,3,589,811,0,,14,11
92_Buon Pastore_Amministrative Comunali  Liste,92,Buon Pastore,3,Liste,Amministrative Comunali  Liste,2019,42,3,10,102,1,5,15,31,11,200,8,9,0,3,B9L,459,4,440,607,0,,9,5
93_Buon Pastore_Amministrative Comunali  Liste,93,Buon Pastore,3,Liste,Amministrative Comunali  Liste,2019,43,2,16,82,9,7,19,32,16,162,9,12,4,5,B9L,440,9,418,644,0,,18,9
94_Buon Pastore_Amministrative Comunali  Liste,94,Buon Pastore,3,Liste,Amministrative Comunali  Liste,2019,44,2,14,156,5,21,18,46,20,266,9,13,0,10,B9L,650,8,624,790,0,,13,5
95_Buon Pastore_Amministrative Comunali  Liste,95,Buon Pastore,3,Liste,Amministrative Comunali  Liste,2019,63,1,7,104,5,10,12,46,15,299,10,19,1,4,B9L,615,2,596,775,0,,5,3
96_Buon Pastore_Amministrative Comunali  Liste,96,Buon Pastore,3,Liste,Amministrative Comunali  Liste,2019,69,2,10,121,1,7,3,42,15,138,7,12,0,5,B9L,451,4,432,765,0,,12,8
97_Buon Pastore_Amministrative Comunali  Liste,97,Buon Pastore,3,Liste,Amministrative Comunali  Liste,2019,46,0,13,107,2,15,17,51,20,254,5,18,3,1,B9L,567,3,552,754,0,,5,2
98_Buon Pastore_Amministrative Comunali  Liste,98,Buon Pastore,3,Liste,Amministrative Comunali  Liste,2019,58,0,18,110,5,11,12,38,14,162,12,10,2,5,B9L,479,5,457,740,0,,8,3
99_Buon Pastore_Amministrative Comunali  Liste,99,Buon Pastore,3,Liste,Amministrative Comunali  Liste,2019,49,4,21,137,3,22,18,57,16,184,15,14,3,4,B9L,563,2,547,789,0,,14,12
100_Buon Pastore_Amministrative Comunali  Liste,100,Buon Pastore,3,Liste,Amministrative Comunali  Liste,2019,66,3,22,137,9,32,27,68,21,247,15,29,5,16,B9L,717,2,697,968,0,,7,5
101_Buon Pastore_Amministrative Comunali  Liste,101,Buon Pastore,3,Liste,Amministrative Comunali  Liste,2019,65,2,25,150,7,24,26,36,23,219,19,28,9,10,B9L,670,6,643,898,0,,15,9
102_Buon Pastore_Amministrative Comunali  Liste,102,Buon Pastore,3,Liste,Amministrative Comunali  Liste,2019,51,1,33,96,3,22,12,30,28,143,15,8,2,3,B9L,472,5,447,715,0,,7,2
103_Buon Pastore_Amministrative Comunali  Liste,103,Buon Pastore,3,Liste,Amministrative Comunali  Liste,2019,36,0,28,110,3,27,15,48,23,165,16,21,3,7,B9L,527,2,502,760,0,,7,5
104_Buon Pastore_Amministrative Comunali  Liste,104,Buon Pastore,3,Liste,Amministrative Comunali  Liste,2019,33,1,29,106,3,18,22,29,24,150,15,19,1,6,B9L,477,5,456,704,0,,10,5
105_Buon Pastore_Amministrative Comunali  Liste,105,Buon Pastore,3,Liste,Amministrative Comunali  Liste,2019,32,0,20,137,3,30,34,35,21,162,7,17,2,8,B9L,525,2,508,732,0,,6,4
106_Buon Pastore_Amministrative Comunali  Liste,106,Buon Pastore,3,Liste,Amministrative Comunali  Liste,2019,37,2,20,131,6,41,18,15,13,138,8,9,5,11,B9L,466,2,454,629,0,,3,1
107_Buon Pastore_Amministrative Comunali  Liste,107,Buon Pastore,3,Liste,Amministrative Comunali  Liste,2019,51,2,24,92,4,17,12,27,18,141,20,17,4,4,B9L,454,7,433,679,0,,11,4
108_Buon Pastore_Amministrative Comunali  Liste,108,Buon Pastore,3,Liste,Amministrative Comunali  Liste,2019,43,1,45,127,5,53,14,25,17,142,24,13,6,7,B9L,542,5,522,746,0,,12,7
109_Buon Pastore_Amministrative Comunali  Liste,109,Buon Pastore,3,Liste,Amministrative Comunali  Liste,2019,35,1,33,154,8,28,24,34,27,210,21,20,5,13,B9L,639,7,613,857,0,,12,5
110_Buon Pastore_Amministrative Comunali  Liste,110,Buon Pastore,3,Liste,Amministrative Comunali  Liste,2019,52,1,18,124,2,20,14,27,8,160,12,13,5,4,B9L,488,8,460,748,0,,17,9
111_Buon Pastore_Amministrative Comunali  Liste,111,Buon Pastore,3,Liste,Amministrative Comunali  Liste,2019,70,1,19,118,3,11,16,43,27,180,17,12,2,8,B9L,553,4,527,795,0,,17,13
112_Buon Pastore_Amministrative Comunali  Liste,112,Buon Pastore,3,Liste,Amministrative Comunali  Liste,2019,47,3,21,116,1,17,9,45,13,180,13,8,5,6,B9L,519,8,484,761,0,,21,13
113_Buon Pastore_Amministrative Comunali  Liste,113,Buon Pastore,3,Liste,Amministrative Comunali  Liste,2019,59,0,22,148,2,13,26,42,29,264,9,14,8,11,B9L,681,4,647,885,0,,19,15
114_Buon Pastore_Amministrative Comunali  Liste,114,Buon Pastore,3,Liste,Amministrative Comunali  Liste,2019,69,0,19,131,4,21,25,57,24,223,11,18,5,3,B9L,641,9,610,897,0,,19,10
115_Buon Pastore_Amministrative Comunali  Liste,115,Buon Pastore,3,Liste,Amministrative Comunali  Liste,2019,33,2,17,158,8,16,16,54,21,202,10,15,3,3,B9L,580,5,558,765,0,,10,5
116_Buon Pastore_Amministrative Comunali  Liste,116,Buon Pastore,3,Liste,Amministrative Comunali  Liste,2019,36,1,11,103,8,18,19,33,15,192,5,20,5,8,B9L,496,3,474,646,0,,12,9
117_Buon Pastore_Amministrative Comunali  Liste,117,Buon Pastore,3,Liste,Amministrative Comunali  Liste,2019,45,2,11,119,2,11,17,47,11,291,11,21,3,11,B9L,623,5,602,808,0,,10,5
118_Buon Pastore_Amministrative Comunali  Liste,118,Buon Pastore,3,Liste,Amministrative Comunali  Liste,2019,72,0,20,138,3,18,12,40,14,288,15,21,3,8,B9L,682,3,652,874,0,,10,7
119_Buon Pastore_Amministrative Comunali  Liste,119,Buon Pastore,3,Liste,Amministrative Comunali  Liste,2019,52,1,19,106,0,19,20,45,9,201,5,18,5,4,B9L,535,12,504,776,0,,19,7
120_Buon Pastore_Amministrative Comunali  Liste,120,Buon Pastore,3,Liste,Amministrative Comunali  Liste,2019,28,1,22,144,5,29,15,39,18,174,14,12,0,7,B9L,529,3,508,689,0,,13,10
121_Buon Pastore_Amministrative Comunali  Liste,121,Buon Pastore,3,Liste,Amministrative Comunali  Liste,2019,68,1,38,207,4,25,22,43,19,242,24,17,9,9,B9L,755,3,728,974,0,,10,7
122_Buon Pastore_Amministrative Comunali  Liste,122,Buon Pastore,3,Liste,Amministrative Comunali  Liste,2019,20,0,12,75,2,10,11,43,14,137,11,12,1,2,B9L,364,3,350,993,0,,4,1
123_Buon Pastore_Amministrative Comunali  Liste,123,Buon Pastore,3,Liste,Amministrative Comunali  Liste,2019,30,2,7,76,4,13,9,24,7,134,5,5,3,2,B9L,337,1,321,590,0,,6,5
124_Buon Pastore_Amministrative Comunali  Liste,124,Buon Pastore,3,Liste,Amministrative Comunali  Liste,2019,57,2,20,139,5,24,22,39,11,211,9,11,0,11,B9L,592,10,561,806,0,,18,8
125_Buon Pastore_Amministrative Comunali  Liste,125,Buon Pastore,3,Liste,Amministrative Comunali  Liste,2019,64,2,9,118,4,9,15,62,12,282,11,14,1,5,B9L,622,4,608,817,0,,9,5
126_Buon Pastore_Amministrative Comunali  Liste,126,Buon Pastore,3,Liste,Amministrative Comunali  Liste,2019,72,1,9,125,4,15,3,48,9,279,8,15,3,3,B9L,620,10,594,824,0,,17,7
127_Buon Pastore_Amministrative Comunali  Liste,127,Buon Pastore,3,Liste,Amministrative Comunali  Liste,2019,47,3,29,104,4,15,13,51,13,194,13,14,1,5,B9L,530,6,506,783,0,,14,8
128_Buon Pastore_Amministrative Comunali  Liste,128,Buon Pastore,3,Liste,Amministrative Comunali  Liste,2019,70,1,11,163,7,12,13,45,11,221,18,13,1,9,B9L,630,10,595,858,0,,15,5
129_Buon Pastore_Amministrative Comunali  Liste,129,Buon Pastore,3,Liste,Amministrative Comunali  Liste,2019,53,0,28,120,11,14,17,21,18,201,6,20,0,6,B9L,534,7,515,773,0,,11,4
130_San Faustino_Amministrative Comunali  Liste,130,San Faustino,4,Liste,Amministrative Comunali  Liste,2019,40,2,21,123,8,12,11,31,17,140,11,14,4,4,B9L,455,7,438,647,0,,14,7
131_San Faustino_Amministrative Comunali  Liste,131,San Faustino,4,Liste,Amministrative Comunali  Liste,2019,35,3,17,113,9,15,14,47,34,156,10,12,6,6,B9L,500,9,477,710,0,,11,2
132_San Faustino_Amministrative Comunali  Liste,132,San Faustino,4,Liste,Amministrative Comunali  Liste,2019,57,3,16,163,12,38,30,29,17,199,15,28,4,11,B9L,653,6,622,884,0,,13,7
133_San Faustino_Amministrative Comunali  Liste,133,San Faustino,4,Liste,Amministrative Comunali  Liste,2019,34,1,20,89,5,16,9,29,7,126,13,27,3,6,B9L,413,6,385,641,0,,15,9
134_San Faustino_Amministrative Comunali  Liste,134,San Faustino,4,Liste,Amministrative Comunali  Liste,2019,49,3,18,86,3,12,10,36,21,145,5,16,1,4,B9L,428,7,409,650,0,,13,6
135_San Faustino_Amministrative Comunali  Liste,135,San Faustino,4,Liste,Amministrative Comunali  Liste,2019,33,3,27,124,5,19,11,17,18,108,12,9,6,5,B9L,416,4,397,732,0,,9,5
136_San Faustino_Amministrative Comunali  Liste,136,San Faustino,4,Liste,Amministrative Comunali  Liste,2019,34,1,32,118,4,25,16,19,11,116,11,21,0,9,B9L,440,3,417,643,0,,6,3
137_San Faustino_Amministrative Comunali  Liste,137,San Faustino,4,Liste,Amministrative Comunali  Liste,2019,40,5,27,86,6,10,13,42,20,177,16,18,3,8,B9L,487,6,471,722,0,,11,5
138_San Faustino_Amministrative Comunali  Liste,138,San Faustino,4,Liste,Amministrative Comunali  Liste,2019,34,0,20,130,3,18,19,31,18,155,16,20,5,5,B9L,494,4,474,722,0,,6,2
139_San Faustino_Amministrative Comunali  Liste,139,San Faustino,4,Liste,Amministrative Comunali  Liste,2019,43,1,19,124,4,20,17,46,18,155,19,20,2,2,B9L,513,2,490,787,0,,13,11
140_San Faustino_Amministrative Comunali  Liste,140,San Faustino,4,Liste,Amministrative Comunali  Liste,2019,52,2,11,82,2,18,7,31,12,154,9,21,2,2,B9L,422,4,405,653,0,,8,4
141_San Faustino_Amministrative Comunali  Liste,141,San Faustino,4,Liste,Amministrative Comunali  Liste,2019,27,1,16,95,5,11,17,35,21,132,14,17,2,1,B9L,421,6,394,632,0,,10,4
142_San Faustino_Amministrative Comunali  Liste,142,San Faustino,4,Liste,Amministrative Comunali  Liste,2019,46,1,19,162,9,22,14,51,24,189,14,12,3,5,B9L,604,4,571,832,13,,20,3
143_San Faustino_Amministrative Comunali  Liste,143,San Faustino,4,Liste,Amministrative Comunali  Liste,2019,32,3,34,110,4,25,12,39,14,145,3,5,5,4,B9L,484,6,435,679,0,,15,9
144_San Faustino_Amministrative Comunali  Liste,144,San Faustino,4,Liste,Amministrative Comunali  Liste,2019,34,2,20,110,0,11,13,26,13,179,12,18,1,10,B9L,470,5,449,651,0,,10,5
145_San Faustino_Amministrative Comunali  Liste,145,San Faustino,4,Liste,Amministrative Comunali  Liste,2019,45,1,12,103,4,14,11,30,25,216,13,26,3,12,B9L,538,9,515,734,0,,14,5
146_San Faustino_Amministrative Comunali  Liste,146,San Faustino,4,Liste,Amministrative Comunali  Liste,2019,26,1,12,145,0,14,12,26,26,178,7,7,0,2,B9L,479,6,456,759,0,,11,5
147_San Faustino_Amministrative Comunali  Liste,147,San Faustino,4,Liste,Amministrative Comunali  Liste,2019,30,0,13,83,2,13,13,47,29,238,9,7,0,7,B9L,517,8,491,722,0,,13,5
148_San Faustino_Amministrative Comunali  Liste,148,San Faustino,4,Liste,Amministrative Comunali  Liste,2019,32,2,21,110,8,20,20,51,20,186,21,11,3,3,B9L,535,9,508,701,0,,18,9
149_San Faustino_Amministrative Comunali  Liste,149,San Faustino,4,Liste,Amministrative Comunali  Liste,2019,45,2,22,97,2,20,10,54,12,241,13,18,6,5,B9L,561,5,547,723,0,,8,3
150_San Faustino_Amministrative Comunali  Liste,150,San Faustino,4,Liste,Amministrative Comunali  Liste,2019,53,3,28,152,5,16,12,40,24,266,10,17,3,14,B9L,696,14,643,824,0,,30,16
151_San Faustino_Amministrative Comunali  Liste,151,San Faustino,4,Liste,Amministrative Comunali  Liste,2019,40,1,29,101,0,21,10,38,15,187,8,13,3,2,B9L,484,5,468,757,0,,9,4
152_San Faustino_Amministrative Comunali  Liste,152,San Faustino,4,Liste,Amministrative Comunali  Liste,2019,43,1,30,195,3,31,13,42,22,249,19,29,3,10,B9L,727,9,690,946,0,,11,2
153_San Faustino_Amministrative Comunali  Liste,153,San Faustino,4,Liste,Amministrative Comunali  Liste,2019,50,5,40,174,8,40,8,39,30,173,27,16,12,9,B9L,662,9,631,879,0,,16,7
154_San Faustino_Amministrative Comunali  Liste,154,San Faustino,4,Liste,Amministrative Comunali  Liste,2019,35,1,26,132,6,31,10,31,39,158,21,8,2,5,B9L,530,7,505,742,1,,14,6
155_San Faustino_Amministrative Comunali  Liste,155,San Faustino,4,Liste,Amministrative Comunali  Liste,2019,26,4,50,156,6,24,25,28,18,139,20,17,0,3,B9L,548,7,516,794,0,,20,13
156_San Faustino_Amministrative Comunali  Liste,156,San Faustino,4,Liste,Amministrative Comunali  Liste,2019,35,1,31,156,17,31,15,29,27,145,12,9,4,5,B9L,536,2,517,787,0,,6,4
157_San Faustino_Amministrative Comunali  Liste,157,San Faustino,4,Liste,Amministrative Comunali  Liste,2019,46,4,6,108,1,14,9,34,18,223,8,10,4,6,B9L,509,3,491,735,0,,5,2
158_San Faustino_Amministrative Comunali  Liste,158,San Faustino,4,Liste,Amministrative Comunali  Liste,2019,52,0,18,131,2,25,9,47,31,204,11,27,4,9,B9L,594,11,570,817,0,,13,2
159_San Faustino_Amministrative Comunali  Liste,159,San Faustino,4,Liste,Amministrative Comunali  Liste,2019,46,1,11,135,2,13,16,36,19,223,5,25,1,7,B9L,565,7,540,786,2,,14,5
160_San Faustino_Amministrative Comunali  Liste,160,San Faustino,4,Liste,Amministrative Comunali  Liste,2019,66,2,19,84,1,12,25,65,21,242,12,29,4,9,B9L,615,11,591,818,0,,17,6
161_San Faustino_Amministrative Comunali  Liste,161,San Faustino,4,Liste,Amministrative Comunali  Liste,2019,48,0,18,95,2,9,16,15,13,139,5,13,1,0,B9L,386,3,374,611,0,,5,2
162_San Faustino_Amministrative Comunali  Liste,162,San Faustino,4,Liste,Amministrative Comunali  Liste,2019,60,2,15,115,1,14,9,38,17,238,4,19,1,6,B9L,566,10,539,785,0,,17,7
163_San Faustino_Amministrative Comunali  Liste,163,San Faustino,4,Liste,Amministrative Comunali  Liste,2019,48,0,13,90,0,12,16,24,10,220,8,22,4,4,B9L,494,4,471,728,0,,16,12
164_San Faustino_Amministrative Comunali  Liste,164,San Faustino,4,Liste,Amministrative Comunali  Liste,2019,65,3,11,125,2,10,17,50,25,217,8,15,4,6,B9L,583,5,558,808,0,,14,9
165_San Faustino_Amministrative Comunali  Liste,165,San Faustino,4,Liste,Amministrative Comunali  Liste,2019,37,4,13,108,0,14,12,43,15,291,9,19,3,6,B9L,594,2,574,787,0,,11,9
166_San Faustino_Amministrative Comunali  Liste,166,San Faustino,4,Liste,Amministrative Comunali  Liste,2019,57,4,29,129,0,15,5,25,20,142,8,11,2,2,B9L,466,2,449,691,0,,10,8
167_San Faustino_Amministrative Comunali  Liste,167,San Faustino,4,Liste,Amministrative Comunali  Liste,2019,56,1,13,137,4,13,13,47,12,255,9,29,1,5,B9L,621,10,595,838,0,,19,9
168_San Faustino_Amministrative Comunali  Liste,168,San Faustino,4,Liste,Amministrative Comunali  Liste,2019,37,2,13,141,3,14,18,34,20,204,11,15,3,14,B9L,551,5,529,868,0,,11,6
169_San Faustino_Amministrative Comunali  Liste,169,San Faustino,4,Liste,Amministrative Comunali  Liste,2019,58,1,10,116,2,17,19,58,13,212,10,17,3,13,B9L,591,11,549,736,0,,27,16
170_San Faustino_Amministrative Comunali  Liste,170,San Faustino,4,Liste,Amministrative Comunali  Liste,2019,65,0,14,129,4,22,20,49,11,202,5,14,2,4,B9L,568,8,541,774,0,,15,7
171_San Faustino_Amministrative Comunali  Liste,171,San Faustino,4,Liste,Amministrative Comunali  Liste,2019,82,0,29,176,2,16,7,61,12,195,9,11,2,5,B9L,629,3,607,842,0,,13,10
172_San Faustino_Amministrative Comunali  Liste,172,San Faustino,4,Liste,Amministrative Comunali  Liste,2019,46,0,19,95,4,15,11,22,22,145,3,9,1,3,B9L,419,5,395,631,0,,13,8
173_San Faustino_Amministrative Comunali  Liste,173,San Faustino,4,Liste,Amministrative Comunali  Liste,2019,75,2,17,123,1,24,17,31,25,192,7,7,2,2,B9L,554,3,525,773,0,,18,15
174_San Faustino_Amministrative Comunali  Liste,174,San Faustino,4,Liste,Amministrative Comunali  Liste,2019,49,0,7,96,5,16,8,15,33,165,3,16,1,8,B9L,435,5,422,605,0,,10,5
175_San Faustino_Amministrative Comunali  Liste,175,San Faustino,4,Liste,Amministrative Comunali  Liste,2019,55,2,27,121,2,18,6,54,22,123,11,18,1,3,B9L,497,7,463,727,2,,17,8
176_San Faustino_Amministrative Comunali  Liste,176,San Faustino,4,Liste,Amministrative Comunali  Liste,2019,37,2,13,140,2,23,6,48,29,198,15,8,0,2,B9L,545,6,523,708,0,,9,3
177_San Faustino_Amministrative Comunali  Liste,177,San Faustino,4,Liste,Amministrative Comunali  Liste,2019,46,1,14,95,2,16,9,23,28,278,14,11,2,4,B9L,573,4,543,707,0,,10,6
178_San Faustino_Amministrative Comunali  Liste,178,San Faustino,4,Liste,Amministrative Comunali  Liste,2019,54,0,39,160,10,29,21,39,16,227,16,18,1,2,B9L,658,7,632,896,0,,13,6
179_San Faustino_Amministrative Comunali  Liste,179,San Faustino,4,Liste,Amministrative Comunali  Liste,2019,63,2,23,185,7,32,17,46,22,267,15,21,4,1,B9L,735,13,705,977,0,,17,4
180_San Faustino_Amministrative Comunali  Liste,180,San Faustino,4,Liste,Amministrative Comunali  Liste,2019,57,0,22,152,6,18,6,47,17,234,10,11,2,9,B9L,623,12,591,839,0,,21,9
181_Buon Pastore_Amministrative Comunali  Liste,181,Buon Pastore,3,Liste,Amministrative Comunali  Liste,2019,2,0,1,6,0,0,1,1,0,17,1,1,0,1,B9L,34,2,31,0,0,,3,1
182_Buon Pastore_Amministrative Comunali  Liste,182,Buon Pastore,3,Liste,Amministrative Comunali  Liste,2019,1,0,2,4,0,0,2,2,0,15,0,0,0,0,B9L,29,0,26,0,0,,1,1
183_San Faustino_Amministrative Comunali  Liste,183,San Faustino,4,Liste,Amministrative Comunali  Liste,2019,4,0,2,12,1,0,1,2,0,21,0,2,0,1,B9L,47,0,46,0,0,,0,0
184_San Faustino_Amministrative Comunali  Liste,184,San Faustino,4,Liste,Amministrative Comunali  Liste,2019,2,0,1,6,0,1,2,2,1,9,0,0,0,0,B9L,26,2,24,0,0,,2,0
185_San Faustino_Amministrative Comunali  Liste,185,San Faustino,4,Liste,Amministrative Comunali  Liste,2019,64,2,19,153,3,20,12,42,27,224,18,21,2,12,B9L,643,4,619,840,0,,8,4
186_San Faustino_Amministrative Comunali  Liste,186,San Faustino,4,Liste,Amministrative Comunali  Liste,2019,68,0,9,116,1,13,13,33,14,159,12,11,2,9,B9L,474,2,460,671,0,,9,7
187_Buon Pastore_Amministrative Comunali  Liste,187,Buon Pastore,3,Liste,Amministrative Comunali  Liste,2019,56,1,10,88,1,15,15,44,16,211,8,7,2,5,B9L,501,7,479,680,0,,15,8
188_Buon Pastore_Amministrative Comunali  Liste,188,Buon Pastore,3,Liste,Amministrative Comunali  Liste,2019,63,3,14,108,5,7,18,41,47,177,12,16,5,4,B9L,547,3,520,704,0,,7,4
189_Buon Pastore_Amministrative Comunali  Liste,189,Buon Pastore,3,Liste,Amministrative Comunali  Liste,2019,28,3,8,124,4,19,17,45,21,195,12,24,3,2,B9L,529,5,505,686,0,,8,3
190_San Faustino_Amministrative Comunali  Liste,190,San Faustino,4,Liste,Amministrative Comunali  Liste,2019,49,4,15,126,2,19,8,100,10,182,4,5,1,3,B9L,540,5,528,759,0,,10,5
