THE_PK_KEY,SECTION,DISTRICT,DISTRICT_CD,DATA_TYPE,ELECTION,YEAR,CIVICI_CON_DE_PASCALE_PRES_,PARTITO_DEMOCRATICO,ALLEANZA_VERDI_SINISTRA,MOVIMENTO_5_STELLE,RIFORMISTI_PER_E__R__FUTURA,RETE_CIVICA_ELENA_UGOLINI_PRES,FRATELLI_D_ITALIA,LEGA,FORZA_ITALIA,LEALT__COERENZA_VERIT_,E_R_PACE_AMBIENTE_LAVORO,#REGISTERED,#VOTERS,#DISPUTED,#BLANK,#OF WHICH,#VALID,FORM,#NOT VALID,#NULL
1_Centro_Regionali Liste,1,Centro,1,Liste,Regionali Liste,2024,17,116,21,5,9,20,106,11,32,2,10,919,391,0,2,37,349,RP4,5,3
2_Centro_Regionali Liste,2,Centro,1,Liste,Regionali Liste,2024,12,128,32,6,7,8,61,17,14,2,6,748,324,0,2,28,293,RP4,3,1
3_Centro_Regionali Liste,3,Centro,1,Liste,Regionali Liste,2024,10,133,23,14,18,22,132,20,44,3,5,875,452,0,1,19,424,RP4,9,8
4_Centro_Regionali Liste,4,Centro,1,Liste,Regionali Liste,2024,16,143,32,8,11,23,94,22,30,1,10,934,428,0,2,31,390,RP4,7,5
5_Centro_Regionali Liste,5,Centro,1,Liste,Regionali Liste,2024,16,108,21,7,10,11,106,32,43,1,7,853,399,0,3,28,362,RP4,9,6
6_Centro_Regionali Liste,6,Centro,1,Liste,Regionali Liste,2024,12,151,28,7,9,18,109,19,33,4,6,784,423,2,2,23,396,RP4,4,0
7_Centro_Regionali Liste,7,Centro,1,Liste,Regionali Liste,2024,23,165,28,19,10,27,122,14,42,2,10,871,501,0,4,32,462,RP4,7,3
8_Centro_Regionali Liste,8,Centro,1,Liste,Regionali Liste,2024,14,112,17,20,4,20,55,12,16,2,7,809,295,0,0,13,279,RP4,3,3
9_Centro_Regionali Liste,9,Centro,1,Liste,Regionali Liste,2024,19,110,32,7,8,12,106,18,20,2,5,775,361,0,1,17,339,RP4,5,4
10_Centro_Regionali Liste,10,Centro,1,Liste,Regionali Liste,2024,14,125,22,7,3,14,73,14,19,1,5,733,311,0,0,13,297,RP4,1,1
11_Centro_Regionali Liste,11,Centro,1,Liste,Regionali Liste,2024,12,114,27,8,6,13,49,3,25,1,6,604,284,0,0,17,264,RP4,3,3
12_Centro_Regionali Liste,12,Centro,1,Liste,Regionali Liste,2024,13,144,41,9,7,13,67,14,19,3,6,833,367,0,0,30,336,RP4,1,1
13_Centro_Regionali Liste,13,Centro,1,Liste,Regionali Liste,2024,18,142,44,16,9,22,66,16,30,6,10,822,407,0,3,23,379,RP4,5,2
14_Centro_Regionali Liste,14,Centro,1,Liste,Regionali Liste,2024,12,107,31,17,6,22,50,10,11,2,5,747,303,0,0,24,273,RP4,6,6
15_Centro_Regionali Liste,15,Centro,1,Liste,Regionali Liste,2024,11,146,42,15,4,6,55,12,11,4,11,734,347,0,3,22,317,RP4,8,5
16_Centro_Regionali Liste,16,Centro,1,Liste,Regionali Liste,2024,17,126,21,11,6,12,66,12,4,3,9,654,309,0,0,19,287,RP4,3,3
17_Centro_Regionali Liste,17,Centro,1,Liste,Regionali Liste,2024,21,166,27,16,6,12,57,4,13,1,7,882,353,0,1,15,330,RP4,8,7
18_Centro_Regionali Liste,18,Centro,1,Liste,Regionali Liste,2024,20,156,22,19,7,14,48,19,14,2,1,835,357,0,3,29,322,RP4,6,3
19_Centro_Regionali Liste,19,Centro,1,Liste,Regionali Liste,2024,13,97,28,20,3,11,43,7,8,1,0,670,257,0,1,21,231,RP4,5,4
20_Centro_Regionali Liste,20,Centro,1,Liste,Regionali Liste,2024,13,120,48,10,15,25,59,9,24,1,10,753,357,0,1,19,334,RP4,4,3
21_Centro_Regionali Liste,21,Centro,1,Liste,Regionali Liste,2024,12,101,25,8,4,8,53,11,3,1,7,1020,270,0,5,30,233,RP4,7,2
22_Crocetta_Regionali Liste,22,Crocetta,2,Liste,Regionali Liste,2024,25,220,33,12,5,14,74,10,10,6,11,989,449,0,3,22,420,RP4,7,4
23_Crocetta_Regionali Liste,23,Crocetta,2,Liste,Regionali Liste,2024,19,146,19,23,6,16,46,13,7,5,11,778,333,0,5,13,311,RP4,9,4
24_Crocetta_Regionali Liste,24,Crocetta,2,Liste,Regionali Liste,2024,13,110,15,12,3,6,43,27,1,0,1,628,256,0,3,14,231,RP4,11,8
25_Crocetta_Regionali Liste,25,Crocetta,2,Liste,Regionali Liste,2024,21,212,34,23,9,18,81,6,6,7,11,823,462,0,3,27,428,RP4,7,4
26_Crocetta_Regionali Liste,26,Crocetta,2,Liste,Regionali Liste,2024,14,212,19,11,8,16,69,15,12,2,6,716,415,0,11,18,384,RP4,13,2
27_Crocetta_Regionali Liste,27,Crocetta,2,Liste,Regionali Liste,2024,7,140,13,11,2,14,33,7,10,0,5,672,253,0,1,10,242,RP4,1,0
28_Crocetta_Regionali Liste,28,Crocetta,2,Liste,Regionali Liste,2024,13,147,17,9,2,13,60,12,15,2,6,837,327,0,1,24,296,RP4,7,6
29_Crocetta_Regionali Liste,29,Crocetta,2,Liste,Regionali Liste,2024,14,173,25,12,4,15,69,13,13,4,4,813,392,0,4,38,346,RP4,8,4
30_Crocetta_Regionali Liste,30,Crocetta,2,Liste,Regionali Liste,2024,14,192,13,17,5,16,55,16,18,2,4,631,379,0,5,17,352,RP4,10,5
31_Crocetta_Regionali Liste,31,Crocetta,2,Liste,Regionali Liste,2024,10,144,14,10,2,8,40,5,2,3,5,626,265,0,2,15,243,RP4,7,5
32_Crocetta_Regionali Liste,32,Crocetta,2,Liste,Regionali Liste,2024,16,147,15,18,6,20,86,16,14,4,6,852,386,0,4,28,348,RP4,10,6
33_Crocetta_Regionali Liste,33,Crocetta,2,Liste,Regionali Liste,2024,10,195,25,14,6,13,65,5,21,0,4,753,386,0,1,22,358,RP4,6,5
34_Crocetta_Regionali Liste,34,Crocetta,2,Liste,Regionali Liste,2024,26,240,23,16,2,11,60,11,8,4,4,798,435,0,3,22,405,RP4,8,5
35_Crocetta_Regionali Liste,35,Crocetta,2,Liste,Regionali Liste,2024,22,172,19,14,3,14,36,9,10,1,7,814,331,0,2,19,307,RP4,5,3
36_Crocetta_Regionali Liste,36,Crocetta,2,Liste,Regionali Liste,2024,10,187,24,15,8,19,55,9,6,0,1,607,355,0,0,20,334,RP4,1,1
37_Crocetta_Regionali Liste,37,Crocetta,2,Liste,Regionali Liste,2024,18,262,22,11,6,12,74,18,11,5,2,807,481,0,2,32,441,RP4,8,6
38_Crocetta_Regionali Liste,38,Crocetta,2,Liste,Regionali Liste,2024,36,239,16,18,7,8,56,16,10,4,9,838,450,0,2,22,419,RP4,9,7
39_Crocetta_Regionali Liste,39,Crocetta,2,Liste,Regionali Liste,2024,38,274,23,14,6,8,63,15,11,4,6,813,498,0,1,27,462,RP4,9,8
40_Crocetta_Regionali Liste,40,Crocetta,2,Liste,Regionali Liste,2024,11,220,38,7,3,13,60,15,14,3,8,736,411,0,0,16,392,RP4,3,3
41_Crocetta_Regionali Liste,41,Crocetta,2,Liste,Regionali Liste,2024,20,186,33,18,9,9,51,17,9,2,2,795,381,0,1,18,356,RP4,7,6
42_Crocetta_Regionali Liste,42,Crocetta,2,Liste,Regionali Liste,2024,17,178,26,14,6,12,43,13,10,4,5,665,338,0,0,9,328,RP4,1,1
43_Crocetta_Regionali Liste,43,Crocetta,2,Liste,Regionali Liste,2024,27,109,21,13,5,5,37,11,6,3,3,583,257,0,3,7,240,RP4,10,7
44_Crocetta_Regionali Liste,44,Crocetta,2,Liste,Regionali Liste,2024,30,130,26,6,4,11,53,9,9,0,4,744,303,0,2,12,282,RP4,9,7
45_Crocetta_Regionali Liste,45,Crocetta,2,Liste,Regionali Liste,2024,16,138,29,14,5,14,63,11,12,2,16,810,340,0,2,11,320,RP4,9,7
46_Crocetta_Regionali Liste,46,Crocetta,2,Liste,Regionali Liste,2024,19,188,31,21,4,19,59,11,10,5,8,678,387,0,2,8,375,RP4,4,2
47_Crocetta_Regionali Liste,47,Crocetta,2,Liste,Regionali Liste,2024,26,126,17,10,10,8,55,9,11,3,3,667,308,0,3,24,278,RP4,6,3
48_Crocetta_Regionali Liste,48,Crocetta,2,Liste,Regionali Liste,2024,16,105,20,15,5,11,51,7,6,3,4,643,270,0,4,18,243,RP4,9,5
49_Crocetta_Regionali Liste,49,Crocetta,2,Liste,Regionali Liste,2024,27,115,21,8,6,11,59,9,15,2,5,724,299,0,0,18,278,RP4,3,3
50_Crocetta_Regionali Liste,50,Crocetta,2,Liste,Regionali Liste,2024,15,118,25,10,5,11,58,12,17,1,3,664,298,0,5,15,275,RP4,8,3
51_Crocetta_Regionali Liste,51,Crocetta,2,Liste,Regionali Liste,2024,23,121,39,12,7,13,56,10,10,3,6,673,325,0,2,17,300,RP4,8,6
52_Crocetta_Regionali Liste,52,Crocetta,2,Liste,Regionali Liste,2024,37,160,39,12,9,15,74,16,20,5,5,868,413,0,2,16,392,RP4,5,3
53_Crocetta_Regionali Liste,53,Crocetta,2,Liste,Regionali Liste,2024,20,162,40,21,6,5,50,7,10,3,5,727,364,0,3,25,329,RP4,10,7
54_Crocetta_Regionali Liste,54,Crocetta,2,Liste,Regionali Liste,2024,20,127,24,5,9,12,61,13,24,3,8,617,333,0,3,21,306,RP4,6,3
55_Crocetta_Regionali Liste,55,Crocetta,2,Liste,Regionali Liste,2024,10,121,31,16,6,14,54,12,19,4,7,692,323,0,1,22,294,RP4,7,6
56_Crocetta_Regionali Liste,56,Crocetta,2,Liste,Regionali Liste,2024,28,131,20,8,8,16,102,13,19,6,10,737,378,0,3,14,361,RP4,3,0
57_Crocetta_Regionali Liste,57,Crocetta,2,Liste,Regionali Liste,2024,23,128,20,16,8,12,45,13,16,3,1,666,298,0,1,10,285,RP4,3,2
58_Crocetta_Regionali Liste,58,Crocetta,2,Liste,Regionali Liste,2024,16,163,27,5,9,11,36,4,15,3,5,779,318,0,2,10,294,RP4,14,12
59_Crocetta_Regionali Liste,59,Crocetta,2,Liste,Regionali Liste,2024,17,198,37,15,4,21,100,13,15,4,8,880,461,0,3,22,432,RP4,7,4
60_Crocetta_Regionali Liste,60,Crocetta,2,Liste,Regionali Liste,2024,17,238,44,18,9,9,67,15,16,2,9,832,478,0,2,31,444,RP4,3,1
61_Crocetta_Regionali Liste,61,Crocetta,2,Liste,Regionali Liste,2024,18,201,34,8,5,12,69,14,11,6,5,694,409,0,3,20,383,RP4,6,3
62_Crocetta_Regionali Liste,62,Crocetta,2,Liste,Regionali Liste,2024,13,184,20,20,4,12,72,13,10,0,5,708,381,0,2,19,353,RP4,9,7
63_Crocetta_Regionali Liste,63,Crocetta,2,Liste,Regionali Liste,2024,20,161,27,14,4,20,57,12,14,2,3,974,375,0,6,27,334,RP4,14,8
64_Crocetta_Regionali Liste,64,Crocetta,2,Liste,Regionali Liste,2024,15,74,15,11,1,11,36,13,4,1,8,671,208,0,2,14,189,RP4,5,3
65_Crocetta_Regionali Liste,65,Crocetta,2,Liste,Regionali Liste,2024,10,66,10,7,2,3,34,5,9,1,2,1597,165,0,2,12,149,RP4,4,2
66_Crocetta_Regionali Liste,66,Crocetta,2,Liste,Regionali Liste,2024,12,155,11,11,4,7,59,6,10,1,7,589,307,0,0,20,283,RP4,4,4
67_Crocetta_Regionali Liste,67,Crocetta,2,Liste,Regionali Liste,2024,34,162,22,20,11,5,64,18,18,2,5,781,382,0,0,13,361,RP4,8,8
68_Crocetta_Regionali Liste,68,Crocetta,2,Liste,Regionali Liste,2024,10,108,8,15,5,5,54,10,6,2,8,652,257,0,1,20,231,RP4,6,5
69_Crocetta_Regionali Liste,69,Crocetta,2,Liste,Regionali Liste,2024,18,113,33,19,8,7,68,14,12,1,3,759,319,0,2,15,296,RP4,8,6
70_Crocetta_Regionali Liste,70,Crocetta,2,Liste,Regionali Liste,2024,21,114,24,10,3,6,36,16,7,6,3,687,277,0,2,25,246,RP4,6,4
71_Buon Pastore_Regionali Liste,71,Buon Pastore,3,Liste,Regionali Liste,2024,13,126,19,9,8,14,66,18,15,2,11,711,327,0,0,23,301,RP4,3,3
72_Buon Pastore_Regionali Liste,72,Buon Pastore,3,Liste,Regionali Liste,2024,10,135,20,7,11,22,103,16,29,2,3,701,387,0,0,26,358,RP4,3,3
73_Buon Pastore_Regionali Liste,73,Buon Pastore,3,Liste,Regionali Liste,2024,12,124,13,7,7,25,85,22,32,2,9,692,371,0,0,30,338,RP4,3,3
74_Buon Pastore_Regionali Liste,74,Buon Pastore,3,Liste,Regionali Liste,2024,9,104,35,8,3,17,77,9,12,2,3,614,306,0,1,24,279,RP4,3,2
75_Buon Pastore_Regionali Liste,75,Buon Pastore,3,Liste,Regionali Liste,2024,13,156,26,9,4,17,82,9,19,1,6,707,369,0,1,21,342,RP4,6,5
76_Buon Pastore_Regionali Liste,76,Buon Pastore,3,Liste,Regionali Liste,2024,19,131,32,15,1,10,48,10,12,8,7,646,313,0,2,17,293,RP4,3,1
77_Buon Pastore_Regionali Liste,77,Buon Pastore,3,Liste,Regionali Liste,2024,20,131,19,16,10,27,68,16,18,0,4,634,353,0,1,22,329,RP4,2,1
78_Buon Pastore_Regionali Liste,78,Buon Pastore,3,Liste,Regionali Liste,2024,17,163,27,7,7,11,86,9,16,2,8,755,403,0,5,38,353,RP4,12,7
79_Buon Pastore_Regionali Liste,79,Buon Pastore,3,Liste,Regionali Liste,2024,18,149,25,4,8,8,53,5,6,2,3,622,305,0,1,21,281,RP4,3,2
80_Buon Pastore_Regionali Liste,80,Buon Pastore,3,Liste,Regionali Liste,2024,22,255,36,19,6,14,42,15,5,1,4,817,450,0,0,26,419,RP4,5,5
81_Buon Pastore_Regionali Liste,81,Buon Pastore,3,Liste,Regionali Liste,2024,16,234,25,10,7,9,52,10,10,3,7,664,419,0,4,27,383,RP4,9,5
82_Buon Pastore_Regionali Liste,82,Buon Pastore,3,Liste,Regionali Liste,2024,20,174,24,15,3,13,76,10,10,1,3,783,379,0,2,26,349,RP4,4,2
83_Buon Pastore_Regionali Liste,83,Buon Pastore,3,Liste,Regionali Liste,2024,5,197,18,17,3,10,54,10,9,10,6,721,380,0,5,28,339,RP4,13,8
84_Buon Pastore_Regionali Liste,84,Buon Pastore,3,Liste,Regionali Liste,2024,19,219,35,15,3,19,58,21,10,4,6,724,442,0,3,26,409,RP4,7,4
85_Buon Pastore_Regionali Liste,85,Buon Pastore,3,Liste,Regionali Liste,2024,20,207,29,9,5,18,66,18,12,0,4,754,417,0,0,25,388,RP4,4,4
86_Buon Pastore_Regionali Liste,86,Buon Pastore,3,Liste,Regionali Liste,2024,12,211,38,5,3,24,97,8,17,3,8,817,463,0,0,34,426,RP4,3,3
87_Buon Pastore_Regionali Liste,87,Buon Pastore,3,Liste,Regionali Liste,2024,20,161,30,14,4,19,67,15,17,4,4,713,380,0,1,16,355,RP4,9,8
88_Buon Pastore_Regionali Liste,88,Buon Pastore,3,Liste,Regionali Liste,2024,19,189,34,16,4,11,55,13,7,2,8,660,383,0,0,22,358,RP4,3,3
89_Buon Pastore_Regionali Liste,89,Buon Pastore,3,Liste,Regionali Liste,2024,8,211,24,14,8,19,63,17,9,2,11,704,414,0,3,20,386,RP4,8,5
90_Buon Pastore_Regionali Liste,90,Buon Pastore,3,Liste,Regionali Liste,2024,20,194,33,7,4,10,57,6,18,3,6,738,377,0,1,16,358,RP4,3,2
91_Buon Pastore_Regionali Liste,91,Buon Pastore,3,Liste,Regionali Liste,2024,27,242,30,9,7,20,67,12,13,3,6,797,469,0,3,24,436,RP4,9,6
92_Buon Pastore_Regionali Liste,92,Buon Pastore,3,Liste,Regionali Liste,2024,15,177,19,7,6,16,45,18,7,2,9,575,343,0,2,11,321,RP4,11,9
93_Buon Pastore_Regionali Liste,93,Buon Pastore,3,Liste,Regionali Liste,2024,21,203,36,20,7,16,57,13,11,1,6,904,418,0,2,21,391,RP4,6,4
94_Buon Pastore_Regionali Liste,94,Buon Pastore,3,Liste,Regionali Liste,2024,16,263,26,21,11,18,60,21,12,4,1,758,489,0,5,26,453,RP4,10,5
95_Buon Pastore_Regionali Liste,95,Buon Pastore,3,Liste,Regionali Liste,2024,20,274,26,21,7,9,44,12,18,1,3,747,462,0,0,25,435,RP4,2,2
96_Buon Pastore_Regionali Liste,96,Buon Pastore,3,Liste,Regionali Liste,2024,13,157,26,21,3,2,39,8,8,3,6,816,304,0,5,11,286,RP4,7,2
97_Buon Pastore_Regionali Liste,97,Buon Pastore,3,Liste,Regionali Liste,2024,12,250,14,14,4,15,57,11,13,5,12,713,434,0,1,21,407,RP4,6,5
98_Buon Pastore_Regionali Liste,98,Buon Pastore,3,Liste,Regionali Liste,2024,13,156,16,12,6,12,48,9,14,1,5,741,316,0,4,17,292,RP4,7,3
99_Buon Pastore_Regionali Liste,99,Buon Pastore,3,Liste,Regionali Liste,2024,19,195,32,11,5,11,65,14,16,5,4,780,408,0,3,25,377,RP4,6,3
100_Buon Pastore_Regionali Liste,100,Buon Pastore,3,Liste,Regionali Liste,2024,18,262,50,18,5,28,110,10,16,3,14,990,575,0,4,30,534,RP4,11,7
101_Buon Pastore_Regionali Liste,101,Buon Pastore,3,Liste,Regionali Liste,2024,17,242,37,7,7,18,86,15,16,4,8,939,509,0,2,47,457,RP4,5,3
102_Buon Pastore_Regionali Liste,102,Buon Pastore,3,Liste,Regionali Liste,2024,9,118,24,15,10,11,54,8,18,1,3,679,305,0,2,26,271,RP4,8,6
103_Buon Pastore_Regionali Liste,103,Buon Pastore,3,Liste,Regionali Liste,2024,13,140,41,9,7,17,77,8,17,3,2,759,368,0,1,30,334,RP4,4,3
104_Buon Pastore_Regionali Liste,104,Buon Pastore,3,Liste,Regionali Liste,2024,14,113,32,8,13,18,81,14,13,4,3,714,345,0,2,24,313,RP4,8,6
105_Buon Pastore_Regionali Liste,105,Buon Pastore,3,Liste,Regionali Liste,2024,13,131,27,10,5,12,80,18,10,3,1,732,346,0,3,32,310,RP4,4,1
106_Buon Pastore_Regionali Liste,106,Buon Pastore,3,Liste,Regionali Liste,2024,24,116,25,12,6,18,82,22,23,4,3,625,362,0,1,22,335,RP4,5,4
107_Buon Pastore_Regionali Liste,107,Buon Pastore,3,Liste,Regionali Liste,2024,13,151,29,6,3,9,57,11,11,5,3,645,325,0,2,20,298,RP4,7,5
108_Buon Pastore_Regionali Liste,108,Buon Pastore,3,Liste,Regionali Liste,2024,16,157,13,14,6,31,84,11,28,2,2,757,393,0,1,23,364,RP4,6,5
109_Buon Pastore_Regionali Liste,109,Buon Pastore,3,Liste,Regionali Liste,2024,19,173,40,9,13,16,125,10,22,7,6,870,484,0,3,37,440,RP4,7,4
110_Buon Pastore_Regionali Liste,110,Buon Pastore,3,Liste,Regionali Liste,2024,18,134,20,12,4,15,61,14,10,0,5,768,329,1,5,29,293,RP4,7,1
111_Buon Pastore_Regionali Liste,111,Buon Pastore,3,Liste,Regionali Liste,2024,27,186,27,12,5,11,78,7,18,2,7,801,415,0,2,31,380,RP4,4,2
112_Buon Pastore_Regionali Liste,112,Buon Pastore,3,Liste,Regionali Liste,2024,17,181,23,12,6,11,60,11,12,2,9,735,369,0,1,23,344,RP4,2,1
113_Buon Pastore_Regionali Liste,113,Buon Pastore,3,Liste,Regionali Liste,2024,22,237,49,16,16,33,70,9,9,3,2,851,516,0,1,44,466,RP4,6,5
114_Buon Pastore_Regionali Liste,114,Buon Pastore,3,Liste,Regionali Liste,2024,27,215,46,16,9,13,75,17,8,6,7,908,473,0,2,27,439,RP4,7,5
115_Buon Pastore_Regionali Liste,115,Buon Pastore,3,Liste,Regionali Liste,2024,32,202,28,15,4,15,97,12,14,5,3,749,474,0,6,38,427,RP4,9,3
116_Buon Pastore_Regionali Liste,116,Buon Pastore,3,Liste,Regionali Liste,2024,16,196,24,13,4,13,64,7,10,3,7,630,385,0,1,25,357,RP4,3,2
117_Buon Pastore_Regionali Liste,117,Buon Pastore,3,Liste,Regionali Liste,2024,15,326,36,9,4,18,48,8,13,5,5,777,501,0,3,9,487,RP4,5,2
118_Buon Pastore_Regionali Liste,118,Buon Pastore,3,Liste,Regionali Liste,2024,19,262,26,30,8,18,66,16,17,3,8,880,505,0,3,23,473,RP4,9,6
119_Buon Pastore_Regionali Liste,119,Buon Pastore,3,Liste,Regionali Liste,2024,18,210,47,21,3,6,73,11,12,2,6,785,446,0,4,31,409,RP4,6,2
120_Buon Pastore_Regionali Liste,120,Buon Pastore,3,Liste,Regionali Liste,2024,10,175,28,5,0,16,102,11,16,4,3,710,404,0,5,26,370,RP4,8,3
121_Buon Pastore_Regionali Liste,121,Buon Pastore,3,Liste,Regionali Liste,2024,29,237,31,12,25,20,126,21,33,5,4,1031,584,0,4,33,543,RP4,8,4
122_Buon Pastore_Regionali Liste,122,Buon Pastore,3,Liste,Regionali Liste,2024,10,144,10,5,3,12,49,12,5,0,5,918,272,0,1,13,255,RP4,4,3
123_Buon Pastore_Regionali Liste,123,Buon Pastore,3,Liste,Regionali Liste,2024,11,128,16,9,11,10,47,8,4,2,4,606,263,0,1,9,250,RP4,4,3
124_Buon Pastore_Regionali Liste,124,Buon Pastore,3,Liste,Regionali Liste,2024,18,200,25,15,2,19,76,17,11,2,8,779,414,0,3,14,393,RP4,7,4
125_Buon Pastore_Regionali Liste,125,Buon Pastore,3,Liste,Regionali Liste,2024,17,305,29,21,4,19,73,12,8,5,9,847,534,0,4,26,502,RP4,6,2
126_Buon Pastore_Regionali Liste,126,Buon Pastore,3,Liste,Regionali Liste,2024,21,253,19,20,6,17,79,11,9,6,6,820,479,0,3,26,447,RP4,6,3
127_Buon Pastore_Regionali Liste,127,Buon Pastore,3,Liste,Regionali Liste,2024,18,152,32,15,3,22,67,14,17,1,5,760,377,0,3,24,346,RP4,7,4
128_Buon Pastore_Regionali Liste,128,Buon Pastore,3,Liste,Regionali Liste,2024,15,234,22,12,4,18,77,7,7,7,7,848,457,0,4,35,410,RP4,12,8
129_Buon Pastore_Regionali Liste,129,Buon Pastore,3,Liste,Regionali Liste,2024,18,218,19,17,2,25,77,14,17,3,10,785,456,0,2,27,420,RP4,9,7
130_San Faustino_Regionali Liste,130,San Faustino,4,Liste,Regionali Liste,2024,13,128,16,9,5,15,71,11,18,2,7,657,322,0,1,26,295,RP4,1,0
131_San Faustino_Regionali Liste,131,San Faustino,4,Liste,Regionali Liste,2024,20,144,37,15,10,14,77,11,10,4,6,728,379,0,2,27,348,RP4,4,2
132_San Faustino_Regionali Liste,132,San Faustino,4,Liste,Regionali Liste,2024,16,167,45,18,10,12,105,15,18,3,9,880,469,0,5,41,418,RP4,10,5
133_San Faustino_Regionali Liste,133,San Faustino,4,Liste,Regionali Liste,2024,8,116,20,12,5,14,72,7,20,4,6,638,303,0,2,15,284,RP4,4,2
134_San Faustino_Regionali Liste,134,San Faustino,4,Liste,Regionali Liste,2024,11,136,19,20,7,8,46,11,20,1,2,644,309,0,5,17,281,RP4,11,6
135_San Faustino_Regionali Liste,135,San Faustino,4,Liste,Regionali Liste,2024,6,86,9,4,3,21,78,12,26,2,1,687,265,0,1,13,248,RP4,4,3
136_San Faustino_Regionali Liste,136,San Faustino,4,Liste,Regionali Liste,2024,16,106,18,6,10,19,64,10,12,0,4,643,297,0,1,26,265,RP4,6,5
137_San Faustino_Regionali Liste,137,San Faustino,4,Liste,Regionali Liste,2024,26,124,31,14,7,19,63,12,13,2,5,712,340,0,1,22,316,RP4,2,1
138_San Faustino_Regionali Liste,138,San Faustino,4,Liste,Regionali Liste,2024,22,139,36,13,6,15,73,9,16,1,6,749,363,0,0,22,336,RP4,5,5
139_San Faustino_Regionali Liste,139,San Faustino,4,Liste,Regionali Liste,2024,16,181,35,15,5,22,66,14,12,1,7,802,392,0,1,13,374,RP4,5,4
140_San Faustino_Regionali Liste,140,San Faustino,4,Liste,Regionali Liste,2024,19,133,28,8,9,9,44,9,12,4,7,581,305,0,0,18,282,RP4,5,5
141_San Faustino_Regionali Liste,141,San Faustino,4,Liste,Regionali Liste,2024,18,146,24,10,2,7,54,11,18,2,5,617,326,0,3,24,297,RP4,5,2
142_San Faustino_Regionali Liste,142,San Faustino,4,Liste,Regionali Liste,2024,16,163,45,11,5,34,87,15,16,3,4,849,431,0,2,27,399,RP4,5,3
143_San Faustino_Regionali Liste,143,San Faustino,4,Liste,Regionali Liste,2024,20,131,20,16,2,17,68,9,12,8,3,688,335,0,1,20,306,RP4,9,8
144_San Faustino_Regionali Liste,144,San Faustino,4,Liste,Regionali Liste,2024,17,176,33,5,3,14,52,20,16,1,0,725,367,0,2,20,337,RP4,10,8
145_San Faustino_Regionali Liste,145,San Faustino,4,Liste,Regionali Liste,2024,25,170,30,10,11,25,58,18,9,4,8,677,400,0,1,25,368,RP4,7,6
146_San Faustino_Regionali Liste,146,San Faustino,4,Liste,Regionali Liste,2024,18,167,21,3,4,14,88,7,15,8,3,731,376,0,4,21,348,RP4,7,3
147_San Faustino_Regionali Liste,147,San Faustino,4,Liste,Regionali Liste,2024,24,229,32,8,4,8,52,13,7,3,3,701,405,0,1,17,383,RP4,5,4
148_San Faustino_Regionali Liste,148,San Faustino,4,Liste,Regionali Liste,2024,26,190,40,9,6,16,84,13,17,0,6,720,445,0,5,25,407,RP4,13,8
149_San Faustino_Regionali Liste,149,San Faustino,4,Liste,Regionali Liste,2024,14,226,23,12,4,14,79,16,7,3,7,701,428,0,2,16,405,RP4,7,5
150_San Faustino_Regionali Liste,150,San Faustino,4,Liste,Regionali Liste,2024,25,263,34,10,11,17,102,11,19,0,6,819,542,0,5,35,498,RP4,9,4
151_San Faustino_Regionali Liste,151,San Faustino,4,Liste,Regionali Liste,2024,15,166,21,3,2,10,59,13,6,3,6,719,320,0,3,11,304,RP4,5,2
152_San Faustino_Regionali Liste,152,San Faustino,4,Liste,Regionali Liste,2024,18,209,36,17,13,21,120,12,12,4,6,944,511,0,2,38,468,RP4,5,3
153_San Faustino_Regionali Liste,153,San Faustino,4,Liste,Regionali Liste,2024,19,174,24,17,10,19,128,14,35,3,4,852,488,0,2,33,447,RP4,8,6
154_San Faustino_Regionali Liste,154,San Faustino,4,Liste,Regionali Liste,2024,22,153,25,14,6,15,100,12,15,4,10,717,399,0,4,19,376,RP4,4,0
155_San Faustino_Regionali Liste,155,San Faustino,4,Liste,Regionali Liste,2024,33,158,24,5,3,23,111,19,34,0,5,834,452,0,1,30,415,RP4,7,6
156_San Faustino_Regionali Liste,156,San Faustino,4,Liste,Regionali Liste,2024,21,160,46,8,8,19,104,33,33,1,5,852,475,0,1,34,438,RP4,3,2
157_San Faustino_Regionali Liste,157,San Faustino,4,Liste,Regionali Liste,2024,17,199,33,11,3,4,67,19,6,2,2,747,389,0,2,15,363,RP4,11,9
158_San Faustino_Regionali Liste,158,San Faustino,4,Liste,Regionali Liste,2024,17,205,47,12,1,19,83,12,9,4,3,788,439,0,2,23,412,RP4,4,2
159_San Faustino_Regionali Liste,159,San Faustino,4,Liste,Regionali Liste,2024,22,207,27,13,1,15,55,13,17,5,14,784,413,0,3,14,389,RP4,10,7
160_San Faustino_Regionali Liste,160,San Faustino,4,Liste,Regionali Liste,2024,35,254,44,14,5,8,68,12,12,1,9,798,493,0,1,22,462,RP4,9,8
161_San Faustino_Regionali Liste,161,San Faustino,4,Liste,Regionali Liste,2024,16,132,25,10,2,10,46,9,11,1,6,602,288,0,2,14,268,RP4,6,4
162_San Faustino_Regionali Liste,162,San Faustino,4,Liste,Regionali Liste,2024,25,224,30,4,1,19,69,23,10,4,5,765,451,0,4,25,414,RP4,12,8
163_San Faustino_Regionali Liste,163,San Faustino,4,Liste,Regionali Liste,2024,16,182,26,17,5,5,52,11,13,5,8,763,373,0,0,27,340,RP4,6,6
164_San Faustino_Regionali Liste,164,San Faustino,4,Liste,Regionali Liste,2024,26,227,30,10,2,12,84,19,10,1,11,811,457,0,0,24,432,RP4,1,1
165_San Faustino_Regionali Liste,165,San Faustino,4,Liste,Regionali Liste,2024,24,248,27,11,2,15,73,5,11,1,7,781,455,0,6,20,424,RP4,11,5
166_San Faustino_Regionali Liste,166,San Faustino,4,Liste,Regionali Liste,2024,30,128,9,12,4,13,65,19,8,3,6,666,311,0,0,9,297,RP4,5,5
167_San Faustino_Regionali Liste,167,San Faustino,4,Liste,Regionali Liste,2024,23,241,36,22,7,12,76,13,18,2,5,856,478,0,5,15,455,RP4,8,3
168_San Faustino_Regionali Liste,168,San Faustino,4,Liste,Regionali Liste,2024,15,207,20,6,5,20,62,13,14,5,9,870,399,0,1,17,376,RP4,6,5
169_San Faustino_Regionali Liste,169,San Faustino,4,Liste,Regionali Liste,2024,7,267,27,20,4,7,82,18,8,3,7,758,473,0,4,14,450,RP4,9,5
170_San Faustino_Regionali Liste,170,San Faustino,4,Liste,Regionali Liste,2024,18,178,21,21,3,14,75,14,12,11,4,754,400,0,1,25,371,RP4,4,3
171_San Faustino_Regionali Liste,171,San Faustino,4,Liste,Regionali Liste,2024,16,203,22,18,3,17,106,20,20,5,5,825,467,0,3,25,435,RP4,7,4
172_San Faustino_Regionali Liste,172,San Faustino,4,Liste,Regionali Liste,2024,5,121,14,9,3,11,42,5,14,6,3,636,253,0,2,14,233,RP4,6,4
173_San Faustino_Regionali Liste,173,San Faustino,4,Liste,Regionali Liste,2024,27,189,29,11,0,23,58,12,16,4,3,774,397,0,1,23,372,RP4,2,1
174_San Faustino_Regionali Liste,174,San Faustino,4,Liste,Regionali Liste,2024,30,135,25,13,1,16,78,4,6,6,6,624,337,0,1,10,320,RP4,7,6
175_San Faustino_Regionali Liste,175,San Faustino,4,Liste,Regionali Liste,2024,18,168,19,18,0,22,71,14,30,1,6,737,395,0,2,23,367,RP4,5,3
176_San Faustino_Regionali Liste,176,San Faustino,4,Liste,Regionali Liste,2024,14,224,22,10,5,11,93,15,22,3,5,724,442,0,3,8,424,RP4,10,7
177_San Faustino_Regionali Liste,177,San Faustino,4,Liste,Regionali Liste,2024,15,271,26,16,6,15,63,13,12,2,2,674,470,0,4,20,441,RP4,9,5
178_San Faustino_Regionali Liste,178,San Faustino,4,Liste,Regionali Liste,2024,19,218,42,13,2,30,81,18,23,5,5,917,504,0,3,35,456,RP4,13,10
179_San Faustino_Regionali Liste,179,San Faustino,4,Liste,Regionali Liste,2024,14,228,41,7,11,21,113,21,17,10,6,962,526,0,4,31,489,RP4,6,2
180_San Faustino_Regionali Liste,180,San Faustino,4,Liste,Regionali Liste,2024,16,209,37,18,5,23,92,15,10,3,11,789,471,0,2,26,439,RP4,6,4
181_Buon Pastore_Regionali Liste,181,Buon Pastore,3,Liste,Regionali Liste,2024,2,31,2,7,0,0,11,1,1,0,1,0,62,0,0,3,56,RP4,3,3
182_Buon Pastore_Regionali Liste,182,Buon Pastore,3,Liste,Regionali Liste,2024,3,19,2,0,0,0,8,1,1,0,0,0,38,0,1,3,34,RP4,1,0
183_San Faustino_Regionali Liste,183,San Faustino,4,Liste,Regionali Liste,2024,2,24,1,1,1,2,9,2,2,0,0,0,45,0,0,1,44,RP4,0,0
184_San Faustino_Regionali Liste,184,San Faustino,4,Liste,Regionali Liste,2024,0,22,0,0,0,2,5,0,0,0,0,0,35,0,0,4,29,RP4,2,2
185_San Faustino_Regionali Liste,185,San Faustino,4,Liste,Regionali Liste,2024,23,230,56,13,6,15,101,21,10,8,8,861,531,0,5,31,491,RP4,9,4
186_San Faustino_Regionali Liste,186,San Faustino,4,Liste,Regionali Liste,2024,21,151,18,18,3,10,54,12,5,3,2,669,337,0,2,27,297,RP4,13,11
187_Buon Pastore_Regionali Liste,187,Buon Pastore,3,Liste,Regionali Liste,2024,22,185,24,17,2,7,53,10,6,1,6,671,353,0,2,18,333,RP4,2,0
188_Buon Pastore_Regionali Liste,188,Buon Pastore,3,Liste,Regionali Liste,2024,30,199,41,12,4,8,69,13,17,1,1,724,424,0,6,18,395,RP4,11,5
189_Buon Pastore_Regionali Liste,189,Buon Pastore,3,Liste,Regionali Liste,2024,16,207,29,9,9,19,61,15,12,3,6,734,416,0,4,24,386,RP4,6,2
190_San Faustino_Regionali Liste,190,San Faustino,4,Liste,Regionali Liste,2024,16,174,31,11,6,15,69,7,13,4,2,760,375,0,2,22,348,RP4,5,3
