THE_PK_KEY,SECTION,DISTRICT,DISTRICT_CD,DATA_TYPE,ELECTION,YEAR,EUROPA_VERDE,LEGA,FRATELLI_D_ITALIA,PARTITO_PIRATA,IL_POPOLO_DELLA_FAMIGLIA,PARTITO_ANIMALISTA,PARTITO_DEMOCRATICO,LA_SINISTRA,PPA_POPOLO_PARTITE_IVA,PI__EUROPA,MOVIMENTO_5_STELLE,POPOLARI_PER_L_ITALIA,FORZA_NUOVA,FORZA_ITALIA,SVP,PARTITO_COMUNISTA,CASAPOUND___DESTRE_UNITE,FORM,#VOTERS,#BLANK,#VALID,#REGISTERED,#DISPUTED,#OF WHICH,#NOT VALID,#NULL
1_Centro_Europee,1,Centro,1,Liste,Europee,2019,21,181,39,0,4,3,,14,0,32,46,0,0,59,0,3,0,E19,606,0,599,847,1,,7,6
2_Centro_Europee,2,Centro,1,Liste,Europee,2019,19,123,,,3,0,155,10,,29,,0,0,,0,5,2,E19,461,3,449,704,0,,12,9
5_Centro_Europee,5,Centro,1,Liste,Europee,2019,19,,,2,0,6,179,12,1,28,,1,,,,0,3,E19,560,14,541,818,0,,19,5
7_Centro_Europee,7,Centro,,Liste,Europee,2019,18,162,41,0,,3,167,6,1,,41,3,1,63,,3,4,E19,566,4,562,780,0,,4,0
8_Centro_Europee,8,Centro,1,Liste,Europee,2019,20,,22,0,3,,155,12,0,34,36,0,1,25,0,0,3,E19,419,1,412,676,0,,7,6
9_Centro_Europee,9,Centro,1,Liste,Europee,2019,,151,47,2,3,4,163,,,24,41,0,,50,,3,2,E19,529,1,522,784,0,,7,6
10_Centro_Europee,10,Centro,1,Liste,Europee,2019,16,,36,0,,1,132,9,2,30,36,1,,46,,7,1,E19,461,5,447,707,0,,14,9
11_Centro_Europee,11,Centro,1,Liste,Europee,2019,,103,24,0,,1,153,12,1,,,1,0,34,0,3,,E19,409,0,406,622,0,,3,3
12_Centro_Europee,12,Centro,1,Liste,Europee,2019,23,116,18,2,0,6,194,16,0,,38,,0,35,0,,2,E19,497,5,488,795,0,,9,4
14_Centro_Europee,14,Centro,1,Liste,Europee,2019,28,124,23,,6,,157,20,0,31,,,1,,0,4,2,E19,482,4,472,733,0,,10,6
15_Centro_Europee,15,Centro,1,Liste,Europee,2019,27,112,17,,2,3,163,,2,16,46,0,2,30,1,,0,E19,460,8,445,703,0,,15,7
16_Centro_Europee,16,Centro,1,Liste,Europee,2019,9,,15,0,2,2,170,,2,12,60,1,0,23,0,4,1,E19,446,6,434,650,2,,12,4
,17,Centro,1,Liste,Europee,2019,19,135,21,,1,,173,13,0,17,84,1,,21,0,4,0,E19,505,7,492,871,0,,13,6
,18,Centro,,Liste,Europee,2019,12,124,20,1,0,2,167,3,0,21,80,,,,,,1,E19,478,8,463,735,0,,15,7
,19,Centro,1,Liste,Europee,2019,17,,,1,2,1,140,16,1,23,49,1,0,28,0,,0,E19,409,5,401,648,0,,8,3
20_Centro_Europee,20,Centro,,Liste,Europee,2019,,,23,3,2,1,173,11,0,20,,,0,46,0,3,2,E19,484,3,475,708,0,,9,6
21_Centro_Europee,21,Centro,1,Liste,Europee,2019,18,124,20,0,0,6,133,15,1,,63,1,0,21,1,0,0,E19,434,7,426,875,0,,8,1
22_Crocetta_Europee,22,Crocetta,2,Liste,Europee,2019,17,,26,,,,219,11,1,19,105,,,30,,8,1,E19,599,3,588,947,0,,11,8
23_Crocetta_Europee,23,Crocetta,2,Liste,Europee,2019,12,144,11,0,0,4,220,5,0,20,,,0,,0,,0,E19,537,1,519,789,0,,18,17
24_Crocetta_Europee,24,Crocetta,,Liste,Europee,2019,9,127,9,0,0,3,,5,,4,66,,,10,0,6,,E19,411,3,394,643,0,,17,14
26_Crocetta_Europee,26,Crocetta,,Liste,Europee,2019,17,148,14,1,3,5,,7,0,5,60,0,0,26,1,6,,E19,534,6,523,696,0,,11,5
27_Crocetta_Europee,27,Crocetta,2,Liste,Europee,2019,13,133,9,1,1,2,150,,0,10,54,0,2,,0,2,1,E19,414,8,404,631,0,,10,2
28_Crocetta_Europee,28,Crocetta,2,Liste,Europee,2019,,135,18,0,1,3,174,12,0,,,1,1,,1,5,0,E19,466,6,455,751,0,,11,5
31_Crocetta_Europee,31,Crocetta,2,Liste,Europee,2019,12,109,14,,1,1,159,4,0,8,53,0,0,18,,3,,E19,404,5,383,599,0,,21,16
34_Crocetta_Europee,34,Crocetta,2,Liste,Europee,2019,22,112,10,0,2,,248,7,0,12,77,1,2,,0,5,0,E19,545,4,528,809,0,,17,13
35_Crocetta_Europee,35,Crocetta,2,Liste,Europee,2019,11,92,16,1,3,1,225,3,0,18,60,2,,20,0,6,2,E19,470,6,460,695,0,,10,4
36_Crocetta_Europee,36,Crocetta,,Liste,Europee,2019,11,96,25,0,1,,,5,,13,74,3,1,,0,3,1,E19,471,5,456,609,0,,15,10
37_Crocetta_Europee,37,Crocetta,2,Liste,Europee,2019,8,,18,,,,285,,0,18,,0,,19,0,8,1,E19,606,4,598,801,0,,8,4
39_Crocetta_Europee,39,Crocetta,2,Liste,Europee,2019,,139,21,1,1,4,284,7,,,87,1,1,17,,5,1,E19,637,5,621,814,0,,16,11
41_Crocetta_Europee,41,Crocetta,2,Liste,Europee,2019,,142,14,2,2,5,211,20,0,11,88,0,0,21,0,4,1,E19,558,10,535,817,0,,23,13
42_Crocetta_Europee,42,Crocetta,2,Liste,Europee,2019,19,107,,,0,3,192,14,0,,73,,,10,1,6,0,E19,479,2,464,667,0,,15,13
43_Crocetta_Europee,43,Crocetta,2,Liste,Europee,2019,10,106,,,0,,138,7,1,10,,0,0,20,0,3,2,E19,377,4,368,588,0,,9,5
44_Crocetta_Europee,44,Crocetta,2,Liste,Europee,2019,11,,14,2,,2,145,12,0,15,71,0,0,21,0,4,0,E19,429,6,413,660,0,,16,10
,45,Crocetta,2,Liste,Europee,2019,16,133,23,2,,4,172,,1,11,93,0,1,21,0,7,0,E19,515,5,496,791,0,,19,14
46_Crocetta_Europee,46,Crocetta,2,Liste,Europee,2019,17,,18,0,0,6,195,14,0,25,87,0,1,17,0,3,0,E19,509,5,501,701,0,,8,3
,49,Crocetta,2,Liste,Europee,2019,21,98,17,,0,4,,14,,21,74,,0,32,2,9,2,E19,454,3,445,703,0,,9,6
,50,Crocetta,2,Liste,Europee,2019,18,106,,0,2,1,139,9,0,25,47,0,1,30,0,4,1,E19,426,10,412,619,0,,14,4
51_Crocetta_Europee,51,Crocetta,2,Liste,Europee,2019,25,93,24,2,0,2,,9,,18,,2,,,0,6,,E19,451,3,436,639,0,,15,12
52_Crocetta_Europee,52,Crocetta,2,Liste,Europee,2019,,147,33,1,2,5,184,15,,29,71,,,30,0,3,0,E19,569,7,556,814,0,,13,6
53_Crocetta_Europee,53,Crocetta,2,Liste,Europee,2019,21,82,24,0,0,4,179,,0,,64,,2,26,0,5,,E19,455,10,435,680,0,,20,10
54_Crocetta_Europee,54,Crocetta,2,Liste,Europee,2019,,99,30,0,1,4,148,7,0,16,,0,2,40,0,4,,E19,417,6,408,659,0,,9,3
57_Crocetta_Europee,57,Crocetta,,Liste,Europee,2019,18,95,,1,0,4,,11,,10,47,1,0,32,0,4,0,E19,401,2,389,625,0,,12,10
,58,Crocetta,2,Liste,Europee,2019,19,,14,1,0,,194,7,0,17,57,1,0,18,0,4,0,E19,451,4,433,725,0,,18,14
59_Crocetta_Europee,59,Crocetta,2,Liste,Europee,2019,14,147,19,1,,5,225,,1,15,97,0,1,,0,10,0,E19,601,10,585,842,0,,16,6
62_Crocetta_Europee,62,Crocetta,,Liste,Europee,2019,,152,,0,0,,183,7,0,19,74,0,1,32,0,,,E19,529,6,517,722,0,,12,6
64_Crocetta_Europee,64,Crocetta,2,Liste,Europee,2019,4,107,9,1,1,0,116,4,,6,,0,2,11,1,7,0,E19,335,4,326,602,0,,9,5
,66,Crocetta,2,Liste,Europee,2019,21,95,,4,6,,170,,0,13,56,,1,23,,,0,E19,434,4,428,609,0,,6,2
67_Crocetta_Europee,67,Crocetta,2,Liste,Europee,2019,,141,13,3,0,6,220,9,,17,73,0,,30,,6,1,E19,547,6,534,778,0,,13,7
68_Crocetta_Europee,68,Crocetta,2,Liste,Europee,2019,8,124,13,,3,1,127,11,0,6,68,0,,14,0,5,1,E19,388,3,382,618,0,,6,3
69_Crocetta_Europee,69,Crocetta,2,Liste,Europee,2019,17,132,24,0,1,,151,5,,13,75,,,,1,6,3,E19,473,5,456,724,0,,17,12
,70,Crocetta,2,Liste,Europee,2019,,130,11,1,,1,151,13,0,11,61,,,,0,1,2,E19,428,7,416,663,0,,12,5
71_Buon Pastore_Europee,71,Buon Pastore,3,Liste,Europee,2019,22,125,29,1,,0,156,4,0,26,48,3,1,31,1,3,0,E19,463,4,456,726,0,,7,3
72_Buon Pastore_Europee,72,Buon Pastore,3,Liste,Europee,2019,14,164,,0,1,2,163,,0,21,43,2,1,,,3,0,E19,536,4,527,703,0,,9,5
73_Buon Pastore_Europee,73,Buon Pastore,,Liste,Europee,2019,17,138,,0,,3,178,9,0,17,40,1,,,0,3,0,E19,492,1,487,651,0,,5,4
75_Buon Pastore_Europee,75,Buon Pastore,3,Liste,Europee,2019,36,,46,0,,1,173,,0,23,,1,0,,0,7,1,E19,508,4,497,686,0,,11,7
76_Buon Pastore_Europee,76,Buon Pastore,3,Liste,Europee,2019,30,109,14,1,0,3,137,8,0,16,59,1,2,23,,2,0,E19,414,7,406,627,0,,8,1
77_Buon Pastore_Europee,77,Buon Pastore,3,Liste,Europee,2019,11,112,,2,0,1,150,9,,,52,1,1,45,0,2,0,E19,453,3,445,646,0,,8,5
,79,Buon Pastore,,Liste,Europee,2019,18,110,17,0,1,3,143,8,1,15,,0,0,,0,0,2,E19,411,2,390,620,0,,21,19
,80,Buon Pastore,3,Liste,Europee,2019,25,126,21,0,2,4,265,8,0,19,96,,2,36,0,6,0,E19,624,4,610,862,0,,14,10
81_Buon Pastore_Europee,81,Buon Pastore,,Liste,Europee,2019,19,104,23,2,,2,256,12,0,29,60,,0,26,0,3,0,E19,547,6,539,714,0,,8,2
82_Buon Pastore_Europee,82,Buon Pastore,3,Liste,Europee,2019,26,145,38,0,1,,236,13,0,20,74,0,,28,,3,2,E19,600,5,586,814,0,,14,9
83_Buon Pastore_Europee,83,Buon Pastore,3,Liste,Europee,2019,13,,17,2,,4,222,6,0,25,59,1,2,,,4,1,E19,508,7,485,750,0,,23,16
,85,Buon Pastore,3,Liste,Europee,2019,21,128,,3,6,2,253,,,12,78,0,,29,1,,0,E19,583,9,568,797,0,,15,6
,86,Buon Pastore,3,Liste,Europee,2019,13,168,32,4,6,1,227,7,0,25,58,6,,34,0,4,1,E19,599,4,586,788,0,,13,9
87_Buon Pastore_Europee,87,Buon Pastore,,Liste,Europee,2019,27,125,22,3,6,,191,9,0,27,71,1,1,27,0,9,0,E19,532,6,521,744,0,,11,5
88_Buon Pastore_Europee,88,Buon Pastore,,Liste,Europee,2019,,105,19,1,2,2,184,7,0,11,56,0,1,,0,3,0,E19,445,9,431,637,0,,14,5
90_Buon Pastore_Europee,90,Buon Pastore,3,Liste,Europee,2019,20,128,21,1,0,1,238,10,,18,43,1,0,,0,,1,E19,515,4,507,715,0,,8,4
91_Buon Pastore_Europee,91,Buon Pastore,3,Liste,Europee,2019,,144,39,2,0,1,271,17,0,16,60,3,0,22,,8,0,E19,615,4,604,803,0,,11,7
,92,Buon Pastore,3,Liste,Europee,2019,10,118,,2,0,,219,10,0,13,46,0,,,0,6,0,E19,459,1,456,601,0,,3,2
93_Buon Pastore_Europee,93,Buon Pastore,3,Liste,Europee,2019,,99,16,0,1,,199,,0,16,41,1,0,21,0,,0,E19,439,10,424,635,0,,15,5
94_Buon Pastore_Europee,94,Buon Pastore,,Liste,Europee,2019,10,175,30,2,,1,298,9,1,20,51,0,1,24,,6,3,E19,648,8,634,785,0,,14,6
95_Buon Pastore_Europee,95,Buon Pastore,3,Liste,Europee,2019,11,120,8,0,3,,326,15,0,19,,2,2,12,0,,2,E19,615,5,604,769,0,,11,6
96_Buon Pastore_Europee,96,Buon Pastore,3,Liste,Europee,2019,10,128,13,2,0,1,,14,0,,81,0,0,,0,4,1,E19,452,12,433,745,0,,19,7
98_Buon Pastore_Europee,98,Buon Pastore,3,Liste,Europee,2019,6,118,19,2,3,,190,6,1,,,0,0,,0,7,0,E19,479,9,465,733,0,,14,5
99_Buon Pastore_Europee,99,Buon Pastore,3,Liste,Europee,2019,20,145,27,0,4,3,217,19,0,15,57,0,,,1,2,,E19,564,4,549,781,0,,15,11
100_Buon Pastore_Europee,100,Buon Pastore,3,Liste,Europee,2019,42,,35,,8,3,269,21,2,30,,0,2,,2,5,0,E19,726,2,721,962,0,,5,3
101_Buon Pastore_Europee,101,Buon Pastore,3,Liste,Europee,2019,26,,32,,4,6,277,17,0,32,79,1,0,31,0,5,2,E19,670,5,657,885,0,,13,8
102_Buon Pastore_Europee,102,Buon Pastore,3,Liste,Europee,2019,8,121,,0,1,5,179,6,0,22,62,2,0,31,0,4,0,E19,472,4,467,702,0,,5,1
103_Buon Pastore_Europee,103,Buon Pastore,3,Liste,Europee,2019,21,127,30,1,5,5,198,9,0,,44,0,0,44,0,5,1,E19,527,2,523,750,0,,4,2
,105,Buon Pastore,,Liste,Europee,2019,28,162,24,2,5,3,182,11,1,25,46,2,0,29,0,,1,E19,525,1,522,719,0,,3,2
,107,Buon Pastore,,Liste,Europee,2019,22,,,2,3,2,165,4,1,14,,0,1,29,,,3,E19,455,3,445,672,0,,10,7
108_Buon Pastore_Europee,108,Buon Pastore,3,Liste,Europee,2019,,,42,,,,165,11,0,25,52,1,2,62,,,1,E19,540,2,531,724,0,,9,7
109_Buon Pastore_Europee,109,Buon Pastore,3,Liste,Europee,2019,32,177,25,0,2,,232,12,0,40,47,0,,42,2,5,1,E19,639,12,619,852,0,,20,8
110_Buon Pastore_Europee,110,Buon Pastore,,Liste,Europee,2019,24,130,25,2,3,1,,13,0,16,,,0,26,0,,0,E19,489,3,477,738,0,,12,9
111_Buon Pastore_Europee,111,Buon Pastore,3,Liste,Europee,2019,20,139,16,,3,,211,13,0,23,78,0,,31,0,3,0,E19,558,4,547,795,0,,11,7
,112,Buon Pastore,3,Liste,Europee,2019,14,141,20,1,2,0,,9,,19,58,1,1,,0,6,0,E19,518,6,507,747,0,,11,5
113_Buon Pastore_Europee,113,Buon Pastore,3,Liste,Europee,2019,,163,31,1,4,1,,13,0,29,70,1,0,,2,1,2,E19,680,10,663,878,0,,17,7
,114,Buon Pastore,3,Liste,Europee,2019,21,167,23,3,4,5,,11,0,21,88,1,,27,,,1,E19,641,10,629,887,0,,12,2
115_Buon Pastore_Europee,115,Buon Pastore,3,Liste,Europee,2019,22,176,,1,,1,232,8,0,21,47,,0,24,0,6,0,E19,580,6,567,761,0,,13,7
,116,Buon Pastore,3,Liste,Europee,2019,24,112,,0,4,3,209,,1,22,53,,0,22,1,2,1,E19,496,6,485,641,0,,11,5
117_Buon Pastore_Europee,117,Buon Pastore,3,Liste,Europee,2019,,140,20,0,1,,310,7,1,28,45,,0,18,0,8,1,E19,623,12,605,800,0,,18,6
,118,Buon Pastore,3,Liste,Europee,2019,18,156,24,1,4,3,314,13,1,,86,1,1,25,,7,0,E19,682,2,677,866,0,,5,3
120_Buon Pastore_Europee,120,Buon Pastore,3,Liste,Europee,2019,15,160,,0,,1,213,,0,22,,0,1,26,0,5,1,E19,529,3,520,677,0,,9,6
121_Buon Pastore_Europee,121,Buon Pastore,3,Liste,Europee,2019,,225,35,0,5,6,,12,0,33,73,4,0,55,1,4,3,E19,754,3,744,971,0,,10,7
122_Buon Pastore_Europee,122,Buon Pastore,3,Liste,Europee,2019,18,76,,0,4,0,160,8,0,15,38,0,0,21,1,,0,E19,364,5,358,825,0,,6,1
123_Buon Pastore_Europee,123,Buon Pastore,3,Liste,Europee,2019,,87,,0,1,3,136,6,0,,41,0,0,26,0,2,1,E19,338,0,337,577,0,,1,1
124_Buon Pastore_Europee,124,Buon Pastore,3,Liste,Europee,2019,,,,2,1,6,241,11,,,67,0,,24,0,4,,E19,592,7,577,798,0,,15,8
125_Buon Pastore_Europee,125,Buon Pastore,3,Liste,Europee,2019,18,120,13,1,0,3,314,17,,17,72,,0,24,,3,,E19,622,5,611,813,0,,11,6
127_Buon Pastore_Europee,127,Buon Pastore,3,Liste,Europee,2019,,131,18,,0,,225,10,0,17,58,0,0,37,0,2,,E19,530,7,517,765,0,,13,6
128_Buon Pastore_Europee,128,Buon Pastore,3,Liste,Europee,2019,22,,26,3,3,2,240,6,0,28,73,0,0,26,0,7,1,E19,631,8,616,853,0,,15,7
130_San Faustino_Europee,130,San Faustino,4,Liste,Europee,2019,18,128,18,0,4,4,158,6,0,18,48,0,,40,1,2,1,E19,455,4,446,624,0,,9,5
131_San Faustino_Europee,131,San Faustino,4,Liste,Europee,2019,19,132,20,1,4,4,185,14,1,20,48,,0,39,0,5,0,E19,500,4,494,704,0,,6,2
134_San Faustino_Europee,134,San Faustino,4,Liste,Europee,2019,14,96,18,3,1,0,180,11,1,11,53,0,,19,0,2,2,E19,428,7,411,642,0,,17,10
,136,San Faustino,4,Liste,Europee,2019,19,130,38,0,,2,146,,,21,,1,0,32,0,2,0,E19,437,1,435,610,0,,2,1
137_San Faustino_Europee,137,San Faustino,4,Liste,Europee,2019,26,112,17,,1,6,189,10,,22,57,,,34,,,,E19,486,4,477,710,0,,9,5
138_San Faustino_Europee,138,San Faustino,4,Liste,Europee,2019,16,141,19,0,3,1,177,13,0,21,52,2,0,,3,4,0,E19,495,7,481,703,0,,14,7
,139,San Faustino,4,Liste,Europee,2019,21,121,,,0,2,202,,0,25,42,1,0,35,0,7,,E19,513,9,495,765,0,,18,9
140_San Faustino_Europee,140,San Faustino,4,Liste,Europee,2019,15,87,19,,1,3,173,11,0,11,,,0,18,0,,0,E19,422,1,417,638,1,,5,3
141_San Faustino_Europee,141,San Faustino,4,Liste,Europee,2019,18,112,9,0,1,1,159,,,19,45,1,0,28,0,4,0,E19,421,6,407,621,0,,14,8
142_San Faustino_Europee,142,San Faustino,4,Liste,Europee,2019,20,179,36,0,2,1,223,11,1,13,52,2,1,42,0,4,0,E19,604,3,587,822,8,,17,6
143_San Faustino_Europee,143,San Faustino,4,Liste,Europee,2019,,137,26,,2,2,172,,0,16,47,0,1,43,2,,1,E19,488,3,474,667,0,,14,11
,144,San Faustino,,Liste,Europee,2019,,,18,1,1,2,,10,0,12,35,0,0,32,0,,0,E19,467,3,454,641,0,,13,10
145_San Faustino_Europee,145,San Faustino,4,Liste,Europee,2019,22,121,25,2,1,2,225,11,1,23,,,0,18,,5,3,E19,538,10,522,732,0,,16,6
146_San Faustino_Europee,146,San Faustino,4,Liste,Europee,2019,7,155,17,1,1,3,,6,1,13,36,1,,14,,3,1,E19,480,7,469,723,0,,11,4
147_San Faustino_Europee,147,San Faustino,,Liste,Europee,2019,12,93,15,,3,2,284,18,1,,38,,1,19,,3,2,E19,517,6,505,677,0,,12,6
148_San Faustino_Europee,148,San Faustino,4,Liste,Europee,2019,18,123,28,,3,,230,7,0,23,34,1,1,38,0,6,,E19,534,9,519,694,0,,15,6
149_San Faustino_Europee,149,San Faustino,4,Liste,Europee,2019,,118,21,0,1,,272,12,0,24,50,1,1,21,,5,3,E19,561,5,550,713,0,,11,6
150_San Faustino_Europee,150,San Faustino,4,Liste,Europee,2019,28,183,29,0,4,3,295,8,0,24,67,,0,32,0,1,0,E19,696,13,676,815,0,,20,7
151_San Faustino_Europee,151,San Faustino,,Liste,Europee,2019,,116,,2,,2,207,4,0,,,0,,35,0,9,0,E19,484,5,467,734,0,,17,12
153_San Faustino_Europee,153,San Faustino,4,Liste,Europee,2019,12,205,46,0,,,219,9,1,33,56,,1,,0,3,1,E19,663,6,653,876,0,,10,4
154_San Faustino_Europee,154,San Faustino,4,Liste,Europee,2019,,141,36,2,4,5,189,6,1,,52,2,0,39,0,1,3,E19,529,5,519,723,0,,10,5
,155,San Faustino,,Liste,Europee,2019,24,166,,,2,,164,14,0,25,34,1,1,65,1,3,2,E19,552,6,539,784,0,,13,7
156_San Faustino_Europee,156,San Faustino,,Liste,Europee,2019,17,175,,3,16,1,171,10,0,19,38,0,1,,0,2,,E19,535,8,522,767,0,,13,5
,157,San Faustino,4,Liste,Europee,2019,9,,18,1,0,4,236,17,0,11,56,0,1,13,0,6,0,E19,509,6,500,733,0,,9,3
158_San Faustino_Europee,158,San Faustino,4,Liste,Europee,2019,23,151,31,1,8,1,245,6,1,,60,0,0,29,,6,0,E19,592,7,579,801,0,,13,6
159_San Faustino_Europee,159,San Faustino,4,Liste,Europee,2019,22,145,19,0,0,2,255,4,,16,65,0,1,16,0,10,0,E19,564,3,556,772,0,,8,5
160_San Faustino_Europee,160,San Faustino,4,Liste,Europee,2019,18,,16,4,,1,270,19,0,24,,0,0,28,0,5,0,E19,615,15,594,812,0,,21,6
161_San Faustino_Europee,161,San Faustino,,Liste,Europee,2019,13,,9,2,,4,,5,,13,64,1,0,32,0,3,0,E19,386,5,376,590,0,,10,5
,163,San Faustino,4,Liste,Europee,2019,27,112,15,3,,2,211,,1,12,68,0,0,12,1,5,,E19,494,6,475,722,0,,19,13
164_San Faustino_Europee,164,San Faustino,4,Liste,Europee,2019,,143,17,0,0,2,245,19,,14,72,0,1,18,,5,,E19,582,6,559,804,0,,23,17
165_San Faustino_Europee,165,San Faustino,4,Liste,Europee,2019,21,,27,1,0,2,,8,0,16,54,1,,18,0,4,1,E19,594,4,583,786,0,,11,7
166_San Faustino_Europee,166,San Faustino,,Liste,Europee,2019,16,141,17,1,1,0,154,3,0,,67,,1,,0,7,,E19,466,4,450,684,0,,16,12
167_San Faustino_Europee,167,San Faustino,4,Liste,Europee,2019,21,140,23,3,1,,,14,,18,66,0,2,18,0,,1,E19,621,8,604,829,0,,17,9
,169,San Faustino,4,Liste,Europee,2019,29,144,,1,,1,,5,,,89,0,,16,,3,1,E19,591,8,567,728,4,,24,12
170_San Faustino_Europee,170,San Faustino,4,Liste,Europee,2019,20,158,21,2,5,6,219,13,0,,76,,0,,1,2,1,E19,566,3,557,767,0,,9,6
171_San Faustino_Europee,171,San Faustino,4,Liste,Europee,2019,22,194,24,2,4,4,,7,1,,84,3,1,35,0,7,,E19,628,8,612,835,0,,16,8
172_San Faustino_Europee,172,San Faustino,4,Liste,Europee,2019,,104,22,,2,2,156,5,1,,,0,2,17,,8,,E19,420,6,401,630,0,,19,13
173_San Faustino_Europee,173,San Faustino,,Liste,Europee,2019,15,151,25,2,,1,209,10,0,13,82,,1,24,0,,0,E19,554,4,543,765,0,,11,7
,174,San Faustino,4,Liste,Europee,2019,21,,,1,2,,167,,1,6,,0,3,15,1,2,2,E19,435,5,417,601,0,,18,13
175_San Faustino_Europee,175,San Faustino,,Liste,Europee,2019,18,137,33,1,0,2,163,15,1,13,,1,,26,0,3,0,E19,498,4,485,709,1,,13,8
176_San Faustino_Europee,176,San Faustino,,Liste,Europee,2019,20,153,23,2,,3,200,15,0,37,54,1,0,,,3,0,E19,545,10,532,705,0,,13,3
177_San Faustino_Europee,177,San Faustino,4,Liste,Europee,2019,,,22,0,6,0,,9,0,20,64,0,0,15,0,8,0,E19,573,5,562,703,0,,11,6
178_San Faustino_Europee,178,San Faustino,,Liste,Europee,2019,25,182,,1,6,1,248,14,0,,76,,1,50,0,5,0,E19,672,6,657,887,0,,15,9
181_Buon Pastore_Europee,181,Buon Pastore,3,Liste,Europee,2019,2,13,3,,0,0,29,1,0,0,9,0,,2,0,,0,E19,62,1,59,0,0,,3,2
182_Buon Pastore_Europee,182,Buon Pastore,3,Liste,Europee,2019,1,,,,0,1,,,0,1,5,0,0,3,0,2,0,E19,66,0,65,0,0,,1,1
183_San Faustino_Europee,183,San Faustino,4,Liste,Europee,2019,1,31,2,0,0,0,33,0,,1,11,1,0,5,0,1,0,E19,87,1,86,0,0,,1,0
,184,San Faustino,4,Liste,Europee,2019,,16,1,0,1,0,,,0,1,6,0,0,5,0,2,1,E19,57,2,54,0,0,,3,1
185_San Faustino_Europee,185,San Faustino,4,Liste,Europee,2019,15,,27,4,4,4,,14,2,,73,1,0,35,0,3,0,E19,643,10,627,821,0,,16,6
187_Buon Pastore_Europee,187,Buon Pastore,,Liste,Europee,2019,16,120,21,1,1,,216,9,0,16,65,0,0,12,,5,2,E19,500,6,486,674,0,,14,8
188_Buon Pastore_Europee,188,Buon Pastore,3,Liste,Europee,2019,32,135,,0,2,5,202,11,0,10,105,0,0,14,,4,1,E19,547,9,534,704,0,,13,4
,189,Buon Pastore,3,Liste,Europee,2019,,,21,,2,5,213,9,0,18,46,1,0,15,0,4,2,E19,529,6,517,686,0,,12,6
190_San Faustino_Europee,190,San Faustino,4,Liste,Europee,2019,13,141,24,1,4,1,226,13,0,11,66,0,0,21,0,4,1,E19,540,6,526,759,0,,14,8
