THE_PK_KEY,SECTION,DISTRICT,DISTRICT_CD,DATA_TYPE,ELECTION,YEAR,LIBERI_CITTADINI_PER_EMILIA_R_,PARTITO_DEMOCRATICO,EMILIA_ROMAGNA_CIVICA,SINISTRA_ECOLOGIA_LIBERTA_,FORZA_ITALIA,LEGA,FRATELLI_D_ITALIA,L_ALTRA_EMILIA_ROMAGNA,MOVIMENTO_5_STELLE,NCD_UDC_EMILIA_R__POPOLARE,FORM,#VOTERS,#BLANK,#VALID,#REGISTERED,#DISPUTED,#OF WHICH,#NOT VALID,#NULL
3_Centro_Regionali Liste,3,Centro,,Liste,Regionali Liste,2014,,90,2,9,49,69,17,,22,33,R4P,327,3,308,817,0,12,7,4
4_Centro_Regionali Liste,4,Centro,1,Liste,Regionali Liste,2014,,73,0,16,36,,,15,16,13,R4P,262,4,235,805,0,16,11,7
,5,Centro,1,Liste,Regionali Liste,2014,4,61,2,,,47,19,13,,8,R4P,246,1,219,778,0,19,8,7
7_Centro_Regionali Liste,7,Centro,1,Liste,Regionali Liste,2014,3,83,3,9,51,72,12,,33,22,R4P,340,2,303,775,0,26,11,9
8_Centro_Regionali Liste,8,Centro,1,Liste,Regionali Liste,2014,1,75,1,,31,33,13,10,30,4,R4P,218,0,205,698,0,8,5,5
9_Centro_Regionali Liste,9,Centro,,Liste,Regionali Liste,2014,,72,1,1,33,42,,11,43,12,R4P,276,4,229,762,0,38,9,5
,10,Centro,1,Liste,Regionali Liste,2014,1,78,,5,21,54,,8,19,9,R4P,232,6,205,710,0,16,11,5
,11,Centro,1,Liste,Regionali Liste,2014,,65,5,9,,,7,10,30,,R4P,218,2,196,615,0,18,4,2
,12,Centro,1,Liste,Regionali Liste,2014,,,3,,,33,3,,31,18,R4P,236,3,216,791,0,13,7,4
,13,Centro,,Liste,Regionali Liste,2014,6,82,3,17,25,46,8,,,12,R4P,280,0,262,791,0,11,7,7
14_Centro_Regionali Liste,14,Centro,1,Liste,Regionali Liste,2014,5,43,4,16,,35,3,,26,3,R4P,209,4,188,704,0,14,7,3
15_Centro_Regionali Liste,15,Centro,1,Liste,Regionali Liste,2014,4,125,4,12,,46,6,20,,6,R4P,324,9,295,721,0,12,17,8
,16,Centro,1,Liste,Regionali Liste,2014,7,98,2,17,17,32,,14,43,10,R4P,265,9,242,653,0,8,15,6
17_Centro_Regionali Liste,17,Centro,1,Liste,Regionali Liste,2014,0,115,4,15,,28,3,10,52,4,R4P,272,4,259,824,0,5,8,4
18_Centro_Regionali Liste,18,Centro,1,Liste,Regionali Liste,2014,3,90,3,8,15,,,11,,2,R4P,234,5,207,700,0,19,8,3
19_Centro_Regionali Liste,19,Centro,1,Liste,Regionali Liste,2014,1,75,,7,21,25,4,,32,4,R4P,214,3,190,668,0,14,10,7
20_Centro_Regionali Liste,20,Centro,,Liste,Regionali Liste,2014,3,71,6,11,25,37,,18,,,R4P,240,2,219,705,0,9,12,10
21_Centro_Regionali Liste,21,Centro,1,Liste,Regionali Liste,2014,1,,2,6,19,25,0,,42,,R4P,184,1,165,874,0,15,4,3
22_Crocetta_Regionali Liste,22,Crocetta,2,Liste,Regionali Liste,2014,6,133,6,,16,45,1,17,,2,R4P,304,1,279,877,2,12,13,10
23_Crocetta_Regionali Liste,23,Crocetta,2,Liste,Regionali Liste,2014,3,138,6,8,18,47,0,4,30,7,R4P,287,3,261,763,0,18,8,5
26_Crocetta_Regionali Liste,26,Crocetta,2,Liste,Regionali Liste,2014,,,4,9,,35,2,7,38,4,R4P,322,7,299,710,0,11,12,5
27_Crocetta_Regionali Liste,27,Crocetta,2,Liste,Regionali Liste,2014,4,,4,6,13,33,7,13,40,1,R4P,235,3,212,663,0,13,10,7
29_Crocetta_Regionali Liste,29,Crocetta,2,Liste,Regionali Liste,2014,,137,2,20,22,,1,12,48,4,R4P,346,3,313,792,0,17,16,13
32_Crocetta_Regionali Liste,32,Crocetta,2,Liste,Regionali Liste,2014,0,151,2,3,22,36,,17,49,9,R4P,327,7,293,778,0,20,14,7
34_Crocetta_Regionali Liste,34,Crocetta,2,Liste,Regionali Liste,2014,8,147,1,,10,28,0,,46,,R4P,291,6,260,722,0,18,13,7
,35,Crocetta,2,Liste,Regionali Liste,2014,3,149,3,7,17,19,6,7,32,2,R4P,267,2,245,779,0,16,6,4
37_Crocetta_Regionali Liste,37,Crocetta,2,Liste,Regionali Liste,2014,2,191,,21,20,52,4,,34,3,R4P,381,4,343,780,0,27,11,7
38_Crocetta_Regionali Liste,38,Crocetta,2,Liste,Regionali Liste,2014,4,159,12,11,16,35,4,15,,1,R4P,324,1,296,667,0,14,14,13
,39,Crocetta,2,Liste,Regionali Liste,2014,,,8,,22,29,1,14,,1,R4P,362,4,328,751,0,15,19,15
41_Crocetta_Regionali Liste,41,Crocetta,,Liste,Regionali Liste,2014,19,190,7,11,24,38,,20,75,,R4P,433,9,390,999,0,23,20,11
42_Crocetta_Regionali Liste,42,Crocetta,,Liste,Regionali Liste,2014,4,,11,,8,34,4,16,54,5,R4P,289,2,269,680,0,16,4,2
,43,Crocetta,2,Liste,Regionali Liste,2014,8,93,,13,13,34,,4,34,0,R4P,224,4,212,614,0,5,7,3
44_Crocetta_Regionali Liste,44,Crocetta,2,Liste,Regionali Liste,2014,5,84,4,7,34,21,,14,39,5,R4P,229,2,213,611,0,10,6,4
,45,Crocetta,2,Liste,Regionali Liste,2014,11,113,7,9,,,4,19,42,8,R4P,283,3,260,763,0,16,7,4
46_Crocetta_Regionali Liste,46,Crocetta,,Liste,Regionali Liste,2014,,,7,12,23,43,3,7,,8,R4P,315,4,292,707,0,13,10,6
48_Crocetta_Regionali Liste,48,Crocetta,2,Liste,Regionali Liste,2014,13,,2,8,10,17,4,11,31,0,R4P,188,3,165,575,0,13,10,7
,49,Crocetta,2,Liste,Regionali Liste,2014,,83,5,,26,32,2,,23,12,R4P,246,4,215,698,0,20,11,7
50_Crocetta_Regionali Liste,50,Crocetta,2,Liste,Regionali Liste,2014,13,84,5,7,,,7,12,33,2,R4P,237,7,214,664,0,13,10,3
51_Crocetta_Regionali Liste,51,Crocetta,2,Liste,Regionali Liste,2014,8,114,1,7,18,13,,9,33,2,R4P,241,5,211,648,0,17,13,8
52_Crocetta_Regionali Liste,52,Crocetta,2,Liste,Regionali Liste,2014,18,112,2,15,24,44,6,18,28,7,R4P,303,3,274,800,0,19,10,7
53_Crocetta_Regionali Liste,53,Crocetta,2,Liste,Regionali Liste,2014,9,,2,10,17,,10,,32,3,R4P,269,7,233,676,0,20,16,9
54_Crocetta_Regionali Liste,54,Crocetta,2,Liste,Regionali Liste,2014,1,80,,5,29,39,4,18,38,,R4P,263,3,230,687,0,20,13,10
55_Crocetta_Regionali Liste,55,Crocetta,2,Liste,Regionali Liste,2014,,98,,18,21,25,6,14,34,18,R4P,261,2,243,652,0,11,7,5
,56,Crocetta,2,Liste,Regionali Liste,2014,9,73,8,,,71,,7,28,18,R4P,292,2,271,705,0,15,6,4
57_Crocetta_Regionali Liste,57,Crocetta,2,Liste,Regionali Liste,2014,8,84,,11,26,30,0,,,10,R4P,242,3,217,626,0,10,15,12
58_Crocetta_Regionali Liste,58,Crocetta,2,Liste,Regionali Liste,2014,,117,10,18,13,28,2,,36,1,R4P,274,5,238,727,0,22,14,9
59_Crocetta_Regionali Liste,59,Crocetta,2,Liste,Regionali Liste,2014,8,161,6,9,28,49,5,,73,3,R4P,387,1,359,888,0,13,15,14
60_Crocetta_Regionali Liste,60,Crocetta,2,Liste,Regionali Liste,2014,0,163,8,,25,36,2,23,,1,R4P,378,2,332,803,0,25,21,19
61_Crocetta_Regionali Liste,61,Crocetta,2,Liste,Regionali Liste,2014,,172,4,18,14,35,5,32,37,2,R4P,355,10,321,766,0,13,21,11
62_Crocetta_Regionali Liste,62,Crocetta,2,Liste,Regionali Liste,2014,10,147,2,,32,32,,,,2,R4P,315,4,296,746,0,11,8,4
64_Crocetta_Regionali Liste,64,Crocetta,2,Liste,Regionali Liste,2014,1,,2,13,16,24,1,11,29,6,R4P,201,1,179,563,0,16,6,5
66_Crocetta_Regionali Liste,66,Crocetta,,Liste,Regionali Liste,2014,3,141,5,11,14,23,1,15,38,6,R4P,279,5,257,616,0,15,7,2
,67,Crocetta,2,Liste,Regionali Liste,2014,11,145,11,15,21,48,0,,,4,R4P,344,6,300,793,0,27,17,11
68_Crocetta_Regionali Liste,68,Crocetta,2,Liste,Regionali Liste,2014,5,,1,,12,38,1,11,52,0,R4P,234,3,203,643,0,20,11,8
69_Crocetta_Regionali Liste,69,Crocetta,2,Liste,Regionali Liste,2014,,102,,,18,,5,,37,3,R4P,267,6,231,729,0,16,20,14
,70,Crocetta,2,Liste,Regionali Liste,2014,,,3,9,19,26,7,,,0,R4P,265,2,244,679,0,10,11,9
,71,Buon Pastore,3,Liste,Regionali Liste,2014,7,86,5,,19,50,11,14,23,13,R4P,259,5,236,694,0,15,8,3
72_Buon Pastore_Regionali Liste,72,Buon Pastore,3,Liste,Regionali Liste,2014,1,88,1,7,42,63,7,16,38,,R4P,298,4,280,679,0,13,5,1
,73,Buon Pastore,3,Liste,Regionali Liste,2014,,104,3,5,,61,7,13,25,21,R4P,313,4,283,671,0,18,12,8
75_Buon Pastore_Regionali Liste,75,Buon Pastore,3,Liste,Regionali Liste,2014,5,85,4,,,,11,,37,,R4P,259,2,235,680,0,16,8,6
77_Buon Pastore_Regionali Liste,77,Buon Pastore,3,Liste,Regionali Liste,2014,,104,3,7,25,41,8,3,19,,R4P,233,1,216,616,0,12,5,4
79_Buon Pastore_Regionali Liste,79,Buon Pastore,,Liste,Regionali Liste,2014,5,124,3,,19,35,,,20,2,R4P,246,3,222,631,0,15,9,6
80_Buon Pastore_Regionali Liste,80,Buon Pastore,,Liste,Regionali Liste,2014,,,10,15,,45,6,,,6,R4P,368,2,331,857,0,24,13,11
,81,Buon Pastore,,Liste,Regionali Liste,2014,,189,,19,13,20,3,19,35,2,R4P,336,6,309,734,0,17,10,4
82_Buon Pastore_Regionali Liste,82,Buon Pastore,3,Liste,Regionali Liste,2014,4,154,1,10,11,45,10,,60,,R4P,347,3,308,835,0,26,13,10
,83,Buon Pastore,3,Liste,Regionali Liste,2014,2,141,,10,9,18,3,7,37,0,R4P,266,5,234,594,0,17,15,10
,84,Buon Pastore,3,Liste,Regionali Liste,2014,6,168,,13,27,36,,8,39,3,R4P,337,2,314,757,0,12,11,9
86_Buon Pastore_Regionali Liste,86,Buon Pastore,3,Liste,Regionali Liste,2014,2,196,5,,28,55,,8,,9,R4P,386,8,357,833,0,12,17,9
87_Buon Pastore_Regionali Liste,87,Buon Pastore,3,Liste,Regionali Liste,2014,7,144,2,7,17,,,,42,11,R4P,330,6,293,714,0,15,22,16
88_Buon Pastore_Regionali Liste,88,Buon Pastore,3,Liste,Regionali Liste,2014,5,147,7,13,15,36,2,5,,,R4P,292,4,267,664,0,16,9,5
89_Buon Pastore_Regionali Liste,89,Buon Pastore,3,Liste,Regionali Liste,2014,7,211,6,30,26,56,6,18,52,14,R4P,465,7,426,958,0,25,14,7
90_Buon Pastore_Regionali Liste,90,Buon Pastore,,Liste,Regionali Liste,2014,4,174,,27,9,35,0,12,41,10,R4P,343,3,313,694,0,20,10,7
92_Buon Pastore_Regionali Liste,92,Buon Pastore,3,Liste,Regionali Liste,2014,1,180,,17,9,26,0,,,,R4P,318,3,299,641,0,12,7,4
93_Buon Pastore_Regionali Liste,93,Buon Pastore,3,Liste,Regionali Liste,2014,1,137,1,,17,,1,5,41,9,R4P,275,5,253,622,0,9,13,8
94_Buon Pastore_Regionali Liste,94,Buon Pastore,3,Liste,Regionali Liste,2014,5,215,6,16,18,61,6,10,35,3,R4P,408,6,375,816,0,21,12,6
95_Buon Pastore_Regionali Liste,95,Buon Pastore,3,Liste,Regionali Liste,2014,4,238,4,18,3,,1,22,51,,R4P,401,4,366,794,0,25,10,6
97_Buon Pastore_Regionali Liste,97,Buon Pastore,3,Liste,Regionali Liste,2014,4,201,9,17,4,38,2,19,30,5,R4P,364,4,329,787,0,26,9,5
98_Buon Pastore_Regionali Liste,98,Buon Pastore,3,Liste,Regionali Liste,2014,5,,13,9,17,35,6,7,38,3,R4P,293,6,267,712,0,12,14,8
99_Buon Pastore_Regionali Liste,99,Buon Pastore,3,Liste,Regionali Liste,2014,2,124,3,8,28,46,6,12,,4,R4P,283,5,253,771,0,12,18,13
100_Buon Pastore_Regionali Liste,100,Buon Pastore,,Liste,Regionali Liste,2014,3,,5,19,32,49,8,30,45,14,R4P,419,3,395,962,0,16,8,5
,101,Buon Pastore,,Liste,Regionali Liste,2014,0,162,4,18,30,53,,11,54,10,R4P,372,3,343,885,0,24,5,2
102_Buon Pastore_Regionali Liste,102,Buon Pastore,3,Liste,Regionali Liste,2014,,98,,10,31,,,,31,4,R4P,249,2,236,692,0,10,3,1
103_Buon Pastore_Regionali Liste,103,Buon Pastore,3,Liste,Regionali Liste,2014,,,4,9,31,42,6,12,23,15,R4P,281,2,243,774,0,29,9,7
107_Buon Pastore_Regionali Liste,107,Buon Pastore,3,Liste,Regionali Liste,2014,5,,,12,,30,5,1,37,11,R4P,244,4,211,699,0,22,11,7
109_Buon Pastore_Regionali Liste,109,Buon Pastore,3,Liste,Regionali Liste,2014,4,137,1,8,27,66,8,22,35,,R4P,355,6,326,839,0,16,13,7
110_Buon Pastore_Regionali Liste,110,Buon Pastore,3,Liste,Regionali Liste,2014,3,110,2,6,22,34,3,8,42,13,R4P,275,6,243,735,0,18,14,8
111_Buon Pastore_Regionali Liste,111,Buon Pastore,3,Liste,Regionali Liste,2014,1,,,12,,45,0,12,45,,R4P,274,5,247,769,0,15,12,7
,112,Buon Pastore,3,Liste,Regionali Liste,2014,4,131,4,7,21,54,,4,,5,R4P,293,6,268,748,0,12,13,7
113_Buon Pastore_Regionali Liste,113,Buon Pastore,3,Liste,Regionali Liste,2014,10,173,4,22,22,,4,30,,19,R4P,406,4,384,868,0,12,10,6
114_Buon Pastore_Regionali Liste,114,Buon Pastore,3,Liste,Regionali Liste,2014,10,156,,,17,41,,,49,9,R4P,345,5,316,848,0,16,13,8
115_Buon Pastore_Regionali Liste,115,Buon Pastore,3,Liste,Regionali Liste,2014,3,181,6,15,21,39,3,9,33,19,R4P,356,4,329,749,0,12,15,11
116_Buon Pastore_Regionali Liste,116,Buon Pastore,3,Liste,Regionali Liste,2014,5,173,,7,,55,7,11,,,R4P,379,5,348,969,0,17,14,9
117_Buon Pastore_Regionali Liste,117,Buon Pastore,,Liste,Regionali Liste,2014,4,236,10,18,,47,,20,,3,R4P,421,2,402,835,0,9,10,8
118_Buon Pastore_Regionali Liste,118,Buon Pastore,3,Liste,Regionali Liste,2014,,178,14,11,33,37,4,14,53,2,R4P,389,6,347,894,0,27,15,9
119_Buon Pastore_Regionali Liste,119,Buon Pastore,3,Liste,Regionali Liste,2014,1,151,2,7,19,37,3,8,,5,R4P,298,8,274,793,0,13,11,3
,120,Buon Pastore,3,Liste,Regionali Liste,2014,2,183,6,11,23,66,,12,,11,R4P,433,9,382,1034,0,29,22,13
121_Buon Pastore_Regionali Liste,121,Buon Pastore,3,Liste,Regionali Liste,2014,,168,7,14,27,64,3,4,54,,R4P,392,3,358,985,0,23,11,8
122_Buon Pastore_Regionali Liste,122,Buon Pastore,3,Liste,Regionali Liste,2014,5,,2,12,13,24,6,2,,2,R4P,223,3,199,1006,0,12,12,9
125_Buon Pastore_Regionali Liste,125,Buon Pastore,3,Liste,Regionali Liste,2014,,261,3,20,15,34,,11,,2,R4P,433,8,409,782,0,15,9,1
127_Buon Pastore_Regionali Liste,127,Buon Pastore,3,Liste,Regionali Liste,2014,1,115,0,17,20,22,2,8,26,0,R4P,227,3,211,608,0,10,6,3
129_Buon Pastore_Regionali Liste,129,Buon Pastore,,Liste,Regionali Liste,2014,6,156,3,0,,,1,4,48,11,R4P,302,3,275,767,0,15,12,9
132_San Faustino_Regionali Liste,132,San Faustino,4,Liste,Regionali Liste,2014,11,100,4,6,22,56,2,9,41,7,R4P,291,8,258,826,0,22,11,3
134_San Faustino_Regionali Liste,134,San Faustino,4,Liste,Regionali Liste,2014,,,3,7,14,,4,14,35,5,R4P,228,4,214,643,0,9,5,1
135_San Faustino_Regionali Liste,135,San Faustino,4,Liste,Regionali Liste,2014,,69,2,4,,43,3,2,22,13,R4P,212,3,196,723,0,7,9,6
,136,San Faustino,4,Liste,Regionali Liste,2014,1,69,2,8,16,,2,8,17,,R4P,222,6,193,622,0,21,8,2
137_San Faustino_Regionali Liste,137,San Faustino,4,Liste,Regionali Liste,2014,1,91,4,8,25,45,8,6,23,4,R4P,234,0,215,660,0,14,5,5
139_San Faustino_Regionali Liste,139,San Faustino,4,Liste,Regionali Liste,2014,2,123,,5,23,39,4,8,38,3,R4P,278,3,248,732,0,18,12,9
,140,San Faustino,,Liste,Regionali Liste,2014,5,138,5,10,15,31,10,14,,1,R4P,306,6,280,692,0,16,10,4
141_San Faustino_Regionali Liste,141,San Faustino,4,Liste,Regionali Liste,2014,,105,2,4,20,33,5,,25,4,R4P,227,2,206,621,0,13,8,6
143_San Faustino_Regionali Liste,143,San Faustino,4,Liste,Regionali Liste,2014,18,101,1,11,24,,3,11,29,,R4P,251,6,233,645,0,6,12,6
144_San Faustino_Regionali Liste,144,San Faustino,4,Liste,Regionali Liste,2014,3,133,7,7,20,39,6,,35,5,R4P,297,2,274,687,0,15,8,6
145_San Faustino_Regionali Liste,145,San Faustino,4,Liste,Regionali Liste,2014,3,148,4,,14,38,4,10,41,11,R4P,313,5,280,688,0,25,8,3
146_San Faustino_Regionali Liste,146,San Faustino,4,Liste,Regionali Liste,2014,0,139,5,,10,32,2,6,32,7,R4P,281,5,247,771,0,21,13,8
147_San Faustino_Regionali Liste,147,San Faustino,4,Liste,Regionali Liste,2014,2,,5,,10,32,3,12,20,,R4P,361,8,336,753,0,9,16,8
148_San Faustino_Regionali Liste,148,San Faustino,4,Liste,Regionali Liste,2014,,151,5,17,24,28,3,7,43,3,R4P,317,7,287,717,0,18,12,5
149_San Faustino_Regionali Liste,149,San Faustino,4,Liste,Regionali Liste,2014,,190,3,14,18,34,4,14,36,8,R4P,355,4,325,730,0,18,12,8
150_San Faustino_Regionali Liste,150,San Faustino,,Liste,Regionali Liste,2014,7,159,6,,26,46,,12,59,,R4P,376,11,343,818,0,16,17,6
151_San Faustino_Regionali Liste,151,San Faustino,4,Liste,Regionali Liste,2014,4,,5,,27,28,0,6,38,5,R4P,330,7,292,748,0,20,18,11
,152,San Faustino,,Liste,Regionali Liste,2014,1,159,,12,,76,4,11,39,11,R4P,405,7,357,900,0,33,15,8
153_San Faustino_Regionali Liste,153,San Faustino,,Liste,Regionali Liste,2014,5,114,4,5,28,57,8,,34,14,R4P,316,4,284,830,0,20,12,8
,154,San Faustino,4,Liste,Regionali Liste,2014,,98,4,,26,,6,6,39,9,R4P,272,2,245,719,0,16,11,9
155_San Faustino_Regionali Liste,155,San Faustino,4,Liste,Regionali Liste,2014,,90,,,47,,,4,28,4,R4P,263,0,240,692,0,19,4,4
,156,San Faustino,4,Liste,Regionali Liste,2014,5,97,3,5,36,,8,8,18,,R4P,275,7,251,750,0,14,10,3
157_San Faustino_Regionali Liste,157,San Faustino,4,Liste,Regionali Liste,2014,2,162,2,12,14,22,1,12,50,,R4P,303,2,277,718,0,17,9,7
,159,San Faustino,4,Liste,Regionali Liste,2014,1,173,11,,14,,4,6,,10,R4P,363,4,310,786,0,35,18,14
160_San Faustino_Regionali Liste,160,San Faustino,4,Liste,Regionali Liste,2014,2,,5,21,18,31,2,12,54,3,R4P,380,7,340,752,0,18,22,15
,161,San Faustino,4,Liste,Regionali Liste,2014,2,,3,7,19,46,4,8,28,,R4P,244,5,226,611,0,9,9,4
162_San Faustino_Regionali Liste,162,San Faustino,4,Liste,Regionali Liste,2014,,,6,16,15,30,3,12,40,,R4P,330,7,305,745,0,15,10,3
164_San Faustino_Regionali Liste,164,San Faustino,4,Liste,Regionali Liste,2014,6,162,6,10,16,,1,11,48,,R4P,314,4,283,804,0,17,14,10
,165,San Faustino,,Liste,Regionali Liste,2014,3,250,6,14,14,33,,,43,5,R4P,418,9,378,786,0,24,16,7
166_San Faustino_Regionali Liste,166,San Faustino,4,Liste,Regionali Liste,2014,3,130,2,4,33,,,5,34,,R4P,274,1,255,695,0,12,7,6
168_San Faustino_Regionali Liste,168,San Faustino,4,Liste,Regionali Liste,2014,0,159,8,2,,,3,12,41,2,R4P,300,3,272,874,0,20,8,5
169_San Faustino_Regionali Liste,169,San Faustino,4,Liste,Regionali Liste,2014,7,249,,,,,3,9,,,R4P,484,11,443,1064,0,23,18,7
170_San Faustino_Regionali Liste,170,San Faustino,4,Liste,Regionali Liste,2014,,153,10,11,19,53,4,14,72,2,R4P,373,3,342,955,0,24,7,4
171_San Faustino_Regionali Liste,171,San Faustino,4,Liste,Regionali Liste,2014,3,173,,9,43,69,6,19,66,4,R4P,428,5,396,955,0,23,9,4
,172,San Faustino,,Liste,Regionali Liste,2014,3,,3,9,14,31,6,0,,3,R4P,249,3,233,648,0,10,6,3
173_San Faustino_Regionali Liste,173,San Faustino,4,Liste,Regionali Liste,2014,14,142,4,7,18,49,0,6,35,8,R4P,307,8,283,680,0,11,13,5
174_San Faustino_Regionali Liste,174,San Faustino,,Liste,Regionali Liste,2014,6,141,6,8,13,,7,2,35,0,R4P,266,1,247,593,0,11,8,7
175_San Faustino_Regionali Liste,175,San Faustino,4,Liste,Regionali Liste,2014,,104,1,19,34,45,6,9,45,10,R4P,302,1,280,717,0,12,10,9
178_San Faustino_Regionali Liste,178,San Faustino,4,Liste,Regionali Liste,2014,,179,5,4,39,56,6,11,,4,R4P,392,5,352,867,0,23,17,12
179_San Faustino_Regionali Liste,179,San Faustino,,Liste,Regionali Liste,2014,10,152,6,10,41,,4,6,,2,R4P,370,6,339,893,0,18,13,7
180_San Faustino_Regionali Liste,180,San Faustino,4,Liste,Regionali Liste,2014,,173,6,12,32,44,2,15,48,3,R4P,374,4,342,812,0,19,13,9
181_Buon Pastore_Regionali Liste,181,Buon Pastore,3,Liste,Regionali Liste,2014,1,18,0,2,2,5,0,0,2,1,R4P,35,0,31,0,0,2,2,2
,182,Buon Pastore,3,Liste,Regionali Liste,2014,,22,1,3,,3,0,1,3,1,R4P,40,0,40,0,0,0,0,0
183_San Faustino_Regionali Liste,183,San Faustino,4,Liste,Regionali Liste,2014,0,20,1,2,5,2,1,1,5,1,R4P,44,1,38,0,0,4,2,1
184_San Faustino_Regionali Liste,184,San Faustino,4,Liste,Regionali Liste,2014,,12,0,0,,2,2,0,3,0,R4P,27,1,25,0,0,1,1,0
185_San Faustino_Regionali Liste,185,San Faustino,4,Liste,Regionali Liste,2014,,164,6,,15,38,1,15,58,5,R4P,351,8,317,792,0,10,24,16
186_San Faustino_Regionali Liste,186,San Faustino,4,Liste,Regionali Liste,2014,5,149,5,6,17,19,2,9,42,,R4P,292,4,259,674,0,15,18,14
187_Buon Pastore_Regionali Liste,187,Buon Pastore,,Liste,Regionali Liste,2014,23,199,5,19,,61,,23,,7,R4P,494,5,461,1158,0,15,18,13
