THE_PK_KEY,SECTION,DISTRICT,DISTRICT_CD,DATA_TYPE,ELECTION,YEAR,MOVIMENTO_5_STELLE,GOL_GIUSTIZIA_ONORE,FORZA_ITALIA,LEGA,SIAMO_MODENA,FRATELLI_D_ITALIA,MODENA_VOLTA_PAGINA,SINISTRA_PER_MODENA,MODENA_SOLIDALE,PARTITO_DEMOCRATICO,EUROPA_ITALIA_IN_COM,VERDI,POPOLO_IDEA_LIBERTA,MODENA_ORA,FORM,#VOTERS,#BLANK,#VALID,#REGISTERED,#DISPUTED,#OF WHICH,#NOT VALID,#NULL
1_Centro_Amministrative Comunali  Liste,1,Centro,,Liste,Amministrative Comunali  Liste,2019,,5,42,157,24,35,13,44,20,146,23,,4,5,B9L,586,0,557,872,0,,13,13
2_Centro_Amministrative Comunali  Liste,2,Centro,1,Liste,Amministrative Comunali  Liste,2019,,5,29,109,,20,18,31,20,137,9,11,1,6,B9L,447,5,419,722,0,,14,9
5_Centro_Amministrative Comunali  Liste,5,Centro,,Liste,Amministrative Comunali  Liste,2019,25,1,34,161,8,34,,,20,133,20,,2,7,B9L,563,10,526,843,0,,16,6
7_Centro_Amministrative Comunali  Liste,7,Centro,1,Liste,Amministrative Comunali  Liste,2019,,,33,161,10,,16,33,,148,21,16,8,0,B9L,566,5,541,791,0,,8,3
8_Centro_Amministrative Comunali  Liste,8,Centro,1,Liste,Amministrative Comunali  Liste,2019,,1,15,84,1,17,,28,,121,,20,4,5,B9L,419,0,400,705,0,,5,5
9_Centro_Amministrative Comunali  Liste,9,Centro,,Liste,Amministrative Comunali  Liste,2019,23,0,35,135,,33,25,34,,139,17,21,4,7,B9L,529,2,504,821,0,,10,8
,10,Centro,1,Liste,Amministrative Comunali  Liste,2019,31,6,,105,2,28,23,40,19,,24,10,9,5,B9L,463,4,443,728,1,,11,6
11_Centro_Amministrative Comunali  Liste,11,Centro,,Liste,Amministrative Comunali  Liste,2019,20,2,29,88,7,13,23,35,16,110,21,23,,2,B9L,410,2,390,645,0,,12,10
,12,Centro,1,Liste,Amministrative Comunali  Liste,2019,31,0,26,99,10,18,36,28,17,161,19,,4,8,B9L,499,4,477,823,0,,6,2
14_Centro_Amministrative Comunali  Liste,14,Centro,1,Liste,Amministrative Comunali  Liste,2019,40,2,18,123,2,,37,38,11,118,10,,,6,B9L,482,3,451,751,0,,11,8
15_Centro_Amministrative Comunali  Liste,15,Centro,1,Liste,Amministrative Comunali  Liste,2019,43,2,28,,2,17,12,53,15,,13,16,1,2,B9L,460,9,440,711,0,,17,8
16_Centro_Amministrative Comunali  Liste,16,Centro,,Liste,Amministrative Comunali  Liste,2019,47,3,21,103,0,,19,42,14,,,,1,5,B9L,447,2,428,662,0,,8,6
17_Centro_Amministrative Comunali  Liste,17,Centro,1,Liste,Amministrative Comunali  Liste,2019,62,3,18,,3,,23,50,21,,9,11,,,B9L,505,7,477,885,1,,13,5
18_Centro_Amministrative Comunali  Liste,18,Centro,1,Liste,Amministrative Comunali  Liste,2019,,1,16,115,,,18,,14,164,9,13,1,5,B9L,477,5,458,754,0,,8,3
19_Centro_Amministrative Comunali  Liste,19,Centro,1,Liste,Amministrative Comunali  Liste,2019,25,1,24,,5,16,,35,,125,14,15,2,6,B9L,409,0,396,664,0,,5,5
20_Centro_Amministrative Comunali  Liste,20,Centro,1,Liste,Amministrative Comunali  Liste,2019,28,2,32,126,,11,17,27,28,150,9,16,1,,B9L,480,1,458,727,0,,7,6
21_Centro_Amministrative Comunali  Liste,21,Centro,1,Liste,Amministrative Comunali  Liste,2019,,6,11,105,9,13,13,33,20,,12,,3,3,B9L,434,2,420,1019,0,,6,4
,22,Crocetta,2,Liste,Amministrative Comunali  Liste,2019,83,2,17,122,1,17,,55,24,201,8,16,3,4,B9L,599,3,568,970,0,,14,11
23_Crocetta_Amministrative Comunali  Liste,23,Crocetta,2,Liste,Amministrative Comunali  Liste,2019,62,5,8,112,3,8,,37,,204,,14,,,B9L,537,2,516,807,0,,8,6
24_Crocetta_Amministrative Comunali  Liste,24,Crocetta,2,Liste,Amministrative Comunali  Liste,2019,59,,9,94,2,9,5,,9,148,1,12,0,3,B9L,410,3,382,649,0,,19,16
26_Crocetta_Amministrative Comunali  Liste,26,Crocetta,2,Liste,Amministrative Comunali  Liste,2019,,5,19,113,,,8,44,14,212,3,,3,10,B9L,534,3,514,700,0,,7,4
27_Crocetta_Amministrative Comunali  Liste,27,Crocetta,2,Liste,Amministrative Comunali  Liste,2019,44,4,12,103,1,7,,36,11,146,,9,,7,B9L,406,3,401,639,0,,4,1
28_Crocetta_Amministrative Comunali  Liste,28,Crocetta,2,Liste,Amministrative Comunali  Liste,2019,,0,,112,6,8,,,23,162,,7,5,4,B9L,466,4,441,798,0,,9,5
31_Crocetta_Amministrative Comunali  Liste,31,Crocetta,2,Liste,Amministrative Comunali  Liste,2019,,2,11,90,3,10,,38,11,147,4,4,0,6,B9L,404,5,377,615,0,,16,11
,34,Crocetta,2,Liste,Amministrative Comunali  Liste,2019,70,2,15,,,9,15,43,23,220,7,18,1,,B9L,545,4,523,824,0,,15,11
35_Crocetta_Amministrative Comunali  Liste,35,Crocetta,2,Liste,Amministrative Comunali  Liste,2019,,11,,86,2,,9,23,7,206,10,,5,6,B9L,470,4,453,761,0,,10,6
36_Crocetta_Amministrative Comunali  Liste,36,Crocetta,2,Liste,Amministrative Comunali  Liste,2019,64,3,,84,4,,7,29,18,175,10,11,1,6,B9L,469,4,446,611,0,,12,8
37_Crocetta_Amministrative Comunali  Liste,37,Crocetta,2,Liste,Amministrative Comunali  Liste,2019,46,4,21,128,2,,17,65,21,,10,6,0,,B9L,606,4,589,835,0,,8,4
,39,Crocetta,,Liste,Amministrative Comunali  Liste,2019,65,5,,117,3,,19,50,33,,,18,2,8,B9L,637,4,611,821,0,,15,11
41_Crocetta_Amministrative Comunali  Liste,41,Crocetta,2,Liste,Amministrative Comunali  Liste,2019,70,8,14,116,1,7,19,52,23,179,7,13,2,10,B9L,558,8,521,823,0,,20,12
,42,Crocetta,2,Liste,Amministrative Comunali  Liste,2019,,,5,93,,15,15,31,17,183,8,13,4,,B9L,479,4,457,675,0,,11,7
43_Crocetta_Amministrative Comunali  Liste,43,Crocetta,,Liste,Amministrative Comunali  Liste,2019,46,1,13,104,,5,5,25,16,125,,8,0,6,B9L,377,3,359,607,0,,9,6
44_Crocetta_Amministrative Comunali  Liste,44,Crocetta,2,Liste,Amministrative Comunali  Liste,2019,63,5,14,,0,12,,,13,138,7,11,1,7,B9L,428,4,405,725,0,,6,2
45_Crocetta_Amministrative Comunali  Liste,45,Crocetta,2,Liste,Amministrative Comunali  Liste,2019,75,6,15,108,,16,19,51,30,136,6,14,,10,B9L,516,2,487,805,0,,13,11
46_Crocetta_Amministrative Comunali  Liste,46,Crocetta,2,Liste,Amministrative Comunali  Liste,2019,68,,9,97,8,15,17,35,20,187,,6,,,B9L,509,6,482,703,0,,7,1
49_Crocetta_Amministrative Comunali  Liste,49,Crocetta,2,Liste,Amministrative Comunali  Liste,2019,46,5,18,92,11,,14,47,20,,8,14,1,4,B9L,454,3,428,714,0,,9,6
,50,Crocetta,2,Liste,Amministrative Comunali  Liste,2019,34,2,19,89,8,24,12,35,21,134,6,,0,2,B9L,426,6,393,627,3,,14,5
51_Crocetta_Amministrative Comunali  Liste,51,Crocetta,2,Liste,Amministrative Comunali  Liste,2019,47,5,15,77,,23,11,44,22,138,,12,4,,B9L,449,5,422,646,0,,13,8
52_Crocetta_Amministrative Comunali  Liste,52,Crocetta,2,Liste,Amministrative Comunali  Liste,2019,57,3,21,118,14,,12,62,35,164,,27,,,B9L,571,2,543,832,0,,8,6
53_Crocetta_Amministrative Comunali  Liste,53,Crocetta,2,Liste,Amministrative Comunali  Liste,2019,56,2,20,73,3,,,,17,152,6,15,2,,B9L,455,9,427,691,0,,16,7
54_Crocetta_Amministrative Comunali  Liste,54,Crocetta,2,Liste,Amministrative Comunali  Liste,2019,37,3,29,,6,27,11,38,18,,,,1,2,B9L,418,7,394,663,0,,11,4
57_Crocetta_Amministrative Comunali  Liste,57,Crocetta,2,Liste,Amministrative Comunali  Liste,2019,41,6,22,84,2,,14,41,26,103,6,,4,6,B9L,401,3,386,636,1,,7,3
58_Crocetta_Amministrative Comunali  Liste,58,Crocetta,2,Liste,Amministrative Comunali  Liste,2019,43,,11,69,0,8,17,41,13,170,12,16,2,11,B9L,446,2,420,738,0,,10,8
59_Crocetta_Amministrative Comunali  Liste,59,Crocetta,2,Liste,Amministrative Comunali  Liste,2019,68,2,20,124,4,,,52,20,,,18,2,16,B9L,600,1,586,845,0,,4,3
62_Crocetta_Amministrative Comunali  Liste,62,Crocetta,2,Liste,Amministrative Comunali  Liste,2019,54,6,15,139,1,12,7,45,10,179,7,11,,8,B9L,529,6,494,727,0,,12,6
,64,Crocetta,2,Liste,Amministrative Comunali  Liste,2019,49,,8,86,,5,8,12,13,115,,4,1,4,B9L,335,2,321,660,0,,5,3
66_Crocetta_Amministrative Comunali  Liste,66,Crocetta,2,Liste,Amministrative Comunali  Liste,2019,45,2,,,,18,,56,17,135,10,12,1,6,B9L,434,9,416,620,0,,10,1
,67,Crocetta,,Liste,Amministrative Comunali  Liste,2019,,,24,104,,17,10,42,20,196,8,9,1,8,B9L,547,3,523,791,0,,12,9
68_Crocetta_Amministrative Comunali  Liste,68,Crocetta,,Liste,Amministrative Comunali  Liste,2019,73,0,,,1,11,,31,13,104,10,9,0,1,B9L,388,2,369,632,0,,14,12
69_Crocetta_Amministrative Comunali  Liste,69,Crocetta,2,Liste,Amministrative Comunali  Liste,2019,72,7,,,1,,11,37,,131,7,14,3,11,B9L,473,5,452,737,0,,13,8
70_Crocetta_Amministrative Comunali  Liste,70,Crocetta,2,Liste,Amministrative Comunali  Liste,2019,57,3,12,112,0,10,,40,14,140,,,1,1,B9L,428,5,410,679,0,,6,1
71_Buon Pastore_Amministrative Comunali  Liste,71,Buon Pastore,,Liste,Amministrative Comunali  Liste,2019,,3,,,,26,,33,28,129,18,19,2,,B9L,463,1,449,737,0,,4,3
72_Buon Pastore_Amministrative Comunali  Liste,72,Buon Pastore,3,Liste,Amministrative Comunali  Liste,2019,,4,39,153,14,35,14,36,19,127,,15,,,B9L,536,2,514,708,0,,4,2
73_Buon Pastore_Amministrative Comunali  Liste,73,Buon Pastore,3,Liste,Amministrative Comunali  Liste,2019,25,3,26,114,15,26,,30,18,,9,16,7,4,B9L,493,5,457,663,2,,13,6
,75,Buon Pastore,,Liste,Amministrative Comunali  Liste,2019,40,2,,112,10,28,20,,21,140,15,,3,11,B9L,510,2,483,700,0,,7,5
76_Buon Pastore_Amministrative Comunali  Liste,76,Buon Pastore,3,Liste,Amministrative Comunali  Liste,2019,49,2,10,79,14,16,,34,20,,,,,9,B9L,414,9,398,640,0,,11,2
,77,Buon Pastore,3,Liste,Amministrative Comunali  Liste,2019,42,3,38,,9,18,13,33,,119,18,10,3,4,B9L,454,4,432,648,0,,7,3
,79,Buon Pastore,3,Liste,Amministrative Comunali  Liste,2019,,1,13,91,6,16,8,26,8,155,13,,0,4,B9L,411,5,391,622,0,,12,7
80_Buon Pastore_Amministrative Comunali  Liste,80,Buon Pastore,3,Liste,Amministrative Comunali  Liste,2019,74,1,,113,3,15,25,49,13,,9,21,1,8,B9L,624,1,595,869,0,,10,9
81_Buon Pastore_Amministrative Comunali  Liste,81,Buon Pastore,3,Liste,Amministrative Comunali  Liste,2019,,,11,,,20,12,47,,246,14,17,2,6,B9L,546,9,524,723,0,,15,6
82_Buon Pastore_Amministrative Comunali  Liste,82,Buon Pastore,3,Liste,Amministrative Comunali  Liste,2019,48,2,22,132,3,17,22,,18,215,13,18,6,8,B9L,600,5,565,826,0,,12,7
83_Buon Pastore_Amministrative Comunali  Liste,83,Buon Pastore,3,Liste,Amministrative Comunali  Liste,2019,49,4,15,98,3,13,20,,13,198,15,12,0,8,B9L,508,5,483,752,0,,15,10
85_Buon Pastore_Amministrative Comunali  Liste,85,Buon Pastore,,Liste,Amministrative Comunali  Liste,2019,59,1,20,,6,,16,,18,228,9,,2,4,B9L,582,9,553,799,0,,15,6
,86,Buon Pastore,3,Liste,Amministrative Comunali  Liste,2019,38,,35,140,10,28,20,47,10,,11,19,,9,B9L,599,3,571,803,0,,11,8
87_Buon Pastore_Amministrative Comunali  Liste,87,Buon Pastore,3,Liste,Amministrative Comunali  Liste,2019,51,,24,110,6,16,20,30,26,176,,13,,,B9L,532,11,502,754,0,,19,8
88_Buon Pastore_Amministrative Comunali  Liste,88,Buon Pastore,,Liste,Amministrative Comunali  Liste,2019,47,0,11,86,1,16,20,45,13,161,6,,1,,B9L,444,7,427,646,0,,8,1
90_Buon Pastore_Amministrative Comunali  Liste,90,Buon Pastore,3,Liste,Amministrative Comunali  Liste,2019,44,,17,,,13,17,23,,212,18,17,,7,B9L,515,3,489,725,0,,9,6
91_Buon Pastore_Amministrative Comunali  Liste,91,Buon Pastore,,Liste,Amministrative Comunali  Liste,2019,,2,,135,2,,19,59,,238,,17,1,7,B9L,614,3,589,811,0,,14,11
92_Buon Pastore_Amministrative Comunali  Liste,92,Buon Pastore,3,Liste,Amministrative Comunali  Liste,2019,42,3,10,102,1,5,,31,,200,,9,,,B9L,459,4,440,607,0,,9,5
93_Buon Pastore_Amministrative Comunali  Liste,93,Buon Pastore,3,Liste,Amministrative Comunali  Liste,2019,43,2,16,82,9,7,19,,,,,,4,5,B9L,440,9,418,644,0,,18,9
94_Buon Pastore_Amministrative Comunali  Liste,94,Buon Pastore,3,Liste,Amministrative Comunali  Liste,2019,44,2,14,156,5,21,18,46,20,266,9,13,0,10,B9L,650,8,624,790,0,,13,5
95_Buon Pastore_Amministrative Comunali  Liste,95,Buon Pastore,3,Liste,Amministrative Comunali  Liste,2019,63,1,7,104,5,10,,46,15,299,10,,1,4,B9L,615,2,596,775,0,,5,3
,96,Buon Pastore,,Liste,Amministrative Comunali  Liste,2019,69,2,10,121,1,,3,42,,,7,12,0,5,B9L,451,4,432,765,0,,12,8
98_Buon Pastore_Amministrative Comunali  Liste,98,Buon Pastore,,Liste,Amministrative Comunali  Liste,2019,58,,,110,5,,12,,14,,12,10,2,5,B9L,479,5,457,740,0,,8,3
,99,Buon Pastore,3,Liste,Amministrative Comunali  Liste,2019,49,4,21,137,3,22,18,57,,184,15,,3,,B9L,563,2,547,789,0,,14,12
100_Buon Pastore_Amministrative Comunali  Liste,100,Buon Pastore,3,Liste,Amministrative Comunali  Liste,2019,,3,22,137,9,32,27,68,21,247,,29,5,16,B9L,717,2,697,968,0,,7,5
101_Buon Pastore_Amministrative Comunali  Liste,101,Buon Pastore,,Liste,Amministrative Comunali  Liste,2019,65,,25,150,7,24,26,36,23,219,19,28,9,10,B9L,670,6,643,898,0,,15,9
102_Buon Pastore_Amministrative Comunali  Liste,102,Buon Pastore,3,Liste,Amministrative Comunali  Liste,2019,51,1,33,96,,22,12,,28,143,15,8,2,3,B9L,472,5,447,715,0,,7,2
,103,Buon Pastore,3,Liste,Amministrative Comunali  Liste,2019,36,0,28,110,3,27,,48,,165,16,21,3,7,B9L,527,2,502,760,0,,7,5
,105,Buon Pastore,,Liste,Amministrative Comunali  Liste,2019,32,0,20,137,,30,,35,21,162,7,17,2,8,B9L,525,2,508,732,0,,6,4
107_Buon Pastore_Amministrative Comunali  Liste,107,Buon Pastore,3,Liste,Amministrative Comunali  Liste,2019,,,24,92,,,12,27,,141,20,17,4,4,B9L,454,7,433,679,0,,11,4
,108,Buon Pastore,,Liste,Amministrative Comunali  Liste,2019,43,1,45,127,5,53,14,25,17,142,24,13,6,,B9L,542,5,522,746,0,,12,7
,109,Buon Pastore,3,Liste,Amministrative Comunali  Liste,2019,,1,,154,8,28,24,34,27,210,21,20,5,13,B9L,639,7,613,857,0,,12,5
110_Buon Pastore_Amministrative Comunali  Liste,110,Buon Pastore,3,Liste,Amministrative Comunali  Liste,2019,52,,18,,2,20,14,27,,,12,13,5,4,B9L,488,8,460,748,0,,17,9
111_Buon Pastore_Amministrative Comunali  Liste,111,Buon Pastore,,Liste,Amministrative Comunali  Liste,2019,70,,,,3,,16,43,27,180,17,12,,8,B9L,553,4,527,795,0,,17,13
112_Buon Pastore_Amministrative Comunali  Liste,112,Buon Pastore,3,Liste,Amministrative Comunali  Liste,2019,47,3,21,116,1,17,9,45,,180,13,8,5,6,B9L,519,8,484,761,0,,21,13
113_Buon Pastore_Amministrative Comunali  Liste,113,Buon Pastore,3,Liste,Amministrative Comunali  Liste,2019,,0,22,148,2,,,42,29,264,9,14,8,11,B9L,681,4,647,885,0,,19,15
114_Buon Pastore_Amministrative Comunali  Liste,114,Buon Pastore,,Liste,Amministrative Comunali  Liste,2019,69,0,19,131,4,21,25,57,24,223,11,18,5,3,B9L,641,9,610,897,0,,19,10
115_Buon Pastore_Amministrative Comunali  Liste,115,Buon Pastore,3,Liste,Amministrative Comunali  Liste,2019,33,2,,158,8,,16,54,21,202,10,15,3,3,B9L,580,5,558,765,0,,10,5
116_Buon Pastore_Amministrative Comunali  Liste,116,Buon Pastore,3,Liste,Amministrative Comunali  Liste,2019,36,1,11,103,8,,,33,15,192,5,20,5,8,B9L,496,3,474,646,0,,12,9
117_Buon Pastore_Amministrative Comunali  Liste,117,Buon Pastore,3,Liste,Amministrative Comunali  Liste,2019,,,,119,2,11,17,47,11,291,11,21,3,,B9L,623,5,602,808,0,,10,5
118_Buon Pastore_Amministrative Comunali  Liste,118,Buon Pastore,,Liste,Amministrative Comunali  Liste,2019,72,0,,138,3,,12,40,14,288,15,21,3,8,B9L,682,3,652,874,0,,10,7
120_Buon Pastore_Amministrative Comunali  Liste,120,Buon Pastore,3,Liste,Amministrative Comunali  Liste,2019,28,1,22,144,5,29,15,39,18,174,14,12,0,,B9L,529,3,508,689,0,,13,10
121_Buon Pastore_Amministrative Comunali  Liste,121,Buon Pastore,3,Liste,Amministrative Comunali  Liste,2019,68,1,,207,4,25,22,43,19,242,,17,,9,B9L,755,3,728,974,0,,10,7
,122,Buon Pastore,3,Liste,Amministrative Comunali  Liste,2019,20,0,12,75,,10,11,,14,137,11,12,1,2,B9L,364,3,350,993,0,,4,1
123_Buon Pastore_Amministrative Comunali  Liste,123,Buon Pastore,3,Liste,Amministrative Comunali  Liste,2019,30,2,7,,4,13,9,24,7,134,5,,,2,B9L,337,1,321,590,0,,6,5
,124,Buon Pastore,3,Liste,Amministrative Comunali  Liste,2019,57,2,20,,,,22,39,11,211,9,11,0,11,B9L,592,10,561,806,0,,18,8
125_Buon Pastore_Amministrative Comunali  Liste,125,Buon Pastore,3,Liste,Amministrative Comunali  Liste,2019,64,2,9,118,4,9,,62,12,282,11,,1,5,B9L,622,4,608,817,0,,9,5
127_Buon Pastore_Amministrative Comunali  Liste,127,Buon Pastore,3,Liste,Amministrative Comunali  Liste,2019,47,3,29,104,4,15,,51,,194,13,14,1,,B9L,530,6,506,783,0,,14,8
128_Buon Pastore_Amministrative Comunali  Liste,128,Buon Pastore,,Liste,Amministrative Comunali  Liste,2019,70,,11,163,7,12,,45,11,221,,13,1,9,B9L,630,10,595,858,0,,15,5
130_San Faustino_Amministrative Comunali  Liste,130,San Faustino,4,Liste,Amministrative Comunali  Liste,2019,,2,21,123,8,12,11,31,17,,11,14,4,4,B9L,455,7,438,647,0,,14,7
131_San Faustino_Amministrative Comunali  Liste,131,San Faustino,,Liste,Amministrative Comunali  Liste,2019,35,3,,,9,15,14,47,34,156,10,12,6,,B9L,500,9,477,710,0,,11,2
134_San Faustino_Amministrative Comunali  Liste,134,San Faustino,4,Liste,Amministrative Comunali  Liste,2019,,3,18,86,3,12,10,36,21,145,5,,1,4,B9L,428,7,409,650,0,,13,6
136_San Faustino_Amministrative Comunali  Liste,136,San Faustino,,Liste,Amministrative Comunali  Liste,2019,,1,32,118,,,16,19,11,116,,21,0,9,B9L,440,3,417,643,0,,6,3
137_San Faustino_Amministrative Comunali  Liste,137,San Faustino,,Liste,Amministrative Comunali  Liste,2019,40,5,27,86,6,,13,,20,177,,18,,,B9L,487,6,471,722,0,,11,5
138_San Faustino_Amministrative Comunali  Liste,138,San Faustino,4,Liste,Amministrative Comunali  Liste,2019,34,0,20,130,,18,,31,18,155,16,20,5,5,B9L,494,4,474,722,0,,6,2
139_San Faustino_Amministrative Comunali  Liste,139,San Faustino,,Liste,Amministrative Comunali  Liste,2019,,1,19,124,4,20,,46,18,,19,20,2,2,B9L,513,2,490,787,0,,13,11
140_San Faustino_Amministrative Comunali  Liste,140,San Faustino,4,Liste,Amministrative Comunali  Liste,2019,52,2,11,,2,18,7,,12,,9,21,,2,B9L,422,4,405,653,0,,8,4
141_San Faustino_Amministrative Comunali  Liste,141,San Faustino,,Liste,Amministrative Comunali  Liste,2019,27,1,16,95,5,,,35,21,,14,,2,1,B9L,421,6,394,632,0,,10,4
142_San Faustino_Amministrative Comunali  Liste,142,San Faustino,4,Liste,Amministrative Comunali  Liste,2019,46,1,19,162,9,,14,51,,189,14,,3,,B9L,604,4,571,832,13,,20,3
143_San Faustino_Amministrative Comunali  Liste,143,San Faustino,4,Liste,Amministrative Comunali  Liste,2019,32,3,34,110,4,,,39,,145,3,5,5,4,B9L,484,6,435,679,0,,15,9
144_San Faustino_Amministrative Comunali  Liste,144,San Faustino,,Liste,Amministrative Comunali  Liste,2019,34,2,,110,0,11,13,26,13,179,12,18,1,,B9L,470,5,449,651,0,,10,5
145_San Faustino_Amministrative Comunali  Liste,145,San Faustino,4,Liste,Amministrative Comunali  Liste,2019,,1,12,103,4,14,11,30,,216,13,26,3,,B9L,538,9,515,734,0,,14,5
146_San Faustino_Amministrative Comunali  Liste,146,San Faustino,4,Liste,Amministrative Comunali  Liste,2019,26,,12,145,,14,12,26,,178,7,7,0,2,B9L,479,6,456,759,0,,11,5
147_San Faustino_Amministrative Comunali  Liste,147,San Faustino,,Liste,Amministrative Comunali  Liste,2019,30,0,13,83,2,13,,47,,238,,7,0,,B9L,517,8,491,722,0,,13,5
148_San Faustino_Amministrative Comunali  Liste,148,San Faustino,4,Liste,Amministrative Comunali  Liste,2019,32,,21,110,8,20,,51,20,186,21,11,3,3,B9L,535,9,508,701,0,,18,9
149_San Faustino_Amministrative Comunali  Liste,149,San Faustino,4,Liste,Amministrative Comunali  Liste,2019,45,2,22,97,2,20,10,54,12,241,13,,6,5,B9L,561,5,547,723,0,,8,3
150_San Faustino_Amministrative Comunali  Liste,150,San Faustino,4,Liste,Amministrative Comunali  Liste,2019,53,,28,152,5,16,,40,24,266,10,17,3,14,B9L,696,14,643,824,0,,30,16
151_San Faustino_Amministrative Comunali  Liste,151,San Faustino,4,Liste,Amministrative Comunali  Liste,2019,40,1,29,101,,21,10,38,15,187,8,13,,2,B9L,484,5,468,757,0,,9,4
153_San Faustino_Amministrative Comunali  Liste,153,San Faustino,4,Liste,Amministrative Comunali  Liste,2019,50,5,,,8,40,8,,30,173,27,16,12,9,B9L,662,9,631,879,0,,16,7
154_San Faustino_Amministrative Comunali  Liste,154,San Faustino,4,Liste,Amministrative Comunali  Liste,2019,,1,26,132,,,10,,39,158,,8,2,5,B9L,530,7,505,742,1,,14,6
,155,San Faustino,4,Liste,Amministrative Comunali  Liste,2019,26,4,,156,6,24,25,28,18,139,20,17,,3,B9L,548,7,516,794,0,,20,13
156_San Faustino_Amministrative Comunali  Liste,156,San Faustino,,Liste,Amministrative Comunali  Liste,2019,35,1,31,156,17,31,15,29,27,145,,,4,5,B9L,536,2,517,787,0,,6,4
157_San Faustino_Amministrative Comunali  Liste,157,San Faustino,4,Liste,Amministrative Comunali  Liste,2019,46,4,6,108,1,14,9,34,18,223,8,,4,,B9L,509,3,491,735,0,,5,2
,158,San Faustino,4,Liste,Amministrative Comunali  Liste,2019,52,0,,,2,25,9,,31,204,11,27,4,,B9L,594,11,570,817,0,,13,2
159_San Faustino_Amministrative Comunali  Liste,159,San Faustino,,Liste,Amministrative Comunali  Liste,2019,,,11,135,,13,,,19,223,5,25,,7,B9L,565,7,540,786,2,,14,5
,160,San Faustino,4,Liste,Amministrative Comunali  Liste,2019,66,2,19,84,,,25,65,21,,12,,4,9,B9L,615,11,591,818,0,,17,6
161_San Faustino_Amministrative Comunali  Liste,161,San Faustino,4,Liste,Amministrative Comunali  Liste,2019,,0,18,95,2,,16,15,,139,5,13,1,0,B9L,386,3,374,611,0,,5,2
163_San Faustino_Amministrative Comunali  Liste,163,San Faustino,4,Liste,Amministrative Comunali  Liste,2019,48,0,13,90,0,12,16,,10,220,8,22,,4,B9L,494,4,471,728,0,,16,12
164_San Faustino_Amministrative Comunali  Liste,164,San Faustino,4,Liste,Amministrative Comunali  Liste,2019,65,3,11,125,2,,,50,25,217,8,15,,6,B9L,583,5,558,808,0,,14,9
165_San Faustino_Amministrative Comunali  Liste,165,San Faustino,,Liste,Amministrative Comunali  Liste,2019,37,4,13,108,0,14,12,43,15,291,9,,3,6,B9L,594,2,574,787,0,,11,9
166_San Faustino_Amministrative Comunali  Liste,166,San Faustino,4,Liste,Amministrative Comunali  Liste,2019,57,4,29,129,0,,,25,20,,8,,2,2,B9L,466,2,449,691,0,,10,8
167_San Faustino_Amministrative Comunali  Liste,167,San Faustino,4,Liste,Amministrative Comunali  Liste,2019,56,1,13,137,4,13,13,47,12,255,9,29,,5,B9L,621,10,595,838,0,,19,9
169_San Faustino_Amministrative Comunali  Liste,169,San Faustino,4,Liste,Amministrative Comunali  Liste,2019,58,,10,116,2,17,19,58,13,,,17,,,B9L,591,11,549,736,0,,27,16
170_San Faustino_Amministrative Comunali  Liste,170,San Faustino,4,Liste,Amministrative Comunali  Liste,2019,65,0,14,,4,22,20,49,11,202,,14,2,4,B9L,568,8,541,774,0,,15,7
171_San Faustino_Amministrative Comunali  Liste,171,San Faustino,,Liste,Amministrative Comunali  Liste,2019,82,,,176,2,16,,,12,195,9,11,2,5,B9L,629,3,607,842,0,,13,10
172_San Faustino_Amministrative Comunali  Liste,172,San Faustino,4,Liste,Amministrative Comunali  Liste,2019,46,,19,95,4,15,11,,,,3,9,1,3,B9L,419,5,395,631,0,,13,8
,173,San Faustino,4,Liste,Amministrative Comunali  Liste,2019,75,2,17,123,1,24,17,31,25,192,7,7,2,2,B9L,554,3,525,773,0,,18,15
174_San Faustino_Amministrative Comunali  Liste,174,San Faustino,4,Liste,Amministrative Comunali  Liste,2019,,0,7,96,5,16,8,15,33,165,3,16,1,8,B9L,435,5,422,605,0,,10,5
175_San Faustino_Amministrative Comunali  Liste,175,San Faustino,4,Liste,Amministrative Comunali  Liste,2019,55,2,27,,2,18,6,54,,123,11,,1,3,B9L,497,7,463,727,2,,17,8
176_San Faustino_Amministrative Comunali  Liste,176,San Faustino,,Liste,Amministrative Comunali  Liste,2019,37,2,13,140,2,,,48,29,198,15,8,0,2,B9L,545,6,523,708,0,,9,3
177_San Faustino_Amministrative Comunali  Liste,177,San Faustino,4,Liste,Amministrative Comunali  Liste,2019,46,1,14,95,2,16,9,,28,,14,11,2,4,B9L,573,4,543,707,0,,10,6
,178,San Faustino,4,Liste,Amministrative Comunali  Liste,2019,54,0,39,160,10,29,21,39,16,227,16,18,1,2,B9L,658,7,632,896,0,,13,6
181_Buon Pastore_Amministrative Comunali  Liste,181,Buon Pastore,3,Liste,Amministrative Comunali  Liste,2019,2,0,1,6,0,,1,1,0,17,1,1,0,1,B9L,34,2,31,0,0,,3,1
182_Buon Pastore_Amministrative Comunali  Liste,182,Buon Pastore,3,Liste,Amministrative Comunali  Liste,2019,1,0,2,,0,,2,2,0,,,,0,0,B9L,29,0,26,0,0,,1,1
183_San Faustino_Amministrative Comunali  Liste,183,San Faustino,4,Liste,Amministrative Comunali  Liste,2019,4,0,2,12,1,0,1,2,0,21,0,2,0,1,B9L,47,0,46,0,0,,0,0
184_San Faustino_Amministrative Comunali  Liste,184,San Faustino,,Liste,Amministrative Comunali  Liste,2019,2,,1,,0,1,,2,1,9,0,0,0,0,B9L,26,2,24,0,0,,2,0
185_San Faustino_Amministrative Comunali  Liste,185,San Faustino,,Liste,Amministrative Comunali  Liste,2019,64,2,19,,3,20,12,42,27,224,18,21,2,12,B9L,643,4,619,840,0,,8,4
187_Buon Pastore_Amministrative Comunali  Liste,187,Buon Pastore,3,Liste,Amministrative Comunali  Liste,2019,56,,10,88,1,15,,44,16,211,8,7,2,5,B9L,501,7,479,680,0,,15,8
188_Buon Pastore_Amministrative Comunali  Liste,188,Buon Pastore,,Liste,Amministrative Comunali  Liste,2019,63,,14,108,,,,41,47,177,12,,5,4,B9L,547,3,520,704,0,,7,4
189_Buon Pastore_Amministrative Comunali  Liste,189,Buon Pastore,3,Liste,Amministrative Comunali  Liste,2019,28,3,8,124,4,19,17,,21,195,12,24,3,2,B9L,529,5,505,686,0,,8,3
190_San Faustino_Amministrative Comunali  Liste,190,San Faustino,,Liste,Amministrative Comunali  Liste,2019,,4,15,126,2,,8,100,10,,,5,,3,B9L,540,5,528,759,0,,10,5
