THE_PK_KEY,SECTION,DISTRICT,DISTRICT_CD,DATA_TYPE,ELECTION,YEAR,LEGA,LA_DESTRA___MPA,IL_POPOLO_DELLA_LIBERTA__,PELLACANI_PER_MODENA,UNIONE_DI_CENTRO,MODENA_A_COLORI,LISTA_CIV__MODENA_BEPPEGRILLO,RIFONDAZIONE_COMUNISTA,ITALIA_DEI_VALORI,LISTA_CONSUMATORI_C_O_D_A_CONS,VERDI,LA_ROSA_PER_MODENA,SOCIALISTI_LAICI_RIFORMISTI,SINISTRA_PER_MODENA,PARTITO_DEMOCRATICO,COMUNISTI_ITALIANI,FORM,#VOTERS,#BLANK,#VALID,#REGISTERED,#DISPUTED,#OF WHICH,#NOT VALID,#NULL
1_Centro_Amministrative Comunali  Liste,1,Centro,1,Liste,Amministrative Comunali  Liste,2009,83,3,213,22,19,9,20,10,29,3,6,2,2,19,138,6,BL9,640,12,584,855,0,31,25,13
2_Centro_Amministrative Comunali  Liste,2,Centro,1,Liste,Amministrative Comunali  Liste,2009,70,5,125,14,14,4,15,8,20,1,4,0,5,8,208,8,BL9,555,12,513,781,0,16,26,14
3_Centro_Amministrative Comunali  Liste,3,Centro,1,Liste,Amministrative Comunali  Liste,2009,79,4,228,28,15,6,9,7,26,0,5,5,4,7,132,4,BL9,601,6,559,842,0,29,13,7
4_Centro_Amministrative Comunali  Liste,4,Centro,1,Liste,Amministrative Comunali  Liste,2009,100,6,154,28,19,10,25,18,33,4,6,0,2,14,116,8,BL9,593,6,543,845,0,29,21,15
5_Centro_Amministrative Comunali  Liste,5,Centro,1,Liste,Amministrative Comunali  Liste,2009,70,7,213,31,16,7,19,15,23,1,3,2,5,13,140,3,BL9,596,6,568,808,0,15,13,7
6_Centro_Amministrative Comunali  Liste,6,Centro,1,Liste,Amministrative Comunali  Liste,2009,87,3,206,23,22,7,10,8,25,1,4,2,2,17,178,3,BL9,631,4,598,831,0,26,7,3
7_Centro_Amministrative Comunali  Liste,7,Centro,1,Liste,Amministrative Comunali  Liste,2009,78,4,211,38,17,2,17,4,25,1,2,3,2,13,152,4,BL9,652,9,573,847,0,58,21,12
8_Centro_Amministrative Comunali  Liste,8,Centro,1,Liste,Amministrative Comunali  Liste,2009,59,8,103,14,16,7,12,11,23,0,3,2,2,10,131,5,BL9,450,7,406,681,0,26,18,11
9_Centro_Amministrative Comunali  Liste,9,Centro,1,Liste,Amministrative Comunali  Liste,2009,60,3,171,22,13,2,17,9,31,0,8,3,3,18,158,4,BL9,558,6,522,812,0,18,18,12
10_Centro_Amministrative Comunali  Liste,10,Centro,1,Liste,Amministrative Comunali  Liste,2009,56,2,192,17,17,3,13,6,17,3,4,2,2,10,153,1,BL9,530,4,498,761,0,19,13,9
11_Centro_Amministrative Comunali  Liste,11,Centro,1,Liste,Amministrative Comunali  Liste,2009,52,2,122,7,16,10,19,5,22,2,3,5,4,8,155,9,BL9,480,4,441,625,0,19,20,16
12_Centro_Amministrative Comunali  Liste,12,Centro,1,Liste,Amministrative Comunali  Liste,2009,47,5,160,18,20,6,19,14,26,2,7,3,1,23,165,5,BL9,557,4,521,834,0,21,15,11
13_Centro_Amministrative Comunali  Liste,13,Centro,1,Liste,Amministrative Comunali  Liste,2009,64,6,151,16,17,15,21,23,33,8,4,5,5,8,163,3,BL9,597,10,542,829,0,31,24,14
14_Centro_Amministrative Comunali  Liste,14,Centro,1,Liste,Amministrative Comunali  Liste,2009,70,3,105,23,12,15,25,11,47,3,7,4,4,29,145,1,BL9,532,5,504,756,0,15,13,8
15_Centro_Amministrative Comunali  Liste,15,Centro,1,Liste,Amministrative Comunali  Liste,2009,68,2,109,14,11,9,16,9,25,2,3,5,4,11,212,7,BL9,551,14,507,774,0,21,23,9
16_Centro_Amministrative Comunali  Liste,16,Centro,1,Liste,Amministrative Comunali  Liste,2009,66,3,97,7,17,1,16,11,25,5,7,2,3,24,209,8,BL9,542,0,502,733,0,16,24,24
17_Centro_Amministrative Comunali  Liste,17,Centro,1,Liste,Amministrative Comunali  Liste,2009,37,4,113,17,16,5,16,10,24,14,2,5,5,22,270,5,BL9,604,8,565,847,0,21,18,10
18_Centro_Amministrative Comunali  Liste,18,Centro,1,Liste,Amministrative Comunali  Liste,2009,55,7,88,18,8,6,12,8,31,9,5,10,6,13,232,3,BL9,537,5,511,739,0,17,9,4
19_Centro_Amministrative Comunali  Liste,19,Centro,1,Liste,Amministrative Comunali  Liste,2009,42,6,103,12,13,4,16,8,28,2,4,10,11,21,140,8,BL9,456,4,426,646,0,21,9,5
20_Centro_Amministrative Comunali  Liste,20,Centro,1,Liste,Amministrative Comunali  Liste,2009,43,2,141,14,23,19,17,10,30,1,4,3,5,23,157,2,BL9,518,3,494,705,0,20,4,1
21_Centro_Amministrative Comunali  Liste,21,Centro,1,Liste,Amministrative Comunali  Liste,2009,39,9,91,7,5,15,10,7,20,2,2,7,2,5,163,8,BL9,425,8,392,645,0,18,15,7
22_Crocetta_Amministrative Comunali  Liste,22,Crocetta,2,Liste,Amministrative Comunali  Liste,2009,35,6,119,12,18,5,21,4,27,3,2,1,2,14,211,5,BL9,526,11,485,761,0,23,18,7
23_Crocetta_Amministrative Comunali  Liste,23,Crocetta,2,Liste,Amministrative Comunali  Liste,2009,47,2,68,6,20,4,11,10,19,0,3,8,4,5,233,7,BL9,474,5,447,658,0,14,13,8
24_Crocetta_Amministrative Comunali  Liste,24,Crocetta,2,Liste,Amministrative Comunali  Liste,2009,65,2,59,2,17,0,9,11,20,0,2,6,4,12,273,10,BL9,511,3,492,697,0,7,12,9
25_Crocetta_Amministrative Comunali  Liste,25,Crocetta,2,Liste,Amministrative Comunali  Liste,2009,70,10,111,6,22,1,24,14,49,2,8,4,1,12,304,6,BL9,673,8,644,841,0,14,15,7
26_Crocetta_Amministrative Comunali  Liste,26,Crocetta,2,Liste,Amministrative Comunali  Liste,2009,68,3,100,5,10,1,13,6,29,2,4,1,0,17,309,8,BL9,604,13,576,734,0,8,20,7
27_Crocetta_Amministrative Comunali  Liste,27,Crocetta,2,Liste,Amministrative Comunali  Liste,2009,38,1,71,6,19,0,17,10,28,1,5,1,2,10,262,5,BL9,508,9,469,654,0,19,20,11
28_Crocetta_Amministrative Comunali  Liste,28,Crocetta,2,Liste,Amministrative Comunali  Liste,2009,43,3,85,4,11,2,15,8,25,0,4,1,0,5,165,1,BL9,387,5,372,599,0,5,10,5
29_Crocetta_Amministrative Comunali  Liste,29,Crocetta,2,Liste,Amministrative Comunali  Liste,2009,67,2,78,3,10,3,21,22,21,3,8,5,4,13,250,8,BL9,545,4,518,719,0,9,18,14
30_Crocetta_Amministrative Comunali  Liste,30,Crocetta,2,Liste,Amministrative Comunali  Liste,2009,45,4,85,5,20,0,37,21,24,0,9,1,3,13,287,1,BL9,577,6,555,677,0,15,7,1
31_Crocetta_Amministrative Comunali  Liste,31,Crocetta,2,Liste,Amministrative Comunali  Liste,2009,43,8,61,5,13,1,22,13,23,4,5,2,1,8,255,10,BL9,513,9,474,629,0,11,28,19
32_Crocetta_Amministrative Comunali  Liste,32,Crocetta,2,Liste,Amministrative Comunali  Liste,2009,60,2,118,7,18,1,43,9,31,0,3,1,1,3,281,7,BL9,622,9,585,802,0,14,23,14
33_Crocetta_Amministrative Comunali  Liste,33,Crocetta,2,Liste,Amministrative Comunali  Liste,2009,64,2,92,6,36,3,31,4,25,1,8,1,2,10,280,10,BL9,601,5,575,751,0,8,18,13
34_Crocetta_Amministrative Comunali  Liste,34,Crocetta,2,Liste,Amministrative Comunali  Liste,2009,57,2,71,9,11,5,20,12,36,7,7,2,7,13,322,3,BL9,611,8,584,765,0,14,13,5
35_Crocetta_Amministrative Comunali  Liste,35,Crocetta,2,Liste,Amministrative Comunali  Liste,2009,46,1,102,12,9,0,18,8,18,0,5,3,5,13,273,5,BL9,557,7,518,807,0,27,12,5
36_Crocetta_Amministrative Comunali  Liste,36,Crocetta,2,Liste,Amministrative Comunali  Liste,2009,52,4,92,12,13,2,17,10,28,3,4,4,14,9,242,7,BL9,540,7,513,665,0,16,11,4
37_Crocetta_Amministrative Comunali  Liste,37,Crocetta,2,Liste,Amministrative Comunali  Liste,2009,64,4,89,3,22,2,18,10,20,0,0,0,3,17,337,8,BL9,644,10,597,806,0,30,17,7
38_Crocetta_Amministrative Comunali  Liste,38,Crocetta,2,Liste,Amministrative Comunali  Liste,2009,62,5,82,3,13,2,10,10,34,0,6,3,8,10,290,4,BL9,578,8,542,716,0,15,21,13
39_Crocetta_Amministrative Comunali  Liste,39,Crocetta,2,Liste,Amministrative Comunali  Liste,2009,55,3,95,9,19,3,13,8,35,2,5,5,6,12,327,6,BL9,641,6,603,796,0,18,20,14
40_Crocetta_Amministrative Comunali  Liste,40,Crocetta,2,Liste,Amministrative Comunali  Liste,2009,57,3,97,9,13,4,15,16,29,3,5,2,5,9,346,12,BL9,658,8,625,827,0,18,15,7
41_Crocetta_Amministrative Comunali  Liste,41,Crocetta,2,Liste,Amministrative Comunali  Liste,2009,64,5,100,4,17,2,32,10,41,0,4,2,1,28,369,7,BL9,725,8,686,969,0,23,16,8
42_Crocetta_Amministrative Comunali  Liste,42,Crocetta,2,Liste,Amministrative Comunali  Liste,2009,62,4,77,8,18,6,25,16,38,1,4,1,13,5,274,3,BL9,591,10,554,756,0,20,17,7
43_Crocetta_Amministrative Comunali  Liste,43,Crocetta,2,Liste,Amministrative Comunali  Liste,2009,49,10,80,7,16,2,18,8,36,1,7,2,7,12,210,4,BL9,496,11,469,685,0,9,18,7
44_Crocetta_Amministrative Comunali  Liste,44,Crocetta,2,Liste,Amministrative Comunali  Liste,2009,30,2,91,5,16,12,17,3,15,0,3,8,4,12,194,3,BL9,431,0,415,593,0,10,6,6
45_Crocetta_Amministrative Comunali  Liste,45,Crocetta,2,Liste,Amministrative Comunali  Liste,2009,50,5,98,8,10,1,14,20,42,6,10,6,3,25,251,16,BL9,619,14,565,820,0,25,29,15
46_Crocetta_Amministrative Comunali  Liste,46,Crocetta,2,Liste,Amministrative Comunali  Liste,2009,54,1,92,12,17,7,12,12,35,2,2,1,2,16,281,13,BL9,590,7,559,732,0,14,17,10
47_Crocetta_Amministrative Comunali  Liste,47,Crocetta,2,Liste,Amministrative Comunali  Liste,2009,63,4,110,12,13,7,22,12,23,0,4,2,4,9,212,13,BL9,544,10,510,745,0,14,20,10
48_Crocetta_Amministrative Comunali  Liste,48,Crocetta,2,Liste,Amministrative Comunali  Liste,2009,35,4,88,6,12,4,11,7,22,1,5,10,3,17,173,4,BL9,434,12,402,613,0,8,24,12
49_Crocetta_Amministrative Comunali  Liste,49,Crocetta,2,Liste,Amministrative Comunali  Liste,2009,35,5,129,24,21,4,24,10,25,3,2,2,1,13,189,6,BL9,535,7,493,704,0,25,17,10
50_Crocetta_Amministrative Comunali  Liste,50,Crocetta,2,Liste,Amministrative Comunali  Liste,2009,49,1,152,17,14,1,19,8,20,1,2,5,2,13,164,7,BL9,525,15,475,700,0,30,20,5
51_Crocetta_Amministrative Comunali  Liste,51,Crocetta,2,Liste,Amministrative Comunali  Liste,2009,42,4,85,4,20,5,26,12,16,3,9,8,11,16,243,9,BL9,545,9,513,691,0,14,18,9
52_Crocetta_Amministrative Comunali  Liste,52,Crocetta,2,Liste,Amministrative Comunali  Liste,2009,81,5,123,19,26,4,19,11,34,2,3,8,6,24,238,7,BL9,650,8,610,851,0,19,21,13
53_Crocetta_Amministrative Comunali  Liste,53,Crocetta,2,Liste,Amministrative Comunali  Liste,2009,38,6,104,7,16,4,15,21,38,6,3,14,5,9,200,13,BL9,540,8,499,735,0,24,17,9
54_Crocetta_Amministrative Comunali  Liste,54,Crocetta,2,Liste,Amministrative Comunali  Liste,2009,41,6,124,16,12,1,13,4,28,4,9,3,9,11,147,1,BL9,521,12,422,718,0,68,31,19
55_Crocetta_Amministrative Comunali  Liste,55,Crocetta,2,Liste,Amministrative Comunali  Liste,2009,45,1,122,20,16,9,12,12,22,5,3,3,3,12,166,7,BL9,501,10,458,689,0,25,18,8
56_Crocetta_Amministrative Comunali  Liste,56,Crocetta,2,Liste,Amministrative Comunali  Liste,2009,59,4,196,33,15,4,13,7,31,3,3,5,1,6,149,15,BL9,583,6,544,761,0,27,12,6
57_Crocetta_Amministrative Comunali  Liste,57,Crocetta,2,Liste,Amministrative Comunali  Liste,2009,38,2,109,7,25,3,13,9,27,1,4,2,0,13,159,3,BL9,459,11,415,650,0,12,32,21
58_Crocetta_Amministrative Comunali  Liste,58,Crocetta,2,Liste,Amministrative Comunali  Liste,2009,42,5,84,3,15,3,22,14,30,2,4,1,1,9,278,6,BL9,555,8,519,758,0,19,17,9
59_Crocetta_Amministrative Comunali  Liste,59,Crocetta,2,Liste,Amministrative Comunali  Liste,2009,44,2,74,6,15,2,14,10,12,3,3,0,1,8,216,5,BL9,444,8,415,559,0,15,14,6
60_Crocetta_Amministrative Comunali  Liste,60,Crocetta,2,Liste,Amministrative Comunali  Liste,2009,60,5,76,7,15,1,19,11,26,5,3,1,9,7,292,9,BL9,581,6,546,752,0,25,10,4
61_Crocetta_Amministrative Comunali  Liste,61,Crocetta,2,Liste,Amministrative Comunali  Liste,2009,57,7,98,9,8,4,41,11,37,2,8,9,9,16,329,10,BL9,681,7,655,810,0,8,18,11
62_Crocetta_Amministrative Comunali  Liste,62,Crocetta,2,Liste,Amministrative Comunali  Liste,2009,68,3,117,12,17,5,28,10,38,3,5,2,5,15,279,7,BL9,631,8,601,779,0,13,17,9
63_Crocetta_Amministrative Comunali  Liste,63,Crocetta,2,Liste,Amministrative Comunali  Liste,2009,75,6,99,6,12,3,18,23,25,6,8,2,4,9,189,9,BL9,526,9,494,698,0,10,22,13
64_Crocetta_Amministrative Comunali  Liste,64,Crocetta,2,Liste,Amministrative Comunali  Liste,2009,46,2,81,5,9,3,14,16,24,3,6,5,3,11,207,9,BL9,470,10,444,619,0,10,16,6
65_Crocetta_Amministrative Comunali  Liste,65,Crocetta,2,Liste,Amministrative Comunali  Liste,2009,39,6,73,5,12,5,11,8,17,4,7,3,5,5,153,8,BL9,378,5,361,573,0,9,8,3
66_Crocetta_Amministrative Comunali  Liste,66,Crocetta,2,Liste,Amministrative Comunali  Liste,2009,46,4,82,11,19,2,29,6,18,1,3,1,1,13,236,3,BL9,497,7,475,630,0,11,11,4
67_Crocetta_Amministrative Comunali  Liste,67,Crocetta,2,Liste,Amministrative Comunali  Liste,2009,70,3,98,3,29,7,19,20,24,1,4,2,15,7,289,7,BL9,655,17,598,825,0,26,31,14
68_Crocetta_Amministrative Comunali  Liste,68,Crocetta,2,Liste,Amministrative Comunali  Liste,2009,63,4,106,9,13,4,13,6,27,0,2,3,8,14,199,9,BL9,519,9,480,698,0,9,30,21
69_Crocetta_Amministrative Comunali  Liste,69,Crocetta,2,Liste,Amministrative Comunali  Liste,2009,55,3,127,8,14,3,21,17,23,2,2,3,23,11,232,13,BL9,587,7,557,760,0,10,20,13
70_Crocetta_Amministrative Comunali  Liste,70,Crocetta,2,Liste,Amministrative Comunali  Liste,2009,37,5,108,9,12,2,27,9,32,2,1,4,5,14,265,3,BL9,564,8,535,739,0,15,14,6
71_Buon Pastore_Amministrative Comunali  Liste,71,Buon Pastore,3,Liste,Amministrative Comunali  Liste,2009,61,5,147,14,13,8,16,11,15,3,6,2,4,8,145,5,BL9,506,8,463,708,0,25,18,10
72_Buon Pastore_Amministrative Comunali  Liste,72,Buon Pastore,3,Liste,Amministrative Comunali  Liste,2009,82,4,197,32,16,4,10,8,14,0,2,4,3,15,157,2,BL9,582,8,550,721,0,21,11,3
73_Buon Pastore_Amministrative Comunali  Liste,73,Buon Pastore,3,Liste,Amministrative Comunali  Liste,2009,80,2,202,20,15,10,12,7,33,0,0,2,4,6,147,4,BL9,573,3,544,711,0,14,15,12
74_Buon Pastore_Amministrative Comunali  Liste,74,Buon Pastore,3,Liste,Amministrative Comunali  Liste,2009,54,3,151,20,7,14,15,3,20,4,3,0,1,9,115,7,BL9,446,1,426,609,0,16,4,3
75_Buon Pastore_Amministrative Comunali  Liste,75,Buon Pastore,3,Liste,Amministrative Comunali  Liste,2009,63,2,131,25,28,11,15,8,18,1,2,0,2,12,168,7,BL9,528,7,493,709,0,23,12,5
76_Buon Pastore_Amministrative Comunali  Liste,76,Buon Pastore,3,Liste,Amministrative Comunali  Liste,2009,49,3,96,7,19,3,7,5,17,4,5,9,4,14,181,9,BL9,465,8,432,633,0,22,11,3
77_Buon Pastore_Amministrative Comunali  Liste,77,Buon Pastore,3,Liste,Amministrative Comunali  Liste,2009,55,1,157,21,25,7,7,9,15,2,0,6,7,2,133,4,BL9,479,3,451,639,0,14,14,11
78_Buon Pastore_Amministrative Comunali  Liste,78,Buon Pastore,3,Liste,Amministrative Comunali  Liste,2009,63,8,152,21,15,7,23,15,27,2,5,6,7,9,203,12,BL9,612,10,575,806,0,19,18,8
79_Buon Pastore_Amministrative Comunali  Liste,79,Buon Pastore,3,Liste,Amministrative Comunali  Liste,2009,72,3,66,7,15,8,11,9,25,3,5,6,8,16,275,3,BL9,556,7,532,718,0,13,11,4
80_Buon Pastore_Amministrative Comunali  Liste,80,Buon Pastore,3,Liste,Amministrative Comunali  Liste,2009,68,1,95,10,15,5,27,11,45,2,4,2,2,7,353,9,BL9,688,7,656,858,0,21,11,4
81_Buon Pastore_Amministrative Comunali  Liste,81,Buon Pastore,3,Liste,Amministrative Comunali  Liste,2009,52,1,95,3,11,4,29,9,28,2,6,4,2,18,335,4,BL9,634,6,603,753,0,16,15,9
82_Buon Pastore_Amministrative Comunali  Liste,82,Buon Pastore,3,Liste,Amministrative Comunali  Liste,2009,64,4,124,23,20,7,26,7,43,6,7,6,7,6,284,3,BL9,672,9,637,882,0,13,22,13
83_Buon Pastore_Amministrative Comunali  Liste,83,Buon Pastore,3,Liste,Amministrative Comunali  Liste,2009,30,3,57,3,17,3,16,19,21,7,2,1,2,17,238,7,BL9,488,7,443,609,0,27,18,11
84_Buon Pastore_Amministrative Comunali  Liste,84,Buon Pastore,3,Liste,Amministrative Comunali  Liste,2009,66,4,92,7,13,4,15,15,26,1,3,7,8,8,303,10,BL9,605,4,582,767,0,13,10,6
85_Buon Pastore_Amministrative Comunali  Liste,85,Buon Pastore,3,Liste,Amministrative Comunali  Liste,2009,57,2,95,10,18,4,20,16,29,2,2,0,3,16,357,3,BL9,667,7,634,819,0,13,20,13
86_Buon Pastore_Amministrative Comunali  Liste,86,Buon Pastore,3,Liste,Amministrative Comunali  Liste,2009,66,3,155,9,18,3,17,12,26,1,5,1,3,9,273,6,BL9,649,10,607,789,0,26,16,6
87_Buon Pastore_Amministrative Comunali  Liste,87,Buon Pastore,3,Liste,Amministrative Comunali  Liste,2009,75,2,110,19,25,4,23,9,29,4,4,11,3,14,226,6,BL9,587,3,564,760,0,9,14,11
88_Buon Pastore_Amministrative Comunali  Liste,88,Buon Pastore,3,Liste,Amministrative Comunali  Liste,2009,52,3,86,4,9,4,21,7,28,1,2,3,3,10,278,8,BL9,545,5,519,700,0,12,14,9
89_Buon Pastore_Amministrative Comunali  Liste,89,Buon Pastore,3,Liste,Amministrative Comunali  Liste,2009,80,3,116,15,31,6,23,10,24,4,5,1,6,12,370,9,BL9,777,10,715,951,0,38,24,14
90_Buon Pastore_Amministrative Comunali  Liste,90,Buon Pastore,3,Liste,Amministrative Comunali  Liste,2009,44,2,71,6,23,3,14,7,31,3,7,5,11,17,315,7,BL9,611,8,566,755,0,18,27,19
91_Buon Pastore_Amministrative Comunali  Liste,91,Buon Pastore,3,Liste,Amministrative Comunali  Liste,2009,63,4,100,7,22,4,25,2,18,2,7,3,6,15,359,14,BL9,687,10,651,819,0,18,18,8
92_Buon Pastore_Amministrative Comunali  Liste,92,Buon Pastore,3,Liste,Amministrative Comunali  Liste,2009,60,0,54,6,23,8,23,9,19,0,5,0,1,14,340,4,BL9,589,7,566,692,0,12,11,4
93_Buon Pastore_Amministrative Comunali  Liste,93,Buon Pastore,3,Liste,Amministrative Comunali  Liste,2009,57,3,82,6,11,1,12,14,23,3,2,3,4,14,240,9,BL9,518,11,484,656,2,17,17,4
94_Buon Pastore_Amministrative Comunali  Liste,94,Buon Pastore,3,Liste,Amministrative Comunali  Liste,2009,87,8,105,10,14,8,21,7,33,4,6,1,2,13,358,5,BL9,716,8,682,853,0,16,18,10
95_Buon Pastore_Amministrative Comunali  Liste,95,Buon Pastore,3,Liste,Amministrative Comunali  Liste,2009,59,3,57,3,16,2,30,17,32,5,5,0,3,17,440,5,BL9,744,5,694,843,0,30,20,15
96_Buon Pastore_Amministrative Comunali  Liste,96,Buon Pastore,3,Liste,Amministrative Comunali  Liste,2009,55,7,101,6,14,1,19,19,22,4,8,1,5,16,263,21,BL9,596,11,562,804,0,14,20,9
97_Buon Pastore_Amministrative Comunali  Liste,97,Buon Pastore,3,Liste,Amministrative Comunali  Liste,2009,63,5,69,4,17,3,13,15,38,2,8,3,7,16,393,11,BL9,705,7,667,836,0,24,14,7
98_Buon Pastore_Amministrative Comunali  Liste,98,Buon Pastore,3,Liste,Amministrative Comunali  Liste,2009,59,7,84,8,16,4,15,12,20,1,3,1,3,14,259,11,BL9,537,6,517,735,0,8,12,6
99_Buon Pastore_Amministrative Comunali  Liste,99,Buon Pastore,3,Liste,Amministrative Comunali  Liste,2009,75,3,91,6,13,1,10,12,26,2,3,4,8,15,256,4,BL9,558,7,529,735,0,13,16,9
100_Buon Pastore_Amministrative Comunali  Liste,100,Buon Pastore,3,Liste,Amministrative Comunali  Liste,2009,60,2,101,15,18,2,17,8,27,5,2,2,2,8,283,9,BL9,595,6,561,790,0,15,19,13
101_Buon Pastore_Amministrative Comunali  Liste,101,Buon Pastore,3,Liste,Amministrative Comunali  Liste,2009,93,6,139,17,24,6,21,9,37,3,2,3,9,20,302,3,BL9,747,10,694,931,0,28,25,15
102_Buon Pastore_Amministrative Comunali  Liste,102,Buon Pastore,3,Liste,Amministrative Comunali  Liste,2009,55,8,150,15,21,3,21,9,39,5,1,3,0,6,181,4,BL9,560,10,521,735,0,24,15,5
103_Buon Pastore_Amministrative Comunali  Liste,103,Buon Pastore,3,Liste,Amministrative Comunali  Liste,2009,59,8,154,20,20,3,24,15,29,2,2,1,5,11,181,6,BL9,578,3,540,786,0,29,9,6
104_Buon Pastore_Amministrative Comunali  Liste,104,Buon Pastore,3,Liste,Amministrative Comunali  Liste,2009,43,2,173,23,19,1,15,6,28,3,1,0,4,10,146,5,BL9,529,11,479,705,0,28,22,11
105_Buon Pastore_Amministrative Comunali  Liste,105,Buon Pastore,3,Liste,Amministrative Comunali  Liste,2009,52,1,152,15,16,7,18,8,32,0,5,0,10,15,174,4,BL9,542,4,509,713,0,23,10,6
106_Buon Pastore_Amministrative Comunali  Liste,106,Buon Pastore,3,Liste,Amministrative Comunali  Liste,2009,60,5,195,13,30,4,12,6,22,4,1,5,3,7,137,1,BL9,540,11,505,690,0,20,15,4
107_Buon Pastore_Amministrative Comunali  Liste,107,Buon Pastore,3,Liste,Amministrative Comunali  Liste,2009,56,3,144,23,17,9,22,16,25,5,5,6,4,5,200,6,BL9,582,9,546,774,0,18,18,9
108_Buon Pastore_Amministrative Comunali  Liste,108,Buon Pastore,3,Liste,Amministrative Comunali  Liste,2009,68,3,178,20,26,4,16,10,20,8,1,3,11,12,158,12,BL9,577,5,550,768,0,21,6,1
109_Buon Pastore_Amministrative Comunali  Liste,109,Buon Pastore,3,Liste,Amministrative Comunali  Liste,2009,56,8,164,15,41,8,27,11,32,1,6,4,4,18,217,2,BL9,661,11,614,845,0,24,23,12
110_Buon Pastore_Amministrative Comunali  Liste,110,Buon Pastore,3,Liste,Amministrative Comunali  Liste,2009,61,4,107,14,26,5,27,13,36,4,6,6,7,6,221,5,BL9,582,13,548,776,0,17,17,4
111_Buon Pastore_Amministrative Comunali  Liste,111,Buon Pastore,3,Liste,Amministrative Comunali  Liste,2009,82,4,103,8,25,6,18,11,27,2,9,4,5,20,270,7,BL9,636,8,601,775,0,19,16,8
112_Buon Pastore_Amministrative Comunali  Liste,112,Buon Pastore,3,Liste,Amministrative Comunali  Liste,2009,85,0,121,8,17,6,11,7,22,4,3,6,3,4,286,7,BL9,623,8,590,785,0,20,13,5
113_Buon Pastore_Amministrative Comunali  Liste,113,Buon Pastore,3,Liste,Amministrative Comunali  Liste,2009,39,3,126,20,22,6,35,11,35,1,3,2,6,12,303,8,BL9,686,16,632,799,0,29,25,9
114_Buon Pastore_Amministrative Comunali  Liste,114,Buon Pastore,3,Liste,Amministrative Comunali  Liste,2009,56,2,131,10,22,6,21,16,42,3,6,3,9,7,291,7,BL9,682,9,632,876,0,29,21,12
115_Buon Pastore_Amministrative Comunali  Liste,115,Buon Pastore,3,Liste,Amministrative Comunali  Liste,2009,55,2,128,13,29,6,23,8,14,3,4,0,2,10,291,7,BL9,632,11,595,759,0,21,16,5
116_Buon Pastore_Amministrative Comunali  Liste,116,Buon Pastore,3,Liste,Amministrative Comunali  Liste,2009,66,5,102,11,17,10,32,13,47,8,7,3,2,17,322,9,BL9,697,6,671,862,0,14,12,6
117_Buon Pastore_Amministrative Comunali  Liste,117,Buon Pastore,3,Liste,Amministrative Comunali  Liste,2009,49,2,84,11,13,7,33,9,41,1,4,4,4,19,367,2,BL9,675,6,650,806,0,13,12,6
118_Buon Pastore_Amministrative Comunali  Liste,118,Buon Pastore,3,Liste,Amministrative Comunali  Liste,2009,69,1,97,8,15,4,37,6,30,6,4,3,2,7,292,4,BL9,613,6,585,747,0,14,14,8
119_Buon Pastore_Amministrative Comunali  Liste,119,Buon Pastore,3,Liste,Amministrative Comunali  Liste,2009,71,4,100,9,18,0,33,10,21,0,5,5,4,5,305,9,BL9,629,6,599,823,0,17,13,7
120_Buon Pastore_Amministrative Comunali  Liste,120,Buon Pastore,3,Liste,Amministrative Comunali  Liste,2009,72,6,94,8,29,0,9,14,32,2,8,4,4,13,234,5,BL9,566,7,534,709,0,20,12,5
121_Buon Pastore_Amministrative Comunali  Liste,121,Buon Pastore,3,Liste,Amministrative Comunali  Liste,2009,82,9,143,15,29,2,21,18,26,8,7,7,11,16,308,5,BL9,760,5,707,954,0,27,26,21
122_Buon Pastore_Amministrative Comunali  Liste,122,Buon Pastore,3,Liste,Amministrative Comunali  Liste,2009,34,4,49,2,14,0,17,6,18,0,4,1,0,4,167,1,BL9,344,6,321,1019,0,10,13,7
123_Buon Pastore_Amministrative Comunali  Liste,123,Buon Pastore,3,Liste,Amministrative Comunali  Liste,2009,34,1,98,12,14,0,10,6,13,0,3,5,4,17,162,6,BL9,407,3,385,619,0,14,8,5
124_Buon Pastore_Amministrative Comunali  Liste,124,Buon Pastore,3,Liste,Amministrative Comunali  Liste,2009,96,6,110,17,27,4,34,20,44,2,2,1,6,13,369,12,BL9,812,18,763,982,0,23,26,8
125_Buon Pastore_Amministrative Comunali  Liste,125,Buon Pastore,3,Liste,Amministrative Comunali  Liste,2009,51,3,70,3,11,2,31,20,60,1,5,2,1,21,389,8,BL9,707,9,678,836,0,15,14,5
126_Buon Pastore_Amministrative Comunali  Liste,126,Buon Pastore,3,Liste,Amministrative Comunali  Liste,2009,71,2,65,8,5,2,16,14,32,1,5,1,2,11,378,13,BL9,650,10,626,791,0,9,15,5
127_Buon Pastore_Amministrative Comunali  Liste,127,Buon Pastore,3,Liste,Amministrative Comunali  Liste,2009,47,1,104,3,11,0,15,6,22,0,3,4,3,11,216,7,BL9,485,11,453,613,0,13,19,8
128_Buon Pastore_Amministrative Comunali  Liste,128,Buon Pastore,3,Liste,Amministrative Comunali  Liste,2009,80,0,92,7,28,4,16,11,26,1,3,1,2,8,265,4,BL9,590,14,548,757,0,16,26,12
129_Buon Pastore_Amministrative Comunali  Liste,129,Buon Pastore,3,Liste,Amministrative Comunali  Liste,2009,60,7,90,12,25,0,12,4,30,1,5,0,2,6,239,8,BL9,530,9,501,761,0,14,15,6
130_San Faustino_Amministrative Comunali  Liste,130,San Faustino,4,Liste,Amministrative Comunali  Liste,2009,66,0,114,13,17,1,26,15,20,1,8,1,0,7,185,3,BL9,507,9,477,680,0,12,18,9
131_San Faustino_Amministrative Comunali  Liste,131,San Faustino,4,Liste,Amministrative Comunali  Liste,2009,70,0,107,8,14,3,24,17,26,2,4,2,5,10,229,6,BL9,570,9,527,720,0,22,21,12
132_San Faustino_Amministrative Comunali  Liste,132,San Faustino,4,Liste,Amministrative Comunali  Liste,2009,93,2,160,22,22,5,18,10,32,0,6,5,8,3,198,3,BL9,636,7,587,838,0,33,16,9
133_San Faustino_Amministrative Comunali  Liste,133,San Faustino,4,Liste,Amministrative Comunali  Liste,2009,63,3,112,9,12,1,15,9,19,2,4,0,2,14,198,7,BL9,510,12,470,695,0,19,21,9
134_San Faustino_Amministrative Comunali  Liste,134,San Faustino,4,Liste,Amministrative Comunali  Liste,2009,46,5,87,12,19,4,31,16,23,3,5,5,13,13,219,8,BL9,537,9,509,704,0,16,12,3
135_San Faustino_Amministrative Comunali  Liste,135,San Faustino,4,Liste,Amministrative Comunali  Liste,2009,53,2,163,11,22,3,12,3,7,4,2,2,1,6,108,2,BL9,438,10,401,757,0,11,26,16
136_San Faustino_Amministrative Comunali  Liste,136,San Faustino,4,Liste,Amministrative Comunali  Liste,2009,75,2,111,20,22,7,22,9,21,3,6,4,5,15,123,2,BL9,479,6,447,659,2,18,14,6
137_San Faustino_Amministrative Comunali  Liste,137,San Faustino,4,Liste,Amministrative Comunali  Liste,2009,63,4,158,17,5,8,22,9,27,3,3,4,2,9,189,5,BL9,563,5,528,739,0,25,10,5
138_San Faustino_Amministrative Comunali  Liste,138,San Faustino,4,Liste,Amministrative Comunali  Liste,2009,60,4,136,21,20,5,23,8,28,4,4,1,1,17,221,2,BL9,591,12,555,816,0,10,26,14
139_San Faustino_Amministrative Comunali  Liste,139,San Faustino,4,Liste,Amministrative Comunali  Liste,2009,71,3,106,8,11,2,22,12,25,0,2,2,1,4,266,5,BL9,558,2,540,734,0,12,6,4
140_San Faustino_Amministrative Comunali  Liste,140,San Faustino,4,Liste,Amministrative Comunali  Liste,2009,49,1,80,16,19,5,14,10,22,3,3,1,8,12,217,6,BL9,490,6,466,696,0,14,10,4
141_San Faustino_Amministrative Comunali  Liste,141,San Faustino,4,Liste,Amministrative Comunali  Liste,2009,61,2,105,5,22,7,19,7,24,2,3,5,3,12,212,4,BL9,528,9,493,707,0,18,17,8
142_San Faustino_Amministrative Comunali  Liste,142,San Faustino,4,Liste,Amministrative Comunali  Liste,2009,62,3,154,16,17,7,26,5,26,3,5,2,7,12,223,8,BL9,600,1,576,803,0,18,6,5
143_San Faustino_Amministrative Comunali  Liste,143,San Faustino,4,Liste,Amministrative Comunali  Liste,2009,59,5,161,15,12,8,21,5,16,0,4,6,7,5,170,4,BL9,535,13,498,700,0,17,20,7
144_San Faustino_Amministrative Comunali  Liste,144,San Faustino,4,Liste,Amministrative Comunali  Liste,2009,68,4,99,9,12,14,12,9,25,2,6,1,2,11,266,8,BL9,586,4,548,720,0,26,12,8
145_San Faustino_Amministrative Comunali  Liste,145,San Faustino,4,Liste,Amministrative Comunali  Liste,2009,70,5,100,5,10,3,30,10,17,2,6,3,2,5,271,6,BL9,579,7,545,696,0,20,14,7
146_San Faustino_Amministrative Comunali  Liste,146,San Faustino,4,Liste,Amministrative Comunali  Liste,2009,61,7,100,4,12,2,17,7,28,0,6,2,0,14,272,10,BL9,563,3,542,814,0,13,8,5
147_San Faustino_Amministrative Comunali  Liste,147,San Faustino,4,Liste,Amministrative Comunali  Liste,2009,42,1,63,11,13,4,14,6,25,5,4,0,10,16,376,4,BL9,619,9,594,798,0,10,15,6
148_San Faustino_Amministrative Comunali  Liste,148,San Faustino,4,Liste,Amministrative Comunali  Liste,2009,77,1,130,12,21,6,11,13,16,1,3,5,8,10,291,9,BL9,644,7,614,765,0,12,18,11
149_San Faustino_Amministrative Comunali  Liste,149,San Faustino,4,Liste,Amministrative Comunali  Liste,2009,59,0,116,12,16,5,17,14,25,3,0,4,0,7,299,9,BL9,627,11,586,763,0,26,15,4
150_San Faustino_Amministrative Comunali  Liste,150,San Faustino,4,Liste,Amministrative Comunali  Liste,2009,64,3,164,10,24,2,37,8,36,0,6,8,4,7,292,4,BL9,702,7,667,816,0,22,13,6
151_San Faustino_Amministrative Comunali  Liste,151,San Faustino,4,Liste,Amministrative Comunali  Liste,2009,43,5,115,9,12,1,16,16,22,0,4,8,4,12,279,6,BL9,585,7,552,793,0,16,17,10
152_San Faustino_Amministrative Comunali  Liste,152,San Faustino,4,Liste,Amministrative Comunali  Liste,2009,92,6,181,6,26,5,19,11,25,2,11,6,2,9,251,11,BL9,709,12,663,903,0,29,17,5
153_San Faustino_Amministrative Comunali  Liste,153,San Faustino,4,Liste,Amministrative Comunali  Liste,2009,73,16,200,23,20,8,18,10,26,4,2,5,3,6,195,5,BL9,644,11,614,800,0,15,15,4
154_San Faustino_Amministrative Comunali  Liste,154,San Faustino,4,Liste,Amministrative Comunali  Liste,2009,65,2,153,24,23,11,15,12,25,1,3,2,0,6,176,8,BL9,564,13,526,716,0,20,18,5
155_San Faustino_Amministrative Comunali  Liste,155,San Faustino,4,Liste,Amministrative Comunali  Liste,2009,50,1,166,13,17,2,8,6,15,3,3,4,5,4,167,4,BL9,529,4,468,723,0,53,8,4
156_San Faustino_Amministrative Comunali  Liste,156,San Faustino,4,Liste,Amministrative Comunali  Liste,2009,71,3,159,9,20,3,18,13,25,2,2,2,3,13,147,5,BL9,523,9,495,685,0,10,18,9
157_San Faustino_Amministrative Comunali  Liste,157,San Faustino,4,Liste,Amministrative Comunali  Liste,2009,61,3,77,12,14,5,21,12,27,0,1,1,2,16,320,7,BL9,607,4,579,753,0,17,11,7
158_San Faustino_Amministrative Comunali  Liste,158,San Faustino,4,Liste,Amministrative Comunali  Liste,2009,83,5,124,19,19,3,19,12,33,4,4,1,3,6,334,2,BL9,712,7,671,886,0,17,24,17
159_San Faustino_Amministrative Comunali  Liste,159,San Faustino,4,Liste,Amministrative Comunali  Liste,2009,76,4,86,4,11,1,20,20,38,0,4,3,1,8,309,6,BL9,633,15,591,818,0,15,27,12
160_San Faustino_Amministrative Comunali  Liste,160,San Faustino,4,Liste,Amministrative Comunali  Liste,2009,52,4,62,3,15,1,21,9,43,0,4,12,5,13,335,9,BL9,617,9,588,734,0,16,13,4
161_San Faustino_Amministrative Comunali  Liste,161,San Faustino,4,Liste,Amministrative Comunali  Liste,2009,46,1,102,9,20,2,13,9,28,3,3,7,7,7,185,6,BL9,471,3,448,674,0,18,5,2
162_San Faustino_Amministrative Comunali  Liste,162,San Faustino,4,Liste,Amministrative Comunali  Liste,2009,65,4,84,5,14,7,17,16,30,2,4,4,3,9,362,4,BL9,662,6,630,795,0,16,16,10
163_San Faustino_Amministrative Comunali  Liste,163,San Faustino,4,Liste,Amministrative Comunali  Liste,2009,44,2,85,7,14,1,19,12,37,2,4,10,2,10,339,7,BL9,632,9,595,801,0,23,14,5
164_San Faustino_Amministrative Comunali  Liste,164,San Faustino,4,Liste,Amministrative Comunali  Liste,2009,70,4,83,8,15,1,16,22,29,2,7,3,1,8,311,12,BL9,618,3,592,782,0,12,14,11
165_San Faustino_Amministrative Comunali  Liste,165,San Faustino,4,Liste,Amministrative Comunali  Liste,2009,57,4,61,7,14,1,26,15,29,4,4,14,4,9,401,3,BL9,687,9,653,843,0,16,18,9
166_San Faustino_Amministrative Comunali  Liste,166,San Faustino,4,Liste,Amministrative Comunali  Liste,2009,49,11,103,11,22,0,19,11,25,3,3,5,3,3,255,10,BL9,565,7,533,750,0,16,16,9
167_San Faustino_Amministrative Comunali  Liste,167,San Faustino,4,Liste,Amministrative Comunali  Liste,2009,45,4,75,5,11,1,22,9,31,3,2,25,7,4,350,7,BL9,633,8,601,755,0,23,9,1
168_San Faustino_Amministrative Comunali  Liste,168,San Faustino,4,Liste,Amministrative Comunali  Liste,2009,71,8,124,3,11,2,21,14,31,2,6,4,7,16,283,4,BL9,641,12,607,863,0,18,16,4
169_San Faustino_Amministrative Comunali  Liste,169,San Faustino,4,Liste,Amministrative Comunali  Liste,2009,77,4,120,15,13,8,29,13,36,1,7,5,6,20,413,7,BL9,832,14,774,1026,0,24,34,20
170_San Faustino_Amministrative Comunali  Liste,170,San Faustino,4,Liste,Amministrative Comunali  Liste,2009,81,3,168,12,24,4,18,13,47,1,0,2,1,20,320,5,BL9,769,11,719,990,1,29,21,9
171_San Faustino_Amministrative Comunali  Liste,171,San Faustino,4,Liste,Amministrative Comunali  Liste,2009,122,0,161,8,30,9,18,18,21,4,4,3,3,8,319,5,BL9,770,11,733,917,0,18,19,8
172_San Faustino_Amministrative Comunali  Liste,172,San Faustino,4,Liste,Amministrative Comunali  Liste,2009,39,5,93,8,21,1,12,9,20,1,8,0,2,1,194,8,BL9,454,10,422,599,0,16,16,6
173_San Faustino_Amministrative Comunali  Liste,173,San Faustino,4,Liste,Amministrative Comunali  Liste,2009,62,4,110,6,15,4,7,6,14,1,4,0,5,3,214,5,BL9,497,7,460,631,0,23,14,7
174_San Faustino_Amministrative Comunali  Liste,174,San Faustino,4,Liste,Amministrative Comunali  Liste,2009,48,2,88,3,8,2,15,10,27,0,11,0,8,6,202,6,BL9,472,8,436,600,0,16,20,12
175_San Faustino_Amministrative Comunali  Liste,175,San Faustino,4,Liste,Amministrative Comunali  Liste,2009,61,2,139,11,21,8,12,9,25,3,2,2,2,10,213,10,BL9,563,8,530,726,0,15,18,10
176_San Faustino_Amministrative Comunali  Liste,176,San Faustino,4,Liste,Amministrative Comunali  Liste,2009,66,5,126,6,13,2,19,6,35,2,2,2,3,3,298,3,BL9,616,8,591,732,0,12,13,5
177_San Faustino_Amministrative Comunali  Liste,177,San Faustino,4,Liste,Amministrative Comunali  Liste,2009,66,3,72,6,18,4,23,7,31,0,2,2,4,7,388,5,BL9,669,6,638,757,0,12,19,13
178_San Faustino_Amministrative Comunali  Liste,178,San Faustino,4,Liste,Amministrative Comunali  Liste,2009,69,5,124,14,16,11,20,17,24,4,5,5,1,6,231,14,BL9,609,6,566,782,0,27,16,10
179_San Faustino_Amministrative Comunali  Liste,179,San Faustino,4,Liste,Amministrative Comunali  Liste,2009,78,6,136,16,25,4,22,10,30,2,4,4,2,5,224,12,BL9,620,10,580,815,0,18,22,12
180_San Faustino_Amministrative Comunali  Liste,180,San Faustino,4,Liste,Amministrative Comunali  Liste,2009,83,3,121,10,47,20,24,13,25,3,7,5,4,8,249,15,BL9,669,8,637,821,0,8,24,16
181_Buon Pastore_Amministrative Comunali  Liste,181,Buon Pastore,3,Liste,Amministrative Comunali  Liste,2009,5,0,10,0,2,0,1,3,1,1,0,0,0,0,23,0,BL9,49,0,46,0,0,0,3,3
182_Buon Pastore_Amministrative Comunali  Liste,182,Buon Pastore,3,Liste,Amministrative Comunali  Liste,2009,1,0,3,0,2,1,0,2,2,0,0,0,0,1,15,0,BL9,29,0,27,0,0,1,1,1
183_San Faustino_Amministrative Comunali  Liste,183,San Faustino,4,Liste,Amministrative Comunali  Liste,2009,2,1,6,4,3,0,0,0,2,2,0,1,3,1,22,0,BL9,49,0,47,0,0,1,1,1
184_San Faustino_Amministrative Comunali  Liste,184,San Faustino,4,Liste,Amministrative Comunali  Liste,2009,1,0,7,0,1,0,0,0,1,0,0,0,0,0,17,1,BL9,28,0,28,0,0,0,0,0
185_San Faustino_Amministrative Comunali  Liste,185,San Faustino,4,Liste,Amministrative Comunali  Liste,2009,64,4,124,11,18,2,28,5,22,0,1,4,0,5,243,1,BL9,569,12,532,704,0,22,15,3
186_San Faustino_Amministrative Comunali  Liste,186,San Faustino,4,Liste,Amministrative Comunali  Liste,2009,47,4,59,5,20,1,20,8,16,1,4,6,1,10,234,1,BL9,480,10,437,629,0,18,25,15
187_Buon Pastore_Amministrative Comunali  Liste,187,Buon Pastore,3,Liste,Amministrative Comunali  Liste,2009,52,2,95,10,21,10,32,15,37,2,2,10,3,32,331,5,BL9,695,5,659,846,0,28,8,3
