THE_PK_KEY,SECTION,DISTRICT,DISTRICT_CD,DATA_TYPE,ELECTION,YEAR,LIBERAL_DEMOCRATICI,PARTITO_COMUNISTA_LAVORATORI,LEGA,SINISTRA_E_LIBERTA_,RIFONDAZIONE_E_COMUNISTI_IT_,FIAMMA_TRICOLORE,IL_POPOLO_DELLA_LIBERTA_,LISTA_MARCO_PANNELLA,U_D_C____DEMOCRATICI_DI_CENTRO,ITALIA_DEI_VALORI,FORZA_NUOVA,PARTITO_DEMOCRATICO,SUDTIROLER__VOLKSPARTEI,L_AUTONOMIA_PENSIONATI,FORM,#VOTERS,#BLANK,#VALID,#REGISTERED,#DISPUTED,#OF WHICH,#NOT VALID,#NULL
3_Centro_Europee,3,Centro,1,Liste,Europee,2009,0,1,57,,7,,288,26,28,,3,,1,2,E09,608,6,600,826,0,0,8,2
4_Centro_Europee,4,Centro,1,Liste,Europee,2009,2,3,74,18,,4,213,,,42,,138,0,0,E09,599,8,573,831,0,0,26,18
5_Centro_Europee,5,Centro,,Liste,Europee,2009,,,49,16,13,6,,27,23,32,5,144,1,2,E09,599,5,584,799,0,0,15,10
7_Centro_Europee,7,Centro,1,Liste,Europee,2009,0,1,72,16,8,3,278,28,34,37,5,154,0,2,E09,653,2,638,843,0,0,15,13
8_Centro_Europee,8,Centro,1,Liste,Europee,2009,2,4,43,16,8,5,156,22,17,35,,124,,2,E09,455,3,438,672,0,0,17,14
9_Centro_Europee,9,Centro,,Liste,Europee,2009,0,4,62,16,16,,204,29,23,,1,138,1,1,E09,558,10,543,792,0,0,15,5
10_Centro_Europee,10,Centro,1,Liste,Europee,2009,1,3,41,6,8,3,219,28,,27,,,1,1,E09,531,3,513,744,0,0,18,15
11_Centro_Europee,11,Centro,1,Liste,Europee,2009,0,2,,16,14,2,168,31,22,37,2,140,,0,E09,480,6,465,622,0,0,15,9
,12,Centro,1,Liste,Europee,2009,1,1,45,24,,4,178,31,,,3,162,0,,E09,555,4,535,825,0,0,20,16
13_Centro_Europee,13,Centro,1,Liste,Europee,2009,2,2,54,,17,,196,47,,40,1,164,0,,E09,593,9,572,819,0,0,21,12
14_Centro_Europee,14,Centro,1,Liste,Europee,2009,0,5,56,25,13,2,,,20,,1,155,,,E09,546,2,540,746,0,0,6,4
15_Centro_Europee,15,Centro,1,Liste,Europee,2009,1,5,60,,13,3,143,7,18,34,,227,1,0,E09,550,9,529,775,5,0,21,7
,16,Centro,1,Liste,Europee,2009,,5,72,14,7,,128,,,33,5,211,1,2,E09,542,3,533,728,0,0,9,6
17_Centro_Europee,17,Centro,1,Liste,Europee,2009,0,7,35,,19,,147,10,19,54,5,261,0,6,E09,604,15,581,845,0,0,23,8
18_Centro_Europee,18,Centro,1,Liste,Europee,2009,1,0,,9,8,3,121,13,,41,4,251,0,,E09,536,8,524,739,0,0,12,4
19_Centro_Europee,19,Centro,,Liste,Europee,2009,0,,34,17,17,2,139,26,16,43,1,147,0,3,E09,456,4,446,636,0,0,10,6
20_Centro_Europee,20,Centro,1,Liste,Europee,2009,0,3,43,23,11,1,,16,22,37,1,167,0,1,E09,518,6,505,701,0,0,13,7
21_Centro_Europee,21,Centro,1,Liste,Europee,2009,,,,13,16,2,122,10,10,36,2,160,0,3,E09,426,6,415,643,0,0,11,5
,22,Crocetta,2,Liste,Europee,2009,,7,,9,,5,149,16,,,,215,1,2,E09,530,5,513,755,0,0,17,12
23_Crocetta_Europee,23,Crocetta,2,Liste,Europee,2009,0,3,41,,17,,83,10,,28,1,244,0,,E09,473,3,461,647,0,0,12,9
26_Crocetta_Europee,26,Crocetta,2,Liste,Europee,2009,0,7,53,,12,4,123,17,,37,0,305,,2,E09,605,9,589,732,0,0,16,7
,27,Crocetta,,Liste,Europee,2009,1,4,45,14,12,4,82,9,12,46,1,271,0,1,E09,512,7,502,654,0,0,10,3
29_Crocetta_Europee,29,Crocetta,2,Liste,Europee,2009,0,5,60,16,26,0,101,11,20,26,,259,1,,E09,545,7,528,718,0,0,17,10
32_Crocetta_Europee,32,Crocetta,,Liste,Europee,2009,,2,61,5,10,2,131,11,21,53,,,0,3,E09,623,13,597,798,0,0,26,13
34_Crocetta_Europee,34,Crocetta,2,Liste,Europee,2009,,,60,18,8,3,108,9,9,,1,313,0,2,E09,611,10,599,761,0,0,12,2
35_Crocetta_Europee,35,Crocetta,2,Liste,Europee,2009,0,7,45,12,,,,16,11,42,3,268,,0,E09,557,6,541,735,0,0,16,10
,37,Crocetta,,Liste,Europee,2009,0,8,,7,12,3,121,12,23,48,,,0,0,E09,643,8,630,769,0,0,13,5
38_Crocetta_Europee,38,Crocetta,2,Liste,Europee,2009,0,5,48,12,11,2,103,18,,43,5,294,,,E09,579,7,563,714,0,0,16,9
,39,Crocetta,,Liste,Europee,2009,1,2,51,12,12,2,124,,20,,0,316,0,0,E09,641,4,625,794,0,0,16,12
41_Crocetta_Europee,41,Crocetta,2,Liste,Europee,2009,2,6,62,17,12,,130,,21,74,2,,1,6,E09,726,7,710,968,0,0,16,9
42_Crocetta_Europee,42,Crocetta,2,Liste,Europee,2009,2,0,55,13,20,,105,13,21,61,3,265,,3,E09,591,10,566,752,0,0,25,15
43_Crocetta_Europee,43,Crocetta,2,Liste,Europee,2009,0,6,,4,13,8,108,12,27,46,2,206,0,1,E09,495,9,482,669,0,0,13,4
44_Crocetta_Europee,44,Crocetta,2,Liste,Europee,2009,0,3,22,,9,0,109,9,25,27,1,,0,1,E09,432,5,423,585,0,0,9,4
45_Crocetta_Europee,45,Crocetta,2,Liste,Europee,2009,2,3,,25,27,6,120,,15,,1,,2,5,E09,618,7,596,814,0,0,22,15
46_Crocetta_Europee,46,Crocetta,2,Liste,Europee,2009,1,4,52,,12,2,118,15,20,52,1,,0,,E09,595,6,574,727,0,0,21,15
48_Crocetta_Europee,48,Crocetta,,Liste,Europee,2009,0,0,26,23,13,4,115,16,17,33,0,166,,1,E09,434,7,415,598,0,0,19,12
49_Crocetta_Europee,49,Crocetta,2,Liste,Europee,2009,0,4,42,21,13,5,,16,,52,,176,,3,E09,538,7,522,703,0,0,16,9
50_Crocetta_Europee,50,Crocetta,2,Liste,Europee,2009,2,7,42,4,,1,193,26,23,32,,170,0,3,E09,525,5,515,696,0,0,10,5
51_Crocetta_Europee,51,Crocetta,,Liste,Europee,2009,0,4,38,19,13,2,118,24,19,46,0,,1,2,E09,545,11,526,689,0,0,19,8
52_Crocetta_Europee,52,Crocetta,2,Liste,Europee,2009,0,5,73,15,,3,163,19,24,58,3,239,0,,E09,650,8,627,848,0,0,23,15
53_Crocetta_Europee,53,Crocetta,2,Liste,Europee,2009,,7,35,16,,3,131,14,26,42,2,210,,7,E09,540,6,521,732,0,0,19,13
,54,Crocetta,,Liste,Europee,2009,0,4,34,9,13,,177,17,,48,0,,0,0,E09,520,8,500,716,0,0,20,12
55_Crocetta_Europee,55,Crocetta,2,Liste,Europee,2009,1,4,39,,,2,,13,22,48,1,170,0,2,E09,511,6,499,685,0,0,12,6
56_Crocetta_Europee,56,Crocetta,,Liste,Europee,2009,0,2,,6,,3,,25,26,,3,151,0,3,E09,583,7,572,756,0,0,11,4
57_Crocetta_Europee,57,Crocetta,2,Liste,Europee,2009,2,0,39,6,,1,149,14,27,35,,155,1,,E09,465,8,445,647,0,0,20,12
58_Crocetta_Europee,58,Crocetta,2,Liste,Europee,2009,1,4,48,,18,6,96,11,16,45,4,271,0,1,E09,555,10,537,754,0,0,18,8
59_Crocetta_Europee,59,Crocetta,2,Liste,Europee,2009,0,4,42,4,,1,89,12,19,29,,214,,1,E09,445,7,431,557,1,0,14,6
60_Crocetta_Europee,60,Crocetta,2,Liste,Europee,2009,0,1,59,10,21,4,101,9,13,46,1,,1,4,E09,579,8,563,751,0,0,16,8
61_Crocetta_Europee,61,Crocetta,2,Liste,Europee,2009,0,4,,,,0,112,12,13,,2,,0,5,E09,681,10,662,808,0,0,19,9
62_Crocetta_Europee,62,Crocetta,2,Liste,Europee,2009,0,7,63,5,,5,139,15,15,65,0,284,2,0,E09,631,12,612,778,0,0,19,7
64_Crocetta_Europee,64,Crocetta,2,Liste,Europee,2009,0,6,,5,,5,,8,13,,2,206,0,2,E09,470,9,455,615,0,0,15,6
66_Crocetta_Europee,66,Crocetta,,Liste,Europee,2009,,,44,,14,3,,5,,39,2,236,1,,E09,497,4,490,624,0,0,7,3
67_Crocetta_Europee,67,Crocetta,,Liste,Europee,2009,1,7,67,10,20,4,134,15,31,42,1,302,,6,E09,655,7,640,824,0,0,15,8
68_Crocetta_Europee,68,Crocetta,2,Liste,Europee,2009,0,5,67,8,,5,,16,19,42,2,200,0,6,E09,518,11,490,697,0,0,28,17
69_Crocetta_Europee,69,Crocetta,2,Liste,Europee,2009,0,3,51,12,,0,168,9,17,,3,223,1,,E09,587,13,557,759,0,0,30,17
70_Crocetta_Europee,70,Crocetta,2,Liste,Europee,2009,0,4,38,10,14,,130,11,,44,,267,1,1,E09,564,9,548,737,0,0,16,7
,71,Buon Pastore,3,Liste,Europee,2009,,2,,,16,,199,23,19,,3,133,0,1,E09,504,5,496,704,0,0,8,3
72_Buon Pastore_Europee,72,Buon Pastore,3,Liste,Europee,2009,,3,78,10,15,,,11,24,29,2,149,,2,E09,584,6,573,717,0,0,11,5
73_Buon Pastore_Europee,73,Buon Pastore,3,Liste,Europee,2009,1,,,,,2,248,26,23,36,3,144,1,1,E09,573,4,566,711,1,0,7,2
,75,Buon Pastore,3,Liste,Europee,2009,0,5,62,8,,2,172,28,32,28,4,156,,2,E09,527,6,508,703,0,0,19,13
77_Buon Pastore_Europee,77,Buon Pastore,3,Liste,Europee,2009,0,3,40,3,11,,,14,33,19,2,139,0,1,E09,479,2,470,638,0,0,9,7
79_Buon Pastore_Europee,79,Buon Pastore,3,Liste,Europee,2009,0,3,79,12,7,1,94,15,,42,2,270,0,1,E09,556,7,543,717,0,0,13,6
80_Buon Pastore_Europee,80,Buon Pastore,3,Liste,Europee,2009,2,5,62,10,13,3,,12,,58,3,361,0,,E09,688,10,672,857,0,0,16,6
81_Buon Pastore_Europee,81,Buon Pastore,3,Liste,Europee,2009,0,4,52,11,13,4,116,21,17,52,3,325,0,1,E09,634,7,619,753,0,0,15,8
82_Buon Pastore_Europee,82,Buon Pastore,3,Liste,Europee,2009,1,4,62,5,12,,166,19,29,60,0,285,0,3,E09,670,6,653,875,0,0,17,11
83_Buon Pastore_Europee,83,Buon Pastore,3,Liste,Europee,2009,0,4,44,9,19,3,,8,20,32,2,267,0,,E09,488,6,467,608,0,0,21,15
84_Buon Pastore_Europee,84,Buon Pastore,,Liste,Europee,2009,,6,54,9,,2,112,,22,35,0,,0,5,E09,606,5,595,766,0,0,11,6
86_Buon Pastore_Europee,86,Buon Pastore,3,Liste,Europee,2009,1,5,54,8,11,0,195,21,23,44,0,,,0,E09,647,10,632,788,0,0,15,5
87_Buon Pastore_Europee,87,Buon Pastore,3,Liste,Europee,2009,,,68,14,13,,140,10,,49,2,241,2,1,E09,587,4,572,759,0,0,15,11
88_Buon Pastore_Europee,88,Buon Pastore,3,Liste,Europee,2009,2,6,45,3,11,5,101,9,,51,,284,,2,E09,545,4,532,697,0,0,13,9
89_Buon Pastore_Europee,89,Buon Pastore,3,Liste,Europee,2009,0,6,67,15,11,,175,11,36,44,,395,1,,E09,777,8,763,945,0,0,14,6
,90,Buon Pastore,3,Liste,Europee,2009,1,3,46,15,12,2,89,19,,38,2,337,0,,E09,612,9,592,754,0,0,20,11
,92,Buon Pastore,,Liste,Europee,2009,0,1,50,10,14,,71,15,21,56,2,,0,2,E09,589,2,582,689,0,0,7,5
93_Buon Pastore_Europee,93,Buon Pastore,3,Liste,Europee,2009,1,,57,11,22,3,93,7,14,44,0,244,0,3,E09,519,8,502,655,0,0,17,9
94_Buon Pastore_Europee,94,Buon Pastore,3,Liste,Europee,2009,,5,70,16,14,4,,17,23,48,,,,1,E09,718,9,701,850,0,0,17,8
95_Buon Pastore_Europee,95,Buon Pastore,3,Liste,Europee,2009,1,3,57,,15,1,73,,16,61,,452,1,2,E09,745,8,716,841,0,0,29,21
97_Buon Pastore_Europee,97,Buon Pastore,3,Liste,Europee,2009,,6,62,,,2,105,13,19,,0,390,0,1,E09,705,6,689,836,0,0,16,10
98_Buon Pastore_Europee,98,Buon Pastore,3,Liste,Europee,2009,0,,55,6,20,,92,15,25,30,2,262,,,E09,537,7,522,735,0,0,15,8
99_Buon Pastore_Europee,99,Buon Pastore,3,Liste,Europee,2009,0,5,59,,13,,123,16,14,31,,,0,4,E09,558,4,540,735,0,0,18,14
,100,Buon Pastore,3,Liste,Europee,2009,1,4,55,12,13,4,113,20,31,44,,290,,2,E09,603,3,590,789,0,0,13,10
,101,Buon Pastore,3,Liste,Europee,2009,1,4,57,15,16,6,185,27,35,48,,325,0,5,E09,749,9,725,931,0,0,24,15
102_Buon Pastore_Europee,102,Buon Pastore,3,Liste,Europee,2009,1,3,61,10,8,1,172,24,33,,3,,0,,E09,560,6,548,732,0,0,12,6
,103,Buon Pastore,3,Liste,Europee,2009,1,3,55,12,16,1,213,18,23,41,,177,0,6,E09,578,5,568,783,0,0,10,5
107_Buon Pastore_Europee,107,Buon Pastore,3,Liste,Europee,2009,,,57,9,20,2,,23,,36,,211,0,4,E09,582,4,566,773,0,0,16,12
109_Buon Pastore_Europee,109,Buon Pastore,,Liste,Europee,2009,,8,,15,6,1,201,29,49,49,1,238,,2,E09,660,7,644,843,0,0,16,9
110_Buon Pastore_Europee,110,Buon Pastore,,Liste,Europee,2009,0,3,53,14,18,4,,29,28,51,4,,0,,E09,583,11,566,772,0,0,17,6
111_Buon Pastore_Europee,111,Buon Pastore,3,Liste,Europee,2009,0,6,83,9,19,3,,19,34,38,4,,,2,E09,650,5,632,775,0,0,18,13
112_Buon Pastore_Europee,112,Buon Pastore,,Liste,Europee,2009,,4,72,4,,2,157,10,25,35,,274,1,8,E09,623,12,601,780,0,0,22,10
113_Buon Pastore_Europee,113,Buon Pastore,,Liste,Europee,2009,,2,59,19,17,2,135,16,38,,,309,0,1,E09,687,14,664,799,0,0,23,9
114_Buon Pastore_Europee,114,Buon Pastore,3,Liste,Europee,2009,,5,61,9,12,2,154,12,28,46,2,319,,,E09,681,11,656,874,0,0,25,14
115_Buon Pastore_Europee,115,Buon Pastore,3,Liste,Europee,2009,0,0,58,7,12,0,157,12,39,,1,,0,2,E09,629,16,607,756,0,0,22,6
116_Buon Pastore_Europee,116,Buon Pastore,3,Liste,Europee,2009,0,4,63,15,18,5,,,,66,4,,,0,E09,697,12,680,860,0,0,17,5
117_Buon Pastore_Europee,117,Buon Pastore,3,Liste,Europee,2009,,4,,12,12,0,93,14,23,60,2,382,0,3,E09,675,7,659,803,0,0,16,9
118_Buon Pastore_Europee,118,Buon Pastore,3,Liste,Europee,2009,0,4,57,8,10,1,126,22,15,46,2,298,,2,E09,613,7,594,746,0,0,19,12
119_Buon Pastore_Europee,119,Buon Pastore,3,Liste,Europee,2009,1,4,67,10,,3,125,21,,,,,0,0,E09,628,6,617,821,0,0,11,5
120_Buon Pastore_Europee,120,Buon Pastore,,Liste,Europee,2009,,8,64,8,17,3,,12,36,45,,244,1,,E09,566,7,554,708,0,0,12,5
121_Buon Pastore_Europee,121,Buon Pastore,,Liste,Europee,2009,0,,71,,,7,203,21,33,,,,0,2,E09,760,5,741,953,0,0,19,14
,122,Buon Pastore,3,Liste,Europee,2009,,2,27,6,,3,,,16,,0,176,,,E09,345,2,339,844,0,0,6,4
125_Buon Pastore_Europee,125,Buon Pastore,,Liste,Europee,2009,0,4,50,28,27,1,,,13,61,2,409,0,1,E09,707,10,691,835,0,0,16,6
,127,Buon Pastore,,Liste,Europee,2009,0,2,44,16,12,1,,,,35,,221,0,0,E09,485,9,471,600,0,0,14,5
129_Buon Pastore_Europee,129,Buon Pastore,3,Liste,Europee,2009,0,3,45,6,10,3,111,15,26,43,,248,0,3,E09,530,5,514,694,0,0,16,11
132_San Faustino_Europee,132,San Faustino,,Liste,Europee,2009,,3,90,5,10,3,198,28,24,,1,210,,0,E09,637,11,621,835,0,0,16,5
134_San Faustino_Europee,134,San Faustino,,Liste,Europee,2009,2,,37,14,16,5,121,15,24,37,2,,,2,E09,535,12,516,702,0,0,19,7
,135,San Faustino,,Liste,Europee,2009,1,1,43,,3,1,198,15,25,17,1,109,0,1,E09,438,9,419,736,0,0,19,10
136_San Faustino_Europee,136,San Faustino,4,Liste,Europee,2009,1,,46,,,5,157,28,,27,4,145,1,0,E09,480,6,468,633,0,0,12,6
137_San Faustino_Europee,137,San Faustino,4,Liste,Europee,2009,,2,51,7,,5,195,,,43,2,186,,7,E09,563,7,552,733,0,0,11,4
139_San Faustino_Europee,139,San Faustino,4,Liste,Europee,2009,0,,49,4,19,6,131,12,,47,0,255,1,,E09,557,5,547,734,0,0,10,5
140_San Faustino_Europee,140,San Faustino,4,Liste,Europee,2009,0,2,,6,14,0,,14,23,,0,226,0,2,E09,490,4,482,688,0,0,8,4
141_San Faustino_Europee,141,San Faustino,4,Liste,Europee,2009,1,0,,10,,4,120,18,22,,,225,0,,E09,528,14,505,705,0,0,23,9
,143,San Faustino,4,Liste,Europee,2009,,2,53,10,5,2,204,,20,35,0,178,1,0,E09,535,7,522,699,0,0,13,6
144_San Faustino_Europee,144,San Faustino,4,Liste,Europee,2009,1,,,12,10,,142,15,19,38,3,269,,0,E09,586,2,575,717,0,0,11,9
145_San Faustino_Europee,145,San Faustino,4,Liste,Europee,2009,0,1,58,13,11,5,,,,39,1,277,0,1,E09,579,5,568,695,0,0,11,6
146_San Faustino_Europee,146,San Faustino,4,Liste,Europee,2009,1,3,56,12,12,,,18,13,34,,271,1,0,E09,562,5,552,780,0,0,10,5
,147,San Faustino,,Liste,Europee,2009,0,3,35,13,14,2,96,14,18,42,1,365,0,,E09,619,7,604,765,0,0,15,8
148_San Faustino_Europee,148,San Faustino,4,Liste,Europee,2009,0,4,64,13,16,0,166,14,22,,1,297,2,0,E09,643,4,630,765,0,0,13,9
149_San Faustino_Europee,149,San Faustino,,Liste,Europee,2009,,3,,5,16,2,143,10,20,38,0,,0,,E09,628,4,619,763,0,0,9,5
150_San Faustino_Europee,150,San Faustino,4,Liste,Europee,2009,0,1,56,9,12,3,198,26,27,64,0,288,,2,E09,702,6,687,815,0,0,15,9
,151,San Faustino,4,Liste,Europee,2009,0,6,44,14,15,2,144,15,17,26,2,273,,3,E09,583,12,562,785,0,0,21,9
152_San Faustino_Europee,152,San Faustino,4,Liste,Europee,2009,1,5,79,,11,6,,21,37,,2,,0,1,E09,709,6,698,902,0,0,11,5
,153,San Faustino,4,Liste,Europee,2009,1,3,81,12,12,7,222,20,30,39,,189,0,3,E09,644,12,626,799,0,0,18,6
,154,San Faustino,4,Liste,Europee,2009,0,6,65,7,11,3,194,20,30,,1,,1,2,E09,564,6,551,711,0,0,13,7
155_San Faustino_Europee,155,San Faustino,4,Liste,Europee,2009,1,4,,5,11,,217,20,,19,,167,0,3,E09,531,4,522,716,0,0,9,5
156_San Faustino_Europee,156,San Faustino,4,Liste,Europee,2009,0,5,59,10,12,1,178,17,,41,2,149,,1,E09,522,8,504,670,0,0,18,10
157_San Faustino_Europee,157,San Faustino,4,Liste,Europee,2009,,1,,15,21,3,106,,23,36,4,323,0,1,E09,610,3,601,752,0,0,9,6
159_San Faustino_Europee,159,San Faustino,4,Liste,Europee,2009,1,10,,8,15,,105,10,21,65,2,,0,1,E09,633,12,610,812,0,0,23,11
160_San Faustino_Europee,160,San Faustino,4,Liste,Europee,2009,0,,,12,13,,80,28,20,,0,329,,3,E09,615,8,600,733,1,0,15,6
161_San Faustino_Europee,161,San Faustino,4,Liste,Europee,2009,0,,47,,7,0,117,13,22,36,1,200,2,,E09,471,6,461,659,0,0,10,4
162_San Faustino_Europee,162,San Faustino,4,Liste,Europee,2009,0,,61,11,12,2,106,8,25,40,4,372,0,2,E09,662,6,647,792,0,0,15,9
164_San Faustino_Europee,164,San Faustino,4,Liste,Europee,2009,0,5,60,8,27,3,109,,,46,,307,,,E09,618,4,603,780,0,0,15,11
165_San Faustino_Europee,165,San Faustino,4,Liste,Europee,2009,0,6,56,5,16,4,,12,38,45,2,405,0,6,E09,687,12,665,841,0,0,22,10
166_San Faustino_Europee,166,San Faustino,4,Liste,Europee,2009,1,2,55,4,13,4,131,12,,45,,252,1,,E09,565,6,550,744,0,0,15,9
168_San Faustino_Europee,168,San Faustino,4,Liste,Europee,2009,0,7,68,10,14,10,149,10,17,34,,297,0,,E09,641,8,622,850,0,0,19,11
,169,San Faustino,4,Liste,Europee,2009,,,85,16,17,6,150,,20,53,2,,,4,E09,832,13,803,1024,0,0,29,16
170_San Faustino_Europee,170,San Faustino,4,Liste,Europee,2009,,5,86,,16,2,195,,37,67,3,312,0,2,E09,769,6,754,990,0,0,15,9
171_San Faustino_Europee,171,San Faustino,4,Liste,Europee,2009,,,89,,20,,196,13,41,,0,,0,1,E09,770,7,749,916,0,0,21,14
,172,San Faustino,,Liste,Europee,2009,0,5,46,6,,1,115,7,,26,,194,0,1,E09,453,7,441,598,0,0,12,5
173_San Faustino_Europee,173,San Faustino,4,Liste,Europee,2009,0,,60,8,7,4,129,8,16,18,3,,0,4,E09,497,9,482,629,0,0,15,6
174_San Faustino_Europee,174,San Faustino,4,Liste,Europee,2009,0,4,54,7,11,2,109,13,18,38,0,,0,0,E09,472,6,459,600,0,0,13,7
175_San Faustino_Europee,175,San Faustino,4,Liste,Europee,2009,0,1,56,10,21,2,162,13,27,37,0,209,3,0,E09,562,7,541,713,0,0,21,14
,178,San Faustino,4,Liste,Europee,2009,,2,68,,29,6,,15,22,,2,244,1,7,E09,623,7,604,778,0,0,19,12
,179,San Faustino,4,Liste,Europee,2009,,5,,,,,161,10,33,37,3,245,1,0,E09,621,5,603,813,0,0,18,13
180_San Faustino_Europee,180,San Faustino,4,Liste,Europee,2009,1,,96,11,17,3,,14,48,,0,256,0,,E09,670,8,646,817,0,0,24,16
181_Buon Pastore_Europee,181,Buon Pastore,3,Liste,Europee,2009,1,2,9,0,1,0,27,2,7,5,0,45,,,E09,105,1,101,0,0,0,4,3
,182,Buon Pastore,3,Liste,Europee,2009,,0,,,3,,19,0,1,4,0,30,0,0,E09,72,1,69,0,0,0,3,2
183_San Faustino_Europee,183,San Faustino,4,Liste,Europee,2009,1,,5,2,0,,17,0,9,5,0,42,0,0,E09,88,1,86,0,0,0,2,1
184_San Faustino_Europee,184,San Faustino,4,Liste,Europee,2009,,,6,0,3,1,10,,1,4,0,,0,0,E09,62,3,58,0,0,0,4,1
,185,San Faustino,4,Liste,Europee,2009,2,4,63,7,,2,140,14,,,2,,0,0,E09,569,9,552,702,0,0,17,8
186_San Faustino_Europee,186,San Faustino,4,Liste,Europee,2009,0,6,46,13,,1,79,9,29,26,2,230,0,2,E09,480,11,454,629,0,0,26,15
187_Buon Pastore_Europee,187,Buon Pastore,3,Liste,Europee,2009,0,8,60,18,14,0,118,,22,,1,,0,0,E09,693,5,679,843,0,0,14,9
