THE_PK_KEY,SECTION,DISTRICT,DISTRICT_CD,DATA_TYPE,ELECTION,YEAR,POTERE_AL_POPOLO,LEGA,FRATELLI_D_ITALIA,RETE_PROGETTO_EMILIA_ROMAGNA,FORZA_ITALIA,IL_POPOLO_DELLA_FAMIGLIA_E_R,GIOVANI_PER_L_AMBIENTE,MOVIMENTO_5_STELLE,PARTITO_COMUNISTA,STEFANO BONACCINI,E_R_CORAGGIOSA_ECOL_PROGRES,EUROPA,VOLT_EMILIA_ROMAGNA,EUROPA_VERDE,PARTITO_DEMOCRATICO,MOVIMENTO_3V_VACCINI_VOG_VER,L_ALTRA_EMILIA_ROMAGNA,FORM,#VOTERS,#BLANK,#VALID,#REGISTERED,#DISPUTED,#OF WHICH,#NOT VALID,#NULL
1_Centro_Regionali Liste,1,Centro,1,Liste,Regionali Liste,2020,3,154,67,4,34,4,4,17,0,,16,,10,12,168,,5,RL0,608,2,557,882,0,,7,5
2_Centro_Regionali Liste,2,Centro,1,Liste,Regionali Liste,2020,9,100,46,8,,2,3,10,1,28,19,,7,10,137,0,5,RL0,443,0,406,722,0,,6,6
5_Centro_Regionali Liste,5,Centro,,Liste,Regionali Liste,2020,4,121,,,25,2,2,12,3,,27,11,4,,133,6,5,RL0,552,4,499,845,0,,10,6
7_Centro_Regionali Liste,7,Centro,1,Liste,Regionali Liste,2020,5,131,77,4,35,,0,11,1,41,27,12,4,15,141,4,3,RL0,593,2,524,798,0,,6,4
8_Centro_Regionali Liste,8,Centro,1,Liste,Regionali Liste,2020,,67,47,5,13,2,1,20,3,50,25,17,8,,110,3,3,RL0,423,5,383,731,0,,8,3
,9,Centro,1,Liste,Regionali Liste,2020,2,137,62,8,16,5,,16,1,,23,12,,19,161,,4,RL0,552,0,525,813,0,,3,3
10_Centro_Regionali Liste,10,Centro,1,Liste,Regionali Liste,2020,1,,50,6,20,3,4,7,5,37,11,10,2,21,137,,2,RL0,467,1,434,728,0,,9,8
,11,Centro,1,Liste,Regionali Liste,2020,7,90,50,4,16,0,1,10,,27,25,5,2,18,150,0,3,RL0,442,0,410,642,0,,2,2
12_Centro_Regionali Liste,12,Centro,1,Liste,Regionali Liste,2020,,114,38,6,,3,,10,2,,29,7,1,28,146,1,,RL0,510,1,457,815,0,,2,1
,14,Centro,1,Liste,Regionali Liste,2020,6,100,43,11,14,4,1,25,2,34,23,14,4,,,1,4,RL0,492,2,447,749,0,,5,3
,15,Centro,1,Liste,Regionali Liste,2020,1,99,27,,,3,1,18,,,25,,3,15,151,1,,RL0,457,0,410,688,0,,5,5
,16,Centro,1,Liste,Regionali Liste,2020,1,93,,8,5,1,1,8,0,40,,,,7,154,,2,RL0,433,1,394,653,0,,10,9
17_Centro_Regionali Liste,17,Centro,,Liste,Regionali Liste,2020,,,26,7,10,,2,27,1,,27,9,2,,170,1,4,RL0,506,3,443,901,1,,9,5
,18,Centro,1,Liste,Regionali Liste,2020,1,,29,9,,2,,32,2,34,,,2,10,,0,1,RL0,477,1,440,744,0,,4,3
19_Centro_Regionali Liste,19,Centro,1,Liste,Regionali Liste,2020,0,84,,6,,1,,21,,27,,8,3,,,,4,RL0,399,0,370,663,0,,3,3
,20,Centro,1,Liste,Regionali Liste,2020,2,109,41,9,,1,0,24,4,36,26,4,5,20,132,0,,RL0,474,1,432,725,0,,5,4
21_Centro_Regionali Liste,21,Centro,1,Liste,Regionali Liste,2020,1,109,26,,9,1,1,,2,34,20,7,3,8,,1,1,RL0,436,3,399,1006,0,,10,7
22_Crocetta_Regionali Liste,22,Crocetta,2,Liste,Regionali Liste,2020,3,130,45,,,0,2,37,3,34,38,10,2,,215,2,4,RL0,597,3,554,976,0,,7,4
23_Crocetta_Regionali Liste,23,Crocetta,2,Liste,Regionali Liste,2020,,116,,2,7,1,2,26,2,38,24,8,2,,211,,1,RL0,540,5,477,813,0,,11,6
24_Crocetta_Regionali Liste,24,Crocetta,,Liste,Regionali Liste,2020,2,115,,5,1,0,,33,0,24,16,4,,11,162,1,0,RL0,435,5,397,648,0,,23,18
26_Crocetta_Regionali Liste,26,Crocetta,2,Liste,Regionali Liste,2020,2,,25,,8,,2,17,0,50,,,,11,205,5,0,RL0,524,3,470,703,0,,10,7
27_Crocetta_Regionali Liste,27,Crocetta,2,Liste,Regionali Liste,2020,1,,25,7,7,0,2,15,,26,17,6,1,5,165,3,1,RL0,426,0,380,652,1,,3,2
28_Crocetta_Regionali Liste,28,Crocetta,,Liste,Regionali Liste,2020,7,112,,4,9,2,0,21,3,37,20,7,2,7,152,2,6,RL0,464,0,418,799,0,,5,5
31_Crocetta_Regionali Liste,31,Crocetta,2,Liste,Regionali Liste,2020,1,,17,5,8,0,2,21,1,31,13,3,3,7,169,4,3,RL0,410,1,376,601,0,,8,7
34_Crocetta_Regionali Liste,34,Crocetta,2,Liste,Regionali Liste,2020,5,,31,10,4,1,1,,,50,19,5,4,18,251,,0,RL0,583,2,540,818,0,,11,9
35_Crocetta_Regionali Liste,35,Crocetta,2,Liste,Regionali Liste,2020,0,69,,10,4,1,1,24,,47,17,6,5,8,182,3,1,RL0,464,1,404,750,0,,8,7
36_Crocetta_Regionali Liste,36,Crocetta,2,Liste,Regionali Liste,2020,2,88,,6,,0,3,27,0,34,18,9,1,5,175,1,0,RL0,452,4,412,613,0,,11,7
37_Crocetta_Regionali Liste,37,Crocetta,,Liste,Regionali Liste,2020,4,107,34,11,7,0,1,19,3,47,,,5,10,,5,1,RL0,616,3,550,809,0,,29,26
39_Crocetta_Regionali Liste,39,Crocetta,2,Liste,Regionali Liste,2020,0,111,39,9,10,1,3,33,,41,30,10,1,18,284,,,RL0,651,2,595,814,0,,16,14
,41,Crocetta,2,Liste,Regionali Liste,2020,3,137,22,12,,,0,36,,40,28,7,1,14,197,1,,RL0,556,2,509,829,0,,9,7
42_Crocetta_Regionali Liste,42,Crocetta,2,Liste,Regionali Liste,2020,,,28,11,5,3,,29,2,35,27,6,1,11,190,0,,RL0,492,1,441,678,1,,9,7
43_Crocetta_Regionali Liste,43,Crocetta,2,Liste,Regionali Liste,2020,6,89,25,,5,2,,26,3,31,10,7,0,,122,2,,RL0,389,2,348,605,0,,13,11
,44,Crocetta,2,Liste,Regionali Liste,2020,3,105,30,3,3,0,0,16,1,33,15,10,0,11,,3,,RL0,443,2,381,736,0,,12,10
45_Crocetta_Regionali Liste,45,Crocetta,2,Liste,Regionali Liste,2020,4,118,28,,7,0,2,39,,44,26,3,,8,152,5,0,RL0,522,4,453,813,0,,16,12
46_Crocetta_Regionali Liste,46,Crocetta,2,Liste,Regionali Liste,2020,2,96,,5,10,2,1,26,0,55,12,5,8,,193,1,2,RL0,517,3,462,696,0,,15,12
,49,Crocetta,,Liste,Regionali Liste,2020,3,96,37,4,16,,1,22,3,,23,11,9,,138,0,,RL0,480,2,420,708,0,,10,8
50_Crocetta_Regionali Liste,50,Crocetta,,Liste,Regionali Liste,2020,2,100,,1,,0,0,14,5,29,19,,11,15,121,0,1,RL0,430,4,384,627,0,,8,4
51_Crocetta_Regionali Liste,51,Crocetta,2,Liste,Regionali Liste,2020,3,,32,,9,0,2,21,2,40,20,9,4,14,171,,0,RL0,473,2,412,668,0,,18,16
52_Crocetta_Regionali Liste,52,Crocetta,2,Liste,Regionali Liste,2020,1,,48,3,10,1,,28,0,49,,2,4,25,,,3,RL0,565,3,520,816,0,,10,7
53_Crocetta_Regionali Liste,53,Crocetta,2,Liste,Regionali Liste,2020,4,88,27,5,14,0,1,,4,34,23,9,,17,166,0,2,RL0,475,3,425,707,0,,11,8
54_Crocetta_Regionali Liste,54,Crocetta,,Liste,Regionali Liste,2020,1,88,,5,20,3,1,,3,29,22,,7,,140,2,1,RL0,448,2,397,655,0,,8,6
57_Crocetta_Regionali Liste,57,Crocetta,2,Liste,Regionali Liste,2020,,81,38,1,17,0,,,1,38,19,3,2,,,2,1,RL0,416,0,370,631,0,,4,4
58_Crocetta_Regionali Liste,58,Crocetta,,Liste,Regionali Liste,2020,0,91,23,6,3,1,,12,2,27,,4,3,14,,0,2,RL0,458,3,390,747,0,,13,10
,59,Crocetta,2,Liste,Regionali Liste,2020,1,125,36,10,12,4,2,29,,54,,9,1,11,214,3,5,RL0,612,6,546,831,1,,17,10
62_Crocetta_Regionali Liste,62,Crocetta,2,Liste,Regionali Liste,2020,,126,,10,4,1,0,25,3,39,18,9,2,10,185,0,0,RL0,518,2,472,727,0,,8,6
,64,Crocetta,2,Liste,Regionali Liste,2020,2,85,22,9,,0,,20,3,22,14,3,1,4,133,0,2,RL0,356,1,326,664,0,,17,16
65_Crocetta_Regionali Liste,65,Crocetta,2,Liste,Regionali Liste,2020,3,50,15,,6,1,0,13,1,31,,3,0,4,107,0,0,RL0,270,0,249,733,0,,6,6
66_Crocetta_Regionali Liste,66,Crocetta,2,Liste,Regionali Liste,2020,3,95,31,4,4,3,,,2,23,24,,4,10,156,0,1,RL0,442,5,402,627,0,,12,7
67_Crocetta_Regionali Liste,67,Crocetta,2,Liste,Regionali Liste,2020,0,,,3,12,0,,35,1,51,18,8,3,8,200,0,1,RL0,552,1,479,793,0,,6,5
68_Crocetta_Regionali Liste,68,Crocetta,,Liste,Regionali Liste,2020,3,111,,,3,3,,28,,,,5,,6,115,1,1,RL0,399,0,370,651,0,,8,8
69_Crocetta_Regionali Liste,69,Crocetta,2,Liste,Regionali Liste,2020,6,126,36,,9,,,,1,27,,2,0,,137,2,3,RL0,448,1,409,738,0,,14,13
70_Crocetta_Regionali Liste,70,Crocetta,2,Liste,Regionali Liste,2020,2,120,17,5,5,1,,15,1,24,23,2,3,4,,2,1,RL0,397,3,354,674,0,,9,6
,71,Buon Pastore,3,Liste,Regionali Liste,2020,,109,59,,,4,1,7,2,34,,4,3,12,139,,1,RL0,469,1,427,736,0,,5,4
72_Buon Pastore_Regionali Liste,72,Buon Pastore,3,Liste,Regionali Liste,2020,5,134,61,13,25,6,4,,1,,22,10,6,,160,,1,RL0,567,3,515,729,1,,12,8
73_Buon Pastore_Regionali Liste,73,Buon Pastore,3,Liste,Regionali Liste,2020,,115,,,15,3,1,17,0,35,,9,3,,154,,4,RL0,505,2,457,648,0,,10,8
74_Buon Pastore_Regionali Liste,74,Buon Pastore,3,Liste,Regionali Liste,2020,1,87,62,13,22,0,,,1,33,13,7,1,,113,3,4,RL0,437,3,389,626,0,,11,8
75_Buon Pastore_Regionali Liste,75,Buon Pastore,3,Liste,Regionali Liste,2020,0,95,54,6,17,3,,11,5,46,,8,1,,168,5,0,RL0,513,1,458,715,0,,7,6
76_Buon Pastore_Regionali Liste,76,Buon Pastore,3,Liste,Regionali Liste,2020,4,80,38,2,5,0,1,31,0,27,22,8,,16,159,0,0,RL0,434,4,398,648,0,,8,4
77_Buon Pastore_Regionali Liste,77,Buon Pastore,3,Liste,Regionali Liste,2020,1,97,54,2,18,4,1,17,2,30,,13,5,,137,,3,RL0,464,5,413,664,0,,11,6
79_Buon Pastore_Regionali Liste,79,Buon Pastore,3,Liste,Regionali Liste,2020,1,107,21,4,5,2,0,12,,34,17,,2,,147,2,2,RL0,422,1,377,621,0,,6,5
80_Buon Pastore_Regionali Liste,80,Buon Pastore,3,Liste,Regionali Liste,2020,0,124,34,1,14,1,0,35,4,34,22,9,,17,,2,2,RL0,623,2,568,854,0,,15,13
81_Buon Pastore_Regionali Liste,81,Buon Pastore,3,Liste,Regionali Liste,2020,1,90,27,6,4,2,2,22,1,,24,10,2,14,,0,4,RL0,582,4,513,721,0,,14,10
82_Buon Pastore_Regionali Liste,82,Buon Pastore,,Liste,Regionali Liste,2020,5,116,39,5,,3,0,16,5,,24,8,,18,210,,1,RL0,579,3,515,817,3,,13,7
83_Buon Pastore_Regionali Liste,83,Buon Pastore,,Liste,Regionali Liste,2020,,83,33,8,7,,0,21,4,36,31,10,3,7,230,4,,RL0,518,0,480,745,2,,10,8
85_Buon Pastore_Regionali Liste,85,Buon Pastore,3,Liste,Regionali Liste,2020,0,102,30,,10,2,1,33,2,,17,4,1,14,247,0,4,RL0,593,4,520,782,0,,18,14
86_Buon Pastore_Regionali Liste,86,Buon Pastore,,Liste,Regionali Liste,2020,2,,,6,19,2,1,12,,49,24,10,,11,244,,1,RL0,614,0,571,800,0,,4,4
87_Buon Pastore_Regionali Liste,87,Buon Pastore,,Liste,Regionali Liste,2020,5,109,47,6,,,0,25,2,44,,5,5,,188,2,1,RL0,562,5,497,758,0,,11,6
88_Buon Pastore_Regionali Liste,88,Buon Pastore,3,Liste,Regionali Liste,2020,2,82,22,12,7,5,0,20,,29,29,3,3,13,,3,0,RL0,472,2,420,642,0,,9,7
,90,Buon Pastore,3,Liste,Regionali Liste,2020,,96,27,6,5,3,,19,0,37,,3,4,,221,,,RL0,518,1,459,719,0,,10,9
91_Buon Pastore_Regionali Liste,91,Buon Pastore,3,Liste,Regionali Liste,2020,1,,,8,11,2,0,21,5,,37,11,1,16,268,2,3,RL0,660,2,605,808,0,,12,10
92_Buon Pastore_Regionali Liste,92,Buon Pastore,3,Liste,Regionali Liste,2020,,92,,,,1,3,,3,,,2,2,5,217,0,0,RL0,478,1,449,601,0,,4,3
93_Buon Pastore_Regionali Liste,93,Buon Pastore,3,Liste,Regionali Liste,2020,1,,20,5,,4,0,19,1,33,13,,7,7,172,4,,RL0,435,3,384,642,1,,15,11
94_Buon Pastore_Regionali Liste,94,Buon Pastore,,Liste,Regionali Liste,2020,4,129,44,6,,4,0,9,3,62,29,12,8,9,274,,4,RL0,664,0,604,782,0,,7,7
,95,Buon Pastore,3,Liste,Regionali Liste,2020,1,93,27,5,11,0,,38,0,54,32,,,11,286,3,3,RL0,636,2,576,789,0,,18,16
96_Buon Pastore_Regionali Liste,96,Buon Pastore,3,Liste,Regionali Liste,2020,1,100,18,7,8,0,,36,1,16,,9,1,7,,0,6,RL0,430,1,391,751,0,,14,13
98_Buon Pastore_Regionali Liste,98,Buon Pastore,3,Liste,Regionali Liste,2020,1,109,,4,12,3,1,30,6,25,20,8,0,7,,0,2,RL0,478,1,445,727,0,,4,3
99_Buon Pastore_Regionali Liste,99,Buon Pastore,3,Liste,Regionali Liste,2020,1,129,38,15,10,4,1,18,,32,21,8,6,11,211,,0,RL0,559,0,507,779,0,,9,9
100_Buon Pastore_Regionali Liste,100,Buon Pastore,3,Liste,Regionali Liste,2020,2,136,54,7,13,17,,,,70,,,2,25,275,4,3,RL0,760,1,704,971,0,,4,3
101_Buon Pastore_Regionali Liste,101,Buon Pastore,3,Liste,Regionali Liste,2020,6,112,46,7,16,,3,28,2,66,22,8,1,,248,,3,RL0,673,6,594,897,0,,13,7
102_Buon Pastore_Regionali Liste,102,Buon Pastore,3,Liste,Regionali Liste,2020,3,110,32,,12,4,3,17,1,,12,13,,6,148,,1,RL0,472,6,422,714,0,,13,7
103_Buon Pastore_Regionali Liste,103,Buon Pastore,3,Liste,Regionali Liste,2020,1,102,,9,27,4,0,,3,38,28,5,,22,167,4,1,RL0,552,0,488,776,0,,5,5
,105,Buon Pastore,3,Liste,Regionali Liste,2020,9,112,49,6,11,4,,,0,41,,11,3,16,168,1,2,RL0,528,2,468,739,0,,6,4
,107,Buon Pastore,3,Liste,Regionali Liste,2020,2,83,29,13,,4,1,22,1,,24,9,4,15,,,,RL0,468,2,428,668,0,,10,8
108_Buon Pastore_Regionali Liste,108,Buon Pastore,3,Liste,Regionali Liste,2020,1,117,83,6,18,,1,26,2,34,14,8,1,,159,,1,RL0,560,5,507,757,0,,10,5
,109,Buon Pastore,3,Liste,Regionali Liste,2020,3,154,,8,15,9,0,18,1,63,27,10,,17,202,0,1,RL0,643,5,580,862,0,,16,11
110_Buon Pastore_Regionali Liste,110,Buon Pastore,,Liste,Regionali Liste,2020,1,111,48,12,,4,0,14,1,37,15,,,8,191,1,1,RL0,510,2,465,747,2,,9,5
111_Buon Pastore_Regionali Liste,111,Buon Pastore,3,Liste,Regionali Liste,2020,,114,32,8,10,2,,,,32,,15,1,8,225,1,2,RL0,577,2,498,781,0,,19,17
112_Buon Pastore_Regionali Liste,112,Buon Pastore,3,Liste,Regionali Liste,2020,2,105,44,,13,5,0,11,2,48,,,2,5,,1,,RL0,522,0,474,768,0,,6,6
113_Buon Pastore_Regionali Liste,113,Buon Pastore,,Liste,Regionali Liste,2020,3,119,52,,,7,2,26,0,45,45,13,1,9,284,2,5,RL0,700,5,635,882,0,,18,13
114_Buon Pastore_Regionali Liste,114,Buon Pastore,3,Liste,Regionali Liste,2020,6,126,36,3,12,2,1,30,7,57,28,13,3,,,2,3,RL0,673,9,599,894,0,,16,7
,115,Buon Pastore,3,Liste,Regionali Liste,2020,1,153,53,4,12,5,,22,1,,25,8,6,11,,1,3,RL0,628,1,573,773,0,,7,6
,116,Buon Pastore,3,Liste,Regionali Liste,2020,1,98,34,3,6,,,17,3,,,7,,16,203,2,,RL0,511,1,450,641,0,,5,4
117_Buon Pastore_Regionali Liste,117,Buon Pastore,3,Liste,Regionali Liste,2020,,,31,8,9,2,1,16,3,52,23,10,1,16,299,1,1,RL0,632,4,567,809,0,,8,4
118_Buon Pastore_Regionali Liste,118,Buon Pastore,3,Liste,Regionali Liste,2020,2,,27,8,14,,1,37,3,73,24,10,6,,264,,,RL0,669,1,608,867,0,,7,6
120_Buon Pastore_Regionali Liste,120,Buon Pastore,3,Liste,Regionali Liste,2020,1,143,44,7,,4,1,12,,,18,3,1,13,212,3,2,RL0,566,2,523,693,0,,10,8
121_Buon Pastore_Regionali Liste,121,Buon Pastore,3,Liste,Regionali Liste,2020,5,190,57,13,17,5,2,19,4,60,32,13,5,13,,3,2,RL0,745,2,682,973,0,,9,7
122_Buon Pastore_Regionali Liste,122,Buon Pastore,3,Liste,Regionali Liste,2020,0,71,21,1,6,0,,9,0,30,19,3,,12,176,2,1,RL0,372,2,354,980,0,,5,3
,123,Buon Pastore,,Liste,Regionali Liste,2020,0,80,32,4,5,,1,18,2,21,33,3,1,8,129,,3,RL0,391,2,344,594,0,,5,3
124_Buon Pastore_Regionali Liste,124,Buon Pastore,3,Liste,Regionali Liste,2020,2,143,32,7,7,,4,,4,57,13,,7,14,217,3,5,RL0,603,4,545,804,0,,11,7
125_Buon Pastore_Regionali Liste,125,Buon Pastore,,Liste,Regionali Liste,2020,0,106,30,,6,1,,30,3,49,44,8,,,,4,6,RL0,674,1,625,828,0,,13,12
127_Buon Pastore_Regionali Liste,127,Buon Pastore,3,Liste,Regionali Liste,2020,1,123,42,11,12,0,0,24,2,24,22,5,2,,218,0,1,RL0,547,4,496,794,0,,12,8
128_Buon Pastore_Regionali Liste,128,Buon Pastore,3,Liste,Regionali Liste,2020,6,137,,12,,2,2,20,3,38,19,,1,8,230,6,6,RL0,641,5,559,857,0,,16,11
129_Buon Pastore_Regionali Liste,129,Buon Pastore,3,Liste,Regionali Liste,2020,1,113,35,4,19,2,1,24,2,46,15,8,6,,219,2,1,RL0,555,2,511,781,0,,11,9
130_San Faustino_Regionali Liste,130,San Faustino,4,Liste,Regionali Liste,2020,,,,5,13,4,,19,3,33,,8,,6,,3,0,RL0,495,1,450,654,0,,10,9
131_San Faustino_Regionali Liste,131,San Faustino,4,Liste,Regionali Liste,2020,2,101,41,5,9,4,2,,4,33,10,9,6,9,186,2,1,RL0,503,2,445,704,0,,9,7
134_San Faustino_Regionali Liste,134,San Faustino,4,Liste,Regionali Liste,2020,,75,26,6,12,1,,25,,37,23,7,3,9,,5,,RL0,435,1,401,647,0,,7,6
136_San Faustino_Regionali Liste,136,San Faustino,,Liste,Regionali Liste,2020,,,,,14,6,1,13,,23,20,12,3,14,131,,0,RL0,448,1,408,640,0,,2,1
137_San Faustino_Regionali Liste,137,San Faustino,4,Liste,Regionali Liste,2020,0,82,36,11,20,2,2,15,0,48,19,12,4,16,148,2,3,RL0,467,2,420,707,0,,4,2
,138,San Faustino,4,Liste,Regionali Liste,2020,4,102,34,9,11,1,2,11,0,34,27,9,2,16,,,1,RL0,468,2,418,728,1,,10,7
139_San Faustino_Regionali Liste,139,San Faustino,4,Liste,Regionali Liste,2020,4,,38,5,11,2,0,,4,40,30,6,3,18,185,0,2,RL0,549,3,483,796,0,,19,16
140_San Faustino_Regionali Liste,140,San Faustino,4,Liste,Regionali Liste,2020,3,93,26,,6,,,24,0,30,12,8,,,168,0,0,RL0,434,1,393,658,0,,4,3
141_San Faustino_Regionali Liste,141,San Faustino,4,Liste,Regionali Liste,2020,1,,22,7,12,2,0,10,0,37,,7,6,16,153,3,4,RL0,436,3,396,635,0,,7,4
142_San Faustino_Regionali Liste,142,San Faustino,4,Liste,Regionali Liste,2020,,,51,15,14,,2,,0,48,,4,2,8,177,2,1,RL0,587,1,523,825,0,,16,15
,143,San Faustino,4,Liste,Regionali Liste,2020,2,118,17,8,10,5,,22,0,43,,6,,,159,,2,RL0,486,4,431,680,0,,11,7
144_San Faustino_Regionali Liste,144,San Faustino,4,Liste,Regionali Liste,2020,4,,31,,5,,0,,1,,27,10,1,11,,0,,RL0,491,3,449,651,0,,5,2
,145,San Faustino,4,Liste,Regionali Liste,2020,,99,39,4,12,2,2,21,4,39,26,7,,,219,2,,RL0,552,4,494,723,0,,8,4
146_San Faustino_Regionali Liste,146,San Faustino,,Liste,Regionali Liste,2020,0,126,,,5,3,,15,0,,15,8,,7,222,,1,RL0,509,4,464,764,0,,11,7
147_San Faustino_Regionali Liste,147,San Faustino,,Liste,Regionali Liste,2020,,,18,7,7,1,0,8,3,,30,2,5,4,257,0,4,RL0,506,2,469,711,0,,7,5
148_San Faustino_Regionali Liste,148,San Faustino,4,Liste,Regionali Liste,2020,5,,50,4,13,,,16,1,59,36,5,4,,192,3,,RL0,560,6,515,710,0,,12,6
149_San Faustino_Regionali Liste,149,San Faustino,4,Liste,Regionali Liste,2020,0,102,31,6,,2,1,18,2,63,29,,,15,,4,3,RL0,572,4,534,718,0,,13,9
150_San Faustino_Regionali Liste,150,San Faustino,4,Liste,Regionali Liste,2020,2,152,49,8,8,3,3,20,0,64,16,16,7,15,266,,,RL0,699,4,631,815,0,,14,10
151_San Faustino_Regionali Liste,151,San Faustino,4,Liste,Regionali Liste,2020,3,99,33,4,14,0,1,9,4,48,12,4,2,9,208,5,2,RL0,500,2,457,758,0,,13,11
152_San Faustino_Regionali Liste,152,San Faustino,4,Liste,Regionali Liste,2020,1,187,58,11,11,5,4,21,2,,23,20,3,9,,1,1,RL0,739,3,670,955,0,,7,4
153_San Faustino_Regionali Liste,153,San Faustino,,Liste,Regionali Liste,2020,,149,69,,19,,1,,3,60,14,8,2,17,174,2,1,RL0,652,3,559,875,2,,17,12
154_San Faustino_Regionali Liste,154,San Faustino,4,Liste,Regionali Liste,2020,1,135,50,,12,3,1,23,3,,28,13,6,11,158,3,0,RL0,547,4,497,752,0,,10,6
155_San Faustino_Regionali Liste,155,San Faustino,4,Liste,Regionali Liste,2020,2,,59,11,19,10,1,18,4,46,,10,6,15,129,0,8,RL0,556,3,507,793,0,,15,12
156_San Faustino_Regionali Liste,156,San Faustino,4,Liste,Regionali Liste,2020,,164,51,13,19,9,,16,4,45,19,14,2,14,143,0,,RL0,575,2,516,797,0,,8,6
157_San Faustino_Regionali Liste,157,San Faustino,,Liste,Regionali Liste,2020,3,92,,3,7,0,0,25,4,,23,8,0,15,208,2,1,RL0,522,0,465,741,0,,7,7
,158,San Faustino,4,Liste,Regionali Liste,2020,2,136,40,,10,2,0,17,4,49,21,6,3,,217,3,,RL0,601,2,532,810,0,,12,10
159_San Faustino_Regionali Liste,159,San Faustino,4,Liste,Regionali Liste,2020,,113,32,4,4,6,1,20,3,45,16,3,7,16,236,2,1,RL0,560,0,512,770,1,,9,8
160_San Faustino_Regionali Liste,160,San Faustino,,Liste,Regionali Liste,2020,,91,19,10,8,1,3,25,1,53,31,11,5,,274,2,9,RL0,622,5,562,817,0,,14,9
161_San Faustino_Regionali Liste,161,San Faustino,4,Liste,Regionali Liste,2020,2,93,26,12,11,1,0,19,1,24,13,2,0,4,,0,1,RL0,400,1,369,615,0,,8,7
163_San Faustino_Regionali Liste,163,San Faustino,4,Liste,Regionali Liste,2020,,97,15,5,6,,0,24,3,43,,6,3,16,202,1,1,RL0,510,0,458,761,0,,8,8
164_San Faustino_Regionali Liste,164,San Faustino,4,Liste,Regionali Liste,2020,,,27,3,,0,4,26,1,,,13,7,16,225,1,4,RL0,609,3,537,825,0,,15,12
,165,San Faustino,4,Liste,Regionali Liste,2020,,99,27,5,3,5,,16,2,,,8,1,13,283,2,3,RL0,605,3,553,792,0,,15,12
,166,San Faustino,4,Liste,Regionali Liste,2020,3,,36,,11,1,1,26,1,28,12,6,1,4,169,1,,RL0,463,3,424,679,0,,10,7
167_San Faustino_Regionali Liste,167,San Faustino,4,Liste,Regionali Liste,2020,4,124,33,,8,,2,31,3,,29,12,0,11,256,0,1,RL0,633,3,581,833,0,,12,9
169_San Faustino_Regionali Liste,169,San Faustino,4,Liste,Regionali Liste,2020,2,111,43,4,7,0,1,30,1,39,29,4,3,,233,2,1,RL0,581,2,530,733,0,,10,8
,170,San Faustino,4,Liste,Regionali Liste,2020,2,137,37,6,10,2,1,27,,45,,,0,11,,1,3,RL0,575,5,525,766,0,,12,7
171_San Faustino_Regionali Liste,171,San Faustino,4,Liste,Regionali Liste,2020,4,,51,3,10,6,2,27,,,13,,1,14,,4,,RL0,643,60,517,837,0,,80,20
172_San Faustino_Regionali Liste,172,San Faustino,4,Liste,Regionali Liste,2020,0,,,5,9,,2,,,,7,6,3,5,170,3,3,RL0,434,3,394,635,0,,9,6
173_San Faustino_Regionali Liste,173,San Faustino,4,Liste,Regionali Liste,2020,4,124,44,,,4,1,,3,39,25,9,5,10,187,2,,RL0,551,2,495,760,0,,9,7
174_San Faustino_Regionali Liste,174,San Faustino,4,Liste,Regionali Liste,2020,0,102,22,4,6,2,2,,3,22,23,2,,14,158,3,3,RL0,434,3,388,598,0,,14,11
175_San Faustino_Regionali Liste,175,San Faustino,,Liste,Regionali Liste,2020,2,120,44,,13,3,,27,1,40,23,5,1,12,160,,,RL0,515,3,463,730,0,,8,5
176_San Faustino_Regionali Liste,176,San Faustino,4,Liste,Regionali Liste,2020,,130,,4,13,1,2,18,1,64,27,11,3,9,,,,RL0,580,4,536,730,0,,9,5
177_San Faustino_Regionali Liste,177,San Faustino,4,Liste,Regionali Liste,2020,,105,32,3,10,4,1,22,3,48,27,6,1,11,284,,0,RL0,594,2,559,708,0,,5,3
,178,San Faustino,,Liste,Regionali Liste,2020,0,158,74,7,27,5,1,27,1,57,18,15,3,11,,6,6,RL0,704,2,639,901,0,,9,7
181_Buon Pastore_Regionali Liste,181,Buon Pastore,,Liste,Regionali Liste,2020,,10,6,2,2,0,0,2,1,5,,1,0,,31,,1,RL0,75,1,66,0,0,,3,2
182_Buon Pastore_Regionali Liste,182,Buon Pastore,3,Liste,Regionali Liste,2020,0,12,3,2,0,0,0,1,1,10,1,1,0,2,30,0,0,RL0,72,0,63,0,0,,0,0
183_San Faustino_Regionali Liste,183,San Faustino,4,Liste,Regionali Liste,2020,0,16,7,1,1,0,1,5,0,5,0,0,0,0,,0,0,RL0,88,0,81,0,0,,2,2
184_San Faustino_Regionali Liste,184,San Faustino,4,Liste,Regionali Liste,2020,0,14,5,1,0,0,0,,0,,1,,,0,26,0,0,RL0,64,1,53,0,0,,2,1
185_San Faustino_Regionali Liste,185,San Faustino,4,Liste,Regionali Liste,2020,4,139,42,,11,,3,27,1,66,26,9,,15,259,,0,RL0,672,4,615,840,0,,11,7
187_Buon Pastore_Regionali Liste,187,Buon Pastore,3,Liste,Regionali Liste,2020,,,22,10,3,0,1,33,,,14,,3,8,200,,1,RL0,488,3,434,675,0,,15,12
188_Buon Pastore_Regionali Liste,188,Buon Pastore,,Liste,Regionali Liste,2020,6,103,,7,5,1,1,29,0,54,22,,4,15,195,4,2,RL0,539,4,492,705,0,,7,3
189_Buon Pastore_Regionali Liste,189,Buon Pastore,3,Liste,Regionali Liste,2020,4,,28,2,,3,4,11,1,,21,4,6,19,,1,,RL0,546,0,499,687,0,,6,6
190_San Faustino_Regionali Liste,190,San Faustino,4,Liste,Regionali Liste,2020,1,,28,9,7,,,32,3,67,27,11,9,8,186,5,0,RL0,577,3,524,761,0,,8,5
