THE_PK_KEY,SECTION,DISTRICT,DISTRICT_CD,DATA_TYPE,ELECTION,YEAR,LEGA,LA_DESTRA___MPA,IL_POPOLO_DELLA_LIBERTA__,PELLACANI_PER_MODENA,UNIONE_DI_CENTRO,MODENA_A_COLORI,LISTA_CIV__MODENA_BEPPEGRILLO,RIFONDAZIONE_COMUNISTA,ITALIA_DEI_VALORI,LISTA_CONSUMATORI_C_O_D_A_CONS,VERDI,LA_ROSA_PER_MODENA,SOCIALISTI_LAICI_RIFORMISTI,SINISTRA_PER_MODENA,PARTITO_DEMOCRATICO,COMUNISTI_ITALIANI,FORM,#VOTERS,#BLANK,#VALID,#REGISTERED,#DISPUTED,#OF WHICH,#NOT VALID,#NULL
3_Centro_Amministrative Comunali  Liste,3,Centro,1,Liste,Amministrative Comunali  Liste,2009,79,4,,28,15,,,7,26,0,5,5,4,7,132,4,BL9,601,6,559,842,0,29,13,7
4_Centro_Amministrative Comunali  Liste,4,Centro,1,Liste,Amministrative Comunali  Liste,2009,,,154,28,19,10,25,,33,4,6,0,2,14,116,,BL9,593,6,543,845,0,29,21,15
5_Centro_Amministrative Comunali  Liste,5,Centro,1,Liste,Amministrative Comunali  Liste,2009,,7,213,31,16,7,19,15,23,1,3,2,5,13,140,3,BL9,596,6,568,808,0,15,13,7
7_Centro_Amministrative Comunali  Liste,7,Centro,1,Liste,Amministrative Comunali  Liste,2009,78,4,211,38,17,2,17,,25,1,,3,2,13,152,,BL9,652,9,573,847,0,58,21,12
8_Centro_Amministrative Comunali  Liste,8,Centro,1,Liste,Amministrative Comunali  Liste,2009,59,,103,14,,7,12,11,23,0,3,2,2,,131,5,BL9,450,7,406,681,0,26,18,11
9_Centro_Amministrative Comunali  Liste,9,Centro,1,Liste,Amministrative Comunali  Liste,2009,,3,171,22,13,2,17,9,31,0,8,3,3,18,158,,BL9,558,6,522,812,0,18,18,12
10_Centro_Amministrative Comunali  Liste,10,Centro,,Liste,Amministrative Comunali  Liste,2009,56,,192,17,17,3,13,6,17,3,,2,2,10,153,1,BL9,530,4,498,761,0,19,13,9
,11,Centro,1,Liste,Amministrative Comunali  Liste,2009,52,,,,16,10,19,5,22,,3,5,4,8,,9,BL9,480,4,441,625,0,19,20,16
12_Centro_Amministrative Comunali  Liste,12,Centro,1,Liste,Amministrative Comunali  Liste,2009,47,5,,,20,,19,,26,,7,3,1,23,165,,BL9,557,4,521,834,0,21,15,11
13_Centro_Amministrative Comunali  Liste,13,Centro,,Liste,Amministrative Comunali  Liste,2009,64,,,16,17,15,21,23,33,8,,5,5,,,3,BL9,597,10,542,829,0,31,24,14
,14,Centro,,Liste,Amministrative Comunali  Liste,2009,,3,105,23,12,15,25,11,47,,7,4,4,29,145,1,BL9,532,5,504,756,0,15,13,8
15_Centro_Amministrative Comunali  Liste,15,Centro,1,Liste,Amministrative Comunali  Liste,2009,68,2,,14,11,9,16,,,,3,5,4,11,212,7,BL9,551,14,507,774,0,21,23,9
16_Centro_Amministrative Comunali  Liste,16,Centro,1,Liste,Amministrative Comunali  Liste,2009,66,,,7,,1,16,,25,5,7,,,24,209,8,BL9,542,0,502,733,0,16,24,24
17_Centro_Amministrative Comunali  Liste,17,Centro,1,Liste,Amministrative Comunali  Liste,2009,37,4,113,17,16,5,16,10,24,14,2,5,5,22,270,5,BL9,604,8,565,847,0,21,18,10
18_Centro_Amministrative Comunali  Liste,18,Centro,1,Liste,Amministrative Comunali  Liste,2009,55,7,88,18,,,12,8,31,,,10,6,,232,,BL9,537,5,511,739,0,17,9,4
,19,Centro,,Liste,Amministrative Comunali  Liste,2009,42,6,,12,13,4,16,8,,2,4,,11,21,,,BL9,456,4,426,646,0,21,9,5
20_Centro_Amministrative Comunali  Liste,20,Centro,1,Liste,Amministrative Comunali  Liste,2009,,,141,14,23,19,17,10,30,1,4,,,23,157,2,BL9,518,3,494,705,0,20,4,1
21_Centro_Amministrative Comunali  Liste,21,Centro,1,Liste,Amministrative Comunali  Liste,2009,39,9,91,7,5,,,7,20,,2,7,2,5,,8,BL9,425,8,392,645,0,18,15,7
,22,Crocetta,2,Liste,Amministrative Comunali  Liste,2009,,6,,12,18,,21,4,,3,,1,2,14,211,5,BL9,526,11,485,761,0,23,18,7
23_Crocetta_Amministrative Comunali  Liste,23,Crocetta,2,Liste,Amministrative Comunali  Liste,2009,47,2,68,6,20,,11,10,19,0,3,8,4,5,233,,BL9,474,5,447,658,0,14,13,8
26_Crocetta_Amministrative Comunali  Liste,26,Crocetta,2,Liste,Amministrative Comunali  Liste,2009,,3,100,5,10,1,13,6,29,2,4,,0,17,309,8,BL9,604,13,576,734,0,8,20,7
27_Crocetta_Amministrative Comunali  Liste,27,Crocetta,2,Liste,Amministrative Comunali  Liste,2009,38,1,71,6,19,0,17,10,28,1,5,1,2,,262,5,BL9,508,9,469,654,0,19,20,11
29_Crocetta_Amministrative Comunali  Liste,29,Crocetta,2,Liste,Amministrative Comunali  Liste,2009,67,,78,,10,3,21,22,21,,8,5,4,13,250,8,BL9,545,4,518,719,0,9,18,14
32_Crocetta_Amministrative Comunali  Liste,32,Crocetta,2,Liste,Amministrative Comunali  Liste,2009,60,2,118,7,18,1,,9,31,,3,1,1,3,281,7,BL9,622,9,585,802,0,14,23,14
34_Crocetta_Amministrative Comunali  Liste,34,Crocetta,2,Liste,Amministrative Comunali  Liste,2009,57,2,71,,,5,20,12,36,7,7,2,,13,322,,BL9,611,8,584,765,0,14,13,5
35_Crocetta_Amministrative Comunali  Liste,35,Crocetta,2,Liste,Amministrative Comunali  Liste,2009,46,1,102,12,9,,18,,18,0,5,,5,13,273,5,BL9,557,7,518,807,0,27,12,5
37_Crocetta_Amministrative Comunali  Liste,37,Crocetta,2,Liste,Amministrative Comunali  Liste,2009,64,4,89,3,22,2,18,,20,0,0,0,3,17,337,8,BL9,644,10,597,806,0,30,17,7
,38,Crocetta,2,Liste,Amministrative Comunali  Liste,2009,62,5,82,3,13,2,,10,,0,6,,,10,290,4,BL9,578,8,542,716,0,15,21,13
39_Crocetta_Amministrative Comunali  Liste,39,Crocetta,2,Liste,Amministrative Comunali  Liste,2009,55,3,95,9,,,13,8,35,2,5,5,6,12,327,6,BL9,641,6,603,796,0,18,20,14
41_Crocetta_Amministrative Comunali  Liste,41,Crocetta,2,Liste,Amministrative Comunali  Liste,2009,64,5,100,4,17,2,32,10,41,0,4,2,1,28,,7,BL9,725,8,686,969,0,23,16,8
42_Crocetta_Amministrative Comunali  Liste,42,Crocetta,2,Liste,Amministrative Comunali  Liste,2009,,4,77,8,18,,25,16,,1,4,1,13,5,,3,BL9,591,10,554,756,0,20,17,7
43_Crocetta_Amministrative Comunali  Liste,43,Crocetta,2,Liste,Amministrative Comunali  Liste,2009,49,10,80,7,16,2,18,8,36,,,2,7,12,210,,BL9,496,11,469,685,0,9,18,7
44_Crocetta_Amministrative Comunali  Liste,44,Crocetta,2,Liste,Amministrative Comunali  Liste,2009,30,2,91,,,12,17,3,,,3,8,4,,194,3,BL9,431,0,415,593,0,10,6,6
45_Crocetta_Amministrative Comunali  Liste,45,Crocetta,2,Liste,Amministrative Comunali  Liste,2009,50,5,,8,10,1,14,20,42,6,10,6,3,25,251,16,BL9,619,14,565,820,0,25,29,15
46_Crocetta_Amministrative Comunali  Liste,46,Crocetta,2,Liste,Amministrative Comunali  Liste,2009,54,,92,,,7,12,12,35,2,2,1,2,16,281,13,BL9,590,7,559,732,0,14,17,10
48_Crocetta_Amministrative Comunali  Liste,48,Crocetta,,Liste,Amministrative Comunali  Liste,2009,35,4,88,,12,4,,7,22,1,5,10,,17,173,4,BL9,434,12,402,613,0,8,24,12
,49,Crocetta,2,Liste,Amministrative Comunali  Liste,2009,35,,129,,,4,24,,25,3,2,2,1,13,189,6,BL9,535,7,493,704,0,25,17,10
50_Crocetta_Amministrative Comunali  Liste,50,Crocetta,2,Liste,Amministrative Comunali  Liste,2009,49,1,152,17,14,1,19,8,,,2,5,2,13,164,7,BL9,525,15,475,700,0,30,20,5
51_Crocetta_Amministrative Comunali  Liste,51,Crocetta,2,Liste,Amministrative Comunali  Liste,2009,42,4,85,4,20,,26,,,,,8,11,16,243,9,BL9,545,9,513,691,0,14,18,9
52_Crocetta_Amministrative Comunali  Liste,52,Crocetta,2,Liste,Amministrative Comunali  Liste,2009,81,,123,19,26,4,19,11,34,2,,,6,,238,7,BL9,650,8,610,851,0,19,21,13
53_Crocetta_Amministrative Comunali  Liste,53,Crocetta,2,Liste,Amministrative Comunali  Liste,2009,38,6,104,7,,4,15,,38,,3,14,5,9,200,13,BL9,540,8,499,735,0,24,17,9
,54,Crocetta,2,Liste,Amministrative Comunali  Liste,2009,,6,,16,,1,13,4,28,4,9,3,,11,,1,BL9,521,12,422,718,0,68,31,19
55_Crocetta_Amministrative Comunali  Liste,55,Crocetta,2,Liste,Amministrative Comunali  Liste,2009,45,1,122,,16,,12,,22,5,3,3,,,166,,BL9,501,10,458,689,0,25,18,8
56_Crocetta_Amministrative Comunali  Liste,56,Crocetta,2,Liste,Amministrative Comunali  Liste,2009,,4,196,33,15,4,13,7,31,3,3,5,1,6,,,BL9,583,6,544,761,0,27,12,6
,57,Crocetta,2,Liste,Amministrative Comunali  Liste,2009,38,2,109,7,25,3,,9,,,,2,0,13,159,3,BL9,459,11,415,650,0,12,32,21
58_Crocetta_Amministrative Comunali  Liste,58,Crocetta,2,Liste,Amministrative Comunali  Liste,2009,42,5,84,3,15,3,22,14,,2,,1,1,9,278,6,BL9,555,8,519,758,0,19,17,9
59_Crocetta_Amministrative Comunali  Liste,59,Crocetta,2,Liste,Amministrative Comunali  Liste,2009,44,2,74,6,15,2,14,,12,3,3,,1,8,216,,BL9,444,8,415,559,0,15,14,6
60_Crocetta_Amministrative Comunali  Liste,60,Crocetta,2,Liste,Amministrative Comunali  Liste,2009,60,5,76,7,15,1,19,11,,5,3,1,9,7,292,9,BL9,581,6,546,752,0,25,10,4
61_Crocetta_Amministrative Comunali  Liste,61,Crocetta,2,Liste,Amministrative Comunali  Liste,2009,57,7,98,9,8,4,41,11,37,2,8,,9,16,329,10,BL9,681,7,655,810,0,8,18,11
62_Crocetta_Amministrative Comunali  Liste,62,Crocetta,2,Liste,Amministrative Comunali  Liste,2009,,3,117,,17,5,28,,38,3,5,2,5,,279,7,BL9,631,8,601,779,0,13,17,9
64_Crocetta_Amministrative Comunali  Liste,64,Crocetta,2,Liste,Amministrative Comunali  Liste,2009,46,2,81,5,9,3,14,16,24,3,6,,3,11,207,9,BL9,470,10,444,619,0,10,16,6
66_Crocetta_Amministrative Comunali  Liste,66,Crocetta,2,Liste,Amministrative Comunali  Liste,2009,46,4,82,11,19,2,29,6,,1,3,1,,13,236,3,BL9,497,7,475,630,0,11,11,4
67_Crocetta_Amministrative Comunali  Liste,67,Crocetta,2,Liste,Amministrative Comunali  Liste,2009,70,3,98,3,29,,,20,24,1,4,2,15,7,289,7,BL9,655,17,598,825,0,26,31,14
68_Crocetta_Amministrative Comunali  Liste,68,Crocetta,2,Liste,Amministrative Comunali  Liste,2009,,4,106,9,13,4,13,6,27,0,,,8,14,199,9,BL9,519,9,480,698,0,9,30,21
69_Crocetta_Amministrative Comunali  Liste,69,Crocetta,2,Liste,Amministrative Comunali  Liste,2009,55,3,127,,14,3,21,,23,2,,3,23,11,,,BL9,587,7,557,760,0,10,20,13
70_Crocetta_Amministrative Comunali  Liste,70,Crocetta,2,Liste,Amministrative Comunali  Liste,2009,37,5,108,9,,2,27,,32,2,1,,5,14,265,3,BL9,564,8,535,739,0,15,14,6
71_Buon Pastore_Amministrative Comunali  Liste,71,Buon Pastore,,Liste,Amministrative Comunali  Liste,2009,61,5,147,14,13,,,,15,,6,2,,8,145,5,BL9,506,8,463,708,0,25,18,10
72_Buon Pastore_Amministrative Comunali  Liste,72,Buon Pastore,3,Liste,Amministrative Comunali  Liste,2009,82,4,,32,16,4,10,,14,0,2,4,3,15,157,2,BL9,582,8,550,721,0,21,11,3
73_Buon Pastore_Amministrative Comunali  Liste,73,Buon Pastore,3,Liste,Amministrative Comunali  Liste,2009,80,,202,20,15,10,12,,33,0,0,2,4,6,147,4,BL9,573,3,544,711,0,14,15,12
,75,Buon Pastore,3,Liste,Amministrative Comunali  Liste,2009,63,2,131,25,28,11,,,18,1,2,,2,12,168,7,BL9,528,7,493,709,0,23,12,5
77_Buon Pastore_Amministrative Comunali  Liste,77,Buon Pastore,,Liste,Amministrative Comunali  Liste,2009,,1,157,21,,7,,,15,2,0,6,7,2,133,,BL9,479,3,451,639,0,14,14,11
79_Buon Pastore_Amministrative Comunali  Liste,79,Buon Pastore,,Liste,Amministrative Comunali  Liste,2009,72,3,66,7,15,8,,9,25,,,,8,,275,3,BL9,556,7,532,718,0,13,11,4
80_Buon Pastore_Amministrative Comunali  Liste,80,Buon Pastore,3,Liste,Amministrative Comunali  Liste,2009,68,1,95,,15,,27,,45,,,2,,7,,9,BL9,688,7,656,858,0,21,11,4
81_Buon Pastore_Amministrative Comunali  Liste,81,Buon Pastore,3,Liste,Amministrative Comunali  Liste,2009,52,1,95,3,11,4,29,9,,2,6,4,2,18,335,,BL9,634,6,603,753,0,16,15,9
82_Buon Pastore_Amministrative Comunali  Liste,82,Buon Pastore,3,Liste,Amministrative Comunali  Liste,2009,64,,124,,20,,26,7,43,6,7,6,7,,284,3,BL9,672,9,637,882,0,13,22,13
83_Buon Pastore_Amministrative Comunali  Liste,83,Buon Pastore,3,Liste,Amministrative Comunali  Liste,2009,30,3,,3,,3,16,,21,7,2,1,2,17,238,,BL9,488,7,443,609,0,27,18,11
,84,Buon Pastore,3,Liste,Amministrative Comunali  Liste,2009,66,4,92,7,,4,15,15,26,1,,7,8,8,303,,BL9,605,4,582,767,0,13,10,6
86_Buon Pastore_Amministrative Comunali  Liste,86,Buon Pastore,3,Liste,Amministrative Comunali  Liste,2009,66,3,155,,18,3,,12,26,1,5,1,3,,273,6,BL9,649,10,607,789,0,26,16,6
87_Buon Pastore_Amministrative Comunali  Liste,87,Buon Pastore,,Liste,Amministrative Comunali  Liste,2009,,,110,,25,4,23,9,29,4,4,11,3,14,226,6,BL9,587,3,564,760,0,9,14,11
88_Buon Pastore_Amministrative Comunali  Liste,88,Buon Pastore,3,Liste,Amministrative Comunali  Liste,2009,52,,86,4,,4,21,7,28,1,2,3,3,10,,,BL9,545,5,519,700,0,12,14,9
,89,Buon Pastore,3,Liste,Amministrative Comunali  Liste,2009,80,3,116,15,31,,23,10,,4,5,1,6,,,,BL9,777,10,715,951,0,38,24,14
90_Buon Pastore_Amministrative Comunali  Liste,90,Buon Pastore,3,Liste,Amministrative Comunali  Liste,2009,44,2,71,,23,3,14,7,31,3,,5,11,17,315,7,BL9,611,8,566,755,0,18,27,19
92_Buon Pastore_Amministrative Comunali  Liste,92,Buon Pastore,3,Liste,Amministrative Comunali  Liste,2009,60,0,54,6,23,8,,9,19,0,5,0,1,14,340,4,BL9,589,7,566,692,0,12,11,4
93_Buon Pastore_Amministrative Comunali  Liste,93,Buon Pastore,3,Liste,Amministrative Comunali  Liste,2009,57,3,82,6,11,1,,14,,3,2,3,4,14,,9,BL9,518,11,484,656,2,17,17,4
94_Buon Pastore_Amministrative Comunali  Liste,94,Buon Pastore,3,Liste,Amministrative Comunali  Liste,2009,,8,105,10,14,8,21,7,33,4,6,1,,13,358,,BL9,716,8,682,853,0,16,18,10
95_Buon Pastore_Amministrative Comunali  Liste,95,Buon Pastore,3,Liste,Amministrative Comunali  Liste,2009,59,3,57,3,16,2,30,17,32,5,5,,,17,440,,BL9,744,5,694,843,0,30,20,15
,97,Buon Pastore,3,Liste,Amministrative Comunali  Liste,2009,63,,69,4,17,,,15,38,2,8,3,7,16,,11,BL9,705,7,667,836,0,24,14,7
98_Buon Pastore_Amministrative Comunali  Liste,98,Buon Pastore,3,Liste,Amministrative Comunali  Liste,2009,59,7,84,8,16,4,15,,20,1,3,1,,14,259,11,BL9,537,6,517,735,0,8,12,6
99_Buon Pastore_Amministrative Comunali  Liste,99,Buon Pastore,,Liste,Amministrative Comunali  Liste,2009,,3,91,6,,1,10,12,26,,3,,8,,256,,BL9,558,7,529,735,0,13,16,9
100_Buon Pastore_Amministrative Comunali  Liste,100,Buon Pastore,,Liste,Amministrative Comunali  Liste,2009,60,,,,18,2,17,,27,5,2,2,,8,,9,BL9,595,6,561,790,0,15,19,13
101_Buon Pastore_Amministrative Comunali  Liste,101,Buon Pastore,3,Liste,Amministrative Comunali  Liste,2009,93,6,139,17,24,6,,9,,3,2,3,9,20,,,BL9,747,10,694,931,0,28,25,15
102_Buon Pastore_Amministrative Comunali  Liste,102,Buon Pastore,3,Liste,Amministrative Comunali  Liste,2009,55,8,150,15,21,3,,9,39,,1,3,0,6,181,4,BL9,560,10,521,735,0,24,15,5
103_Buon Pastore_Amministrative Comunali  Liste,103,Buon Pastore,,Liste,Amministrative Comunali  Liste,2009,59,8,154,,20,3,24,15,29,,2,1,5,11,181,6,BL9,578,3,540,786,0,29,9,6
,107,Buon Pastore,,Liste,Amministrative Comunali  Liste,2009,56,,144,23,17,9,,16,25,5,5,,4,5,200,6,BL9,582,9,546,774,0,18,18,9
,109,Buon Pastore,3,Liste,Amministrative Comunali  Liste,2009,56,,164,15,41,,27,11,32,1,6,4,4,18,,2,BL9,661,11,614,845,0,24,23,12
110_Buon Pastore_Amministrative Comunali  Liste,110,Buon Pastore,3,Liste,Amministrative Comunali  Liste,2009,61,4,107,14,26,5,27,13,36,4,6,6,7,6,221,5,BL9,582,13,548,776,0,17,17,4
111_Buon Pastore_Amministrative Comunali  Liste,111,Buon Pastore,3,Liste,Amministrative Comunali  Liste,2009,82,4,103,8,25,6,18,11,27,2,9,4,,,270,7,BL9,636,8,601,775,0,19,16,8
112_Buon Pastore_Amministrative Comunali  Liste,112,Buon Pastore,3,Liste,Amministrative Comunali  Liste,2009,,0,121,8,17,6,11,7,22,,3,6,,4,286,7,BL9,623,8,590,785,0,20,13,5
113_Buon Pastore_Amministrative Comunali  Liste,113,Buon Pastore,3,Liste,Amministrative Comunali  Liste,2009,39,3,,,22,,35,11,35,1,3,2,6,,303,,BL9,686,16,632,799,0,29,25,9
114_Buon Pastore_Amministrative Comunali  Liste,114,Buon Pastore,3,Liste,Amministrative Comunali  Liste,2009,56,2,,,22,6,,16,42,3,,3,9,7,291,,BL9,682,9,632,876,0,29,21,12
115_Buon Pastore_Amministrative Comunali  Liste,115,Buon Pastore,,Liste,Amministrative Comunali  Liste,2009,55,2,,13,29,6,23,8,14,3,,0,2,10,291,7,BL9,632,11,595,759,0,21,16,5
116_Buon Pastore_Amministrative Comunali  Liste,116,Buon Pastore,3,Liste,Amministrative Comunali  Liste,2009,,5,102,,17,10,32,13,47,8,7,3,,17,322,9,BL9,697,6,671,862,0,14,12,6
117_Buon Pastore_Amministrative Comunali  Liste,117,Buon Pastore,,Liste,Amministrative Comunali  Liste,2009,49,2,84,11,,7,33,,,1,4,4,,19,367,2,BL9,675,6,650,806,0,13,12,6
118_Buon Pastore_Amministrative Comunali  Liste,118,Buon Pastore,3,Liste,Amministrative Comunali  Liste,2009,69,,97,,,4,,6,30,,4,3,2,7,292,4,BL9,613,6,585,747,0,14,14,8
119_Buon Pastore_Amministrative Comunali  Liste,119,Buon Pastore,3,Liste,Amministrative Comunali  Liste,2009,71,4,100,9,18,0,33,10,,0,5,5,4,5,305,9,BL9,629,6,599,823,0,17,13,7
120_Buon Pastore_Amministrative Comunali  Liste,120,Buon Pastore,3,Liste,Amministrative Comunali  Liste,2009,72,,94,8,29,0,,14,32,2,8,4,4,13,234,5,BL9,566,7,534,709,0,20,12,5
121_Buon Pastore_Amministrative Comunali  Liste,121,Buon Pastore,3,Liste,Amministrative Comunali  Liste,2009,82,9,143,15,29,2,,18,26,8,,7,,16,308,5,BL9,760,5,707,954,0,27,26,21
,122,Buon Pastore,,Liste,Amministrative Comunali  Liste,2009,34,4,49,2,14,0,17,6,18,0,,,,,167,1,BL9,344,6,321,1019,0,10,13,7
,125,Buon Pastore,3,Liste,Amministrative Comunali  Liste,2009,51,3,70,,11,,31,20,60,,5,2,1,21,389,8,BL9,707,9,678,836,0,15,14,5
,127,Buon Pastore,3,Liste,Amministrative Comunali  Liste,2009,47,1,104,3,11,0,15,,22,0,3,4,3,,216,7,BL9,485,11,453,613,0,13,19,8
129_Buon Pastore_Amministrative Comunali  Liste,129,Buon Pastore,3,Liste,Amministrative Comunali  Liste,2009,,,90,12,25,0,12,4,30,,5,0,2,6,239,8,BL9,530,9,501,761,0,14,15,6
132_San Faustino_Amministrative Comunali  Liste,132,San Faustino,4,Liste,Amministrative Comunali  Liste,2009,93,2,160,22,22,5,18,,32,0,6,5,,3,198,3,BL9,636,7,587,838,0,33,16,9
134_San Faustino_Amministrative Comunali  Liste,134,San Faustino,4,Liste,Amministrative Comunali  Liste,2009,,,,12,19,4,31,,23,3,5,,13,13,,8,BL9,537,9,509,704,0,16,12,3
,135,San Faustino,,Liste,Amministrative Comunali  Liste,2009,53,2,163,11,,3,12,,7,4,2,2,1,6,108,2,BL9,438,10,401,757,0,11,26,16
,136,San Faustino,4,Liste,Amministrative Comunali  Liste,2009,,,111,20,22,7,,9,,3,6,4,,15,123,2,BL9,479,6,447,659,2,18,14,6
137_San Faustino_Amministrative Comunali  Liste,137,San Faustino,4,Liste,Amministrative Comunali  Liste,2009,63,4,,,5,8,22,,27,3,3,4,2,9,189,5,BL9,563,5,528,739,0,25,10,5
139_San Faustino_Amministrative Comunali  Liste,139,San Faustino,4,Liste,Amministrative Comunali  Liste,2009,71,3,106,,11,2,,12,25,0,2,2,1,4,,,BL9,558,2,540,734,0,12,6,4
140_San Faustino_Amministrative Comunali  Liste,140,San Faustino,4,Liste,Amministrative Comunali  Liste,2009,49,1,80,16,19,5,14,10,,3,3,1,8,12,217,6,BL9,490,6,466,696,0,14,10,4
141_San Faustino_Amministrative Comunali  Liste,141,San Faustino,4,Liste,Amministrative Comunali  Liste,2009,61,2,105,5,22,7,19,,24,2,3,5,3,12,212,4,BL9,528,9,493,707,0,18,17,8
143_San Faustino_Amministrative Comunali  Liste,143,San Faustino,4,Liste,Amministrative Comunali  Liste,2009,59,5,161,15,,8,21,5,16,,4,,7,,170,4,BL9,535,13,498,700,0,17,20,7
144_San Faustino_Amministrative Comunali  Liste,144,San Faustino,4,Liste,Amministrative Comunali  Liste,2009,68,,,9,12,14,12,9,,2,,1,2,11,266,8,BL9,586,4,548,720,0,26,12,8
145_San Faustino_Amministrative Comunali  Liste,145,San Faustino,,Liste,Amministrative Comunali  Liste,2009,,,100,5,10,,30,10,17,2,,3,2,,,,BL9,579,7,545,696,0,20,14,7
,146,San Faustino,,Liste,Amministrative Comunali  Liste,2009,61,,100,4,,2,17,7,,0,6,2,,14,272,10,BL9,563,3,542,814,0,13,8,5
147_San Faustino_Amministrative Comunali  Liste,147,San Faustino,4,Liste,Amministrative Comunali  Liste,2009,,1,63,11,13,4,14,,,5,4,0,10,16,,,BL9,619,9,594,798,0,10,15,6
148_San Faustino_Amministrative Comunali  Liste,148,San Faustino,4,Liste,Amministrative Comunali  Liste,2009,,1,130,12,21,,,13,16,1,3,,8,10,291,9,BL9,644,7,614,765,0,12,18,11
149_San Faustino_Amministrative Comunali  Liste,149,San Faustino,4,Liste,Amministrative Comunali  Liste,2009,59,0,116,,16,,17,14,25,3,,4,0,7,299,,BL9,627,11,586,763,0,26,15,4
150_San Faustino_Amministrative Comunali  Liste,150,San Faustino,4,Liste,Amministrative Comunali  Liste,2009,64,,164,,24,,37,8,36,,,,,7,292,4,BL9,702,7,667,816,0,22,13,6
151_San Faustino_Amministrative Comunali  Liste,151,San Faustino,4,Liste,Amministrative Comunali  Liste,2009,43,5,115,9,,,16,16,22,0,4,8,4,12,279,6,BL9,585,7,552,793,0,16,17,10
152_San Faustino_Amministrative Comunali  Liste,152,San Faustino,4,Liste,Amministrative Comunali  Liste,2009,,,,6,26,5,19,,25,2,11,6,2,,251,,BL9,709,12,663,903,0,29,17,5
153_San Faustino_Amministrative Comunali  Liste,153,San Faustino,4,Liste,Amministrative Comunali  Liste,2009,73,16,200,23,20,8,18,10,,4,,5,3,,195,,BL9,644,11,614,800,0,15,15,4
,154,San Faustino,4,Liste,Amministrative Comunali  Liste,2009,65,2,153,24,23,11,,,25,1,3,2,0,,176,,BL9,564,13,526,716,0,20,18,5
155_San Faustino_Amministrative Comunali  Liste,155,San Faustino,,Liste,Amministrative Comunali  Liste,2009,50,,,13,17,2,,6,15,3,3,4,5,,167,4,BL9,529,4,468,723,0,53,8,4
156_San Faustino_Amministrative Comunali  Liste,156,San Faustino,,Liste,Amministrative Comunali  Liste,2009,71,,159,9,,3,18,13,25,2,2,2,,13,147,5,BL9,523,9,495,685,0,10,18,9
157_San Faustino_Amministrative Comunali  Liste,157,San Faustino,4,Liste,Amministrative Comunali  Liste,2009,,,77,12,14,5,21,12,27,0,1,1,2,16,320,7,BL9,607,4,579,753,0,17,11,7
159_San Faustino_Amministrative Comunali  Liste,159,San Faustino,4,Liste,Amministrative Comunali  Liste,2009,76,4,86,4,11,,20,20,38,,4,3,1,8,309,,BL9,633,15,591,818,0,15,27,12
160_San Faustino_Amministrative Comunali  Liste,160,San Faustino,,Liste,Amministrative Comunali  Liste,2009,52,,,3,15,1,21,,43,0,4,12,5,13,335,9,BL9,617,9,588,734,0,16,13,4
,161,San Faustino,4,Liste,Amministrative Comunali  Liste,2009,46,1,102,,,,13,9,28,,3,7,,7,185,6,BL9,471,3,448,674,0,18,5,2
,162,San Faustino,4,Liste,Amministrative Comunali  Liste,2009,65,4,84,,14,7,17,16,30,2,4,4,3,9,362,4,BL9,662,6,630,795,0,16,16,10
164_San Faustino_Amministrative Comunali  Liste,164,San Faustino,4,Liste,Amministrative Comunali  Liste,2009,70,,83,8,15,1,,,29,2,7,,,8,311,12,BL9,618,3,592,782,0,12,14,11
165_San Faustino_Amministrative Comunali  Liste,165,San Faustino,4,Liste,Amministrative Comunali  Liste,2009,57,,,7,14,1,,15,29,4,4,14,4,9,401,3,BL9,687,9,653,843,0,16,18,9
166_San Faustino_Amministrative Comunali  Liste,166,San Faustino,4,Liste,Amministrative Comunali  Liste,2009,49,11,103,11,,0,19,11,25,3,,5,3,3,255,10,BL9,565,7,533,750,0,16,16,9
,168,San Faustino,4,Liste,Amministrative Comunali  Liste,2009,,8,124,3,11,2,21,14,31,2,6,,7,16,283,4,BL9,641,12,607,863,0,18,16,4
169_San Faustino_Amministrative Comunali  Liste,169,San Faustino,4,Liste,Amministrative Comunali  Liste,2009,77,4,120,15,,8,29,,36,1,7,,6,20,,7,BL9,832,14,774,1026,0,24,34,20
170_San Faustino_Amministrative Comunali  Liste,170,San Faustino,4,Liste,Amministrative Comunali  Liste,2009,,3,,,24,4,18,,47,1,0,,1,20,,5,BL9,769,11,719,990,1,29,21,9
171_San Faustino_Amministrative Comunali  Liste,171,San Faustino,4,Liste,Amministrative Comunali  Liste,2009,122,0,161,,30,9,18,18,21,4,4,3,3,,319,5,BL9,770,11,733,917,0,18,19,8
,172,San Faustino,4,Liste,Amministrative Comunali  Liste,2009,,,93,8,21,1,12,9,20,1,,0,2,1,,,BL9,454,10,422,599,0,16,16,6
173_San Faustino_Amministrative Comunali  Liste,173,San Faustino,4,Liste,Amministrative Comunali  Liste,2009,62,4,110,6,15,4,7,6,14,,4,,5,3,214,5,BL9,497,7,460,631,0,23,14,7
174_San Faustino_Amministrative Comunali  Liste,174,San Faustino,4,Liste,Amministrative Comunali  Liste,2009,,,88,,,2,15,10,,,,0,8,6,202,6,BL9,472,8,436,600,0,16,20,12
175_San Faustino_Amministrative Comunali  Liste,175,San Faustino,4,Liste,Amministrative Comunali  Liste,2009,61,2,139,11,21,8,,9,,3,,,2,10,213,10,BL9,563,8,530,726,0,15,18,10
178_San Faustino_Amministrative Comunali  Liste,178,San Faustino,,Liste,Amministrative Comunali  Liste,2009,69,5,124,14,,11,20,17,24,4,5,,1,6,231,14,BL9,609,6,566,782,0,27,16,10
,179,San Faustino,4,Liste,Amministrative Comunali  Liste,2009,78,6,136,16,25,4,22,10,30,2,4,4,2,5,224,12,BL9,620,10,580,815,0,18,22,12
,180,San Faustino,4,Liste,Amministrative Comunali  Liste,2009,83,3,121,10,47,20,24,,25,3,7,,4,8,249,15,BL9,669,8,637,821,0,8,24,16
181_Buon Pastore_Amministrative Comunali  Liste,181,Buon Pastore,3,Liste,Amministrative Comunali  Liste,2009,5,0,10,0,2,,1,3,1,1,0,0,0,,23,,BL9,49,0,46,0,0,0,3,3
182_Buon Pastore_Amministrative Comunali  Liste,182,Buon Pastore,3,Liste,Amministrative Comunali  Liste,2009,1,0,,,2,1,,2,2,0,0,0,0,1,,,BL9,29,0,27,0,0,1,1,1
183_San Faustino_Amministrative Comunali  Liste,183,San Faustino,,Liste,Amministrative Comunali  Liste,2009,2,1,6,4,,0,0,0,2,2,0,1,3,1,22,0,BL9,49,0,47,0,0,1,1,1
184_San Faustino_Amministrative Comunali  Liste,184,San Faustino,4,Liste,Amministrative Comunali  Liste,2009,1,,7,,1,,,0,1,,,0,0,,17,1,BL9,28,0,28,0,0,0,0,0
185_San Faustino_Amministrative Comunali  Liste,185,San Faustino,4,Liste,Amministrative Comunali  Liste,2009,64,4,124,,18,,28,,22,0,1,4,0,5,243,1,BL9,569,12,532,704,0,22,15,3
186_San Faustino_Amministrative Comunali  Liste,186,San Faustino,4,Liste,Amministrative Comunali  Liste,2009,47,4,,5,20,1,20,8,16,1,,6,1,10,234,1,BL9,480,10,437,629,0,18,25,15
187_Buon Pastore_Amministrative Comunali  Liste,187,Buon Pastore,3,Liste,Amministrative Comunali  Liste,2009,52,2,95,10,21,10,32,15,37,,,10,3,,331,5,BL9,695,5,659,846,0,28,8,3
