THE_PK_KEY,SECTION,DISTRICT,DISTRICT_CD,DATA_TYPE,ELECTION,YEAR,FORZA_ITALIA,SUDTIROLER_VOLKS_PARTEI,STATI_UNITI_D_EUROPA,ALTERNATIVA_POPOLARE___PPE,PACE_TERRA_DIGNITA_,MOVIMENTO_5_STELLE,LIBERTA_,ALLEANZA_VERDI_SINISTRA,PARTITO_DEMOCRATICO,FRATELLI_D_ITALIA,SIAMO_EUROPEI___AZIONE_CALENDA,LEGA,#REGISTERED,#VOTERS,#DISPUTED,#BLANK,#VALID,FORM,#NOT VALID,#NULL
1_Centro_Europee,1,Centro,1,Liste,Europee,2024,30,0,28,8,11,20,3,48,136,186,32,23,881,533,0,6,525,E24,8,2
2_Centro_Europee,2,Centro,1,Liste,Europee,2024,29,3,11,1,13,27,4,33,170,95,22,23,732,444,0,3,431,E24,13,10
3_Centro_Europee,3,Centro,1,Liste,Europee,2024,59,0,20,1,7,34,1,38,134,198,44,18,860,560,0,2,554,E24,6,4
4_Centro_Europee,4,Centro,1,Liste,Europee,2024,39,0,21,2,8,21,3,49,173,169,29,29,902,560,0,8,543,E24,17,9
5_Centro_Europee,5,Centro,1,Liste,Europee,2024,48,1,28,2,13,15,1,32,146,155,30,34,811,512,0,3,505,E24,7,4
6_Centro_Europee,6,Centro,1,Liste,Europee,2024,46,0,30,0,12,20,2,29,173,140,33,26,781,523,0,5,511,E24,12,7
7_Centro_Europee,7,Centro,1,Liste,Europee,2024,58,1,31,0,16,29,5,46,173,165,28,32,854,596,0,4,584,E24,12,8
8_Centro_Europee,8,Centro,1,Liste,Europee,2024,27,0,13,1,7,29,2,34,137,102,19,21,773,398,0,4,392,E24,6,2
9_Centro_Europee,9,Centro,1,Liste,Europee,2024,23,0,19,3,16,17,2,42,143,136,21,34,760,463,0,1,456,E24,7,6
10_Centro_Europee,10,Centro,1,Liste,Europee,2024,33,0,14,1,3,17,2,42,139,115,22,21,716,429,1,10,409,E24,20,9
11_Centro_Europee,11,Centro,1,Liste,Europee,2024,22,0,21,1,9,17,1,37,135,81,20,20,596,379,0,3,364,E24,15,12
12_Centro_Europee,12,Centro,1,Liste,Europee,2024,27,0,28,0,10,18,4,44,191,103,23,25,813,479,0,1,473,E24,6,5
13_Centro_Europee,13,Centro,1,Liste,Europee,2024,28,1,14,0,21,28,2,46,210,118,29,30,802,536,0,6,527,E24,9,3
14_Centro_Europee,14,Centro,1,Liste,Europee,2024,27,0,12,0,22,28,2,39,172,87,31,23,737,453,0,5,443,E24,10,5
15_Centro_Europee,15,Centro,1,Liste,Europee,2024,28,1,9,1,10,19,2,42,178,85,14,15,720,416,0,3,404,E24,12,9
16_Centro_Europee,16,Centro,1,Liste,Europee,2024,11,0,11,0,13,28,0,35,170,109,20,20,653,423,0,1,417,E24,6,5
17_Centro_Europee,17,Centro,1,Liste,Europee,2024,22,0,18,0,8,29,2,40,191,91,19,13,874,456,0,9,433,E24,23,14
18_Centro_Europee,18,Centro,1,Liste,Europee,2024,20,1,14,3,10,47,0,37,194,96,19,21,807,469,1,4,462,E24,7,2
19_Centro_Europee,19,Centro,1,Liste,Europee,2024,20,0,11,0,13,38,2,23,133,74,18,12,658,350,0,2,344,E24,6,4
20_Centro_Europee,20,Centro,1,Liste,Europee,2024,28,0,23,3,19,29,3,45,151,108,22,23,732,463,0,3,454,E24,9,6
21_Centro_Europee,21,Centro,1,Liste,Europee,2024,16,2,14,1,10,27,2,47,165,91,15,18,933,416,0,6,408,E24,8,2
22_Crocetta_Europee,22,Crocetta,2,Liste,Europee,2024,21,1,8,2,13,45,0,46,238,116,16,21,973,541,0,4,527,E24,14,10
23_Crocetta_Europee,23,Crocetta,2,Liste,Europee,2024,16,0,17,1,9,63,5,27,172,89,12,18,773,451,0,10,429,E24,22,12
24_Crocetta_Europee,24,Crocetta,2,Liste,Europee,2024,12,0,14,5,1,39,0,15,129,76,8,31,604,338,0,4,330,E24,8,4
25_Crocetta_Europee,25,Crocetta,2,Liste,Europee,2024,20,0,16,0,12,37,3,34,265,108,16,26,814,559,0,9,537,E24,22,13
26_Crocetta_Europee,26,Crocetta,2,Liste,Europee,2024,28,0,12,0,7,27,4,17,227,90,16,25,697,467,0,8,453,E24,14,6
27_Crocetta_Europee,27,Crocetta,2,Liste,Europee,2024,18,0,8,0,4,40,3,38,145,66,9,22,667,363,0,5,353,E24,10,5
28_Crocetta_Europee,28,Crocetta,2,Liste,Europee,2024,15,2,16,0,11,34,2,28,172,92,14,20,774,417,0,4,406,E24,11,7
29_Crocetta_Europee,29,Crocetta,2,Liste,Europee,2024,28,1,7,1,7,30,6,43,217,102,6,29,816,498,0,8,477,E24,21,13
30_Crocetta_Europee,30,Crocetta,2,Liste,Europee,2024,27,0,8,1,3,32,1,25,225,94,7,12,635,450,0,8,435,E24,15,7
31_Crocetta_Europee,31,Crocetta,2,Liste,Europee,2024,15,1,6,2,9,33,3,16,172,61,1,12,602,346,0,5,331,E24,15,10
32_Crocetta_Europee,32,Crocetta,2,Liste,Europee,2024,30,0,15,3,14,55,1,42,177,111,16,15,838,499,0,9,479,E24,20,11
33_Crocetta_Europee,33,Crocetta,2,Liste,Europee,2024,19,0,5,3,4,36,2,31,207,96,15,20,752,450,0,4,438,E24,12,8
34_Crocetta_Europee,34,Crocetta,2,Liste,Europee,2024,17,0,9,1,9,35,5,37,265,79,12,26,797,508,0,2,495,E24,13,11
35_Crocetta_Europee,35,Crocetta,2,Liste,Europee,2024,18,0,10,0,4,27,5,28,218,81,13,24,757,441,0,4,428,E24,13,9
36_Crocetta_Europee,36,Crocetta,2,Liste,Europee,2024,12,0,10,0,4,29,7,34,204,72,10,12,611,404,0,2,394,E24,10,8
37_Crocetta_Europee,37,Crocetta,2,Liste,Europee,2024,26,0,6,0,9,22,3,40,286,101,14,22,785,547,0,11,529,E24,18,7
38_Crocetta_Europee,38,Crocetta,2,Liste,Europee,2024,18,0,15,1,10,38,7,33,286,78,14,22,827,545,0,7,522,E24,23,16
39_Crocetta_Europee,39,Crocetta,2,Liste,Europee,2024,25,0,13,2,23,38,8,43,284,81,14,23,812,568,0,2,554,E24,14,12
40_Crocetta_Europee,40,Crocetta,2,Liste,Europee,2024,28,0,18,2,9,25,2,42,257,95,11,11,737,510,0,3,500,E24,10,7
41_Crocetta_Europee,41,Crocetta,2,Liste,Europee,2024,10,0,5,2,9,34,1,23,224,78,15,26,788,454,1,7,427,E24,27,19
42_Crocetta_Europee,42,Crocetta,2,Liste,Europee,2024,17,1,13,0,9,28,6,30,197,66,16,20,664,413,0,4,403,E24,10,6
43_Crocetta_Europee,43,Crocetta,2,Liste,Europee,2024,15,0,12,0,5,31,3,18,145,62,13,10,580,327,0,3,314,E24,13,10
44_Crocetta_Europee,44,Crocetta,2,Liste,Europee,2024,16,1,14,0,7,30,1,34,168,68,9,16,687,376,0,5,364,E24,12,7
45_Crocetta_Europee,45,Crocetta,2,Liste,Europee,2024,19,1,12,5,10,53,6,24,181,99,20,17,799,467,0,5,447,E24,20,15
46_Crocetta_Europee,46,Crocetta,2,Liste,Europee,2024,20,2,6,3,12,34,2,47,216,91,12,21,679,475,0,5,466,E24,9,4
47_Crocetta_Europee,47,Crocetta,2,Liste,Europee,2024,19,1,18,0,14,25,2,23,142,86,19,15,653,378,0,3,364,E24,14,11
48_Crocetta_Europee,48,Crocetta,2,Liste,Europee,2024,20,1,8,1,4,25,0,32,127,73,7,15,605,320,0,1,313,E24,7,6
49_Crocetta_Europee,49,Crocetta,2,Liste,Europee,2024,28,2,17,1,7,32,3,29,163,94,18,19,714,425,0,4,413,E24,12,8
50_Crocetta_Europee,50,Crocetta,2,Liste,Europee,2024,24,0,6,3,8,15,2,45,153,86,16,12,653,389,0,12,370,E24,19,7
51_Crocetta_Europee,51,Crocetta,2,Liste,Europee,2024,20,1,20,5,9,32,5,44,153,92,18,13,668,428,0,7,412,E24,16,9
52_Crocetta_Europee,52,Crocetta,2,Liste,Europee,2024,27,0,19,3,5,43,2,45,214,107,21,22,849,519,0,3,508,E24,11,8
53_Crocetta_Europee,53,Crocetta,2,Liste,Europee,2024,22,0,12,0,5,31,1,37,195,75,16,13,735,428,0,7,407,E24,21,14
54_Crocetta_Europee,54,Crocetta,2,Liste,Europee,2024,28,1,14,0,4,21,2,22,155,101,34,17,604,408,0,6,399,E24,9,3
55_Crocetta_Europee,55,Crocetta,2,Liste,Europee,2024,28,0,20,0,10,34,3,38,154,86,22,15,670,423,0,4,410,E24,13,9
56_Crocetta_Europee,56,Crocetta,2,Liste,Europee,2024,29,0,8,1,8,29,0,29,157,146,26,17,727,461,0,5,450,E24,11,6
57_Crocetta_Europee,57,Crocetta,2,Liste,Europee,2024,26,1,14,1,8,39,2,20,152,61,15,21,629,368,0,3,360,E24,8,5
58_Crocetta_Europee,58,Crocetta,2,Liste,Europee,2024,21,0,7,0,2,32,1,30,204,86,9,9,757,420,0,9,401,E24,19,10
59_Crocetta_Europee,59,Crocetta,2,Liste,Europee,2024,19,0,14,1,11,37,1,45,259,116,24,27,859,573,0,6,554,E24,19,13
60_Crocetta_Europee,60,Crocetta,2,Liste,Europee,2024,28,1,9,1,14,37,3,49,281,109,18,14,829,583,0,7,564,E24,19,12
61_Crocetta_Europee,61,Crocetta,2,Liste,Europee,2024,17,0,13,2,8,22,7,36,224,83,21,24,692,466,0,3,457,E24,9,6
62_Crocetta_Europee,62,Crocetta,2,Liste,Europee,2024,19,0,7,0,17,43,1,26,194,100,7,23,697,450,0,5,437,E24,13,8
63_Crocetta_Europee,63,Crocetta,2,Liste,Europee,2024,17,0,16,3,16,40,2,28,221,92,14,26,948,490,0,5,475,E24,15,10
64_Crocetta_Europee,64,Crocetta,2,Liste,Europee,2024,11,1,8,0,7,25,1,21,121,52,4,26,612,282,0,1,277,E24,5,4
65_Crocetta_Europee,65,Crocetta,2,Liste,Europee,2024,13,2,4,3,9,27,3,26,95,42,4,5,1248,246,0,4,233,E24,13,9
66_Crocetta_Europee,66,Crocetta,2,Liste,Europee,2024,14,0,10,2,10,24,1,27,164,87,8,11,581,369,0,5,358,E24,11,6
67_Crocetta_Europee,67,Crocetta,2,Liste,Europee,2024,21,0,12,1,4,34,1,29,205,91,13,24,776,446,0,4,435,E24,11,7
68_Crocetta_Europee,68,Crocetta,2,Liste,Europee,2024,15,0,9,0,5,44,3,23,130,82,5,19,636,348,0,6,335,E24,13,7
69_Crocetta_Europee,69,Crocetta,2,Liste,Europee,2024,12,0,3,2,6,34,3,40,150,96,7,22,737,390,0,4,375,E24,15,11
70_Crocetta_Europee,70,Crocetta,2,Liste,Europee,2024,12,1,7,0,5,34,6,27,172,56,10,23,678,368,0,7,353,E24,15,8
71_Buon Pastore_Europee,71,Buon Pastore,3,Liste,Europee,2024,31,0,13,1,8,19,3,30,155,107,20,21,714,419,0,3,408,E24,11,8
72_Buon Pastore_Europee,72,Buon Pastore,3,Liste,Europee,2024,45,0,13,1,6,19,0,31,161,155,22,12,701,480,0,6,465,E24,15,9
73_Buon Pastore_Europee,73,Buon Pastore,3,Liste,Europee,2024,42,0,17,0,9,10,1,30,158,142,28,25,687,472,0,4,462,E24,10,6
74_Buon Pastore_Europee,74,Buon Pastore,3,Liste,Europee,2024,31,0,8,3,6,19,0,28,142,90,16,20,606,373,0,4,363,E24,10,6
75_Buon Pastore_Europee,75,Buon Pastore,3,Liste,Europee,2024,20,0,25,0,9,32,1,37,163,108,24,18,683,446,0,7,437,E24,9,2
76_Buon Pastore_Europee,76,Buon Pastore,3,Liste,Europee,2024,12,0,6,0,13,38,3,43,162,72,12,14,635,387,0,7,375,E24,12,5
77_Buon Pastore_Europee,77,Buon Pastore,3,Liste,Europee,2024,25,0,21,3,9,32,1,17,156,105,17,16,634,408,0,4,402,E24,6,2
78_Buon Pastore_Europee,78,Buon Pastore,3,Liste,Europee,2024,30,0,13,2,13,30,3,42,189,125,16,20,756,494,0,6,483,E24,11,5
79_Buon Pastore_Europee,79,Buon Pastore,3,Liste,Europee,2024,20,0,6,0,6,28,1,21,170,87,15,14,618,373,0,4,368,E24,5,1
80_Buon Pastore_Europee,80,Buon Pastore,3,Liste,Europee,2024,11,0,14,0,19,45,1,49,248,71,19,21,810,516,0,1,498,E24,18,17
81_Buon Pastore_Europee,81,Buon Pastore,3,Liste,Europee,2024,9,0,8,0,14,16,5,34,265,69,17,14,668,474,0,12,451,E24,23,11
82_Buon Pastore_Europee,82,Buon Pastore,3,Liste,Europee,2024,15,0,7,2,5,32,2,34,220,118,16,28,772,490,0,3,479,E24,11,8
83_Buon Pastore_Europee,83,Buon Pastore,3,Liste,Europee,2024,18,1,2,1,6,29,7,25,211,70,17,15,730,453,0,6,402,E24,51,45
84_Buon Pastore_Europee,84,Buon Pastore,3,Liste,Europee,2024,18,0,11,0,9,32,3,41,256,95,23,16,729,525,0,7,504,E24,21,14
85_Buon Pastore_Europee,85,Buon Pastore,3,Liste,Europee,2024,10,1,9,2,13,27,1,32,231,99,17,25,754,479,0,8,467,E24,12,4
86_Buon Pastore_Europee,86,Buon Pastore,3,Liste,Europee,2024,32,2,17,0,4,21,0,36,262,143,21,21,808,567,0,3,559,E24,8,5
87_Buon Pastore_Europee,87,Buon Pastore,3,Liste,Europee,2024,22,1,6,0,8,34,0,32,225,95,19,16,724,475,0,5,458,E24,17,12
88_Buon Pastore_Europee,88,Buon Pastore,3,Liste,Europee,2024,23,0,6,2,9,40,0,31,216,75,17,18,652,454,0,3,437,E24,17,14
89_Buon Pastore_Europee,89,Buon Pastore,3,Liste,Europee,2024,24,0,15,0,5,27,0,33,237,103,18,20,704,502,0,8,482,E24,20,12
90_Buon Pastore_Europee,90,Buon Pastore,3,Liste,Europee,2024,16,1,13,1,12,21,3,48,231,80,19,17,736,472,0,4,462,E24,10,6
91_Buon Pastore_Europee,91,Buon Pastore,3,Liste,Europee,2024,23,1,19,2,4,19,0,31,268,95,34,14,802,530,0,7,510,E24,20,13
92_Buon Pastore_Europee,92,Buon Pastore,3,Liste,Europee,2024,15,1,7,3,13,16,0,25,192,69,13,19,568,393,0,8,373,E24,20,12
93_Buon Pastore_Europee,93,Buon Pastore,3,Liste,Europee,2024,30,0,14,0,12,61,8,42,253,74,13,21,890,540,0,3,528,E24,12,9
94_Buon Pastore_Europee,94,Buon Pastore,3,Liste,Europee,2024,23,0,13,0,9,15,4,30,316,102,21,18,763,566,0,2,551,E24,15,13
95_Buon Pastore_Europee,95,Buon Pastore,3,Liste,Europee,2024,20,0,10,0,6,30,0,42,301,75,17,13,734,522,0,6,514,E24,8,2
96_Buon Pastore_Europee,96,Buon Pastore,3,Liste,Europee,2024,21,0,10,3,5,40,2,31,197,79,8,20,807,438,0,9,416,E24,22,13
97_Buon Pastore_Europee,97,Buon Pastore,3,Liste,Europee,2024,13,1,10,0,10,25,4,28,276,85,11,24,713,497,0,3,487,E24,10,7
98_Buon Pastore_Europee,98,Buon Pastore,3,Liste,Europee,2024,18,4,9,2,5,37,4,36,165,79,22,17,728,410,0,8,398,E24,12,4
99_Buon Pastore_Europee,99,Buon Pastore,3,Liste,Europee,2024,32,2,18,1,5,34,3,51,202,106,22,21,787,513,0,8,497,E24,16,8
100_Buon Pastore_Europee,100,Buon Pastore,3,Liste,Europee,2024,24,2,16,4,15,41,2,56,312,145,31,25,987,689,0,11,673,E24,16,5
101_Buon Pastore_Europee,101,Buon Pastore,3,Liste,Europee,2024,30,0,19,2,10,31,2,43,280,134,26,27,917,624,0,11,604,E24,20,9
102_Buon Pastore_Europee,102,Buon Pastore,3,Liste,Europee,2024,33,0,18,0,5,37,2,30,163,86,19,16,682,417,0,3,409,E24,8,5
103_Buon Pastore_Europee,103,Buon Pastore,3,Liste,Europee,2024,34,0,18,2,5,20,2,43,188,104,26,17,749,470,0,8,459,E24,11,3
104_Buon Pastore_Europee,104,Buon Pastore,3,Liste,Europee,2024,25,1,14,4,6,29,2,30,156,99,29,26,703,431,0,3,421,E24,10,7
105_Buon Pastore_Europee,105,Buon Pastore,3,Liste,Europee,2024,29,0,16,1,12,20,5,36,169,131,16,30,724,475,1,3,465,E24,10,6
106_Buon Pastore_Europee,106,Buon Pastore,3,Liste,Europee,2024,40,1,9,3,3,20,2,26,142,120,20,25,615,420,0,1,411,E24,9,8
107_Buon Pastore_Europee,107,Buon Pastore,3,Liste,Europee,2024,15,0,9,1,13,19,1,34,178,94,12,11,651,401,0,6,387,E24,14,8
108_Buon Pastore_Europee,108,Buon Pastore,3,Liste,Europee,2024,41,0,18,1,9,29,3,27,172,130,18,24,742,486,0,6,472,E24,14,8
109_Buon Pastore_Europee,109,Buon Pastore,3,Liste,Europee,2024,39,0,21,2,20,20,5,48,188,131,26,24,826,536,0,8,524,E24,12,4
110_Buon Pastore_Europee,110,Buon Pastore,3,Liste,Europee,2024,24,0,16,4,10,17,4,22,180,108,19,17,758,440,0,8,421,E24,19,11
111_Buon Pastore_Europee,111,Buon Pastore,3,Liste,Europee,2024,32,0,12,3,29,36,1,35,232,106,19,10,806,526,0,5,515,E24,11,6
112_Buon Pastore_Europee,112,Buon Pastore,3,Liste,Europee,2024,22,0,14,2,6,23,6,28,203,98,14,18,728,456,0,7,434,E24,22,15
113_Buon Pastore_Europee,113,Buon Pastore,3,Liste,Europee,2024,26,0,17,3,13,25,6,54,288,115,26,21,832,607,0,5,594,E24,13,8
114_Buon Pastore_Europee,114,Buon Pastore,3,Liste,Europee,2024,21,2,26,0,15,34,2,52,246,117,26,27,897,591,0,10,568,E24,23,13
115_Buon Pastore_Europee,115,Buon Pastore,3,Liste,Europee,2024,21,0,21,3,9,33,2,33,247,135,17,22,755,551,0,4,543,E24,8,4
116_Buon Pastore_Europee,116,Buon Pastore,3,Liste,Europee,2024,19,1,7,0,10,27,0,38,222,98,18,12,627,469,0,6,452,E24,17,11
117_Buon Pastore_Europee,117,Buon Pastore,3,Liste,Europee,2024,20,0,13,0,12,26,5,27,333,76,12,10,764,552,0,12,534,E24,18,6
118_Buon Pastore_Europee,118,Buon Pastore,3,Liste,Europee,2024,34,3,19,2,8,48,6,40,284,109,23,31,890,619,0,6,607,E24,12,6
119_Buon Pastore_Europee,119,Buon Pastore,3,Liste,Europee,2024,16,0,12,0,10,34,0,51,236,99,11,25,777,505,0,8,494,E24,11,3
120_Buon Pastore_Europee,120,Buon Pastore,3,Liste,Europee,2024,14,0,15,1,8,22,1,33,227,147,12,22,699,515,0,8,502,E24,13,5
121_Buon Pastore_Europee,121,Buon Pastore,3,Liste,Europee,2024,39,2,21,2,9,33,5,44,274,165,30,29,1011,680,0,9,653,E24,27,18
122_Buon Pastore_Europee,122,Buon Pastore,3,Liste,Europee,2024,14,3,11,0,7,25,0,17,152,65,7,13,799,321,0,2,314,E24,7,5
123_Buon Pastore_Europee,123,Buon Pastore,3,Liste,Europee,2024,18,0,12,1,7,18,0,22,122,70,19,8,591,308,0,4,297,E24,11,7
124_Buon Pastore_Europee,124,Buon Pastore,3,Liste,Europee,2024,30,0,14,2,18,30,10,47,219,104,10,22,784,521,0,7,506,E24,15,8
125_Buon Pastore_Europee,125,Buon Pastore,3,Liste,Europee,2024,13,1,18,0,10,40,3,35,324,109,13,21,832,599,0,8,587,E24,12,4
126_Buon Pastore_Europee,126,Buon Pastore,3,Liste,Europee,2024,22,0,6,2,5,39,1,42,264,110,11,21,814,533,0,4,523,E24,10,6
127_Buon Pastore_Europee,127,Buon Pastore,3,Liste,Europee,2024,26,0,5,2,4,20,1,35,189,117,14,21,744,452,0,10,434,E24,18,8
128_Buon Pastore_Europee,128,Buon Pastore,3,Liste,Europee,2024,20,0,8,2,12,38,1,27,277,114,34,19,837,565,0,7,552,E24,13,6
129_Buon Pastore_Europee,129,Buon Pastore,3,Liste,Europee,2024,34,0,9,2,12,29,3,27,242,99,20,20,751,504,0,2,497,E24,7,5
130_San Faustino_Europee,130,San Faustino,4,Liste,Europee,2024,33,1,10,1,11,30,3,24,168,106,14,18,634,427,0,3,419,E24,8,5
131_San Faustino_Europee,131,San Faustino,4,Liste,Europee,2024,26,0,15,1,20,29,1,35,178,117,19,22,714,473,0,4,463,E24,10,6
132_San Faustino_Europee,132,San Faustino,4,Liste,Europee,2024,25,0,11,3,9,46,1,51,205,143,28,28,859,560,0,5,550,E24,10,5
133_San Faustino_Europee,133,San Faustino,4,Liste,Europee,2024,25,1,7,0,16,22,2,25,146,97,13,12,620,373,0,3,366,E24,7,4
134_San Faustino_Europee,134,San Faustino,4,Liste,Europee,2024,21,0,14,1,11,44,5,17,192,60,12,20,647,418,0,11,397,E24,21,10
135_San Faustino_Europee,135,San Faustino,4,Liste,Europee,2024,27,0,16,3,9,11,1,25,121,108,17,17,668,357,0,2,355,E24,2,0
136_San Faustino_Europee,136,San Faustino,4,Liste,Europee,2024,29,0,10,1,5,19,2,31,144,107,23,21,631,403,0,6,392,E24,11,5
137_San Faustino_Europee,137,San Faustino,4,Liste,Europee,2024,24,0,17,0,8,36,2,30,179,81,29,17,697,429,0,5,423,E24,6,1
138_San Faustino_Europee,138,San Faustino,4,Liste,Europee,2024,25,1,18,0,12,33,2,42,176,109,16,17,740,459,0,4,451,E24,8,4
139_San Faustino_Europee,139,San Faustino,4,Liste,Europee,2024,25,0,19,1,8,28,2,38,208,96,7,23,781,470,0,6,455,E24,15,9
140_San Faustino_Europee,140,San Faustino,4,Liste,Europee,2024,15,0,12,3,21,24,0,34,156,74,13,12,626,375,0,5,364,E24,11,6
141_San Faustino_Europee,141,San Faustino,4,Liste,Europee,2024,22,3,12,2,12,30,1,34,165,80,10,15,605,396,1,4,386,E24,10,5
142_San Faustino_Europee,142,San Faustino,4,Liste,Europee,2024,32,0,16,2,11,25,5,49,209,137,16,27,832,534,0,3,529,E24,5,2
143_San Faustino_Europee,143,San Faustino,4,Liste,Europee,2024,29,0,13,2,5,31,6,31,160,103,9,17,669,436,0,7,406,E24,30,23
144_San Faustino_Europee,144,San Faustino,4,Liste,Europee,2024,20,0,10,2,11,19,1,38,188,84,20,24,665,425,0,0,417,E24,8,8
145_San Faustino_Europee,145,San Faustino,4,Liste,Europee,2024,20,0,25,3,11,31,5,30,207,97,22,23,683,481,0,1,474,E24,7,6
146_San Faustino_Europee,146,San Faustino,4,Liste,Europee,2024,26,1,11,0,6,15,6,39,182,100,5,12,692,413,0,5,403,E24,10,5
147_San Faustino_Europee,147,San Faustino,4,Liste,Europee,2024,12,0,22,1,8,15,3,45,241,65,12,7,667,443,0,5,431,E24,12,7
148_San Faustino_Europee,148,San Faustino,4,Liste,Europee,2024,30,0,17,0,4,30,2,46,231,116,18,16,710,526,0,7,510,E24,16,9
149_San Faustino_Europee,149,San Faustino,4,Liste,Europee,2024,11,2,14,1,19,21,2,38,259,101,12,14,687,504,0,4,494,E24,10,6
150_San Faustino_Europee,150,San Faustino,4,Liste,Europee,2024,27,1,19,1,13,23,0,39,294,128,29,18,806,604,0,5,592,E24,12,7
151_San Faustino_Europee,151,San Faustino,4,Liste,Europee,2024,23,0,17,0,7,10,2,17,199,87,6,23,702,402,0,3,391,E24,11,8
152_San Faustino_Europee,152,San Faustino,4,Liste,Europee,2024,30,0,28,2,14,21,3,44,262,171,31,23,950,648,0,11,629,E24,19,8
153_San Faustino_Europee,153,San Faustino,4,Liste,Europee,2024,44,0,27,1,12,32,5,30,209,160,29,29,856,597,0,10,578,E24,19,9
154_San Faustino_Europee,154,San Faustino,4,Liste,Europee,2024,23,1,11,0,20,31,2,33,160,119,33,16,700,464,3,3,449,E24,15,9
155_San Faustino_Europee,155,San Faustino,4,Liste,Europee,2024,40,2,22,3,8,23,4,18,173,175,32,27,813,542,0,7,527,E24,15,8
156_San Faustino_Europee,156,San Faustino,4,Liste,Europee,2024,40,1,20,1,10,20,3,43,188,136,33,48,834,560,0,6,543,E24,17,11
157_San Faustino_Europee,157,San Faustino,4,Liste,Europee,2024,21,0,15,0,13,40,0,42,227,83,14,20,750,488,0,6,475,E24,13,7
158_San Faustino_Europee,158,San Faustino,4,Liste,Europee,2024,29,0,20,1,14,31,8,47,218,106,18,15,766,517,0,4,507,E24,10,6
159_San Faustino_Europee,159,San Faustino,4,Liste,Europee,2024,18,0,10,5,13,34,3,29,230,88,12,26,764,495,0,11,468,E24,27,16
160_San Faustino_Europee,160,San Faustino,4,Liste,Europee,2024,34,1,14,1,12,33,1,37,303,81,19,12,804,558,0,6,548,E24,10,4
161_San Faustino_Europee,161,San Faustino,4,Liste,Europee,2024,16,0,10,0,5,29,2,19,156,82,10,18,576,352,0,3,347,E24,5,2
162_San Faustino_Europee,162,San Faustino,4,Liste,Europee,2024,17,0,13,2,6,29,2,33,254,89,13,26,745,502,0,7,484,E24,18,11
163_San Faustino_Europee,163,San Faustino,4,Liste,Europee,2024,19,0,13,0,12,53,1,35,216,71,11,19,761,460,0,4,450,E24,10,6
164_San Faustino_Europee,164,San Faustino,4,Liste,Europee,2024,16,0,13,2,9,30,4,28,289,113,14,26,814,561,0,6,544,E24,17,11
165_San Faustino_Europee,165,San Faustino,4,Liste,Europee,2024,20,0,9,1,7,35,3,31,283,100,8,20,776,530,0,7,517,E24,13,6
166_San Faustino_Europee,166,San Faustino,4,Liste,Europee,2024,8,1,7,1,8,26,2,19,153,114,20,21,669,394,0,5,380,E24,14,9
167_San Faustino_Europee,167,San Faustino,4,Liste,Europee,2024,23,0,10,0,5,40,5,52,299,106,14,25,847,602,0,9,579,E24,23,14
168_San Faustino_Europee,168,San Faustino,4,Liste,Europee,2024,20,0,11,1,13,19,2,38,221,117,11,25,857,491,0,8,478,E24,13,5
169_San Faustino_Europee,169,San Faustino,4,Liste,Europee,2024,20,0,7,0,4,45,1,34,279,110,13,19,755,558,0,9,532,E24,26,17
170_San Faustino_Europee,170,San Faustino,4,Liste,Europee,2024,22,2,11,5,13,36,5,40,201,100,15,14,744,476,0,2,464,E24,12,10
171_San Faustino_Europee,171,San Faustino,4,Liste,Europee,2024,39,0,9,0,11,36,1,22,240,142,13,31,830,552,0,4,544,E24,8,4
172_San Faustino_Europee,172,San Faustino,4,Liste,Europee,2024,21,0,6,2,7,23,2,20,154,87,8,14,642,364,0,11,344,E24,20,9
173_San Faustino_Europee,173,San Faustino,4,Liste,Europee,2024,19,0,6,2,7,27,2,34,250,103,9,28,781,512,0,8,487,E24,25,17
174_San Faustino_Europee,174,San Faustino,4,Liste,Europee,2024,12,0,8,1,12,42,4,35,170,105,13,18,610,429,0,2,420,E24,9,7
175_San Faustino_Europee,175,San Faustino,4,Liste,Europee,2024,29,0,4,2,6,36,2,26,200,118,5,18,716,457,0,4,446,E24,11,7
176_San Faustino_Europee,176,San Faustino,4,Liste,Europee,2024,25,0,20,1,5,20,2,24,247,124,15,27,727,520,0,3,510,E24,10,7
177_San Faustino_Europee,177,San Faustino,4,Liste,Europee,2024,15,0,17,0,7,33,1,27,289,91,10,13,669,514,0,6,503,E24,11,5
178_San Faustino_Europee,178,San Faustino,4,Liste,Europee,2024,41,0,11,2,14,36,5,48,257,150,29,30,890,636,0,6,623,E24,13,7
179_San Faustino_Europee,179,San Faustino,4,Liste,Europee,2024,30,0,18,3,12,39,3,47,246,153,25,33,957,632,0,14,609,E24,23,9
180_San Faustino_Europee,180,San Faustino,4,Liste,Europee,2024,25,0,19,0,14,28,0,35,236,133,25,18,786,549,0,9,533,E24,16,7
181_Buon Pastore_Europee,181,Buon Pastore,3,Liste,Europee,2024,5,0,4,0,0,8,0,3,30,12,3,3,0,68,0,0,68,E24,0,0
182_Buon Pastore_Europee,182,Buon Pastore,3,Liste,Europee,2024,0,0,1,0,2,2,0,5,26,15,1,3,0,56,0,1,55,E24,1,0
183_San Faustino_Europee,183,San Faustino,4,Liste,Europee,2024,5,0,0,1,2,1,1,2,33,17,0,6,0,70,0,1,68,E24,2,1
184_San Faustino_Europee,184,San Faustino,4,Liste,Europee,2024,0,0,0,0,1,2,0,0,26,16,0,2,0,47,0,0,47,E24,0,0
185_San Faustino_Europee,185,San Faustino,4,Liste,Europee,2024,21,1,12,0,8,38,1,56,266,153,32,21,845,618,0,5,609,E24,9,4
186_San Faustino_Europee,186,San Faustino,4,Liste,Europee,2024,13,2,6,0,8,36,1,18,207,85,8,29,666,430,0,8,413,E24,17,9
187_Buon Pastore_Europee,187,Buon Pastore,3,Liste,Europee,2024,11,0,9,1,3,31,1,35,204,93,13,19,663,426,0,3,420,E24,6,3
188_Buon Pastore_Europee,188,Buon Pastore,3,Liste,Europee,2024,21,0,19,2,18,34,4,36,239,82,18,29,718,521,0,5,502,E24,19,14
189_Buon Pastore_Europee,189,Buon Pastore,3,Liste,Europee,2024,29,2,12,0,13,21,0,38,249,107,22,27,729,534,0,11,520,E24,14,3
190_San Faustino_Europee,190,San Faustino,4,Liste,Europee,2024,26,0,14,2,4,30,1,53,220,102,13,17,763,497,0,6,482,E24,15,9
