THE_PK_KEY,SECTION,DISTRICT,DISTRICT_CD,DATA_TYPE,ELECTION,YEAR,MODENA_X_MODENA,LUCA_NEGRINI_SINDACO_LISTA_CIV,FORZA_ITALIA,LEGA,FRATELLI_D_ITALIA,RESPIRIAMO_ARIA_PULITA_L_CIV_,VERITA__3V_LIBERTA_,MODENA_VOLTA_PAGINA_UNIONE_POP,MODENA_CAMBIA,PARTITO_DEMOCRATICO,MOVIMENTO_5_STELLE,MODENA_CIVICA,AZIONE_CALENDA_SIAMO_EUROPEI,ALLEANZA_VERDI_SINISTRA,PIAZZA_FUTURA,UNITI_PER_MODENA,#REGISTERED,#VOTERS,#DISPUTED,#BLANK,#OF WHICH,#VALID,FORM,#NOT VALID,#NULL
1_Centro_Amministrative Comunali Liste,1,Centro,1,Liste,Amministrative Comunali Liste,2024,26,25,33,10,129,0,0,10,6,131,15,9,26,36,18,9,908,524,0,10,27,483,B4L,14,4
2_Centro_Amministrative Comunali Liste,2,Centro,1,Liste,Amministrative Comunali Liste,2024,11,24,17,15,54,3,0,13,5,155,19,13,16,28,6,7,751,420,0,7,19,386,B4L,15,8
3_Centro_Amministrative Comunali Liste,3,Centro,1,Liste,Amministrative Comunali Liste,2024,12,33,34,15,175,5,0,3,6,123,21,6,25,34,26,5,882,548,0,0,20,523,B4L,5,5
4_Centro_Amministrative Comunali Liste,4,Centro,1,Liste,Amministrative Comunali Liste,2024,38,30,32,18,116,5,0,7,7,162,14,3,11,50,16,14,921,553,0,5,18,523,B4L,12,7
5_Centro_Amministrative Comunali Liste,5,Centro,1,Liste,Amministrative Comunali Liste,2024,27,38,40,19,118,3,3,11,6,140,7,6,11,37,6,6,841,509,0,2,26,478,B4L,5,3
6_Centro_Amministrative Comunali Liste,6,Centro,1,Liste,Amministrative Comunali Liste,2024,27,29,28,14,104,4,2,9,7,175,11,7,14,27,12,15,788,520,0,4,28,485,B4L,7,3
7_Centro_Amministrative Comunali Liste,7,Centro,1,Liste,Amministrative Comunali Liste,2024,30,29,48,17,131,7,0,10,6,160,22,9,21,51,17,12,875,597,0,2,16,570,B4L,11,9
8_Centro_Amministrative Comunali Liste,8,Centro,1,Liste,Amministrative Comunali Liste,2024,38,17,18,10,51,1,0,4,5,130,21,10,11,27,15,6,809,392,0,7,11,364,B4L,17,10
9_Centro_Amministrative Comunali Liste,9,Centro,1,Liste,Amministrative Comunali Liste,2024,24,20,24,15,105,5,1,13,9,116,14,4,23,46,6,8,793,462,0,0,21,433,B4L,8,8
10_Centro_Amministrative Comunali Liste,10,Centro,1,Liste,Amministrative Comunali Liste,2024,18,24,28,13,80,5,5,8,3,112,10,16,15,49,11,8,734,430,0,6,14,405,B4L,11,5
11_Centro_Amministrative Comunali Liste,11,Centro,1,Liste,Amministrative Comunali Liste,2024,17,20,29,7,60,0,0,8,4,127,14,6,10,41,5,5,619,380,0,2,16,353,B4L,11,9
12_Centro_Amministrative Comunali Liste,12,Centro,1,Liste,Amministrative Comunali Liste,2024,31,24,16,14,77,5,4,9,6,170,6,12,13,52,16,5,839,482,0,0,19,460,B4L,3,3
13_Centro_Amministrative Comunali Liste,13,Centro,1,Liste,Amministrative Comunali Liste,2024,31,16,24,14,78,3,2,19,11,185,25,8,20,40,17,6,822,536,0,4,29,499,B4L,8,4
14_Centro_Amministrative Comunali Liste,14,Centro,1,Liste,Amministrative Comunali Liste,2024,30,27,25,10,50,2,3,19,9,140,27,8,12,37,12,4,758,452,0,8,20,415,B4L,17,9
15_Centro_Amministrative Comunali Liste,15,Centro,1,Liste,Amministrative Comunali Liste,2024,11,13,25,13,58,8,3,12,3,152,15,15,9,51,4,5,725,413,0,0,10,397,B4L,6,6
16_Centro_Amministrative Comunali Liste,16,Centro,1,Liste,Amministrative Comunali Liste,2024,13,28,14,10,69,2,1,12,7,155,13,19,12,32,3,7,660,422,0,0,18,397,B4L,7,7
17_Centro_Amministrative Comunali Liste,17,Centro,1,Liste,Amministrative Comunali Liste,2024,14,17,21,7,66,1,3,11,5,173,33,15,15,33,9,11,894,456,2,6,10,434,B4L,12,4
18_Centro_Amministrative Comunali Liste,18,Centro,1,Liste,Amministrative Comunali Liste,2024,8,20,13,20,66,7,0,9,3,169,39,17,14,41,12,6,830,472,0,6,18,444,B4L,10,4
19_Centro_Amministrative Comunali Liste,19,Centro,1,Liste,Amministrative Comunali Liste,2024,19,15,12,16,52,6,0,9,1,127,20,8,10,23,2,5,682,351,0,1,20,325,B4L,6,5
20_Centro_Amministrative Comunali Liste,20,Centro,1,Liste,Amministrative Comunali Liste,2024,30,13,24,17,80,3,3,8,7,143,23,9,16,45,8,7,747,458,0,3,16,436,B4L,6,3
21_Centro_Amministrative Comunali Liste,21,Centro,1,Liste,Amministrative Comunali Liste,2024,7,21,12,7,65,7,0,9,11,135,24,9,10,34,14,10,1033,408,0,5,24,375,B4L,9,4
22_Crocetta_Amministrative Comunali Liste,22,Crocetta,2,Liste,Amministrative Comunali Liste,2024,22,15,17,12,91,7,2,12,4,226,32,17,14,31,11,5,992,540,0,1,13,518,B4L,9,8
23_Crocetta_Amministrative Comunali Liste,23,Crocetta,2,Liste,Amministrative Comunali Liste,2024,26,18,18,9,53,6,4,23,2,154,56,12,4,21,5,8,788,451,0,4,9,419,B4L,23,19
24_Crocetta_Amministrative Comunali Liste,24,Crocetta,2,Liste,Amministrative Comunali Liste,2024,10,12,10,20,55,3,1,1,5,130,28,12,6,17,1,8,616,337,0,7,3,319,B4L,15,8
25_Crocetta_Amministrative Comunali Liste,25,Crocetta,2,Liste,Amministrative Comunali Liste,2024,21,24,18,11,75,18,5,6,6,224,31,16,14,38,9,13,826,558,0,3,19,529,B4L,10,7
26_Crocetta_Amministrative Comunali Liste,26,Crocetta,2,Liste,Amministrative Comunali Liste,2024,10,23,17,18,65,11,2,6,10,200,12,11,10,19,9,20,702,467,0,5,14,443,B4L,10,5
27_Crocetta_Amministrative Comunali Liste,27,Crocetta,2,Liste,Amministrative Comunali Liste,2024,29,18,7,13,51,3,1,3,3,124,32,12,8,27,6,10,680,363,0,5,10,347,B4L,6,1
28_Crocetta_Amministrative Comunali Liste,28,Crocetta,2,Liste,Amministrative Comunali Liste,2024,18,21,9,7,67,1,1,17,11,153,22,12,11,23,13,11,819,417,0,2,9,397,B4L,11,9
29_Crocetta_Amministrative Comunali Liste,29,Crocetta,2,Liste,Amministrative Comunali Liste,2024,11,32,19,22,68,1,3,13,8,188,19,18,7,42,6,7,829,499,0,9,13,464,B4L,22,13
30_Crocetta_Amministrative Comunali Liste,30,Crocetta,2,Liste,Amministrative Comunali Liste,2024,15,20,23,9,72,2,3,3,4,198,27,3,4,31,5,6,635,450,0,5,12,425,B4L,13,8
31_Crocetta_Amministrative Comunali Liste,31,Crocetta,2,Liste,Amministrative Comunali Liste,2024,9,14,6,10,38,1,3,1,6,161,24,15,1,22,2,2,625,346,0,5,11,315,B4L,20,15
32_Crocetta_Amministrative Comunali Liste,32,Crocetta,2,Liste,Amministrative Comunali Liste,2024,19,28,16,17,88,5,5,10,2,173,41,18,9,23,9,5,851,499,0,9,15,468,B4L,16,7
33_Crocetta_Amministrative Comunali Liste,33,Crocetta,2,Liste,Amministrative Comunali Liste,2024,14,11,16,13,70,9,1,4,9,197,22,19,11,22,4,4,760,451,0,4,12,426,B4L,13,9
34_Crocetta_Amministrative Comunali Liste,34,Crocetta,2,Liste,Amministrative Comunali Liste,2024,16,22,10,18,52,3,1,3,5,231,26,22,8,39,25,3,810,508,0,4,14,484,B4L,10,6
35_Crocetta_Amministrative Comunali Liste,35,Crocetta,2,Liste,Amministrative Comunali Liste,2024,18,25,16,8,48,5,2,7,3,203,20,10,11,32,9,5,803,441,0,2,13,422,B4L,6,4
36_Crocetta_Amministrative Comunali Liste,36,Crocetta,2,Liste,Amministrative Comunali Liste,2024,4,13,8,5,60,2,3,3,3,205,17,9,5,31,12,9,612,404,0,2,5,389,B4L,10,8
37_Crocetta_Amministrative Comunali Liste,37,Crocetta,2,Liste,Amministrative Comunali Liste,2024,14,18,19,16,71,4,6,6,10,260,17,9,6,46,8,6,812,548,0,8,17,516,B4L,15,7
38_Crocetta_Amministrative Comunali Liste,38,Crocetta,2,Liste,Amministrative Comunali Liste,2024,8,23,15,15,51,2,1,5,9,286,28,14,17,32,11,8,833,547,0,3,8,525,B4L,14,11
39_Crocetta_Amministrative Comunali Liste,39,Crocetta,2,Liste,Amministrative Comunali Liste,2024,7,18,17,13,66,4,4,10,9,278,27,21,16,28,9,3,818,567,0,5,21,530,B4L,16,11
40_Crocetta_Amministrative Comunali Liste,40,Crocetta,2,Liste,Amministrative Comunali Liste,2024,5,23,19,8,66,4,3,7,5,225,16,16,17,31,13,10,746,510,0,4,27,468,B4L,15,11
41_Crocetta_Amministrative Comunali Liste,41,Crocetta,2,Liste,Amministrative Comunali Liste,2024,11,22,10,12,52,4,4,7,2,211,31,14,8,27,11,1,799,453,0,5,11,427,B4L,15,10
42_Crocetta_Amministrative Comunali Liste,42,Crocetta,2,Liste,Amministrative Comunali Liste,2024,12,12,16,10,44,5,1,10,13,202,21,15,10,21,4,3,671,417,0,3,10,399,B4L,8,5
43_Crocetta_Amministrative Comunali Liste,43,Crocetta,2,Liste,Amministrative Comunali Liste,2024,8,6,16,6,45,4,3,4,2,125,23,17,9,24,10,3,591,330,2,4,10,305,B4L,15,9
44_Crocetta_Amministrative Comunali Liste,44,Crocetta,2,Liste,Amministrative Comunali Liste,2024,16,10,13,17,46,3,1,5,6,136,21,22,6,43,14,3,744,377,0,0,11,362,B4L,4,4
45_Crocetta_Amministrative Comunali Liste,45,Crocetta,2,Liste,Amministrative Comunali Liste,2024,11,24,8,11,74,1,3,15,9,169,36,20,14,32,6,9,817,467,0,3,9,442,B4L,16,13
46_Crocetta_Amministrative Comunali Liste,46,Crocetta,2,Liste,Amministrative Comunali Liste,2024,13,14,15,15,66,1,1,6,5,200,32,21,7,41,7,1,684,475,0,4,17,445,B4L,13,9
47_Crocetta_Amministrative Comunali Liste,47,Crocetta,2,Liste,Amministrative Comunali Liste,2024,20,8,15,8,60,3,4,8,4,129,23,24,10,28,5,12,659,380,0,1,9,361,B4L,10,9
48_Crocetta_Amministrative Comunali Liste,48,Crocetta,2,Liste,Amministrative Comunali Liste,2024,6,11,12,8,54,2,0,8,2,110,19,18,4,24,13,1,643,319,0,3,13,292,B4L,14,11
49_Crocetta_Amministrative Comunali Liste,49,Crocetta,2,Liste,Amministrative Comunali Liste,2024,8,22,21,9,65,5,2,10,3,146,16,31,15,29,12,11,723,424,0,0,12,405,B4L,7,7
50_Crocetta_Amministrative Comunali Liste,50,Crocetta,2,Liste,Amministrative Comunali Liste,2024,9,15,20,12,59,4,1,4,4,138,9,12,12,38,13,3,662,390,0,15,15,353,B4L,22,7
51_Crocetta_Amministrative Comunali Liste,51,Crocetta,2,Liste,Amministrative Comunali Liste,2024,7,18,14,13,65,5,2,5,4,156,12,22,16,41,12,11,680,429,0,4,14,403,B4L,12,8
52_Crocetta_Amministrative Comunali Liste,52,Crocetta,2,Liste,Amministrative Comunali Liste,2024,15,24,19,14,83,3,0,6,2,184,32,29,10,47,15,16,860,521,0,6,9,499,B4L,13,7
53_Crocetta_Amministrative Comunali Liste,53,Crocetta,2,Liste,Amministrative Comunali Liste,2024,14,11,14,10,59,1,1,6,6,163,25,27,11,34,11,7,742,429,0,4,16,400,B4L,13,9
54_Crocetta_Amministrative Comunali Liste,54,Crocetta,2,Liste,Amministrative Comunali Liste,2024,19,22,21,10,64,3,0,5,4,135,13,19,22,22,18,9,611,409,0,3,18,386,B4L,5,2
55_Crocetta_Amministrative Comunali Liste,55,Crocetta,2,Liste,Amministrative Comunali Liste,2024,19,19,23,16,58,5,1,8,6,129,23,19,8,30,9,9,692,423,0,3,24,382,B4L,17,14
56_Crocetta_Amministrative Comunali Liste,56,Crocetta,2,Liste,Amministrative Comunali Liste,2024,13,22,21,11,96,4,0,9,5,138,19,23,28,25,5,8,735,462,0,4,25,427,B4L,10,6
57_Crocetta_Amministrative Comunali Liste,57,Crocetta,2,Liste,Amministrative Comunali Liste,2024,6,12,18,18,56,2,1,8,5,133,28,19,8,23,6,4,648,368,0,5,10,347,B4L,11,6
58_Crocetta_Amministrative Comunali Liste,58,Crocetta,2,Liste,Amministrative Comunali Liste,2024,14,11,16,11,52,1,0,4,9,180,22,15,12,38,6,6,780,421,0,6,11,397,B4L,13,7
59_Crocetta_Amministrative Comunali Liste,59,Crocetta,2,Liste,Amministrative Comunali Liste,2024,8,26,17,17,89,10,5,4,10,235,24,25,13,37,14,7,874,572,0,5,14,541,B4L,17,12
60_Crocetta_Amministrative Comunali Liste,60,Crocetta,2,Liste,Amministrative Comunali Liste,2024,7,15,19,10,82,10,2,8,12,239,36,28,15,41,15,12,839,583,0,5,19,551,B4L,13,8
61_Crocetta_Amministrative Comunali Liste,61,Crocetta,2,Liste,Amministrative Comunali Liste,2024,9,19,11,13,63,3,1,15,6,207,18,14,14,31,6,7,695,467,0,4,20,437,B4L,10,6
62_Crocetta_Amministrative Comunali Liste,62,Crocetta,2,Liste,Amministrative Comunali Liste,2024,14,23,16,15,59,3,1,8,6,171,30,32,10,24,5,5,703,450,0,4,18,422,B4L,10,6
63_Crocetta_Amministrative Comunali Liste,63,Crocetta,2,Liste,Amministrative Comunali Liste,2024,9,21,12,14,70,3,1,5,8,194,35,39,14,21,4,9,965,490,0,9,12,459,B4L,19,10
64_Crocetta_Amministrative Comunali Liste,64,Crocetta,2,Liste,Amministrative Comunali Liste,2024,6,8,6,18,47,1,4,6,2,108,20,12,7,13,1,7,666,282,0,1,10,266,B4L,6,5
65_Crocetta_Amministrative Comunali Liste,65,Crocetta,2,Liste,Amministrative Comunali Liste,2024,8,15,12,4,24,1,5,2,2,81,26,12,5,23,4,1,1503,247,0,6,10,225,B4L,12,6
66_Crocetta_Amministrative Comunali Liste,66,Crocetta,2,Liste,Amministrative Comunali Liste,2024,12,27,8,11,52,4,1,11,3,147,28,12,6,24,3,4,590,370,0,3,12,353,B4L,5,2
67_Crocetta_Amministrative Comunali Liste,67,Crocetta,2,Liste,Amministrative Comunali Liste,2024,10,16,14,16,56,3,0,10,7,184,31,21,9,21,13,5,787,446,0,5,19,416,B4L,11,6
68_Crocetta_Amministrative Comunali Liste,68,Crocetta,2,Liste,Amministrative Comunali Liste,2024,8,17,14,13,52,7,1,4,11,133,25,13,6,14,5,6,644,349,0,4,6,329,B4L,14,10
69_Crocetta_Amministrative Comunali Liste,69,Crocetta,2,Liste,Amministrative Comunali Liste,2024,16,19,12,15,68,2,2,5,4,138,25,9,7,31,7,5,755,390,0,3,11,365,B4L,14,11
70_Crocetta_Amministrative Comunali Liste,70,Crocetta,2,Liste,Amministrative Comunali Liste,2024,7,15,6,17,44,7,1,9,8,157,19,18,4,26,6,3,696,368,0,5,12,347,B4L,9,4
71_Buon Pastore_Amministrative Comunali Liste,71,Buon Pastore,3,Liste,Amministrative Comunali Liste,2024,28,16,25,14,70,2,2,2,13,153,12,16,8,21,6,4,729,420,0,3,20,392,B4L,8,5
72_Buon Pastore_Amministrative Comunali Liste,72,Buon Pastore,3,Liste,Amministrative Comunali Liste,2024,13,30,32,12,121,5,1,11,3,151,19,10,13,18,8,2,708,478,0,4,18,449,B4L,11,7
73_Buon Pastore_Amministrative Comunali Liste,73,Buon Pastore,3,Liste,Amministrative Comunali Liste,2024,21,34,22,16,110,5,0,6,9,144,6,3,13,29,12,8,700,474,0,4,20,438,B4L,16,12
74_Buon Pastore_Amministrative Comunali Liste,74,Buon Pastore,3,Liste,Amministrative Comunali Liste,2024,19,32,18,8,66,2,1,2,6,110,12,6,13,41,17,4,624,374,0,1,14,357,B4L,3,2
75_Buon Pastore_Amministrative Comunali Liste,75,Buon Pastore,3,Liste,Amministrative Comunali Liste,2024,25,22,13,12,81,1,1,12,9,160,14,13,16,31,12,10,699,447,0,2,12,432,B4L,3,1
76_Buon Pastore_Amministrative Comunali Liste,76,Buon Pastore,3,Liste,Amministrative Comunali Liste,2024,10,22,12,9,38,7,2,8,8,139,23,19,11,38,7,6,643,387,0,3,17,359,B4L,11,8
77_Buon Pastore_Amministrative Comunali Liste,77,Buon Pastore,3,Liste,Amministrative Comunali Liste,2024,17,23,21,14,72,1,1,6,8,139,24,5,12,15,15,13,639,408,0,4,11,386,B4L,11,7
78_Buon Pastore_Amministrative Comunali Liste,78,Buon Pastore,3,Liste,Amministrative Comunali Liste,2024,13,16,20,25,91,1,2,10,6,174,25,14,17,38,13,5,769,495,0,6,16,470,B4L,9,3
79_Buon Pastore_Amministrative Comunali Liste,79,Buon Pastore,3,Liste,Amministrative Comunali Liste,2024,5,12,11,14,64,1,1,2,6,143,20,15,12,28,5,6,624,373,0,3,22,345,B4L,6,3
80_Buon Pastore_Amministrative Comunali Liste,80,Buon Pastore,3,Liste,Amministrative Comunali Liste,2024,7,14,7,15,50,0,0,9,9,248,36,21,8,39,22,5,817,519,0,2,16,490,B4L,13,11
81_Buon Pastore_Amministrative Comunali Liste,81,Buon Pastore,3,Liste,Amministrative Comunali Liste,2024,12,14,11,10,42,4,0,10,4,219,16,17,5,31,34,9,674,475,0,8,12,438,B4L,25,17
82_Buon Pastore_Amministrative Comunali Liste,82,Buon Pastore,3,Liste,Amministrative Comunali Liste,2024,12,26,15,9,84,3,0,7,5,205,26,16,9,34,10,8,785,491,0,4,13,469,B4L,9,5
83_Buon Pastore_Amministrative Comunali Liste,83,Buon Pastore,3,Liste,Amministrative Comunali Liste,2024,13,15,15,11,52,11,6,7,4,225,26,5,11,16,4,5,734,453,0,4,8,426,B4L,19,15
84_Buon Pastore_Amministrative Comunali Liste,84,Buon Pastore,3,Liste,Amministrative Comunali Liste,2024,7,29,13,14,65,5,3,7,8,238,22,18,15,33,4,11,730,526,0,8,19,492,B4L,15,7
85_Buon Pastore_Amministrative Comunali Liste,85,Buon Pastore,3,Liste,Amministrative Comunali Liste,2024,18,26,14,11,72,4,0,5,2,230,18,14,5,34,5,5,757,480,0,3,11,463,B4L,6,3
86_Buon Pastore_Amministrative Comunali Liste,86,Buon Pastore,3,Liste,Amministrative Comunali Liste,2024,23,42,23,11,100,5,1,3,4,239,21,3,11,32,16,8,822,567,0,4,19,542,B4L,6,2
87_Buon Pastore_Amministrative Comunali Liste,87,Buon Pastore,3,Liste,Amministrative Comunali Liste,2024,11,30,14,8,59,13,1,8,9,194,24,21,17,22,8,4,730,475,0,2,19,443,B4L,13,11
88_Buon Pastore_Amministrative Comunali Liste,88,Buon Pastore,3,Liste,Amministrative Comunali Liste,2024,7,17,14,17,59,4,4,5,5,199,27,14,8,32,6,10,662,457,0,1,23,428,B4L,6,5
89_Buon Pastore_Amministrative Comunali Liste,89,Buon Pastore,3,Liste,Amministrative Comunali Liste,2024,12,22,18,10,81,5,1,6,2,226,20,14,8,35,7,13,715,501,0,2,9,480,B4L,12,10
90_Buon Pastore_Amministrative Comunali Liste,90,Buon Pastore,3,Liste,Amministrative Comunali Liste,2024,6,27,13,15,51,7,3,3,6,219,19,13,7,43,6,8,745,472,0,4,18,446,B4L,8,4
91_Buon Pastore_Amministrative Comunali Liste,91,Buon Pastore,3,Liste,Amministrative Comunali Liste,2024,16,15,20,11,70,3,0,15,4,235,19,13,15,35,12,11,804,530,0,10,14,494,B4L,22,12
92_Buon Pastore_Amministrative Comunali Liste,92,Buon Pastore,3,Liste,Amministrative Comunali Liste,2024,15,19,12,16,48,5,0,8,5,176,4,15,9,25,7,12,575,394,0,9,3,376,B4L,15,6
93_Buon Pastore_Amministrative Comunali Liste,93,Buon Pastore,3,Liste,Amministrative Comunali Liste,2024,18,25,15,16,44,4,1,10,6,227,38,18,13,46,13,12,904,539,1,4,22,506,B4L,11,6
94_Buon Pastore_Amministrative Comunali Liste,94,Buon Pastore,3,Liste,Amministrative Comunali Liste,2024,11,36,21,9,74,0,0,8,6,282,24,21,18,26,7,7,769,566,0,1,9,550,B4L,7,6
95_Buon Pastore_Amministrative Comunali Liste,95,Buon Pastore,3,Liste,Amministrative Comunali Liste,2024,8,21,9,10,49,4,2,7,1,283,25,18,13,35,9,9,741,523,0,7,12,503,B4L,8,1
96_Buon Pastore_Amministrative Comunali Liste,96,Buon Pastore,3,Liste,Amministrative Comunali Liste,2024,13,18,13,16,52,1,2,4,4,194,28,13,4,27,9,8,826,438,7,6,9,406,B4L,23,10
97_Buon Pastore_Amministrative Comunali Liste,97,Buon Pastore,3,Liste,Amministrative Comunali Liste,2024,6,16,12,12,57,2,2,7,11,257,26,10,3,27,5,11,716,497,3,5,16,464,B4L,17,9
98_Buon Pastore_Amministrative Comunali Liste,98,Buon Pastore,3,Liste,Amministrative Comunali Liste,2024,21,14,22,9,51,2,4,3,6,150,30,17,12,30,5,6,736,412,0,8,15,382,B4L,15,7
99_Buon Pastore_Amministrative Comunali Liste,99,Buon Pastore,3,Liste,Amministrative Comunali Liste,2024,10,26,21,15,65,3,0,5,4,195,25,19,22,32,9,13,781,504,0,5,20,464,B4L,20,15
100_Buon Pastore_Amministrative Comunali Liste,100,Buon Pastore,3,Liste,Amministrative Comunali Liste,2024,20,24,15,10,102,5,1,13,14,292,35,21,19,56,6,12,999,685,0,6,28,645,B4L,12,6
101_Buon Pastore_Amministrative Comunali Liste,101,Buon Pastore,3,Liste,Amministrative Comunali Liste,2024,34,26,22,17,96,8,5,15,14,240,22,12,15,41,10,8,932,626,0,9,18,585,B4L,23,14
102_Buon Pastore_Amministrative Comunali Liste,102,Buon Pastore,3,Liste,Amministrative Comunali Liste,2024,7,16,27,9,63,4,2,4,9,160,22,12,12,26,12,8,697,419,0,7,13,393,B4L,13,6
103_Buon Pastore_Amministrative Comunali Liste,103,Buon Pastore,3,Liste,Amministrative Comunali Liste,2024,13,18,29,6,88,1,3,10,4,167,15,7,15,49,16,6,765,470,0,7,15,447,B4L,8,1
104_Buon Pastore_Amministrative Comunali Liste,104,Buon Pastore,3,Liste,Amministrative Comunali Liste,2024,12,31,25,11,80,7,0,10,6,140,17,6,19,29,8,7,726,432,0,3,15,408,B4L,9,6
105_Buon Pastore_Amministrative Comunali Liste,105,Buon Pastore,3,Liste,Amministrative Comunali Liste,2024,14,30,25,19,99,3,0,4,9,150,19,11,6,44,12,5,738,476,2,5,13,450,B4L,13,6
106_Buon Pastore_Amministrative Comunali Liste,106,Buon Pastore,3,Liste,Amministrative Comunali Liste,2024,12,28,27,18,90,3,2,6,10,124,15,9,12,27,14,9,621,422,0,1,13,406,B4L,3,2
107_Buon Pastore_Amministrative Comunali Liste,107,Buon Pastore,3,Liste,Amministrative Comunali Liste,2024,9,20,11,7,74,1,0,13,7,143,18,12,11,25,12,10,660,401,0,5,17,373,B4L,11,6
108_Buon Pastore_Amministrative Comunali Liste,108,Buon Pastore,3,Liste,Amministrative Comunali Liste,2024,18,41,28,9,98,4,1,5,14,162,18,15,7,25,9,9,757,486,0,1,15,463,B4L,8,7
109_Buon Pastore_Amministrative Comunali Liste,109,Buon Pastore,3,Liste,Amministrative Comunali Liste,2024,20,38,31,12,93,1,0,10,18,183,14,5,27,45,11,6,833,538,0,6,15,514,B4L,9,3
110_Buon Pastore_Amministrative Comunali Liste,110,Buon Pastore,3,Liste,Amministrative Comunali Liste,2024,15,20,19,15,82,9,2,6,7,170,21,6,10,16,8,6,768,441,0,6,19,412,B4L,10,4
111_Buon Pastore_Amministrative Comunali Liste,111,Buon Pastore,3,Liste,Amministrative Comunali Liste,2024,21,23,24,5,70,2,4,16,8,228,23,16,18,34,11,2,814,524,0,4,10,505,B4L,9,5
112_Buon Pastore_Amministrative Comunali Liste,112,Buon Pastore,3,Liste,Amministrative Comunali Liste,2024,13,18,13,10,77,1,1,8,4,194,19,13,14,23,12,4,743,457,0,3,12,424,B4L,21,18
113_Buon Pastore_Amministrative Comunali Liste,113,Buon Pastore,3,Liste,Amministrative Comunali Liste,2024,14,25,16,12,89,2,3,16,11,255,16,20,22,38,31,2,848,607,0,7,21,572,B4L,14,7
114_Buon Pastore_Amministrative Comunali Liste,114,Buon Pastore,3,Liste,Amministrative Comunali Liste,2024,17,18,19,9,82,8,4,12,12,216,36,26,15,41,11,14,907,592,0,10,30,540,B4L,22,12
115_Buon Pastore_Amministrative Comunali Liste,115,Buon Pastore,3,Liste,Amministrative Comunali Liste,2024,13,36,29,14,84,6,0,8,9,257,17,10,11,20,15,5,761,552,0,3,6,534,B4L,12,9
116_Buon Pastore_Amministrative Comunali Liste,116,Buon Pastore,3,Liste,Amministrative Comunali Liste,2024,18,17,17,9,63,6,6,7,5,211,26,7,15,22,18,4,632,470,0,6,9,451,B4L,10,4
117_Buon Pastore_Amministrative Comunali Liste,117,Buon Pastore,3,Liste,Amministrative Comunali Liste,2024,12,19,18,15,50,7,0,11,9,321,10,8,4,34,5,9,774,558,0,6,13,532,B4L,13,7
118_Buon Pastore_Amministrative Comunali Liste,118,Buon Pastore,3,Liste,Amministrative Comunali Liste,2024,9,32,27,18,74,14,1,12,9,270,31,20,12,32,15,10,894,618,0,2,23,586,B4L,9,7
119_Buon Pastore_Amministrative Comunali Liste,119,Buon Pastore,3,Liste,Amministrative Comunali Liste,2024,12,24,8,7,70,7,0,10,6,216,22,19,7,42,9,9,782,505,0,4,31,468,B4L,6,2
120_Buon Pastore_Amministrative Comunali Liste,120,Buon Pastore,3,Liste,Amministrative Comunali Liste,2024,14,17,10,18,122,4,2,10,6,209,13,10,4,34,6,10,708,518,0,5,15,489,B4L,14,9
121_Buon Pastore_Amministrative Comunali Liste,121,Buon Pastore,3,Liste,Amministrative Comunali Liste,2024,19,60,22,15,123,9,2,3,6,232,31,8,29,50,11,15,1020,680,0,4,30,635,B4L,15,11
122_Buon Pastore_Amministrative Comunali Liste,122,Buon Pastore,3,Liste,Amministrative Comunali Liste,2024,5,15,11,6,47,1,2,1,7,159,5,7,8,16,10,2,926,323,0,3,12,302,B4L,9,6
123_Buon Pastore_Amministrative Comunali Liste,123,Buon Pastore,3,Liste,Amministrative Comunali Liste,2024,13,7,15,7,56,4,1,3,1,120,17,6,16,22,3,1,602,307,0,4,6,292,B4L,9,5
124_Buon Pastore_Amministrative Comunali Liste,124,Buon Pastore,3,Liste,Amministrative Comunali Liste,2024,20,19,16,17,83,4,2,11,13,216,27,4,11,34,17,3,791,521,0,5,14,497,B4L,10,5
125_Buon Pastore_Amministrative Comunali Liste,125,Buon Pastore,3,Liste,Amministrative Comunali Liste,2024,6,21,12,16,83,5,0,6,7,301,27,13,18,42,8,11,836,599,0,7,10,576,B4L,13,6
126_Buon Pastore_Amministrative Comunali Liste,126,Buon Pastore,3,Liste,Amministrative Comunali Liste,2024,7,14,16,11,81,2,0,10,4,254,29,10,7,38,13,6,819,533,0,9,16,502,B4L,15,6
127_Buon Pastore_Amministrative Comunali Liste,127,Buon Pastore,3,Liste,Amministrative Comunali Liste,2024,10,18,23,8,83,5,0,4,8,177,14,8,18,34,8,4,768,452,0,10,15,422,B4L,15,5
128_Buon Pastore_Amministrative Comunali Liste,128,Buon Pastore,3,Liste,Amministrative Comunali Liste,2024,13,17,15,12,91,9,1,4,8,253,29,15,22,34,4,3,846,565,0,6,16,530,B4L,19,13
129_Buon Pastore_Amministrative Comunali Liste,129,Buon Pastore,3,Liste,Amministrative Comunali Liste,2024,15,22,26,12,85,6,1,4,12,222,17,6,13,21,13,8,793,504,0,5,9,483,B4L,12,7
130_San Faustino_Amministrative Comunali Liste,130,San Faustino,4,Liste,Amministrative Comunali Liste,2024,18,26,25,13,76,4,2,8,3,166,20,4,8,21,6,2,655,428,0,3,14,402,B4L,12,9
131_San Faustino_Amministrative Comunali Liste,131,San Faustino,4,Liste,Amministrative Comunali Liste,2024,13,26,18,14,85,6,2,15,7,160,23,14,16,28,20,6,728,474,0,4,13,453,B4L,8,4
132_San Faustino_Amministrative Comunali Liste,132,San Faustino,4,Liste,Amministrative Comunali Liste,2024,26,24,20,14,117,6,0,13,5,176,25,19,20,37,16,9,871,561,0,2,27,527,B4L,7,5
133_San Faustino_Amministrative Comunali Liste,133,San Faustino,4,Liste,Amministrative Comunali Liste,2024,10,16,18,8,81,6,2,6,4,124,17,9,7,31,6,6,635,372,0,0,19,351,B4L,2,2
134_San Faustino_Amministrative Comunali Liste,134,San Faustino,4,Liste,Amministrative Comunali Liste,2024,20,23,16,8,41,0,0,6,9,180,31,12,11,18,7,5,653,418,0,7,21,387,B4L,10,3
135_San Faustino_Amministrative Comunali Liste,135,San Faustino,4,Liste,Amministrative Comunali Liste,2024,23,22,19,10,78,1,1,12,6,99,7,2,13,22,17,8,689,357,0,4,10,340,B4L,7,3
136_San Faustino_Amministrative Comunali Liste,136,San Faustino,4,Liste,Amministrative Comunali Liste,2024,30,25,20,14,68,3,1,7,2,123,11,8,11,28,20,3,656,398,0,7,14,374,B4L,10,3
137_San Faustino_Amministrative Comunali Liste,137,San Faustino,4,Liste,Amministrative Comunali Liste,2024,18,24,23,12,59,7,2,10,1,158,15,14,17,27,14,7,713,433,0,2,17,408,B4L,8,6
138_San Faustino_Amministrative Comunali Liste,138,San Faustino,4,Liste,Amministrative Comunali Liste,2024,16,23,22,8,86,6,1,13,3,160,21,18,9,30,12,14,759,463,0,3,13,442,B4L,8,5
139_San Faustino_Amministrative Comunali Liste,139,San Faustino,4,Liste,Amministrative Comunali Liste,2024,15,32,15,16,71,2,4,9,6,194,15,5,6,44,6,6,809,470,0,3,12,446,B4L,12,9
140_San Faustino_Amministrative Comunali Liste,140,San Faustino,4,Liste,Amministrative Comunali Liste,2024,6,18,13,14,39,3,2,14,1,164,11,10,8,26,1,5,642,375,0,6,22,335,B4L,18,12
141_San Faustino_Amministrative Comunali Liste,141,San Faustino,4,Liste,Amministrative Comunali Liste,2024,15,11,18,14,50,2,2,7,5,161,25,13,5,31,7,3,616,393,0,7,11,369,B4L,13,6
142_San Faustino_Amministrative Comunali Liste,142,San Faustino,4,Liste,Amministrative Comunali Liste,2024,17,36,28,19,89,3,0,7,6,190,20,18,15,49,8,2,846,534,0,3,21,507,B4L,6,3
143_San Faustino_Amministrative Comunali Liste,143,San Faustino,4,Liste,Amministrative Comunali Liste,2024,10,30,22,7,79,1,2,7,4,164,24,7,6,29,2,4,681,433,0,4,13,398,B4L,22,18
144_San Faustino_Amministrative Comunali Liste,144,San Faustino,4,Liste,Amministrative Comunali Liste,2024,14,18,15,23,51,5,0,8,10,185,16,11,11,29,8,3,674,429,0,2,10,407,B4L,12,10
145_San Faustino_Amministrative Comunali Liste,145,San Faustino,4,Liste,Amministrative Comunali Liste,2024,6,23,20,15,69,7,4,14,7,185,21,17,21,25,10,12,686,482,0,0,15,456,B4L,11,11
146_San Faustino_Amministrative Comunali Liste,146,San Faustino,4,Liste,Amministrative Comunali Liste,2024,8,25,18,12,71,3,2,6,8,179,12,8,7,26,2,8,723,414,0,1,15,395,B4L,4,3
147_San Faustino_Amministrative Comunali Liste,147,San Faustino,4,Liste,Amministrative Comunali Liste,2024,7,16,9,8,46,2,2,9,3,230,13,5,7,31,19,12,704,445,0,9,11,419,B4L,15,6
148_San Faustino_Amministrative Comunali Liste,148,San Faustino,4,Liste,Amministrative Comunali Liste,2024,8,17,23,12,84,6,0,11,7,197,20,37,10,27,20,19,722,528,0,9,12,498,B4L,18,9
149_San Faustino_Amministrative Comunali Liste,149,San Faustino,4,Liste,Amministrative Comunali Liste,2024,18,14,11,12,73,5,1,3,11,227,22,18,6,36,14,13,704,506,0,6,9,484,B4L,13,7
150_San Faustino_Amministrative Comunali Liste,150,San Faustino,4,Liste,Amministrative Comunali Liste,2024,11,32,24,9,104,6,1,6,3,264,20,14,17,32,17,18,818,603,0,5,15,578,B4L,10,5
151_San Faustino_Amministrative Comunali Liste,151,San Faustino,4,Liste,Amministrative Comunali Liste,2024,5,15,27,15,61,2,1,11,7,184,8,14,2,18,7,9,722,405,0,3,10,386,B4L,9,6
152_San Faustino_Amministrative Comunali Liste,152,San Faustino,4,Liste,Amministrative Comunali Liste,2024,17,26,23,17,137,4,6,8,7,238,18,19,19,47,16,11,956,647,0,3,26,613,B4L,8,5
153_San Faustino_Amministrative Comunali Liste,153,San Faustino,4,Liste,Amministrative Comunali Liste,2024,15,46,28,20,142,3,2,7,5,171,21,19,28,33,19,11,865,598,0,7,17,570,B4L,11,4
154_San Faustino_Amministrative Comunali Liste,154,San Faustino,4,Liste,Amministrative Comunali Liste,2024,19,22,22,11,93,1,0,15,7,138,23,19,26,31,9,5,718,464,0,1,17,441,B4L,6,5
155_San Faustino_Amministrative Comunali Liste,155,San Faustino,4,Liste,Amministrative Comunali Liste,2024,9,40,31,23,124,7,1,9,3,166,7,16,19,28,7,10,823,543,0,11,29,500,B4L,14,3
156_San Faustino_Amministrative Comunali Liste,156,San Faustino,4,Liste,Amministrative Comunali Liste,2024,15,29,33,31,104,3,0,13,10,175,17,10,18,40,14,11,851,560,0,4,26,523,B4L,11,7
157_San Faustino_Amministrative Comunali Liste,157,San Faustino,4,Liste,Amministrative Comunali Liste,2024,10,19,11,16,50,18,2,2,9,218,28,10,7,37,14,13,755,488,0,4,14,464,B4L,10,6
158_San Faustino_Amministrative Comunali Liste,158,San Faustino,4,Liste,Amministrative Comunali Liste,2024,9,21,18,13,78,14,3,3,5,206,24,21,14,46,7,6,786,519,0,5,21,488,B4L,10,5
159_San Faustino_Amministrative Comunali Liste,159,San Faustino,4,Liste,Amministrative Comunali Liste,2024,7,22,10,14,61,10,2,7,4,208,21,21,10,33,12,5,781,494,0,6,17,447,B4L,30,24
160_San Faustino_Amministrative Comunali Liste,160,San Faustino,4,Liste,Amministrative Comunali Liste,2024,4,21,22,10,43,30,0,12,5,253,22,23,6,39,40,6,814,559,0,4,17,536,B4L,6,2
161_San Faustino_Amministrative Comunali Liste,161,San Faustino,4,Liste,Amministrative Comunali Liste,2024,14,15,11,11,52,26,0,5,3,145,13,17,6,19,4,2,594,352,0,2,1,343,B4L,8,6
162_San Faustino_Amministrative Comunali Liste,162,San Faustino,4,Liste,Amministrative Comunali Liste,2024,14,16,14,18,78,8,0,4,7,223,20,16,11,29,16,6,752,502,0,5,11,480,B4L,11,6
163_San Faustino_Amministrative Comunali Liste,163,San Faustino,4,Liste,Amministrative Comunali Liste,2024,13,12,10,9,55,6,1,10,10,208,31,14,19,28,8,5,767,460,0,5,8,439,B4L,13,8
164_San Faustino_Amministrative Comunali Liste,164,San Faustino,4,Liste,Amministrative Comunali Liste,2024,8,18,13,19,93,21,1,11,5,237,19,26,7,27,18,6,818,556,0,8,15,529,B4L,12,4
165_San Faustino_Amministrative Comunali Liste,165,San Faustino,4,Liste,Amministrative Comunali Liste,2024,8,18,12,14,77,15,2,10,2,268,18,24,9,21,8,1,780,531,0,5,9,507,B4L,15,10
166_San Faustino_Amministrative Comunali Liste,166,San Faustino,4,Liste,Amministrative Comunali Liste,2024,11,16,9,11,80,12,1,5,5,146,17,24,12,15,7,3,675,394,0,1,12,374,B4L,8,7
167_San Faustino_Amministrative Comunali Liste,167,San Faustino,4,Liste,Amministrative Comunali Liste,2024,12,28,16,17,73,14,0,8,2,263,35,11,12,48,25,12,858,602,0,7,9,576,B4L,17,10
168_San Faustino_Amministrative Comunali Liste,168,San Faustino,4,Liste,Amministrative Comunali Liste,2024,11,26,19,14,77,7,1,7,7,223,11,13,8,35,10,1,869,491,0,2,15,470,B4L,6,4
169_San Faustino_Amministrative Comunali Liste,169,San Faustino,4,Liste,Amministrative Comunali Liste,2024,9,10,11,16,76,5,3,5,6,262,39,17,9,31,14,9,763,558,0,10,15,522,B4L,21,11
170_San Faustino_Amministrative Comunali Liste,170,San Faustino,4,Liste,Amministrative Comunali Liste,2024,11,21,17,12,68,6,1,7,6,214,24,10,7,33,12,4,750,475,0,6,11,453,B4L,11,5
171_San Faustino_Amministrative Comunali Liste,171,San Faustino,4,Liste,Amministrative Comunali Liste,2024,13,25,24,23,112,7,0,2,4,229,30,10,10,36,8,4,838,553,2,5,7,537,B4L,9,2
172_San Faustino_Amministrative Comunali Liste,172,San Faustino,4,Liste,Amministrative Comunali Liste,2024,7,5,28,5,72,10,0,1,5,153,22,7,5,10,0,4,646,361,0,13,8,334,B4L,19,6
173_San Faustino_Amministrative Comunali Liste,173,San Faustino,4,Liste,Amministrative Comunali Liste,2024,8,15,19,18,74,9,4,7,5,235,16,34,8,27,3,6,787,514,0,5,12,488,B4L,14,9
174_San Faustino_Amministrative Comunali Liste,174,San Faustino,4,Liste,Amministrative Comunali Liste,2024,12,12,11,8,82,7,4,4,9,168,18,38,9,27,2,7,620,429,0,2,6,418,B4L,5,3
175_San Faustino_Amministrative Comunali Liste,175,San Faustino,4,Liste,Amministrative Comunali Liste,2024,10,22,20,9,79,2,2,8,2,175,34,13,8,37,4,7,734,458,0,2,20,432,B4L,6,4
176_San Faustino_Amministrative Comunali Liste,176,San Faustino,4,Liste,Amministrative Comunali Liste,2024,10,23,14,18,93,5,1,5,10,227,14,19,19,18,8,10,730,520,0,5,14,494,B4L,12,7
177_San Faustino_Amministrative Comunali Liste,177,San Faustino,4,Liste,Amministrative Comunali Liste,2024,7,17,12,13,67,5,2,2,5,267,30,5,6,25,25,4,678,516,0,3,15,492,B4L,9,6
178_San Faustino_Amministrative Comunali Liste,178,San Faustino,4,Liste,Amministrative Comunali Liste,2024,22,32,34,20,109,7,2,8,12,228,29,4,21,50,9,9,905,624,0,7,17,596,B4L,11,4
179_San Faustino_Amministrative Comunali Liste,179,San Faustino,4,Liste,Amministrative Comunali Liste,2024,18,22,30,28,118,4,0,4,10,226,26,12,26,49,7,6,965,633,0,7,29,586,B4L,18,11
180_San Faustino_Amministrative Comunali Liste,180,San Faustino,4,Liste,Amministrative Comunali Liste,2024,16,29,18,16,90,4,2,9,7,219,24,15,25,32,10,9,794,553,0,3,13,525,B4L,15,12
181_Buon Pastore_Amministrative Comunali Liste,181,Buon Pastore,3,Liste,Amministrative Comunali Liste,2024,0,0,1,1,5,0,0,0,0,15,3,0,0,2,1,0,0,28,0,0,0,28,B4L,0,0
182_Buon Pastore_Amministrative Comunali Liste,182,Buon Pastore,3,Liste,Amministrative Comunali Liste,2024,0,2,1,1,2,0,0,1,2,11,0,0,1,0,0,0,0,24,0,2,1,21,B4L,2,0
183_San Faustino_Amministrative Comunali Liste,183,San Faustino,4,Liste,Amministrative Comunali Liste,2024,0,0,2,1,6,0,1,0,1,21,0,0,1,1,0,0,0,36,0,1,0,34,B4L,2,1
184_San Faustino_Amministrative Comunali Liste,184,San Faustino,4,Liste,Amministrative Comunali Liste,2024,0,0,1,0,5,0,0,0,0,13,0,0,0,0,0,0,0,19,0,0,0,19,B4L,0,0
185_San Faustino_Amministrative Comunali Liste,185,San Faustino,4,Liste,Amministrative Comunali Liste,2024,18,21,12,21,111,1,0,8,4,243,30,11,20,49,6,6,862,618,0,5,49,561,B4L,8,3
186_San Faustino_Amministrative Comunali Liste,186,San Faustino,4,Liste,Amministrative Comunali Liste,2024,8,14,10,12,49,54,0,2,4,162,20,24,5,18,19,5,672,431,0,3,15,406,B4L,10,7
187_Buon Pastore_Amministrative Comunali Liste,187,Buon Pastore,3,Liste,Amministrative Comunali Liste,2024,14,14,8,9,62,7,1,2,5,192,27,19,6,33,7,9,674,428,0,5,3,415,B4L,10,5
188_Buon Pastore_Amministrative Comunali Liste,188,Buon Pastore,3,Liste,Amministrative Comunali Liste,2024,7,15,22,15,68,6,0,10,11,204,28,38,11,34,12,6,720,523,0,3,26,487,B4L,10,7
189_Buon Pastore_Amministrative Comunali Liste,189,Buon Pastore,3,Liste,Amministrative Comunali Liste,2024,17,34,18,11,80,7,0,7,7,222,16,1,13,39,27,10,734,533,0,7,15,509,B4L,9,2
190_San Faustino_Amministrative Comunali Liste,190,San Faustino,4,Liste,Amministrative Comunali Liste,2024,4,4,14,12,77,7,6,9,3,181,21,9,7,79,10,6,765,497,0,4,13,449,B4L,35,31
