THE_PK_KEY,SECTION,DISTRICT,DISTRICT_CD,DATA_TYPE,ELECTION,YEAR,MOVIMENTO_5_STELLE,LEGA,IL_POPOLO_DELLA_LIBERTA_,SINISTRA_ECOLOGIA_LIBERTA_,PARTITO_DEMOCRATICO,PENSIONATI,ITALIA_DEI_VALORI,RIFONDAZIONE_E_COMUNISTI_IT_,UNIONE_DI_CENTRO,FORM,#VOTERS,#BLANK,#VALID,#REGISTERED,#DISPUTED,#OF WHICH,#NOT VALID,#NULL
,1,Centro,1,Liste,Regionali Liste,2010,24,,,23,123,1,28,10,22,R0P,551,3,513,845,0,28,10,7
,2,Centro,1,Liste,Regionali Liste,2010,,67,,9,189,2,18,8,14,R0P,475,2,435,777,0,34,6,4
3_Centro_Regionali Liste,3,Centro,1,Liste,Regionali Liste,2010,24,99,229,10,109,4,18,5,,R0P,570,3,524,826,0,40,6,3
4_Centro_Regionali Liste,4,Centro,1,Liste,Regionali Liste,2010,,89,151,23,106,2,23,,15,R0P,515,6,465,825,0,39,11,5
5_Centro_Regionali Liste,5,Centro,,Liste,Regionali Liste,2010,26,,,9,113,5,13,9,13,R0P,508,2,466,817,0,32,10,8
,7,Centro,1,Liste,Regionali Liste,2010,,91,230,11,,,,5,22,R0P,609,3,567,831,0,32,10,7
8_Centro_Regionali Liste,8,Centro,1,Liste,Regionali Liste,2010,,,108,16,111,0,,6,12,R0P,397,2,350,676,0,39,8,6
9_Centro_Regionali Liste,9,Centro,,Liste,Regionali Liste,2010,30,77,145,27,117,2,,9,15,R0P,494,7,451,792,0,36,7,0
10_Centro_Regionali Liste,10,Centro,,Liste,Regionali Liste,2010,15,57,189,,115,3,18,10,19,R0P,474,3,432,762,0,36,6,3
11_Centro_Regionali Liste,11,Centro,1,Liste,Regionali Liste,2010,21,53,133,14,109,2,,8,16,R0P,415,1,380,613,0,28,7,6
12_Centro_Regionali Liste,12,Centro,1,Liste,Regionali Liste,2010,34,,,23,129,5,31,,20,R0P,476,2,435,801,0,35,6,4
13_Centro_Regionali Liste,13,Centro,1,Liste,Regionali Liste,2010,40,74,,22,115,1,,12,17,R0P,512,3,457,828,1,45,10,6
14_Centro_Regionali Liste,14,Centro,1,Liste,Regionali Liste,2010,,71,122,28,,3,37,10,,R0P,478,4,443,773,0,25,10,6
15_Centro_Regionali Liste,15,Centro,1,Liste,Regionali Liste,2010,26,59,,9,192,6,32,,10,R0P,518,6,462,762,0,41,15,9
16_Centro_Regionali Liste,16,Centro,1,Liste,Regionali Liste,2010,11,60,106,,178,6,30,,17,R0P,484,2,437,710,0,40,7,5
17_Centro_Regionali Liste,17,Centro,1,Liste,Regionali Liste,2010,18,59,110,13,233,5,39,15,16,R0P,546,1,508,836,0,28,10,9
18_Centro_Regionali Liste,18,Centro,1,Liste,Regionali Liste,2010,26,67,86,14,208,1,31,10,,R0P,482,3,449,720,5,21,12,4
19_Centro_Regionali Liste,19,Centro,1,Liste,Regionali Liste,2010,28,41,90,12,135,3,,10,10,R0P,387,4,357,628,0,19,11,7
20_Centro_Regionali Liste,20,Centro,1,Liste,Regionali Liste,2010,36,41,,,127,3,30,,22,R0P,467,3,437,700,0,22,8,5
21_Centro_Regionali Liste,21,Centro,1,Liste,Regionali Liste,2010,22,45,91,,128,5,19,5,,R0P,381,2,341,624,0,33,7,5
22_Crocetta_Regionali Liste,22,Crocetta,2,Liste,Regionali Liste,2010,28,54,99,12,,,38,10,16,R0P,484,4,440,779,0,36,8,4
,23,Crocetta,,Liste,Regionali Liste,2010,16,61,66,,216,,40,8,,R0P,463,1,434,719,0,23,6,5
25_Crocetta_Regionali Liste,25,Crocetta,2,Liste,Regionali Liste,2010,40,78,,13,276,5,,11,,R0P,618,1,579,816,0,30,9,8
26_Crocetta_Regionali Liste,26,Crocetta,2,Liste,Regionali Liste,2010,30,57,105,5,289,5,,7,,R0P,593,2,534,736,0,47,12,10
27_Crocetta_Regionali Liste,27,Crocetta,2,Liste,Regionali Liste,2010,,57,49,14,230,4,,9,10,R0P,456,4,424,637,0,22,10,6
28_Crocetta_Regionali Liste,28,Crocetta,,Liste,Regionali Liste,2010,26,45,62,4,145,1,28,1,7,R0P,337,1,319,608,0,14,4,3
29_Crocetta_Regionali Liste,29,Crocetta,2,Liste,Regionali Liste,2010,,65,79,14,227,,29,,,R0P,523,3,473,752,0,36,14,11
30_Crocetta_Regionali Liste,30,Crocetta,2,Liste,Regionali Liste,2010,50,45,73,4,273,3,25,16,,R0P,538,2,502,664,0,29,7,5
31_Crocetta_Regionali Liste,31,Crocetta,2,Liste,Regionali Liste,2010,27,47,,9,237,4,28,10,,R0P,456,7,423,619,0,21,12,5
,32,Crocetta,2,Liste,Regionali Liste,2010,44,48,108,2,262,,32,,,R0P,572,7,533,768,0,26,13,6
33_Crocetta_Regionali Liste,33,Crocetta,,Liste,Regionali Liste,2010,,58,,7,263,,33,5,14,R0P,530,3,495,752,0,24,11,8
34_Crocetta_Regionali Liste,34,Crocetta,2,Liste,Regionali Liste,2010,41,46,80,11,270,8,30,6,7,R0P,529,2,499,749,0,24,6,4
35_Crocetta_Regionali Liste,35,Crocetta,2,Liste,Regionali Liste,2010,31,37,81,11,236,,22,8,18,R0P,486,1,449,809,0,21,16,15
37_Crocetta_Regionali Liste,37,Crocetta,2,Liste,Regionali Liste,2010,21,69,83,9,316,5,45,4,14,R0P,598,4,566,796,0,25,7,3
38_Crocetta_Regionali Liste,38,Crocetta,2,Liste,Regionali Liste,2010,25,52,73,10,248,9,40,,12,R0P,528,2,478,698,0,40,10,8
39_Crocetta_Regionali Liste,39,Crocetta,2,Liste,Regionali Liste,2010,33,65,83,7,293,4,48,3,17,R0P,613,1,553,772,0,45,15,14
40_Crocetta_Regionali Liste,40,Crocetta,,Liste,Regionali Liste,2010,31,63,91,14,328,3,31,13,26,R0P,649,5,600,819,0,39,10,5
41_Crocetta_Regionali Liste,41,Crocetta,2,Liste,Regionali Liste,2010,39,69,82,13,309,8,53,8,17,R0P,671,4,598,971,0,54,19,15
42_Crocetta_Regionali Liste,42,Crocetta,,Liste,Regionali Liste,2010,39,51,71,12,,4,57,15,13,R0P,547,6,497,749,0,41,9,3
43_Crocetta_Regionali Liste,43,Crocetta,2,Liste,Regionali Liste,2010,,50,65,,176,4,,,20,R0P,421,7,381,668,0,27,13,6
44_Crocetta_Regionali Liste,44,Crocetta,,Liste,Regionali Liste,2010,,35,79,6,160,3,25,7,,R0P,399,3,361,585,0,33,5,2
45_Crocetta_Regionali Liste,45,Crocetta,2,Liste,Regionali Liste,2010,,48,102,,219,7,63,11,10,R0P,559,1,513,829,0,37,9,8
46_Crocetta_Regionali Liste,46,Crocetta,2,Liste,Regionali Liste,2010,30,,,18,248,6,31,6,,R0P,548,2,500,722,0,37,11,9
47_Crocetta_Regionali Liste,47,Crocetta,2,Liste,Regionali Liste,2010,,,102,9,,,28,6,,R0P,481,6,433,746,0,34,14,8
48_Crocetta_Regionali Liste,48,Crocetta,2,Liste,Regionali Liste,2010,33,,78,8,,3,29,,21,R0P,363,5,317,614,0,33,13,8
49_Crocetta_Regionali Liste,49,Crocetta,2,Liste,Regionali Liste,2010,19,,116,16,138,4,,,,R0P,464,3,420,696,0,35,9,6
50_Crocetta_Regionali Liste,50,Crocetta,2,Liste,Regionali Liste,2010,19,64,134,13,152,4,,9,11,R0P,474,4,426,690,0,40,8,4
51_Crocetta_Regionali Liste,51,Crocetta,2,Liste,Regionali Liste,2010,32,50,85,11,202,,22,6,,R0P,483,3,433,674,0,39,11,8
52_Crocetta_Regionali Liste,52,Crocetta,2,Liste,Regionali Liste,2010,30,82,,15,,,,13,24,R0P,578,5,528,837,0,30,20,15
53_Crocetta_Regionali Liste,53,Crocetta,,Liste,Regionali Liste,2010,14,42,99,8,171,10,32,11,14,R0P,453,3,401,721,0,42,10,7
54_Crocetta_Regionali Liste,54,Crocetta,2,Liste,Regionali Liste,2010,29,58,141,,119,,26,12,18,R0P,482,3,422,717,0,49,11,8
55_Crocetta_Regionali Liste,55,Crocetta,2,Liste,Regionali Liste,2010,25,41,,12,139,2,,10,,R0P,464,1,418,676,0,36,10,9
56_Crocetta_Regionali Liste,56,Crocetta,2,Liste,Regionali Liste,2010,,,204,3,130,5,32,,,R0P,533,1,494,757,0,29,10,9
57_Crocetta_Regionali Liste,57,Crocetta,,Liste,Regionali Liste,2010,19,46,107,,140,,23,8,19,R0P,403,8,370,639,0,18,15,7
58_Crocetta_Regionali Liste,58,Crocetta,2,Liste,Regionali Liste,2010,15,40,71,11,246,3,37,15,9,R0P,485,3,447,743,0,30,8,5
59_Crocetta_Regionali Liste,59,Crocetta,2,Liste,Regionali Liste,2010,,38,70,4,190,,25,,20,R0P,414,4,386,561,0,19,9,5
60_Crocetta_Regionali Liste,60,Crocetta,2,Liste,Regionali Liste,2010,62,81,84,10,336,,62,20,18,R0P,747,2,678,1018,0,50,19,17
61_Crocetta_Regionali Liste,61,Crocetta,2,Liste,Regionali Liste,2010,,,74,,313,4,46,6,13,R0P,622,2,585,802,0,28,9,7
,62,Crocetta,2,Liste,Regionali Liste,2010,19,,105,,,6,42,13,10,R0P,566,7,513,756,0,36,17,10
63_Crocetta_Regionali Liste,63,Crocetta,2,Liste,Regionali Liste,2010,26,48,,,,3,,21,17,R0P,442,3,404,685,0,23,15,12
,64,Crocetta,2,Liste,Regionali Liste,2010,16,45,,,172,3,30,19,16,R0P,399,5,375,563,0,17,7,2
65_Crocetta_Regionali Liste,65,Crocetta,,Liste,Regionali Liste,2010,20,42,62,,133,8,,6,12,R0P,335,4,307,566,0,17,11,7
,66,Crocetta,2,Liste,Regionali Liste,2010,34,48,70,9,230,3,27,5,12,R0P,470,2,438,624,0,28,4,2
67_Crocetta_Regionali Liste,67,Crocetta,2,Liste,Regionali Liste,2010,31,54,97,8,246,3,33,17,,R0P,588,10,523,818,0,46,19,9
,68,Crocetta,2,Liste,Regionali Liste,2010,15,,95,9,164,6,46,12,,R0P,447,4,422,690,0,16,9,5
69_Crocetta_Regionali Liste,69,Crocetta,2,Liste,Regionali Liste,2010,23,63,,,179,4,27,12,17,R0P,500,4,447,740,0,42,11,7
70_Crocetta_Regionali Liste,70,Crocetta,2,Liste,Regionali Liste,2010,32,50,95,9,214,2,,9,6,R0P,490,3,450,724,0,28,12,9
71_Buon Pastore_Regionali Liste,71,Buon Pastore,3,Liste,Regionali Liste,2010,21,72,148,9,112,2,23,8,,R0P,454,1,407,680,0,39,8,7
72_Buon Pastore_Regionali Liste,72,Buon Pastore,,Liste,Regionali Liste,2010,,,207,,,2,14,6,,R0P,522,0,487,699,0,34,1,1
,73,Buon Pastore,3,Liste,Regionali Liste,2010,,87,180,4,,1,,5,19,R0P,504,0,468,677,0,32,4,4
,74,Buon Pastore,3,Liste,Regionali Liste,2010,,69,140,4,104,2,17,6,11,R0P,399,2,375,605,0,17,7,5
75_Buon Pastore_Regionali Liste,75,Buon Pastore,3,Liste,Regionali Liste,2010,19,60,,,125,3,24,5,,R0P,477,4,417,707,0,48,12,8
76_Buon Pastore_Regionali Liste,76,Buon Pastore,3,Liste,Regionali Liste,2010,20,55,,8,161,4,14,,16,R0P,409,4,371,631,0,26,12,8
77_Buon Pastore_Regionali Liste,77,Buon Pastore,3,Liste,Regionali Liste,2010,16,54,162,6,,3,,5,23,R0P,447,3,413,632,0,27,7,4
78_Buon Pastore_Regionali Liste,78,Buon Pastore,3,Liste,Regionali Liste,2010,32,70,165,,,7,32,15,23,R0P,572,8,511,779,0,45,16,8
79_Buon Pastore_Regionali Liste,79,Buon Pastore,3,Liste,Regionali Liste,2010,30,69,71,14,,,,,,R0P,510,1,476,696,0,30,4,3
80_Buon Pastore_Regionali Liste,80,Buon Pastore,,Liste,Regionali Liste,2010,30,86,73,13,282,4,64,12,18,R0P,638,7,582,864,0,43,13,6
81_Buon Pastore_Regionali Liste,81,Buon Pastore,3,Liste,Regionali Liste,2010,44,64,,15,282,3,,,11,R0P,610,4,558,744,0,44,8,4
,82,Buon Pastore,,Liste,Regionali Liste,2010,45,82,117,9,,,29,5,22,R0P,606,3,570,842,0,28,8,5
83_Buon Pastore_Regionali Liste,83,Buon Pastore,3,Liste,Regionali Liste,2010,30,,47,10,,3,35,11,11,R0P,447,6,409,600,0,28,10,4
84_Buon Pastore_Regionali Liste,84,Buon Pastore,3,Liste,Regionali Liste,2010,25,,94,,266,3,25,,17,R0P,550,1,513,754,0,27,10,9
86_Buon Pastore_Regionali Liste,86,Buon Pastore,,Liste,Regionali Liste,2010,,72,155,,,3,34,11,,R0P,618,4,567,810,0,40,11,7
,87,Buon Pastore,,Liste,Regionali Liste,2010,22,75,,9,209,9,40,,,R0P,533,3,493,734,0,25,15,12
88_Buon Pastore_Regionali Liste,88,Buon Pastore,3,Liste,Regionali Liste,2010,,,,11,250,5,20,7,8,R0P,497,2,456,681,0,31,10,8
89_Buon Pastore_Regionali Liste,89,Buon Pastore,3,Liste,Regionali Liste,2010,39,68,121,27,341,6,35,6,19,R0P,716,6,662,952,0,37,17,11
90_Buon Pastore_Regionali Liste,90,Buon Pastore,3,Liste,Regionali Liste,2010,,54,73,16,,2,43,6,22,R0P,587,1,530,740,0,52,5,4
91_Buon Pastore_Regionali Liste,91,Buon Pastore,3,Liste,Regionali Liste,2010,32,62,97,18,339,4,34,,27,R0P,679,7,621,829,0,48,10,3
92_Buon Pastore_Regionali Liste,92,Buon Pastore,3,Liste,Regionali Liste,2010,25,56,60,13,298,,43,12,,R0P,561,1,530,688,0,26,5,4
93_Buon Pastore_Regionali Liste,93,Buon Pastore,,Liste,Regionali Liste,2010,21,57,68,9,,6,39,15,,R0P,474,4,442,645,0,24,8,4
94_Buon Pastore_Regionali Liste,94,Buon Pastore,3,Liste,Regionali Liste,2010,42,83,97,11,333,3,50,3,16,R0P,696,10,638,849,0,39,19,9
95_Buon Pastore_Regionali Liste,95,Buon Pastore,3,Liste,Regionali Liste,2010,40,56,54,10,,6,50,12,,R0P,708,3,663,835,0,38,7,4
,97,Buon Pastore,3,Liste,Regionali Liste,2010,,64,62,13,336,,45,9,21,R0P,640,4,582,826,0,47,11,7
98_Buon Pastore_Regionali Liste,98,Buon Pastore,3,Liste,Regionali Liste,2010,27,56,82,,248,6,23,,17,R0P,502,5,470,730,0,21,11,6
99_Buon Pastore_Regionali Liste,99,Buon Pastore,3,Liste,Regionali Liste,2010,19,60,87,7,,1,31,8,20,R0P,500,3,458,723,0,32,10,7
100_Buon Pastore_Regionali Liste,100,Buon Pastore,3,Liste,Regionali Liste,2010,38,,111,11,235,4,29,,,R0P,583,4,533,810,0,39,11,7
,101,Buon Pastore,3,Liste,Regionali Liste,2010,,86,138,14,273,3,37,6,30,R0P,684,3,628,923,0,41,15,12
,102,Buon Pastore,3,Liste,Regionali Liste,2010,31,75,125,4,134,5,26,6,20,R0P,483,3,426,712,1,35,18,14
,103,Buon Pastore,3,Liste,Regionali Liste,2010,22,,159,13,,,,10,20,R0P,522,2,472,779,0,43,7,5
106_Buon Pastore_Regionali Liste,106,Buon Pastore,3,Liste,Regionali Liste,2010,,79,173,,102,4,21,5,,R0P,497,0,448,672,0,46,3,3
107_Buon Pastore_Regionali Liste,107,Buon Pastore,3,Liste,Regionali Liste,2010,32,,124,11,176,6,27,14,16,R0P,535,3,479,748,0,49,7,4
,108,Buon Pastore,3,Liste,Regionali Liste,2010,27,81,163,16,142,5,,9,30,R0P,538,4,497,762,0,31,10,6
109_Buon Pastore_Regionali Liste,109,Buon Pastore,3,Liste,Regionali Liste,2010,29,74,179,12,,9,35,7,,R0P,640,2,585,837,0,46,9,7
110_Buon Pastore_Regionali Liste,110,Buon Pastore,3,Liste,Regionali Liste,2010,23,55,,8,,7,38,9,22,R0P,515,8,457,758,0,47,11,3
,111,Buon Pastore,3,Liste,Regionali Liste,2010,37,66,101,16,252,,26,9,,R0P,594,3,538,770,0,39,17,14
112_Buon Pastore_Regionali Liste,112,Buon Pastore,3,Liste,Regionali Liste,2010,,69,119,15,244,7,31,6,18,R0P,573,2,538,776,0,28,7,5
113_Buon Pastore_Regionali Liste,113,Buon Pastore,,Liste,Regionali Liste,2010,,61,,18,274,4,50,8,35,R0P,647,5,590,800,0,45,12,7
,114,Buon Pastore,3,Liste,Regionali Liste,2010,31,67,124,12,,2,39,8,,R0P,643,4,605,869,1,28,10,5
115_Buon Pastore_Regionali Liste,115,Buon Pastore,3,Liste,Regionali Liste,2010,31,69,111,8,,,,11,40,R0P,601,5,540,760,0,50,11,6
116_Buon Pastore_Regionali Liste,116,Buon Pastore,3,Liste,Regionali Liste,2010,42,77,101,13,,0,42,10,17,R0P,654,7,591,889,0,47,16,9
117_Buon Pastore_Regionali Liste,117,Buon Pastore,3,Liste,Regionali Liste,2010,35,67,63,14,319,7,48,13,14,R0P,627,5,580,795,0,33,14,9
,118,Buon Pastore,,Liste,Regionali Liste,2010,50,,99,7,268,,35,5,14,R0P,584,3,541,739,0,31,12,9
119_Buon Pastore_Regionali Liste,119,Buon Pastore,3,Liste,Regionali Liste,2010,,61,100,9,298,,33,10,,R0P,613,5,564,807,0,37,12,7
120_Buon Pastore_Regionali Liste,120,Buon Pastore,3,Liste,Regionali Liste,2010,33,,99,7,253,,,9,25,R0P,587,2,535,827,0,42,10,8
121_Buon Pastore_Regionali Liste,121,Buon Pastore,3,Liste,Regionali Liste,2010,48,89,154,14,261,3,42,7,25,R0P,708,2,643,944,0,48,17,15
122_Buon Pastore_Regionali Liste,122,Buon Pastore,3,Liste,Regionali Liste,2010,15,37,,6,,4,9,5,,R0P,333,2,306,1015,0,22,5,3
123_Buon Pastore_Regionali Liste,123,Buon Pastore,3,Liste,Regionali Liste,2010,17,41,98,7,,,,11,9,R0P,381,2,349,609,0,26,6,4
,124,Buon Pastore,3,Liste,Regionali Liste,2010,42,,103,24,367,6,37,14,23,R0P,774,11,714,987,0,38,22,11
125_Buon Pastore_Regionali Liste,125,Buon Pastore,3,Liste,Regionali Liste,2010,42,52,57,,375,2,43,12,17,R0P,683,10,626,819,0,44,13,3
126_Buon Pastore_Regionali Liste,126,Buon Pastore,,Liste,Regionali Liste,2010,40,67,,11,372,7,,12,11,R0P,656,1,617,790,0,34,5,4
,127,Buon Pastore,3,Liste,Regionali Liste,2010,19,63,,,191,,19,,5,R0P,437,3,401,611,0,30,6,3
,128,Buon Pastore,3,Liste,Regionali Liste,2010,37,73,81,10,240,11,30,,20,R0P,566,6,513,782,0,37,16,10
,129,Buon Pastore,3,Liste,Regionali Liste,2010,41,57,90,,192,8,42,7,20,R0P,501,2,462,754,0,32,7,5
130_San Faustino_Regionali Liste,130,San Faustino,4,Liste,Regionali Liste,2010,27,,121,5,162,1,20,9,,R0P,463,2,425,670,0,32,6,4
,131,San Faustino,,Liste,Regionali Liste,2010,,,104,12,197,,32,9,16,R0P,520,3,476,715,0,36,8,5
132_San Faustino_Regionali Liste,132,San Faustino,4,Liste,Regionali Liste,2010,31,,,,,,27,8,16,R0P,558,3,518,825,0,32,8,5
133_San Faustino_Regionali Liste,133,San Faustino,4,Liste,Regionali Liste,2010,16,55,,,179,7,17,8,15,R0P,449,4,419,680,0,20,10,6
134_San Faustino_Regionali Liste,134,San Faustino,4,Liste,Regionali Liste,2010,34,,82,7,217,4,,,14,R0P,474,2,428,688,4,37,9,3
,135,San Faustino,4,Liste,Regionali Liste,2010,15,64,148,3,91,4,12,,,R0P,399,1,366,745,0,28,5,4
136_San Faustino_Regionali Liste,136,San Faustino,4,Liste,Regionali Liste,2010,32,78,102,8,126,6,18,9,29,R0P,449,3,408,667,0,36,5,2
137_San Faustino_Regionali Liste,137,San Faustino,4,Liste,Regionali Liste,2010,20,63,138,11,137,3,34,10,19,R0P,463,2,435,716,0,25,3,1
138_San Faustino_Regionali Liste,138,San Faustino,,Liste,Regionali Liste,2010,28,74,,13,,,,,,R0P,516,4,499,789,0,6,11,7
,139,San Faustino,4,Liste,Regionali Liste,2010,30,66,95,5,,,23,7,,R0P,526,4,490,728,0,28,8,4
140_San Faustino_Regionali Liste,140,San Faustino,4,Liste,Regionali Liste,2010,28,,,11,,5,34,,12,R0P,469,0,429,681,0,30,10,10
141_San Faustino_Regionali Liste,141,San Faustino,4,Liste,Regionali Liste,2010,32,62,83,10,206,6,17,7,14,R0P,482,5,437,690,0,35,10,5
143_San Faustino_Regionali Liste,143,San Faustino,4,Liste,Regionali Liste,2010,29,48,,,159,4,27,,24,R0P,499,1,459,692,0,29,11,10
,144,San Faustino,,Liste,Regionali Liste,2010,24,65,99,21,221,2,,7,22,R0P,517,3,487,704,0,23,7,4
145_San Faustino_Regionali Liste,145,San Faustino,4,Liste,Regionali Liste,2010,25,66,100,12,237,1,,,15,R0P,545,1,503,689,0,36,6,5
146_San Faustino_Regionali Liste,146,San Faustino,4,Liste,Regionali Liste,2010,18,73,93,7,246,2,23,4,13,R0P,515,3,479,805,0,29,7,4
147_San Faustino_Regionali Liste,147,San Faustino,,Liste,Regionali Liste,2010,18,36,77,10,347,1,34,5,16,R0P,586,4,544,789,0,35,7,3
,148,San Faustino,4,Liste,Regionali Liste,2010,,74,121,10,243,4,35,10,,R0P,579,7,532,756,0,32,15,8
149_San Faustino_Regionali Liste,149,San Faustino,4,Liste,Regionali Liste,2010,,59,,,281,7,44,16,18,R0P,593,2,558,737,0,29,6,4
150_San Faustino_Regionali Liste,150,San Faustino,4,Liste,Regionali Liste,2010,38,73,148,12,261,3,46,6,26,R0P,676,4,613,820,0,54,9,5
,151,San Faustino,,Liste,Regionali Liste,2010,21,,106,8,267,5,37,8,12,R0P,557,5,513,775,0,27,17,12
152_San Faustino_Regionali Liste,152,San Faustino,4,Liste,Regionali Liste,2010,25,111,168,,248,3,31,11,,R0P,677,3,636,886,0,37,4,1
153_San Faustino_Regionali Liste,153,San Faustino,4,Liste,Regionali Liste,2010,25,88,,2,,5,33,,20,R0P,593,3,555,788,0,29,9,6
154_San Faustino_Regionali Liste,154,San Faustino,4,Liste,Regionali Liste,2010,18,80,134,12,149,5,37,8,,R0P,514,6,462,701,0,41,11,5
,155,San Faustino,4,Liste,Regionali Liste,2010,20,59,,4,140,3,24,7,,R0P,485,6,447,709,0,26,12,6
156_San Faustino_Regionali Liste,156,San Faustino,,Liste,Regionali Liste,2010,19,66,140,14,,2,35,9,27,R0P,480,2,448,696,0,23,9,7
157_San Faustino_Regionali Liste,157,San Faustino,4,Liste,Regionali Liste,2010,29,52,,,267,5,36,6,14,R0P,546,3,505,729,0,34,7,4
158_San Faustino_Regionali Liste,158,San Faustino,,Liste,Regionali Liste,2010,,75,111,10,,11,35,5,,R0P,646,3,605,871,0,30,11,8
159_San Faustino_Regionali Liste,159,San Faustino,4,Liste,Regionali Liste,2010,,74,84,11,277,5,,13,19,R0P,602,1,561,830,0,34,7,6
160_San Faustino_Regionali Liste,160,San Faustino,4,Liste,Regionali Liste,2010,34,41,61,16,299,5,45,,20,R0P,571,2,529,730,0,34,8,6
161_San Faustino_Regionali Liste,161,San Faustino,,Liste,Regionali Liste,2010,26,69,90,6,175,3,,5,24,R0P,448,2,424,686,0,14,10,8
162_San Faustino_Regionali Liste,162,San Faustino,4,Liste,Regionali Liste,2010,21,,70,9,332,4,34,15,21,R0P,621,4,569,798,0,41,11,7
164_San Faustino_Regionali Liste,164,San Faustino,4,Liste,Regionali Liste,2010,31,47,80,11,,4,,14,,R0P,574,3,531,787,0,36,7,4
,165,San Faustino,4,Liste,Regionali Liste,2010,23,52,51,11,,9,41,,22,R0P,650,2,589,836,0,49,12,10
166_San Faustino_Regionali Liste,166,San Faustino,4,Liste,Regionali Liste,2010,25,,,6,219,,36,6,,R0P,513,1,473,731,0,26,14,13
167_San Faustino_Regionali Liste,167,San Faustino,4,Liste,Regionali Liste,2010,,60,58,5,349,5,26,,,R0P,598,5,564,744,0,23,11,6
168_San Faustino_Regionali Liste,168,San Faustino,4,Liste,Regionali Liste,2010,24,76,102,9,261,4,,,14,R0P,573,6,530,853,0,29,14,8
169_San Faustino_Regionali Liste,169,San Faustino,4,Liste,Regionali Liste,2010,69,73,118,,399,,41,9,16,R0P,801,8,746,1043,0,41,14,6
170_San Faustino_Regionali Liste,170,San Faustino,4,Liste,Regionali Liste,2010,,105,136,16,294,,53,,27,R0P,745,9,684,1008,0,43,18,9
171_San Faustino_Regionali Liste,171,San Faustino,4,Liste,Regionali Liste,2010,36,116,152,9,279,0,33,4,31,R0P,721,4,660,910,0,52,9,5
172_San Faustino_Regionali Liste,172,San Faustino,4,Liste,Regionali Liste,2010,23,,,,200,9,29,9,11,R0P,462,5,434,640,0,19,9,4
,173,San Faustino,4,Liste,Regionali Liste,2010,21,70,96,6,200,3,16,5,11,R0P,466,4,428,621,0,30,8,4
174_San Faustino_Regionali Liste,174,San Faustino,4,Liste,Regionali Liste,2010,26,,84,9,195,2,27,,13,R0P,462,3,431,599,0,27,4,1
175_San Faustino_Regionali Liste,175,San Faustino,4,Liste,Regionali Liste,2010,,66,120,,,2,24,14,20,R0P,519,0,474,731,0,35,10,10
176_San Faustino_Regionali Liste,176,San Faustino,4,Liste,Regionali Liste,2010,,,,8,248,3,47,3,19,R0P,566,5,523,730,0,34,9,4
178_San Faustino_Regionali Liste,178,San Faustino,4,Liste,Regionali Liste,2010,30,73,129,16,,3,,,19,R0P,605,3,559,838,1,34,12,8
179_San Faustino_Regionali Liste,179,San Faustino,,Liste,Regionali Liste,2010,37,81,114,8,228,,32,,,R0P,598,3,548,801,0,41,9,6
,180,San Faustino,4,Liste,Regionali Liste,2010,36,84,120,10,219,,25,21,29,R0P,601,3,547,825,0,41,13,10
181_Buon Pastore_Regionali Liste,181,Buon Pastore,,Liste,Regionali Liste,2010,2,7,,0,62,3,5,0,3,R0P,109,0,106,0,0,3,0,0
,182,Buon Pastore,,Liste,Regionali Liste,2010,2,8,12,1,29,0,1,2,1,R0P,61,1,56,0,0,4,1,0
183_San Faustino_Regionali Liste,183,San Faustino,,Liste,Regionali Liste,2010,1,6,15,,47,0,0,1,0,R0P,74,0,70,0,0,3,1,1
,184,San Faustino,,Liste,Regionali Liste,2010,0,4,3,0,31,0,1,2,1,R0P,48,1,42,0,0,5,1,0
185_San Faustino_Regionali Liste,185,San Faustino,4,Liste,Regionali Liste,2010,,70,102,4,218,5,29,8,25,R0P,543,1,506,714,0,30,7,6
186_San Faustino_Regionali Liste,186,San Faustino,4,Liste,Regionali Liste,2010,28,51,47,,225,3,,8,21,R0P,461,3,426,638,0,19,16,13
,187,Buon Pastore,3,Liste,Regionali Liste,2010,50,63,,24,,3,38,,18,R0P,661,4,607,833,0,45,9,5
