THE_PK_KEY,SECTION,DISTRICT,DISTRICT_CD,DATA_TYPE,ELECTION,YEAR,LEGA,PPE___UDC,FORZA_ITALIA,FRATELLI_D_ITALIA,PER_ME_MODENA,MOVIMENTO_5_STELLE,MODENA_SALUTE_AMBIENTE,MODERATI_PER_MODENA,PARTITO_DEMOCRATICO,SINISTRA_ECOLOGIA_LIBERTA_,CENTRO_DEMOCRATICO,PDCI___LA_SINISTRA_PER_MODENA,NCD___NUOVO_CENTRO_DESTRA,ALTRA_MODENA___SIN__IN_COMUNE,CAMBIA_MODENA,FORM,#VOTERS,#BLANK,#VALID,#REGISTERED,#DISPUTED,#OF WHICH,#NOT VALID,#NULL
3_Centro_Amministrative Comunali  Liste,3,Centro,1,Liste,Amministrative Comunali  Liste,2014,15,,98,41,,67,,6,137,18,13,,,8,18,BL4,563,5,537,811,0,15,11,6
,4,Centro,1,Liste,Amministrative Comunali  Liste,2014,27,7,75,,28,90,,4,126,26,4,3,32,12,34,BL4,537,3,513,808,0,8,16,13
5_Centro_Amministrative Comunali  Liste,5,Centro,1,Liste,Amministrative Comunali  Liste,2014,8,12,64,49,33,87,6,2,130,11,,2,47,8,26,BL4,521,8,487,781,0,13,21,13
7_Centro_Amministrative Comunali  Liste,7,Centro,1,Liste,Amministrative Comunali  Liste,2014,24,33,103,45,51,64,7,5,126,,,,41,5,39,BL4,583,13,561,782,0,3,19,6
8_Centro_Amministrative Comunali  Liste,8,Centro,1,Liste,Amministrative Comunali  Liste,2014,27,5,61,19,26,60,5,10,116,14,4,,19,,22,BL4,421,6,397,699,3,3,21,12
9_Centro_Amministrative Comunali  Liste,9,Centro,1,Liste,Amministrative Comunali  Liste,2014,22,4,,28,,82,8,5,122,21,3,6,,,,BL4,506,5,486,761,0,2,18,13
,10,Centro,1,Liste,Amministrative Comunali  Liste,2014,29,,,18,34,39,,,153,11,1,,39,5,,BL4,467,9,438,715,0,4,25,16
11_Centro_Amministrative Comunali  Liste,11,Centro,1,Liste,Amministrative Comunali  Liste,2014,15,3,52,14,,54,5,12,124,10,4,3,34,,19,BL4,418,5,388,624,0,2,28,23
12_Centro_Amministrative Comunali  Liste,12,Centro,1,Liste,Amministrative Comunali  Liste,2014,14,10,,12,38,86,,6,146,17,5,3,35,11,29,BL4,506,10,476,797,0,9,21,11
13_Centro_Amministrative Comunali  Liste,13,Centro,1,Liste,Amministrative Comunali  Liste,2014,12,9,55,,41,,11,2,151,11,5,7,23,16,,BL4,515,11,491,781,0,3,21,10
14_Centro_Amministrative Comunali  Liste,14,Centro,1,Liste,Amministrative Comunali  Liste,2014,10,,33,16,51,72,,,,,0,3,,11,,BL4,447,9,422,699,0,1,24,15
15_Centro_Amministrative Comunali  Liste,15,Centro,1,Liste,Amministrative Comunali  Liste,2014,,9,52,,,60,10,10,,,4,,24,4,11,BL4,490,10,465,727,0,2,23,13
16_Centro_Amministrative Comunali  Liste,16,Centro,,Liste,Amministrative Comunali  Liste,2014,16,3,33,8,38,64,5,7,151,12,,4,33,4,,BL4,429,5,413,654,0,1,15,10
17_Centro_Amministrative Comunali  Liste,17,Centro,1,Liste,Amministrative Comunali  Liste,2014,12,1,33,14,,102,7,2,228,,,8,15,10,,BL4,549,9,526,816,1,9,14,4
18_Centro_Amministrative Comunali  Liste,18,Centro,1,Liste,Amministrative Comunali  Liste,2014,10,6,38,12,,85,5,4,178,9,,5,18,,,BL4,462,9,443,700,0,4,15,6
19_Centro_Amministrative Comunali  Liste,19,Centro,1,Liste,Amministrative Comunali  Liste,2014,7,6,40,,41,69,5,7,133,9,4,5,20,,,BL4,419,9,397,662,0,5,17,8
20_Centro_Amministrative Comunali  Liste,20,Centro,1,Liste,Amministrative Comunali  Liste,2014,18,9,,19,49,82,4,2,,11,6,9,26,13,17,BL4,477,4,447,703,7,7,23,12
21_Centro_Amministrative Comunali  Liste,21,Centro,,Liste,Amministrative Comunali  Liste,2014,9,7,48,17,,81,,6,146,14,6,8,,6,15,BL4,425,11,408,835,0,3,14,3
,22,Crocetta,2,Liste,Amministrative Comunali  Liste,2014,,7,39,4,,125,,2,243,12,,9,15,9,13,BL4,574,2,555,861,0,7,12,10
23_Crocetta_Amministrative Comunali  Liste,23,Crocetta,2,Liste,Amministrative Comunali  Liste,2014,17,4,36,4,18,,1,2,285,7,9,4,18,4,23,BL4,529,6,508,756,0,2,19,13
26_Crocetta_Amministrative Comunali  Liste,26,Crocetta,,Liste,Amministrative Comunali  Liste,2014,10,,33,10,27,83,3,4,,14,1,0,10,,,BL4,536,4,524,713,0,2,10,6
27_Crocetta_Amministrative Comunali  Liste,27,Crocetta,,Liste,Amministrative Comunali  Liste,2014,10,5,20,9,,,9,3,210,6,11,7,,,9,BL4,434,5,416,668,0,3,15,10
29_Crocetta_Amministrative Comunali  Liste,29,Crocetta,2,Liste,Amministrative Comunali  Liste,2014,19,2,37,14,34,,20,3,245,13,,11,12,5,13,BL4,555,5,542,787,0,1,12,7
32_Crocetta_Amministrative Comunali  Liste,32,Crocetta,2,Liste,Amministrative Comunali  Liste,2014,17,4,38,13,32,91,,6,274,11,5,5,11,1,24,BL4,584,10,559,785,0,2,23,13
34_Crocetta_Amministrative Comunali  Liste,34,Crocetta,2,Liste,Amministrative Comunali  Liste,2014,13,2,32,9,20,96,,4,292,4,7,,6,4,0,BL4,527,4,505,736,0,11,11,7
,35,Crocetta,2,Liste,Amministrative Comunali  Liste,2014,7,3,38,4,22,,9,2,224,,13,3,,,19,BL4,466,3,453,785,0,2,11,8
37_Crocetta_Amministrative Comunali  Liste,37,Crocetta,2,Liste,Amministrative Comunali  Liste,2014,13,3,43,10,43,91,,,292,32,,10,9,7,18,BL4,602,10,580,793,0,2,20,10
,38,Crocetta,2,Liste,Amministrative Comunali  Liste,2014,19,4,33,8,,73,7,6,275,,7,5,,2,10,BL4,510,5,493,683,0,3,14,9
39_Crocetta_Amministrative Comunali  Liste,39,Crocetta,,Liste,Amministrative Comunali  Liste,2014,9,2,34,8,40,100,11,,298,11,7,3,10,3,17,BL4,573,8,556,745,0,2,15,7
41_Crocetta_Amministrative Comunali  Liste,41,Crocetta,2,Liste,Amministrative Comunali  Liste,2014,13,1,47,6,41,,5,6,347,28,,5,16,6,24,BL4,722,13,687,1006,0,7,28,15
42_Crocetta_Amministrative Comunali  Liste,42,Crocetta,2,Liste,Amministrative Comunali  Liste,2014,,,30,5,,97,5,18,204,28,11,6,7,13,19,BL4,521,5,505,687,0,1,15,10
,43,Crocetta,,Liste,Amministrative Comunali  Liste,2014,21,5,21,,11,70,5,3,192,,,2,5,8,14,BL4,407,6,395,631,0,0,12,6
44_Crocetta_Amministrative Comunali  Liste,44,Crocetta,2,Liste,Amministrative Comunali  Liste,2014,1,10,48,,,66,15,,174,,3,4,13,5,18,BL4,415,6,404,599,0,0,11,5
45_Crocetta_Amministrative Comunali  Liste,45,Crocetta,,Liste,Amministrative Comunali  Liste,2014,14,6,36,,32,85,7,4,241,19,,5,7,5,,BL4,528,12,497,761,0,2,29,17
46_Crocetta_Amministrative Comunali  Liste,46,Crocetta,2,Liste,Amministrative Comunali  Liste,2014,,5,37,13,28,93,,,242,19,2,2,17,1,24,BL4,532,10,508,715,0,3,21,11
47_Crocetta_Amministrative Comunali  Liste,47,Crocetta,2,Liste,Amministrative Comunali  Liste,2014,21,17,36,9,33,82,,3,,,0,,9,3,24,BL4,463,6,445,708,0,0,18,12
,48,Crocetta,2,Liste,Amministrative Comunali  Liste,2014,5,6,37,11,30,87,3,5,,,3,,7,4,15,BL4,390,10,374,573,0,3,13,3
49_Crocetta_Amministrative Comunali  Liste,49,Crocetta,2,Liste,Amministrative Comunali  Liste,2014,16,21,56,4,,,,12,196,,6,,,,18,BL4,503,12,476,697,0,4,23,11
50_Crocetta_Amministrative Comunali  Liste,50,Crocetta,2,Liste,Amministrative Comunali  Liste,2014,10,10,57,16,42,79,,1,,17,6,3,18,7,,BL4,464,3,451,673,0,6,7,4
51_Crocetta_Amministrative Comunali  Liste,51,Crocetta,2,Liste,Amministrative Comunali  Liste,2014,11,6,,,30,,,5,198,11,2,4,12,6,20,BL4,454,6,429,658,0,6,19,13
,52,Crocetta,2,Liste,Amministrative Comunali  Liste,2014,24,,51,18,43,75,12,2,233,24,5,,,4,18,BL4,581,17,549,809,0,2,30,13
,53,Crocetta,2,Liste,Amministrative Comunali  Liste,2014,7,9,39,8,45,,7,5,182,,,4,16,6,12,BL4,458,13,417,684,0,3,38,25
54_Crocetta_Amministrative Comunali  Liste,54,Crocetta,2,Liste,Amministrative Comunali  Liste,2014,13,,64,,37,,10,2,186,,,1,24,7,16,BL4,494,7,471,690,0,7,16,9
,55,Crocetta,2,Liste,Amministrative Comunali  Liste,2014,6,,45,,43,73,5,2,153,14,,5,22,8,,BL4,459,8,441,651,0,2,16,8
56_Crocetta_Amministrative Comunali  Liste,56,Crocetta,,Liste,Amministrative Comunali  Liste,2014,25,8,80,24,26,75,,3,143,7,5,1,31,,39,BL4,490,6,470,707,0,2,18,12
57_Crocetta_Amministrative Comunali  Liste,57,Crocetta,,Liste,Amministrative Comunali  Liste,2014,10,8,52,12,27,78,12,4,154,12,1,,20,0,16,BL4,421,8,406,638,0,0,15,7
58_Crocetta_Amministrative Comunali  Liste,58,Crocetta,,Liste,Amministrative Comunali  Liste,2014,14,3,,3,,72,,3,233,15,4,5,13,7,,BL4,489,10,461,733,0,5,23,13
59_Crocetta_Amministrative Comunali  Liste,59,Crocetta,2,Liste,Amministrative Comunali  Liste,2014,16,4,37,,,144,10,2,250,11,5,14,22,8,22,BL4,638,14,598,858,0,14,26,12
60_Crocetta_Amministrative Comunali  Liste,60,Crocetta,2,Liste,Amministrative Comunali  Liste,2014,11,4,32,10,45,119,13,8,,19,5,5,7,7,15,BL4,630,5,601,803,0,10,19,14
,61,Crocetta,2,Liste,Amministrative Comunali  Liste,2014,16,,39,13,43,,,4,,7,3,5,8,8,24,BL4,613,6,588,772,0,2,23,17
62_Crocetta_Amministrative Comunali  Liste,62,Crocetta,2,Liste,Amministrative Comunali  Liste,2014,,,53,14,34,102,,4,263,10,3,10,11,5,,BL4,568,7,551,744,0,3,14,7
64_Crocetta_Amministrative Comunali  Liste,64,Crocetta,2,Liste,Amministrative Comunali  Liste,2014,11,5,24,9,27,,9,1,160,12,,3,6,,12,BL4,355,5,342,556,0,1,12,7
66_Crocetta_Amministrative Comunali  Liste,66,Crocetta,2,Liste,Amministrative Comunali  Liste,2014,,2,23,4,27,60,,5,224,3,,3,23,4,10,BL4,446,8,428,619,0,1,17,9
67_Crocetta_Amministrative Comunali  Liste,67,Crocetta,2,Liste,Amministrative Comunali  Liste,2014,,5,45,2,36,111,4,11,,9,4,9,17,7,11,BL4,576,8,543,788,0,15,18,10
,68,Crocetta,2,Liste,Amministrative Comunali  Liste,2014,,,35,10,20,109,6,7,157,,11,2,11,7,9,BL4,433,4,418,648,0,4,11,7
69_Crocetta_Amministrative Comunali  Liste,69,Crocetta,,Liste,Amministrative Comunali  Liste,2014,20,5,,12,25,107,8,3,200,8,3,2,,9,10,BL4,493,1,482,722,0,3,8,7
,70,Crocetta,2,Liste,Amministrative Comunali  Liste,2014,12,5,,5,31,,6,3,,6,1,2,9,3,,BL4,455,7,439,686,0,1,15,8
,71,Buon Pastore,3,Liste,Amministrative Comunali  Liste,2014,10,4,49,,36,,11,2,,14,7,4,50,13,27,BL4,451,4,435,692,1,0,16,11
72_Buon Pastore_Amministrative Comunali  Liste,72,Buon Pastore,3,Liste,Amministrative Comunali  Liste,2014,,10,,,,77,,1,129,13,8,1,69,12,38,BL4,523,10,501,674,0,4,18,8
,73,Buon Pastore,,Liste,Amministrative Comunali  Liste,2014,22,13,74,25,36,,13,6,,,7,2,,5,39,BL4,521,9,492,690,0,10,19,10
75_Buon Pastore_Amministrative Comunali  Liste,75,Buon Pastore,3,Liste,Amministrative Comunali  Liste,2014,,,48,32,22,57,7,,,,,4,26,,,BL4,462,7,427,668,0,10,25,18
77_Buon Pastore_Amministrative Comunali  Liste,77,Buon Pastore,3,Liste,Amministrative Comunali  Liste,2014,18,,58,22,17,58,7,4,142,8,15,,47,,18,BL4,466,10,438,620,0,5,23,13
79_Buon Pastore_Amministrative Comunali  Liste,79,Buon Pastore,,Liste,Amministrative Comunali  Liste,2014,8,,25,12,13,65,3,,260,11,,2,12,3,11,BL4,453,7,441,641,0,0,12,5
80_Buon Pastore_Amministrative Comunali  Liste,80,Buon Pastore,,Liste,Amministrative Comunali  Liste,2014,,4,29,,50,85,8,2,,18,4,8,24,,15,BL4,635,7,612,846,0,6,17,10
81_Buon Pastore_Amministrative Comunali  Liste,81,Buon Pastore,3,Liste,Amministrative Comunali  Liste,2014,16,,35,15,45,74,14,,314,21,0,9,9,6,18,BL4,607,10,585,736,0,5,17,7
82_Buon Pastore_Amministrative Comunali  Liste,82,Buon Pastore,3,Liste,Amministrative Comunali  Liste,2014,,,,,,121,9,4,265,5,,4,22,2,30,BL4,616,8,588,834,0,4,24,16
83_Buon Pastore_Amministrative Comunali  Liste,83,Buon Pastore,3,Liste,Amministrative Comunali  Liste,2014,9,3,19,8,25,68,4,3,221,5,,,7,3,,BL4,416,8,390,600,0,13,13,5
,84,Buon Pastore,3,Liste,Amministrative Comunali  Liste,2014,,3,,13,20,63,11,3,308,,4,10,11,4,26,BL4,570,9,552,752,0,1,17,8
86_Buon Pastore_Amministrative Comunali  Liste,86,Buon Pastore,3,Liste,Amministrative Comunali  Liste,2014,19,7,55,20,27,81,9,2,291,,10,2,22,7,18,BL4,613,9,580,824,0,14,19,10
87_Buon Pastore_Amministrative Comunali  Liste,87,Buon Pastore,3,Liste,Amministrative Comunali  Liste,2014,,15,30,13,39,,4,2,238,11,7,2,21,11,14,BL4,544,11,514,712,0,12,18,7
88_Buon Pastore_Amministrative Comunali  Liste,88,Buon Pastore,,Liste,Amministrative Comunali  Liste,2014,12,4,,12,37,72,6,8,254,,0,3,11,4,21,BL4,488,3,479,677,0,2,7,4
,89,Buon Pastore,,Liste,Amministrative Comunali  Liste,2014,30,,54,19,59,88,,2,,21,,7,,,,BL4,764,9,746,959,0,1,17,8
90_Buon Pastore_Amministrative Comunali  Liste,90,Buon Pastore,,Liste,Amministrative Comunali  Liste,2014,14,3,26,15,28,57,4,8,,18,5,,17,,22,BL4,532,7,514,692,0,2,16,9
92_Buon Pastore_Amministrative Comunali  Liste,92,Buon Pastore,,Liste,Amministrative Comunali  Liste,2014,17,12,23,5,20,68,7,3,286,20,1,3,13,2,13,BL4,513,6,493,650,0,0,20,14
93_Buon Pastore_Amministrative Comunali  Liste,93,Buon Pastore,3,Liste,Amministrative Comunali  Liste,2014,,,32,4,17,68,5,12,220,13,10,,,2,8,BL4,473,15,447,624,0,2,24,9
94_Buon Pastore_Amministrative Comunali  Liste,94,Buon Pastore,3,Liste,Amministrative Comunali  Liste,2014,29,3,38,15,31,84,,7,357,,,5,24,6,29,BL4,676,10,649,819,0,7,20,10
95_Buon Pastore_Amministrative Comunali  Liste,95,Buon Pastore,3,Liste,Amministrative Comunali  Liste,2014,16,1,,,53,83,5,5,406,16,,5,16,2,,BL4,673,8,650,794,0,4,19,11
97_Buon Pastore_Amministrative Comunali  Liste,97,Buon Pastore,3,Liste,Amministrative Comunali  Liste,2014,21,,23,7,60,,,8,,,5,8,9,8,22,BL4,621,10,608,789,0,0,13,3
,98,Buon Pastore,3,Liste,Amministrative Comunali  Liste,2014,12,,43,11,17,,14,3,243,16,,9,14,4,,BL4,497,10,473,712,0,6,18,8
99_Buon Pastore_Amministrative Comunali  Liste,99,Buon Pastore,3,Liste,Amministrative Comunali  Liste,2014,16,4,49,9,37,78,8,7,260,11,7,6,,8,29,BL4,564,8,542,768,0,3,19,11
,100,Buon Pastore,3,Liste,Amministrative Comunali  Liste,2014,17,8,60,10,,119,12,7,297,28,,,28,6,30,BL4,730,10,703,962,0,6,21,11
101_Buon Pastore_Amministrative Comunali  Liste,101,Buon Pastore,,Liste,Amministrative Comunali  Liste,2014,18,10,66,16,53,110,5,6,282,14,11,1,29,9,26,BL4,685,11,656,882,0,5,24,13
102_Buon Pastore_Amministrative Comunali  Liste,102,Buon Pastore,3,Liste,Amministrative Comunali  Liste,2014,19,9,52,18,,71,7,,186,10,10,1,17,5,25,BL4,495,11,472,698,0,6,17,6
103_Buon Pastore_Amministrative Comunali  Liste,103,Buon Pastore,,Liste,Amministrative Comunali  Liste,2014,12,7,62,35,,61,11,9,194,11,4,1,38,15,22,BL4,534,4,517,766,0,4,13,9
,107,Buon Pastore,3,Liste,Amministrative Comunali  Liste,2014,11,8,,22,,78,14,7,165,10,11,2,29,5,,BL4,471,5,447,694,0,7,17,12
109_Buon Pastore_Amministrative Comunali  Liste,109,Buon Pastore,3,Liste,Amministrative Comunali  Liste,2014,,9,66,20,,75,14,,213,,8,5,,11,46,BL4,621,6,598,830,0,5,18,12
,110,Buon Pastore,3,Liste,Amministrative Comunali  Liste,2014,17,7,32,13,29,77,5,,225,,6,1,40,4,27,BL4,525,12,499,728,0,5,21,9
111_Buon Pastore_Amministrative Comunali  Liste,111,Buon Pastore,,Liste,Amministrative Comunali  Liste,2014,,5,43,10,37,100,7,,257,7,,5,16,,17,BL4,563,8,544,775,0,1,18,10
112_Buon Pastore_Amministrative Comunali  Liste,112,Buon Pastore,3,Liste,Amministrative Comunali  Liste,2014,,,38,15,21,,9,0,257,14,4,,,3,,BL4,545,10,520,757,0,7,18,8
,113,Buon Pastore,3,Liste,Amministrative Comunali  Liste,2014,15,,44,15,57,93,7,10,287,32,8,10,23,,23,BL4,695,7,646,866,0,20,29,22
114_Buon Pastore_Amministrative Comunali  Liste,114,Buon Pastore,,Liste,Amministrative Comunali  Liste,2014,10,6,,15,49,82,7,,302,13,,,23,10,28,BL4,643,10,618,846,0,8,17,7
115_Buon Pastore_Amministrative Comunali  Liste,115,Buon Pastore,3,Liste,Amministrative Comunali  Liste,2014,16,13,,14,,71,,13,283,14,10,5,,6,26,BL4,617,3,603,746,0,1,13,10
116_Buon Pastore_Amministrative Comunali  Liste,116,Buon Pastore,,Liste,Amministrative Comunali  Liste,2014,25,5,41,8,45,127,14,6,372,13,6,7,12,6,17,BL4,727,9,704,970,0,6,17,8
117_Buon Pastore_Amministrative Comunali  Liste,117,Buon Pastore,,Liste,Amministrative Comunali  Liste,2014,29,4,,7,38,74,10,7,,18,1,8,19,,22,BL4,652,6,633,838,0,1,18,12
118_Buon Pastore_Amministrative Comunali  Liste,118,Buon Pastore,,Liste,Amministrative Comunali  Liste,2014,,3,50,6,37,,,5,320,,,8,29,4,17,BL4,672,10,643,902,0,3,26,16
,119,Buon Pastore,3,Liste,Amministrative Comunali  Liste,2014,18,4,34,13,35,102,11,2,286,,9,3,13,2,23,BL4,579,9,562,796,0,2,15,6
120_Buon Pastore_Amministrative Comunali  Liste,120,Buon Pastore,3,Liste,Amministrative Comunali  Liste,2014,30,15,59,14,,,11,2,,19,6,2,,4,28,BL4,758,7,724,996,0,17,17,10
121_Buon Pastore_Amministrative Comunali  Liste,121,Buon Pastore,3,Liste,Amministrative Comunali  Liste,2014,21,,59,,46,111,8,9,308,15,38,1,43,5,,BL4,747,15,705,976,0,8,34,19
122_Buon Pastore_Amministrative Comunali  Liste,122,Buon Pastore,3,Liste,Amministrative Comunali  Liste,2014,6,5,,,,67,,1,,16,,2,8,1,5,BL4,338,9,324,1016,0,2,12,3
125_Buon Pastore_Amministrative Comunali  Liste,125,Buon Pastore,3,Liste,Amministrative Comunali  Liste,2014,10,4,,,,,3,3,375,23,,5,13,,16,BL4,643,10,624,783,0,0,19,9
126_Buon Pastore_Amministrative Comunali  Liste,126,Buon Pastore,3,Liste,Amministrative Comunali  Liste,2014,26,7,28,4,27,,,2,,,4,7,12,8,,BL4,661,7,641,835,0,1,19,12
127_Buon Pastore_Amministrative Comunali  Liste,127,Buon Pastore,3,Liste,Amministrative Comunali  Liste,2014,,3,40,12,23,,,1,,7,7,4,8,4,13,BL4,415,5,401,604,0,0,14,9
129_Buon Pastore_Amministrative Comunali  Liste,129,Buon Pastore,3,Liste,Amministrative Comunali  Liste,2014,11,8,48,2,,72,11,8,,8,2,,19,3,21,BL4,515,7,495,778,0,3,17,10
,130,San Faustino,4,Liste,Amministrative Comunali  Liste,2014,20,14,41,15,22,84,18,,191,8,0,1,20,8,16,BL4,483,11,464,670,0,0,19,8
132_San Faustino_Amministrative Comunali  Liste,132,San Faustino,4,Liste,Amministrative Comunali  Liste,2014,32,7,54,23,38,91,15,,221,14,6,3,27,3,37,BL4,603,8,580,827,0,2,21,13
134_San Faustino_Amministrative Comunali  Liste,134,San Faustino,,Liste,Amministrative Comunali  Liste,2014,15,,29,7,20,71,24,3,216,9,,,,10,22,BL4,475,9,452,660,0,3,20,11
135_San Faustino_Amministrative Comunali  Liste,135,San Faustino,4,Liste,Amministrative Comunali  Liste,2014,,,65,10,27,42,9,6,132,3,8,4,42,,,BL4,416,7,397,738,0,1,18,11
136_San Faustino_Amministrative Comunali  Liste,136,San Faustino,4,Liste,Amministrative Comunali  Liste,2014,15,20,39,25,,53,,,126,,2,2,35,,23,BL4,417,7,396,629,0,3,18,11
137_San Faustino_Amministrative Comunali  Liste,137,San Faustino,4,Liste,Amministrative Comunali  Liste,2014,13,7,70,10,29,,7,8,168,6,8,0,19,3,,BL4,448,3,433,658,0,1,14,11
139_San Faustino_Amministrative Comunali  Liste,139,San Faustino,,Liste,Amministrative Comunali  Liste,2014,13,1,47,16,16,80,8,8,,,5,3,26,,29,BL4,522,12,505,732,0,1,16,4
140_San Faustino_Amministrative Comunali  Liste,140,San Faustino,4,Liste,Amministrative Comunali  Liste,2014,15,3,28,14,28,92,8,,219,12,2,3,10,4,14,BL4,469,8,454,698,0,1,14,6
141_San Faustino_Amministrative Comunali  Liste,141,San Faustino,,Liste,Amministrative Comunali  Liste,2014,21,5,55,6,16,61,7,6,205,7,4,2,13,7,16,BL4,454,6,431,645,0,3,20,14
,143,San Faustino,4,Liste,Amministrative Comunali  Liste,2014,8,,61,,25,73,3,7,185,13,,3,29,7,21,BL4,491,9,461,657,0,11,19,10
144_San Faustino_Amministrative Comunali  Liste,144,San Faustino,4,Liste,Amministrative Comunali  Liste,2014,17,12,37,7,,77,7,2,254,7,11,,,,13,BL4,529,12,505,695,0,3,21,9
145_San Faustino_Amministrative Comunali  Liste,145,San Faustino,4,Liste,Amministrative Comunali  Liste,2014,20,4,31,5,23,75,11,1,,10,2,8,,,28,BL4,520,9,498,678,0,6,16,7
,146,San Faustino,4,Liste,Amministrative Comunali  Liste,2014,9,,44,13,24,87,,1,250,9,3,,19,3,22,BL4,511,4,496,786,0,1,14,10
147_San Faustino_Amministrative Comunali  Liste,147,San Faustino,,Liste,Amministrative Comunali  Liste,2014,,7,19,,38,,9,0,,14,2,7,21,7,18,BL4,550,10,533,748,0,0,17,7
148_San Faustino_Amministrative Comunali  Liste,148,San Faustino,4,Liste,Amministrative Comunali  Liste,2014,11,,43,,28,57,6,5,248,12,4,5,21,6,40,BL4,552,9,510,721,0,5,37,28
149_San Faustino_Amministrative Comunali  Liste,149,San Faustino,4,Liste,Amministrative Comunali  Liste,2014,,6,39,,,71,12,2,293,14,1,2,29,9,21,BL4,592,6,571,734,0,2,19,13
150_San Faustino_Amministrative Comunali  Liste,150,San Faustino,4,Liste,Amministrative Comunali  Liste,2014,18,8,61,11,49,,16,5,,22,3,1,24,9,31,BL4,673,13,649,824,0,3,21,8
,151,San Faustino,,Liste,Amministrative Comunali  Liste,2014,14,5,50,2,26,65,,,275,9,2,7,17,2,11,BL4,532,12,510,736,0,2,20,8
152_San Faustino_Amministrative Comunali  Liste,152,San Faustino,4,Liste,Amministrative Comunali  Liste,2014,26,,66,23,49,109,10,6,289,5,7,,34,,38,BL4,701,13,679,894,0,3,19,6
153_San Faustino_Amministrative Comunali  Liste,153,San Faustino,4,Liste,Amministrative Comunali  Liste,2014,,9,64,,43,87,,5,225,12,12,2,,5,,BL4,605,10,578,825,0,6,21,11
154_San Faustino_Amministrative Comunali  Liste,154,San Faustino,4,Liste,Amministrative Comunali  Liste,2014,25,15,57,11,29,63,8,8,195,11,5,,29,3,31,BL4,529,14,492,709,0,8,29,15
155_San Faustino_Amministrative Comunali  Liste,155,San Faustino,4,Liste,Amministrative Comunali  Liste,2014,17,11,88,13,22,61,4,9,166,5,7,3,28,6,11,BL4,481,11,451,689,0,5,25,14
156_San Faustino_Amministrative Comunali  Liste,156,San Faustino,4,Liste,Amministrative Comunali  Liste,2014,21,5,67,14,26,78,3,8,198,13,5,3,36,10,13,BL4,522,5,500,746,0,9,13,8
157_San Faustino_Amministrative Comunali  Liste,157,San Faustino,,Liste,Amministrative Comunali  Liste,2014,16,0,26,2,25,76,25,2,262,13,7,,,9,,BL4,519,6,499,722,0,2,18,12
158_San Faustino_Amministrative Comunali  Liste,158,San Faustino,4,Liste,Amministrative Comunali  Liste,2014,14,,,10,38,75,,1,307,16,3,3,18,,33,BL4,612,10,595,854,0,1,16,6
159_San Faustino_Amministrative Comunali  Liste,159,San Faustino,4,Liste,Amministrative Comunali  Liste,2014,28,10,32,,37,109,11,,290,12,,4,11,4,11,BL4,605,7,575,797,0,5,25,18
160_San Faustino_Amministrative Comunali  Liste,160,San Faustino,4,Liste,Amministrative Comunali  Liste,2014,16,4,29,9,40,103,6,1,,14,,7,9,9,27,BL4,611,3,593,751,0,2,16,13
161_San Faustino_Amministrative Comunali  Liste,161,San Faustino,,Liste,Amministrative Comunali  Liste,2014,21,7,43,6,31,50,5,3,,6,3,1,9,,20,BL4,398,8,385,613,0,1,12,4
162_San Faustino_Amministrative Comunali  Liste,162,San Faustino,4,Liste,Amministrative Comunali  Liste,2014,,10,,,,63,,0,334,17,2,,8,8,,BL4,566,4,556,753,0,0,10,6
,164,San Faustino,,Liste,Amministrative Comunali  Liste,2014,,4,32,4,,98,7,0,,15,,6,10,5,,BL4,594,10,569,804,0,3,22,12
165_San Faustino_Amministrative Comunali  Liste,165,San Faustino,4,Liste,Amministrative Comunali  Liste,2014,12,4,27,5,,77,8,1,,,5,6,14,8,,BL4,621,6,596,780,0,4,21,15
166_San Faustino_Amministrative Comunali  Liste,166,San Faustino,4,Liste,Amministrative Comunali  Liste,2014,14,6,59,8,27,,3,4,225,5,1,,11,,,BL4,497,7,478,698,0,1,18,11
168_San Faustino_Amministrative Comunali  Liste,168,San Faustino,4,Liste,Amministrative Comunali  Liste,2014,18,16,43,5,,91,,0,290,,2,4,,6,19,BL4,569,5,551,869,0,2,16,11
,169,San Faustino,,Liste,Amministrative Comunali  Liste,2014,,7,39,18,80,139,4,0,416,10,9,9,15,6,25,BL4,839,16,803,1061,0,3,33,17
170_San Faustino_Amministrative Comunali  Liste,170,San Faustino,4,Liste,Amministrative Comunali  Liste,2014,27,15,44,18,57,135,5,,281,12,10,3,32,13,26,BL4,707,11,684,957,0,2,21,10
171_San Faustino_Amministrative Comunali  Liste,171,San Faustino,4,Liste,Amministrative Comunali  Liste,2014,24,11,64,8,52,122,,4,318,8,3,4,19,10,41,BL4,733,12,707,958,0,4,22,10
172_San Faustino_Amministrative Comunali  Liste,172,San Faustino,4,Liste,Amministrative Comunali  Liste,2014,8,9,,6,16,,8,1,237,7,2,5,16,4,20,BL4,477,7,459,648,0,2,16,9
173_San Faustino_Amministrative Comunali  Liste,173,San Faustino,,Liste,Amministrative Comunali  Liste,2014,,2,,,,86,5,5,227,8,5,,26,4,16,BL4,511,8,490,666,0,5,16,8
174_San Faustino_Amministrative Comunali  Liste,174,San Faustino,4,Liste,Amministrative Comunali  Liste,2014,11,5,25,14,30,85,2,,,3,6,3,,4,13,BL4,455,4,445,602,0,0,10,6
,175,San Faustino,4,Liste,Amministrative Comunali  Liste,2014,11,13,71,4,24,88,5,6,196,9,6,8,30,7,23,BL4,515,2,501,711,0,4,10,8
178_San Faustino_Amministrative Comunali  Liste,178,San Faustino,4,Liste,Amministrative Comunali  Liste,2014,22,6,57,,,107,5,1,274,8,10,5,18,,,BL4,624,12,604,855,0,3,17,5
179_San Faustino_Amministrative Comunali  Liste,179,San Faustino,4,Liste,Amministrative Comunali  Liste,2014,20,,60,7,33,135,15,8,282,12,2,5,16,18,17,BL4,665,11,637,887,0,5,23,12
180_San Faustino_Amministrative Comunali  Liste,180,San Faustino,4,Liste,Amministrative Comunali  Liste,2014,16,16,50,10,,89,4,3,,8,1,2,18,17,22,BL4,618,14,580,815,0,5,33,19
,181,Buon Pastore,3,Liste,Amministrative Comunali  Liste,2014,1,0,3,0,2,1,,,20,1,,0,3,0,1,BL4,39,2,36,0,0,0,3,1
182_Buon Pastore_Amministrative Comunali  Liste,182,Buon Pastore,3,Liste,Amministrative Comunali  Liste,2014,1,0,1,1,2,1,1,0,21,0,0,,1,,0,BL4,32,0,31,0,0,0,1,1
,183,San Faustino,,Liste,Amministrative Comunali  Liste,2014,0,,3,0,2,2,0,,22,0,1,0,1,0,0,BL4,36,1,33,0,0,0,3,2
184_San Faustino_Amministrative Comunali  Liste,184,San Faustino,4,Liste,Amministrative Comunali  Liste,2014,,0,3,0,1,,0,0,10,0,,0,0,0,0,BL4,18,1,16,0,0,1,1,0
185_San Faustino_Amministrative Comunali  Liste,185,San Faustino,4,Liste,Amministrative Comunali  Liste,2014,,,,10,65,126,7,4,258,14,5,3,20,6,23,BL4,627,10,603,798,0,7,17,7
186_San Faustino_Amministrative Comunali  Liste,186,San Faustino,4,Liste,Amministrative Comunali  Liste,2014,14,7,28,5,36,89,2,6,260,6,2,5,12,3,21,BL4,520,9,496,667,0,4,20,11
187_Buon Pastore_Amministrative Comunali  Liste,187,Buon Pastore,3,Liste,Amministrative Comunali  Liste,2014,,10,35,23,59,,16,6,404,26,,9,27,11,16,BL4,910,12,867,1158,0,20,23,11
