SECTION,DISTRICT,DATA_TYPE,ELECTION,YEAR,FORM,CANDIDATE/PARTY,VOTES
1,Centro,Liste,Regionali Liste,2010,R0P,DISTRICT_CD,
3,Centro,Liste,Regionali Liste,2010,R0P,DISTRICT_CD,1
4,Centro,Liste,Regionali Liste,2010,R0P,DISTRICT_CD,1
5,Centro,Liste,Regionali Liste,2010,R0P,DISTRICT_CD,
6,Centro,Liste,Regionali Liste,2010,R0P,DISTRICT_CD,1
7,Centro,Liste,Regionali Liste,2010,R0P,DISTRICT_CD,1
8,Centro,Liste,Regionali Liste,2010,R0P,DISTRICT_CD,1
9,Centro,Liste,Regionali Liste,2010,R0P,DISTRICT_CD,1
10,Centro,Liste,Regionali Liste,2010,R0P,DISTRICT_CD,
12,Centro,Liste,Regionali Liste,2010,R0P,DISTRICT_CD,1
13,Centro,Liste,Regionali Liste,2010,R0P,DISTRICT_CD,
14,Centro,Liste,Regionali Liste,2010,R0P,,
15,Centro,Liste,Regionali Liste,2010,R0P,DISTRICT_CD,1
16,Centro,Liste,Regionali Liste,2010,R0P,DISTRICT_CD,1
17,Centro,Liste,Regionali Liste,2010,R0P,DISTRICT_CD,1
19,Centro,Liste,Regionali Liste,2010,R0P,DISTRICT_CD,1
20,Centro,Liste,Regionali Liste,2010,R0P,DISTRICT_CD,
21,Centro,Liste,Regionali Liste,2010,R0P,DISTRICT_CD,1
22,Crocetta,Liste,Regionali Liste,2010,R0P,,
23,Crocetta,Liste,Regionali Liste,2010,R0P,DISTRICT_CD,2
24,Crocetta,Liste,Regionali Liste,2010,R0P,DISTRICT_CD,2
26,Crocetta,Liste,Regionali Liste,2010,R0P,DISTRICT_CD,2
27,Crocetta,Liste,Regionali Liste,2010,R0P,DISTRICT_CD,2
28,Crocetta,Liste,Regionali Liste,2010,R0P,DISTRICT_CD,2
29,Crocetta,Liste,Regionali Liste,2010,R0P,,2
31,Crocetta,Liste,Regionali Liste,2010,R0P,,2
32,Crocetta,Liste,Regionali Liste,2010,R0P,,2
33,Crocetta,Liste,Regionali Liste,2010,R0P,DISTRICT_CD,2
35,Crocetta,Liste,Regionali Liste,2010,R0P,DISTRICT_CD,2
36,Crocetta,Liste,Regionali Liste,2010,R0P,DISTRICT_CD,2
37,Crocetta,Liste,Regionali Liste,2010,R0P,DISTRICT_CD,2
38,Crocetta,Liste,Regionali Liste,2010,R0P,,2
39,Crocetta,Liste,Regionali Liste,2010,R0P,,2
40,Crocetta,Liste,Regionali Liste,2010,R0P,DISTRICT_CD,2
41,Crocetta,Liste,Regionali Liste,2010,R0P,DISTRICT_CD,2
42,Crocetta,Liste,Regionali Liste,2010,R0P,DISTRICT_CD,2
43,Crocetta,Liste,Regionali Liste,2010,R0P,DISTRICT_CD,2
44,Crocetta,Liste,Regionali Liste,2010,R0P,DISTRICT_CD,2
45,Crocetta,Liste,Regionali Liste,2010,R0P,DISTRICT_CD,
46,Crocetta,Liste,Regionali Liste,2010,R0P,DISTRICT_CD,
47,Crocetta,Liste,Regionali Liste,2010,R0P,DISTRICT_CD,2
48,Crocetta,Liste,Regionali Liste,2010,R0P,DISTRICT_CD,2
49,Crocetta,Liste,Regionali Liste,2010,R0P,DISTRICT_CD,2
50,Crocetta,Liste,Regionali Liste,2010,R0P,DISTRICT_CD,2
51,Crocetta,Liste,Regionali Liste,2010,R0P,DISTRICT_CD,2
52,Crocetta,Liste,Regionali Liste,2010,R0P,DISTRICT_CD,2
53,Crocetta,Liste,Regionali Liste,2010,R0P,,2
54,Crocetta,Liste,Regionali Liste,2010,R0P,DISTRICT_CD,2
55,Crocetta,Liste,Regionali Liste,2010,R0P,DISTRICT_CD,2
56,Crocetta,Liste,Regionali Liste,2010,R0P,,2
57,Crocetta,Liste,Regionali Liste,2010,R0P,,2
58,Crocetta,Liste,Regionali Liste,2010,R0P,DISTRICT_CD,
60,Crocetta,Liste,Regionali Liste,2010,R0P,DISTRICT_CD,2
61,Crocetta,Liste,Regionali Liste,2010,R0P,DISTRICT_CD,2
62,Crocetta,Liste,Regionali Liste,2010,R0P,,2
63,Crocetta,Liste,Regionali Liste,2010,R0P,DISTRICT_CD,
66,Crocetta,Liste,Regionali Liste,2010,R0P,DISTRICT_CD,2
68,Crocetta,Liste,Regionali Liste,2010,R0P,DISTRICT_CD,
69,Crocetta,Liste,Regionali Liste,2010,R0P,DISTRICT_CD,2
70,Crocetta,Liste,Regionali Liste,2010,R0P,DISTRICT_CD,2
71,Buon Pastore,Liste,Regionali Liste,2010,R0P,DISTRICT_CD,
75,Buon Pastore,Liste,Regionali Liste,2010,R0P,DISTRICT_CD,3
76,Buon Pastore,Liste,Regionali Liste,2010,R0P,,3
77,Buon Pastore,Liste,Regionali Liste,2010,R0P,,3
78,Buon Pastore,Liste,Regionali Liste,2010,R0P,DISTRICT_CD,3
80,Buon Pastore,Liste,Regionali Liste,2010,R0P,DISTRICT_CD,3
82,Buon Pastore,Liste,Regionali Liste,2010,R0P,DISTRICT_CD,3
83,Buon Pastore,Liste,Regionali Liste,2010,R0P,DISTRICT_CD,3
84,Buon Pastore,Liste,Regionali Liste,2010,R0P,DISTRICT_CD,3
85,Buon Pastore,Liste,Regionali Liste,2010,R0P,,3
86,Buon Pastore,Liste,Regionali Liste,2010,R0P,,
88,Buon Pastore,Liste,Regionali Liste,2010,R0P,DISTRICT_CD,
89,Buon Pastore,Liste,Regionali Liste,2010,R0P,DISTRICT_CD,3
91,Buon Pastore,Liste,Regionali Liste,2010,R0P,,3
93,Buon Pastore,Liste,Regionali Liste,2010,R0P,DISTRICT_CD,3
94,Buon Pastore,Liste,Regionali Liste,2010,R0P,DISTRICT_CD,3
95,Buon Pastore,Liste,Regionali Liste,2010,R0P,DISTRICT_CD,3
96,Buon Pastore,Liste,Regionali Liste,2010,R0P,DISTRICT_CD,3
98,Buon Pastore,Liste,Regionali Liste,2010,R0P,DISTRICT_CD,
100,Buon Pastore,Liste,Regionali Liste,2010,R0P,DISTRICT_CD,
101,Buon Pastore,Liste,Regionali Liste,2010,R0P,DISTRICT_CD,
103,Buon Pastore,Liste,Regionali Liste,2010,R0P,DISTRICT_CD,
104,Buon Pastore,Liste,Regionali Liste,2010,R0P,DISTRICT_CD,3
105,Buon Pastore,Liste,Regionali Liste,2010,R0P,DISTRICT_CD,3
106,Buon Pastore,Liste,Regionali Liste,2010,R0P,DISTRICT_CD,3
107,Buon Pastore,Liste,Regionali Liste,2010,R0P,DISTRICT_CD,3
108,Buon Pastore,Liste,Regionali Liste,2010,R0P,,3
109,Buon Pastore,Liste,Regionali Liste,2010,R0P,DISTRICT_CD,3
110,Buon Pastore,Liste,Regionali Liste,2010,R0P,DISTRICT_CD,3
111,Buon Pastore,Liste,Regionali Liste,2010,R0P,DISTRICT_CD,3
112,Buon Pastore,Liste,Regionali Liste,2010,R0P,DISTRICT_CD,3
113,Buon Pastore,Liste,Regionali Liste,2010,R0P,DISTRICT_CD,3
114,Buon Pastore,Liste,Regionali Liste,2010,R0P,DISTRICT_CD,3
115,Buon Pastore,Liste,Regionali Liste,2010,R0P,,3
118,Buon Pastore,Liste,Regionali Liste,2010,R0P,DISTRICT_CD,
119,Buon Pastore,Liste,Regionali Liste,2010,R0P,DISTRICT_CD,3
120,Buon Pastore,Liste,Regionali Liste,2010,R0P,DISTRICT_CD,3
121,Buon Pastore,Liste,Regionali Liste,2010,R0P,DISTRICT_CD,3
122,Buon Pastore,Liste,Regionali Liste,2010,R0P,DISTRICT_CD,
123,Buon Pastore,Liste,Regionali Liste,2010,R0P,DISTRICT_CD,3
124,Buon Pastore,Liste,Regionali Liste,2010,R0P,DISTRICT_CD,3
125,Buon Pastore,Liste,Regionali Liste,2010,R0P,DISTRICT_CD,3
126,Buon Pastore,Liste,Regionali Liste,2010,R0P,DISTRICT_CD,
127,Buon Pastore,Liste,Regionali Liste,2010,R0P,DISTRICT_CD,3
128,Buon Pastore,Liste,Regionali Liste,2010,R0P,DISTRICT_CD,3
130,San Faustino,Liste,Regionali Liste,2010,R0P,DISTRICT_CD,4
132,San Faustino,Liste,Regionali Liste,2010,R0P,DISTRICT_CD,4
133,San Faustino,Liste,Regionali Liste,2010,R0P,DISTRICT_CD,4
134,San Faustino,Liste,Regionali Liste,2010,R0P,DISTRICT_CD,4
135,San Faustino,Liste,Regionali Liste,2010,R0P,DISTRICT_CD,4
136,San Faustino,Liste,Regionali Liste,2010,R0P,DISTRICT_CD,4
140,San Faustino,Liste,Regionali Liste,2010,R0P,DISTRICT_CD,4
141,San Faustino,Liste,Regionali Liste,2010,R0P,DISTRICT_CD,4
142,San Faustino,Liste,Regionali Liste,2010,R0P,DISTRICT_CD,4
143,San Faustino,Liste,Regionali Liste,2010,R0P,DISTRICT_CD,4
145,San Faustino,Liste,Regionali Liste,2010,R0P,DISTRICT_CD,4
147,San Faustino,Liste,Regionali Liste,2010,R0P,DISTRICT_CD,4
148,San Faustino,Liste,Regionali Liste,2010,R0P,DISTRICT_CD,
149,San Faustino,Liste,Regionali Liste,2010,R0P,DISTRICT_CD,4
150,San Faustino,Liste,Regionali Liste,2010,R0P,,4
152,San Faustino,Liste,Regionali Liste,2010,R0P,DISTRICT_CD,4
153,San Faustino,Liste,Regionali Liste,2010,R0P,DISTRICT_CD,4
156,San Faustino,Liste,Regionali Liste,2010,R0P,DISTRICT_CD,4
157,San Faustino,Liste,Regionali Liste,2010,R0P,DISTRICT_CD,4
158,San Faustino,Liste,Regionali Liste,2010,R0P,DISTRICT_CD,4
161,San Faustino,Liste,Regionali Liste,2010,R0P,DISTRICT_CD,4
162,San Faustino,Liste,Regionali Liste,2010,R0P,DISTRICT_CD,4
163,San Faustino,Liste,Regionali Liste,2010,R0P,DISTRICT_CD,4
164,San Faustino,Liste,Regionali Liste,2010,R0P,DISTRICT_CD,4
165,San Faustino,Liste,Regionali Liste,2010,R0P,DISTRICT_CD,4
166,San Faustino,Liste,Regionali Liste,2010,R0P,DISTRICT_CD,4
167,San Faustino,Liste,Regionali Liste,2010,R0P,DISTRICT_CD,4
169,San Faustino,Liste,Regionali Liste,2010,R0P,DISTRICT_CD,4
170,San Faustino,Liste,Regionali Liste,2010,R0P,DISTRICT_CD,4
171,San Faustino,Liste,Regionali Liste,2010,R0P,DISTRICT_CD,4
174,San Faustino,Liste,Regionali Liste,2010,R0P,DISTRICT_CD,4
175,San Faustino,Liste,Regionali Liste,2010,R0P,DISTRICT_CD,4
176,San Faustino,Liste,Regionali Liste,2010,R0P,DISTRICT_CD,4
177,San Faustino,Liste,Regionali Liste,2010,R0P,DISTRICT_CD,
178,San Faustino,Liste,Regionali Liste,2010,R0P,,4
179,San Faustino,Liste,Regionali Liste,2010,R0P,DISTRICT_CD,4
180,San Faustino,Liste,Regionali Liste,2010,R0P,DISTRICT_CD,4
181,Buon Pastore,Liste,Regionali Liste,2010,R0P,DISTRICT_CD,3
182,Buon Pastore,Liste,Regionali Liste,2010,R0P,DISTRICT_CD,3
183,San Faustino,Liste,Regionali Liste,2010,R0P,DISTRICT_CD,
184,San Faustino,Liste,Regionali Liste,2010,R0P,DISTRICT_CD,
185,San Faustino,Liste,Regionali Liste,2010,R0P,DISTRICT_CD,4
186,San Faustino,Liste,Regionali Liste,2010,R0P,DISTRICT_CD,4
187,Buon Pastore,Liste,Regionali Liste,2010,R0P,DISTRICT_CD,
1,Centro,Liste,Regionali Liste,2010,R0P,MOVIMENTO_5_STELLE,24
2,Centro,Liste,Regionali Liste,2010,R0P,MOVIMENTO_5_STELLE,11
4,Centro,Liste,Regionali Liste,2010,R0P,MOVIMENTO_5_STELLE,46
5,Centro,Liste,Regionali Liste,2010,R0P,,
7,Centro,Liste,Regionali Liste,2010,R0P,MOVIMENTO_5_STELLE,38
9,Centro,Liste,Regionali Liste,2010,R0P,MOVIMENTO_5_STELLE,30
13,Centro,Liste,Regionali Liste,2010,R0P,MOVIMENTO_5_STELLE,40
14,Centro,Liste,Regionali Liste,2010,R0P,,42
15,Centro,Liste,Regionali Liste,2010,R0P,MOVIMENTO_5_STELLE,26
17,Centro,Liste,Regionali Liste,2010,R0P,MOVIMENTO_5_STELLE,
18,Centro,Liste,Regionali Liste,2010,R0P,MOVIMENTO_5_STELLE,26
19,Centro,Liste,Regionali Liste,2010,R0P,MOVIMENTO_5_STELLE,28
20,Centro,Liste,Regionali Liste,2010,R0P,MOVIMENTO_5_STELLE,36
21,Centro,Liste,Regionali Liste,2010,R0P,MOVIMENTO_5_STELLE,22
22,Crocetta,Liste,Regionali Liste,2010,R0P,MOVIMENTO_5_STELLE,
23,Crocetta,Liste,Regionali Liste,2010,R0P,MOVIMENTO_5_STELLE,16
24,Crocetta,Liste,Regionali Liste,2010,R0P,MOVIMENTO_5_STELLE,32
25,Crocetta,Liste,Regionali Liste,2010,R0P,MOVIMENTO_5_STELLE,40
26,Crocetta,Liste,Regionali Liste,2010,R0P,,30
28,Crocetta,Liste,Regionali Liste,2010,R0P,MOVIMENTO_5_STELLE,26
29,Crocetta,Liste,Regionali Liste,2010,R0P,MOVIMENTO_5_STELLE,30
30,Crocetta,Liste,Regionali Liste,2010,R0P,MOVIMENTO_5_STELLE,50
32,Crocetta,Liste,Regionali Liste,2010,R0P,MOVIMENTO_5_STELLE,44
35,Crocetta,Liste,Regionali Liste,2010,R0P,MOVIMENTO_5_STELLE,31
37,Crocetta,Liste,Regionali Liste,2010,R0P,,21
38,Crocetta,Liste,Regionali Liste,2010,R0P,,
39,Crocetta,Liste,Regionali Liste,2010,R0P,MOVIMENTO_5_STELLE,33
40,Crocetta,Liste,Regionali Liste,2010,R0P,MOVIMENTO_5_STELLE,31
41,Crocetta,Liste,Regionali Liste,2010,R0P,MOVIMENTO_5_STELLE,39
42,Crocetta,Liste,Regionali Liste,2010,R0P,MOVIMENTO_5_STELLE,39
43,Crocetta,Liste,Regionali Liste,2010,R0P,MOVIMENTO_5_STELLE,29
45,Crocetta,Liste,Regionali Liste,2010,R0P,MOVIMENTO_5_STELLE,37
46,Crocetta,Liste,Regionali Liste,2010,R0P,MOVIMENTO_5_STELLE,30
48,Crocetta,Liste,Regionali Liste,2010,R0P,,33
49,Crocetta,Liste,Regionali Liste,2010,R0P,MOVIMENTO_5_STELLE,19
51,Crocetta,Liste,Regionali Liste,2010,R0P,,32
52,Crocetta,Liste,Regionali Liste,2010,R0P,MOVIMENTO_5_STELLE,
53,Crocetta,Liste,Regionali Liste,2010,R0P,,14
54,Crocetta,Liste,Regionali Liste,2010,R0P,MOVIMENTO_5_STELLE,
56,Crocetta,Liste,Regionali Liste,2010,R0P,MOVIMENTO_5_STELLE,28
58,Crocetta,Liste,Regionali Liste,2010,R0P,,15
60,Crocetta,Liste,Regionali Liste,2010,R0P,MOVIMENTO_5_STELLE,62
61,Crocetta,Liste,Regionali Liste,2010,R0P,MOVIMENTO_5_STELLE,43
62,Crocetta,Liste,Regionali Liste,2010,R0P,MOVIMENTO_5_STELLE,19
63,Crocetta,Liste,Regionali Liste,2010,R0P,MOVIMENTO_5_STELLE,26
65,Crocetta,Liste,Regionali Liste,2010,R0P,MOVIMENTO_5_STELLE,20
66,Crocetta,Liste,Regionali Liste,2010,R0P,,34
67,Crocetta,Liste,Regionali Liste,2010,R0P,MOVIMENTO_5_STELLE,31
68,Crocetta,Liste,Regionali Liste,2010,R0P,,
69,Crocetta,Liste,Regionali Liste,2010,R0P,MOVIMENTO_5_STELLE,23
70,Crocetta,Liste,Regionali Liste,2010,R0P,,32
71,Buon Pastore,Liste,Regionali Liste,2010,R0P,MOVIMENTO_5_STELLE,21
72,Buon Pastore,Liste,Regionali Liste,2010,R0P,MOVIMENTO_5_STELLE,21
73,Buon Pastore,Liste,Regionali Liste,2010,R0P,MOVIMENTO_5_STELLE,18
74,Buon Pastore,Liste,Regionali Liste,2010,R0P,MOVIMENTO_5_STELLE,22
75,Buon Pastore,Liste,Regionali Liste,2010,R0P,MOVIMENTO_5_STELLE,19
76,Buon Pastore,Liste,Regionali Liste,2010,R0P,MOVIMENTO_5_STELLE,
78,Buon Pastore,Liste,Regionali Liste,2010,R0P,MOVIMENTO_5_STELLE,
79,Buon Pastore,Liste,Regionali Liste,2010,R0P,,30
80,Buon Pastore,Liste,Regionali Liste,2010,R0P,MOVIMENTO_5_STELLE,30
82,Buon Pastore,Liste,Regionali Liste,2010,R0P,MOVIMENTO_5_STELLE,45
83,Buon Pastore,Liste,Regionali Liste,2010,R0P,MOVIMENTO_5_STELLE,30
84,Buon Pastore,Liste,Regionali Liste,2010,R0P,,25
86,Buon Pastore,Liste,Regionali Liste,2010,R0P,MOVIMENTO_5_STELLE,25
88,Buon Pastore,Liste,Regionali Liste,2010,R0P,MOVIMENTO_5_STELLE,27
90,Buon Pastore,Liste,Regionali Liste,2010,R0P,,32
91,Buon Pastore,Liste,Regionali Liste,2010,R0P,MOVIMENTO_5_STELLE,32
93,Buon Pastore,Liste,Regionali Liste,2010,R0P,MOVIMENTO_5_STELLE,21
94,Buon Pastore,Liste,Regionali Liste,2010,R0P,MOVIMENTO_5_STELLE,42
95,Buon Pastore,Liste,Regionali Liste,2010,R0P,MOVIMENTO_5_STELLE,
97,Buon Pastore,Liste,Regionali Liste,2010,R0P,MOVIMENTO_5_STELLE,27
98,Buon Pastore,Liste,Regionali Liste,2010,R0P,MOVIMENTO_5_STELLE,27
99,Buon Pastore,Liste,Regionali Liste,2010,R0P,MOVIMENTO_5_STELLE,19
100,Buon Pastore,Liste,Regionali Liste,2010,R0P,MOVIMENTO_5_STELLE,38
101,Buon Pastore,Liste,Regionali Liste,2010,R0P,MOVIMENTO_5_STELLE,41
102,Buon Pastore,Liste,Regionali Liste,2010,R0P,MOVIMENTO_5_STELLE,
103,Buon Pastore,Liste,Regionali Liste,2010,R0P,,
105,Buon Pastore,Liste,Regionali Liste,2010,R0P,MOVIMENTO_5_STELLE,18
106,Buon Pastore,Liste,Regionali Liste,2010,R0P,,22
107,Buon Pastore,Liste,Regionali Liste,2010,R0P,MOVIMENTO_5_STELLE,
108,Buon Pastore,Liste,Regionali Liste,2010,R0P,MOVIMENTO_5_STELLE,
110,Buon Pastore,Liste,Regionali Liste,2010,R0P,MOVIMENTO_5_STELLE,23
111,Buon Pastore,Liste,Regionali Liste,2010,R0P,MOVIMENTO_5_STELLE,37
112,Buon Pastore,Liste,Regionali Liste,2010,R0P,,29
113,Buon Pastore,Liste,Regionali Liste,2010,R0P,MOVIMENTO_5_STELLE,
114,Buon Pastore,Liste,Regionali Liste,2010,R0P,,31
115,Buon Pastore,Liste,Regionali Liste,2010,R0P,MOVIMENTO_5_STELLE,31
117,Buon Pastore,Liste,Regionali Liste,2010,R0P,MOVIMENTO_5_STELLE,35
118,Buon Pastore,Liste,Regionali Liste,2010,R0P,MOVIMENTO_5_STELLE,50
119,Buon Pastore,Liste,Regionali Liste,2010,R0P,MOVIMENTO_5_STELLE,40
120,Buon Pastore,Liste,Regionali Liste,2010,R0P,,33
121,Buon Pastore,Liste,Regionali Liste,2010,R0P,MOVIMENTO_5_STELLE,
122,Buon Pastore,Liste,Regionali Liste,2010,R0P,MOVIMENTO_5_STELLE,15
123,Buon Pastore,Liste,Regionali Liste,2010,R0P,MOVIMENTO_5_STELLE,17
124,Buon Pastore,Liste,Regionali Liste,2010,R0P,MOVIMENTO_5_STELLE,42
125,Buon Pastore,Liste,Regionali Liste,2010,R0P,MOVIMENTO_5_STELLE,42
127,Buon Pastore,Liste,Regionali Liste,2010,R0P,MOVIMENTO_5_STELLE,19
128,Buon Pastore,Liste,Regionali Liste,2010,R0P,MOVIMENTO_5_STELLE,37
129,Buon Pastore,Liste,Regionali Liste,2010,R0P,,41
130,San Faustino,Liste,Regionali Liste,2010,R0P,MOVIMENTO_5_STELLE,27
131,San Faustino,Liste,Regionali Liste,2010,R0P,MOVIMENTO_5_STELLE,20
132,San Faustino,Liste,Regionali Liste,2010,R0P,,
135,San Faustino,Liste,Regionali Liste,2010,R0P,MOVIMENTO_5_STELLE,
136,San Faustino,Liste,Regionali Liste,2010,R0P,MOVIMENTO_5_STELLE,32
137,San Faustino,Liste,Regionali Liste,2010,R0P,MOVIMENTO_5_STELLE,20
138,San Faustino,Liste,Regionali Liste,2010,R0P,MOVIMENTO_5_STELLE,
139,San Faustino,Liste,Regionali Liste,2010,R0P,MOVIMENTO_5_STELLE,30
140,San Faustino,Liste,Regionali Liste,2010,R0P,MOVIMENTO_5_STELLE,28
141,San Faustino,Liste,Regionali Liste,2010,R0P,MOVIMENTO_5_STELLE,
143,San Faustino,Liste,Regionali Liste,2010,R0P,MOVIMENTO_5_STELLE,29
144,San Faustino,Liste,Regionali Liste,2010,R0P,,24
145,San Faustino,Liste,Regionali Liste,2010,R0P,MOVIMENTO_5_STELLE,25
148,San Faustino,Liste,Regionali Liste,2010,R0P,MOVIMENTO_5_STELLE,20
149,San Faustino,Liste,Regionali Liste,2010,R0P,MOVIMENTO_5_STELLE,23
152,San Faustino,Liste,Regionali Liste,2010,R0P,MOVIMENTO_5_STELLE,25
154,San Faustino,Liste,Regionali Liste,2010,R0P,MOVIMENTO_5_STELLE,18
155,San Faustino,Liste,Regionali Liste,2010,R0P,MOVIMENTO_5_STELLE,20
156,San Faustino,Liste,Regionali Liste,2010,R0P,MOVIMENTO_5_STELLE,
157,San Faustino,Liste,Regionali Liste,2010,R0P,MOVIMENTO_5_STELLE,
158,San Faustino,Liste,Regionali Liste,2010,R0P,,32
159,San Faustino,Liste,Regionali Liste,2010,R0P,MOVIMENTO_5_STELLE,
161,San Faustino,Liste,Regionali Liste,2010,R0P,MOVIMENTO_5_STELLE,26
163,San Faustino,Liste,Regionali Liste,2010,R0P,MOVIMENTO_5_STELLE,27
165,San Faustino,Liste,Regionali Liste,2010,R0P,,23
166,San Faustino,Liste,Regionali Liste,2010,R0P,MOVIMENTO_5_STELLE,25
168,San Faustino,Liste,Regionali Liste,2010,R0P,MOVIMENTO_5_STELLE,24
169,San Faustino,Liste,Regionali Liste,2010,R0P,MOVIMENTO_5_STELLE,69
170,San Faustino,Liste,Regionali Liste,2010,R0P,MOVIMENTO_5_STELLE,35
174,San Faustino,Liste,Regionali Liste,2010,R0P,MOVIMENTO_5_STELLE,26
175,San Faustino,Liste,Regionali Liste,2010,R0P,MOVIMENTO_5_STELLE,30
176,San Faustino,Liste,Regionali Liste,2010,R0P,MOVIMENTO_5_STELLE,37
177,San Faustino,Liste,Regionali Liste,2010,R0P,MOVIMENTO_5_STELLE,36
178,San Faustino,Liste,Regionali Liste,2010,R0P,MOVIMENTO_5_STELLE,
179,San Faustino,Liste,Regionali Liste,2010,R0P,MOVIMENTO_5_STELLE,37
181,Buon Pastore,Liste,Regionali Liste,2010,R0P,MOVIMENTO_5_STELLE,2
182,Buon Pastore,Liste,Regionali Liste,2010,R0P,MOVIMENTO_5_STELLE,2
183,San Faustino,Liste,Regionali Liste,2010,R0P,MOVIMENTO_5_STELLE,
185,San Faustino,Liste,Regionali Liste,2010,R0P,MOVIMENTO_5_STELLE,45
186,San Faustino,Liste,Regionali Liste,2010,R0P,,28
187,Buon Pastore,Liste,Regionali Liste,2010,R0P,MOVIMENTO_5_STELLE,
1,Centro,Liste,Regionali Liste,2010,R0P,LEGA,
2,Centro,Liste,Regionali Liste,2010,R0P,,67
5,Centro,Liste,Regionali Liste,2010,R0P,,67
6,Centro,Liste,Regionali Liste,2010,R0P,LEGA,70
7,Centro,Liste,Regionali Liste,2010,R0P,LEGA,91
8,Centro,Liste,Regionali Liste,2010,R0P,LEGA,63
9,Centro,Liste,Regionali Liste,2010,R0P,LEGA,
10,Centro,Liste,Regionali Liste,2010,R0P,LEGA,
11,Centro,Liste,Regionali Liste,2010,R0P,LEGA,53
12,Centro,Liste,Regionali Liste,2010,R0P,LEGA,50
14,Centro,Liste,Regionali Liste,2010,R0P,,71
15,Centro,Liste,Regionali Liste,2010,R0P,LEGA,59
17,Centro,Liste,Regionali Liste,2010,R0P,LEGA,59
19,Centro,Liste,Regionali Liste,2010,R0P,LEGA,41
21,Centro,Liste,Regionali Liste,2010,R0P,LEGA,
22,Crocetta,Liste,Regionali Liste,2010,R0P,LEGA,
23,Crocetta,Liste,Regionali Liste,2010,R0P,LEGA,61
24,Crocetta,Liste,Regionali Liste,2010,R0P,LEGA,53
26,Crocetta,Liste,Regionali Liste,2010,R0P,,57
27,Crocetta,Liste,Regionali Liste,2010,R0P,LEGA,57
28,Crocetta,Liste,Regionali Liste,2010,R0P,,45
29,Crocetta,Liste,Regionali Liste,2010,R0P,LEGA,
30,Crocetta,Liste,Regionali Liste,2010,R0P,,45
31,Crocetta,Liste,Regionali Liste,2010,R0P,LEGA,
32,Crocetta,Liste,Regionali Liste,2010,R0P,LEGA,48
34,Crocetta,Liste,Regionali Liste,2010,R0P,LEGA,
35,Crocetta,Liste,Regionali Liste,2010,R0P,LEGA,37
37,Crocetta,Liste,Regionali Liste,2010,R0P,LEGA,69
38,Crocetta,Liste,Regionali Liste,2010,R0P,,52
39,Crocetta,Liste,Regionali Liste,2010,R0P,LEGA,65
40,Crocetta,Liste,Regionali Liste,2010,R0P,LEGA,63
41,Crocetta,Liste,Regionali Liste,2010,R0P,LEGA,
42,Crocetta,Liste,Regionali Liste,2010,R0P,LEGA,51
44,Crocetta,Liste,Regionali Liste,2010,R0P,,35
45,Crocetta,Liste,Regionali Liste,2010,R0P,LEGA,
47,Crocetta,Liste,Regionali Liste,2010,R0P,LEGA,66
48,Crocetta,Liste,Regionali Liste,2010,R0P,LEGA,21
50,Crocetta,Liste,Regionali Liste,2010,R0P,LEGA,64
51,Crocetta,Liste,Regionali Liste,2010,R0P,LEGA,50
52,Crocetta,Liste,Regionali Liste,2010,R0P,LEGA,
54,Crocetta,Liste,Regionali Liste,2010,R0P,LEGA,58
55,Crocetta,Liste,Regionali Liste,2010,R0P,,41
56,Crocetta,Liste,Regionali Liste,2010,R0P,LEGA,65
58,Crocetta,Liste,Regionali Liste,2010,R0P,LEGA,40
59,Crocetta,Liste,Regionali Liste,2010,R0P,,
60,Crocetta,Liste,Regionali Liste,2010,R0P,,
61,Crocetta,Liste,Regionali Liste,2010,R0P,LEGA,
64,Crocetta,Liste,Regionali Liste,2010,R0P,,45
65,Crocetta,Liste,Regionali Liste,2010,R0P,LEGA,42
66,Crocetta,Liste,Regionali Liste,2010,R0P,LEGA,
67,Crocetta,Liste,Regionali Liste,2010,R0P,,54
68,Crocetta,Liste,Regionali Liste,2010,R0P,LEGA,
69,Crocetta,Liste,Regionali Liste,2010,R0P,LEGA,63
70,Crocetta,Liste,Regionali Liste,2010,R0P,LEGA,50
71,Buon Pastore,Liste,Regionali Liste,2010,R0P,,72
73,Buon Pastore,Liste,Regionali Liste,2010,R0P,LEGA,87
74,Buon Pastore,Liste,Regionali Liste,2010,R0P,LEGA,69
75,Buon Pastore,Liste,Regionali Liste,2010,R0P,LEGA,60
76,Buon Pastore,Liste,Regionali Liste,2010,R0P,LEGA,55
77,Buon Pastore,Liste,Regionali Liste,2010,R0P,LEGA,54
78,Buon Pastore,Liste,Regionali Liste,2010,R0P,LEGA,
79,Buon Pastore,Liste,Regionali Liste,2010,R0P,LEGA,69
81,Buon Pastore,Liste,Regionali Liste,2010,R0P,LEGA,64
82,Buon Pastore,Liste,Regionali Liste,2010,R0P,LEGA,82
83,Buon Pastore,Liste,Regionali Liste,2010,R0P,LEGA,31
84,Buon Pastore,Liste,Regionali Liste,2010,R0P,LEGA,56
85,Buon Pastore,Liste,Regionali Liste,2010,R0P,LEGA,53
86,Buon Pastore,Liste,Regionali Liste,2010,R0P,,72
87,Buon Pastore,Liste,Regionali Liste,2010,R0P,LEGA,
88,Buon Pastore,Liste,Regionali Liste,2010,R0P,LEGA,57
89,Buon Pastore,Liste,Regionali Liste,2010,R0P,LEGA,
90,Buon Pastore,Liste,Regionali Liste,2010,R0P,LEGA,
91,Buon Pastore,Liste,Regionali Liste,2010,R0P,LEGA,62
92,Buon Pastore,Liste,Regionali Liste,2010,R0P,LEGA,56
93,Buon Pastore,Liste,Regionali Liste,2010,R0P,LEGA,57
94,Buon Pastore,Liste,Regionali Liste,2010,R0P,,
96,Buon Pastore,Liste,Regionali Liste,2010,R0P,LEGA,54
97,Buon Pastore,Liste,Regionali Liste,2010,R0P,LEGA,64
98,Buon Pastore,Liste,Regionali Liste,2010,R0P,LEGA,56
99,Buon Pastore,Liste,Regionali Liste,2010,R0P,,60
100,Buon Pastore,Liste,Regionali Liste,2010,R0P,LEGA,67
101,Buon Pastore,Liste,Regionali Liste,2010,R0P,LEGA,86
102,Buon Pastore,Liste,Regionali Liste,2010,R0P,LEGA,75
103,Buon Pastore,Liste,Regionali Liste,2010,R0P,LEGA,72
104,Buon Pastore,Liste,Regionali Liste,2010,R0P,LEGA,71
105,Buon Pastore,Liste,Regionali Liste,2010,R0P,LEGA,55
106,Buon Pastore,Liste,Regionali Liste,2010,R0P,LEGA,79
108,Buon Pastore,Liste,Regionali Liste,2010,R0P,LEGA,81
109,Buon Pastore,Liste,Regionali Liste,2010,R0P,LEGA,74
110,Buon Pastore,Liste,Regionali Liste,2010,R0P,LEGA,55
112,Buon Pastore,Liste,Regionali Liste,2010,R0P,LEGA,69
113,Buon Pastore,Liste,Regionali Liste,2010,R0P,,61
115,Buon Pastore,Liste,Regionali Liste,2010,R0P,LEGA,69
116,Buon Pastore,Liste,Regionali Liste,2010,R0P,LEGA,77
118,Buon Pastore,Liste,Regionali Liste,2010,R0P,,56
119,Buon Pastore,Liste,Regionali Liste,2010,R0P,LEGA,61
120,Buon Pastore,Liste,Regionali Liste,2010,R0P,,75
122,Buon Pastore,Liste,Regionali Liste,2010,R0P,LEGA,37
123,Buon Pastore,Liste,Regionali Liste,2010,R0P,LEGA,41
124,Buon Pastore,Liste,Regionali Liste,2010,R0P,LEGA,98
125,Buon Pastore,Liste,Regionali Liste,2010,R0P,LEGA,52
126,Buon Pastore,Liste,Regionali Liste,2010,R0P,LEGA,67
127,Buon Pastore,Liste,Regionali Liste,2010,R0P,LEGA,63
129,Buon Pastore,Liste,Regionali Liste,2010,R0P,LEGA,
131,San Faustino,Liste,Regionali Liste,2010,R0P,LEGA,81
133,San Faustino,Liste,Regionali Liste,2010,R0P,LEGA,55
134,San Faustino,Liste,Regionali Liste,2010,R0P,LEGA,40
135,San Faustino,Liste,Regionali Liste,2010,R0P,,64
136,San Faustino,Liste,Regionali Liste,2010,R0P,LEGA,78
137,San Faustino,Liste,Regionali Liste,2010,R0P,LEGA,
138,San Faustino,Liste,Regionali Liste,2010,R0P,LEGA,74
140,San Faustino,Liste,Regionali Liste,2010,R0P,LEGA,42
141,San Faustino,Liste,Regionali Liste,2010,R0P,LEGA,62
142,San Faustino,Liste,Regionali Liste,2010,R0P,LEGA,73
143,San Faustino,Liste,Regionali Liste,2010,R0P,LEGA,48
144,San Faustino,Liste,Regionali Liste,2010,R0P,LEGA,
145,San Faustino,Liste,Regionali Liste,2010,R0P,LEGA,66
146,San Faustino,Liste,Regionali Liste,2010,R0P,LEGA,73
148,San Faustino,Liste,Regionali Liste,2010,R0P,,
149,San Faustino,Liste,Regionali Liste,2010,R0P,LEGA,59
150,San Faustino,Liste,Regionali Liste,2010,R0P,LEGA,73
151,San Faustino,Liste,Regionali Liste,2010,R0P,LEGA,49
152,San Faustino,Liste,Regionali Liste,2010,R0P,LEGA,111
153,San Faustino,Liste,Regionali Liste,2010,R0P,,88
154,San Faustino,Liste,Regionali Liste,2010,R0P,LEGA,80
155,San Faustino,Liste,Regionali Liste,2010,R0P,,59
156,San Faustino,Liste,Regionali Liste,2010,R0P,LEGA,66
157,San Faustino,Liste,Regionali Liste,2010,R0P,,52
158,San Faustino,Liste,Regionali Liste,2010,R0P,LEGA,75
161,San Faustino,Liste,Regionali Liste,2010,R0P,LEGA,69
162,San Faustino,Liste,Regionali Liste,2010,R0P,,
164,San Faustino,Liste,Regionali Liste,2010,R0P,LEGA,
165,San Faustino,Liste,Regionali Liste,2010,R0P,LEGA,52
166,San Faustino,Liste,Regionali Liste,2010,R0P,,59
167,San Faustino,Liste,Regionali Liste,2010,R0P,LEGA,60
168,San Faustino,Liste,Regionali Liste,2010,R0P,LEGA,76
169,San Faustino,Liste,Regionali Liste,2010,R0P,LEGA,73
170,San Faustino,Liste,Regionali Liste,2010,R0P,LEGA,105
172,San Faustino,Liste,Regionali Liste,2010,R0P,LEGA,58
173,San Faustino,Liste,Regionali Liste,2010,R0P,LEGA,70
174,San Faustino,Liste,Regionali Liste,2010,R0P,LEGA,69
175,San Faustino,Liste,Regionali Liste,2010,R0P,,
176,San Faustino,Liste,Regionali Liste,2010,R0P,LEGA,62
177,San Faustino,Liste,Regionali Liste,2010,R0P,,51
179,San Faustino,Liste,Regionali Liste,2010,R0P,LEGA,81
180,San Faustino,Liste,Regionali Liste,2010,R0P,LEGA,84
181,Buon Pastore,Liste,Regionali Liste,2010,R0P,LEGA,7
182,Buon Pastore,Liste,Regionali Liste,2010,R0P,LEGA,8
183,San Faustino,Liste,Regionali Liste,2010,R0P,LEGA,6
185,San Faustino,Liste,Regionali Liste,2010,R0P,,70
186,San Faustino,Liste,Regionali Liste,2010,R0P,LEGA,51
187,Buon Pastore,Liste,Regionali Liste,2010,R0P,LEGA,
1,Centro,Liste,Regionali Liste,2010,R0P,,194
3,Centro,Liste,Regionali Liste,2010,R0P,IL_POPOLO_DELLA_LIBERTA_,229
4,Centro,Liste,Regionali Liste,2010,R0P,IL_POPOLO_DELLA_LIBERTA_,151
5,Centro,Liste,Regionali Liste,2010,R0P,IL_POPOLO_DELLA_LIBERTA_,211
6,Centro,Liste,Regionali Liste,2010,R0P,,224
7,Centro,Liste,Regionali Liste,2010,R0P,IL_POPOLO_DELLA_LIBERTA_,230
8,Centro,Liste,Regionali Liste,2010,R0P,,108
10,Centro,Liste,Regionali Liste,2010,R0P,IL_POPOLO_DELLA_LIBERTA_,189
12,Centro,Liste,Regionali Liste,2010,R0P,IL_POPOLO_DELLA_LIBERTA_,136
13,Centro,Liste,Regionali Liste,2010,R0P,IL_POPOLO_DELLA_LIBERTA_,148
15,Centro,Liste,Regionali Liste,2010,R0P,IL_POPOLO_DELLA_LIBERTA_,119
18,Centro,Liste,Regionali Liste,2010,R0P,IL_POPOLO_DELLA_LIBERTA_,86
19,Centro,Liste,Regionali Liste,2010,R0P,IL_POPOLO_DELLA_LIBERTA_,90
20,Centro,Liste,Regionali Liste,2010,R0P,IL_POPOLO_DELLA_LIBERTA_,
21,Centro,Liste,Regionali Liste,2010,R0P,IL_POPOLO_DELLA_LIBERTA_,91
23,Crocetta,Liste,Regionali Liste,2010,R0P,IL_POPOLO_DELLA_LIBERTA_,66
25,Crocetta,Liste,Regionali Liste,2010,R0P,IL_POPOLO_DELLA_LIBERTA_,79
26,Crocetta,Liste,Regionali Liste,2010,R0P,IL_POPOLO_DELLA_LIBERTA_,105
27,Crocetta,Liste,Regionali Liste,2010,R0P,IL_POPOLO_DELLA_LIBERTA_,49
29,Crocetta,Liste,Regionali Liste,2010,R0P,IL_POPOLO_DELLA_LIBERTA_,79
30,Crocetta,Liste,Regionali Liste,2010,R0P,IL_POPOLO_DELLA_LIBERTA_,73
31,Crocetta,Liste,Regionali Liste,2010,R0P,IL_POPOLO_DELLA_LIBERTA_,57
32,Crocetta,Liste,Regionali Liste,2010,R0P,IL_POPOLO_DELLA_LIBERTA_,108
33,Crocetta,Liste,Regionali Liste,2010,R0P,IL_POPOLO_DELLA_LIBERTA_,80
34,Crocetta,Liste,Regionali Liste,2010,R0P,,80
35,Crocetta,Liste,Regionali Liste,2010,R0P,IL_POPOLO_DELLA_LIBERTA_,81
36,Crocetta,Liste,Regionali Liste,2010,R0P,IL_POPOLO_DELLA_LIBERTA_,
37,Crocetta,Liste,Regionali Liste,2010,R0P,,83
38,Crocetta,Liste,Regionali Liste,2010,R0P,IL_POPOLO_DELLA_LIBERTA_,73
39,Crocetta,Liste,Regionali Liste,2010,R0P,IL_POPOLO_DELLA_LIBERTA_,
40,Crocetta,Liste,Regionali Liste,2010,R0P,,91
41,Crocetta,Liste,Regionali Liste,2010,R0P,IL_POPOLO_DELLA_LIBERTA_,82
42,Crocetta,Liste,Regionali Liste,2010,R0P,IL_POPOLO_DELLA_LIBERTA_,71
43,Crocetta,Liste,Regionali Liste,2010,R0P,IL_POPOLO_DELLA_LIBERTA_,65
44,Crocetta,Liste,Regionali Liste,2010,R0P,IL_POPOLO_DELLA_LIBERTA_,79
45,Crocetta,Liste,Regionali Liste,2010,R0P,,102
46,Crocetta,Liste,Regionali Liste,2010,R0P,IL_POPOLO_DELLA_LIBERTA_,87
48,Crocetta,Liste,Regionali Liste,2010,R0P,IL_POPOLO_DELLA_LIBERTA_,78
49,Crocetta,Liste,Regionali Liste,2010,R0P,IL_POPOLO_DELLA_LIBERTA_,116
50,Crocetta,Liste,Regionali Liste,2010,R0P,IL_POPOLO_DELLA_LIBERTA_,134
52,Crocetta,Liste,Regionali Liste,2010,R0P,IL_POPOLO_DELLA_LIBERTA_,95
53,Crocetta,Liste,Regionali Liste,2010,R0P,,99
55,Crocetta,Liste,Regionali Liste,2010,R0P,,128
57,Crocetta,Liste,Regionali Liste,2010,R0P,IL_POPOLO_DELLA_LIBERTA_,107
58,Crocetta,Liste,Regionali Liste,2010,R0P,IL_POPOLO_DELLA_LIBERTA_,71
59,Crocetta,Liste,Regionali Liste,2010,R0P,IL_POPOLO_DELLA_LIBERTA_,
60,Crocetta,Liste,Regionali Liste,2010,R0P,IL_POPOLO_DELLA_LIBERTA_,
61,Crocetta,Liste,Regionali Liste,2010,R0P,,74
63,Crocetta,Liste,Regionali Liste,2010,R0P,IL_POPOLO_DELLA_LIBERTA_,71
65,Crocetta,Liste,Regionali Liste,2010,R0P,,
68,Crocetta,Liste,Regionali Liste,2010,R0P,IL_POPOLO_DELLA_LIBERTA_,95
69,Crocetta,Liste,Regionali Liste,2010,R0P,IL_POPOLO_DELLA_LIBERTA_,108
70,Crocetta,Liste,Regionali Liste,2010,R0P,IL_POPOLO_DELLA_LIBERTA_,
72,Buon Pastore,Liste,Regionali Liste,2010,R0P,IL_POPOLO_DELLA_LIBERTA_,207
73,Buon Pastore,Liste,Regionali Liste,2010,R0P,IL_POPOLO_DELLA_LIBERTA_,
74,Buon Pastore,Liste,Regionali Liste,2010,R0P,IL_POPOLO_DELLA_LIBERTA_,140
75,Buon Pastore,Liste,Regionali Liste,2010,R0P,,
76,Buon Pastore,Liste,Regionali Liste,2010,R0P,IL_POPOLO_DELLA_LIBERTA_,89
77,Buon Pastore,Liste,Regionali Liste,2010,R0P,IL_POPOLO_DELLA_LIBERTA_,162
78,Buon Pastore,Liste,Regionali Liste,2010,R0P,,165
79,Buon Pastore,Liste,Regionali Liste,2010,R0P,IL_POPOLO_DELLA_LIBERTA_,
80,Buon Pastore,Liste,Regionali Liste,2010,R0P,IL_POPOLO_DELLA_LIBERTA_,73
81,Buon Pastore,Liste,Regionali Liste,2010,R0P,IL_POPOLO_DELLA_LIBERTA_,84
83,Buon Pastore,Liste,Regionali Liste,2010,R0P,,
84,Buon Pastore,Liste,Regionali Liste,2010,R0P,IL_POPOLO_DELLA_LIBERTA_,94
85,Buon Pastore,Liste,Regionali Liste,2010,R0P,IL_POPOLO_DELLA_LIBERTA_,70
86,Buon Pastore,Liste,Regionali Liste,2010,R0P,IL_POPOLO_DELLA_LIBERTA_,155
87,Buon Pastore,Liste,Regionali Liste,2010,R0P,IL_POPOLO_DELLA_LIBERTA_,94
89,Buon Pastore,Liste,Regionali Liste,2010,R0P,IL_POPOLO_DELLA_LIBERTA_,
91,Buon Pastore,Liste,Regionali Liste,2010,R0P,IL_POPOLO_DELLA_LIBERTA_,97
92,Buon Pastore,Liste,Regionali Liste,2010,R0P,IL_POPOLO_DELLA_LIBERTA_,60
93,Buon Pastore,Liste,Regionali Liste,2010,R0P,IL_POPOLO_DELLA_LIBERTA_,68
95,Buon Pastore,Liste,Regionali Liste,2010,R0P,IL_POPOLO_DELLA_LIBERTA_,54
96,Buon Pastore,Liste,Regionali Liste,2010,R0P,IL_POPOLO_DELLA_LIBERTA_,70
97,Buon Pastore,Liste,Regionali Liste,2010,R0P,IL_POPOLO_DELLA_LIBERTA_,62
98,Buon Pastore,Liste,Regionali Liste,2010,R0P,IL_POPOLO_DELLA_LIBERTA_,82
99,Buon Pastore,Liste,Regionali Liste,2010,R0P,IL_POPOLO_DELLA_LIBERTA_,87
101,Buon Pastore,Liste,Regionali Liste,2010,R0P,IL_POPOLO_DELLA_LIBERTA_,
102,Buon Pastore,Liste,Regionali Liste,2010,R0P,IL_POPOLO_DELLA_LIBERTA_,
103,Buon Pastore,Liste,Regionali Liste,2010,R0P,IL_POPOLO_DELLA_LIBERTA_,159
104,Buon Pastore,Liste,Regionali Liste,2010,R0P,IL_POPOLO_DELLA_LIBERTA_,158
105,Buon Pastore,Liste,Regionali Liste,2010,R0P,IL_POPOLO_DELLA_LIBERTA_,
106,Buon Pastore,Liste,Regionali Liste,2010,R0P,,173
107,Buon Pastore,Liste,Regionali Liste,2010,R0P,IL_POPOLO_DELLA_LIBERTA_,124
108,Buon Pastore,Liste,Regionali Liste,2010,R0P,IL_POPOLO_DELLA_LIBERTA_,163
110,Buon Pastore,Liste,Regionali Liste,2010,R0P,IL_POPOLO_DELLA_LIBERTA_,117
111,Buon Pastore,Liste,Regionali Liste,2010,R0P,IL_POPOLO_DELLA_LIBERTA_,101
112,Buon Pastore,Liste,Regionali Liste,2010,R0P,IL_POPOLO_DELLA_LIBERTA_,119
113,Buon Pastore,Liste,Regionali Liste,2010,R0P,IL_POPOLO_DELLA_LIBERTA_,93
114,Buon Pastore,Liste,Regionali Liste,2010,R0P,IL_POPOLO_DELLA_LIBERTA_,
117,Buon Pastore,Liste,Regionali Liste,2010,R0P,IL_POPOLO_DELLA_LIBERTA_,63
118,Buon Pastore,Liste,Regionali Liste,2010,R0P,,99
119,Buon Pastore,Liste,Regionali Liste,2010,R0P,IL_POPOLO_DELLA_LIBERTA_,100
120,Buon Pastore,Liste,Regionali Liste,2010,R0P,IL_POPOLO_DELLA_LIBERTA_,99
121,Buon Pastore,Liste,Regionali Liste,2010,R0P,,154
122,Buon Pastore,Liste,Regionali Liste,2010,R0P,IL_POPOLO_DELLA_LIBERTA_,46
123,Buon Pastore,Liste,Regionali Liste,2010,R0P,IL_POPOLO_DELLA_LIBERTA_,98
124,Buon Pastore,Liste,Regionali Liste,2010,R0P,IL_POPOLO_DELLA_LIBERTA_,
125,Buon Pastore,Liste,Regionali Liste,2010,R0P,IL_POPOLO_DELLA_LIBERTA_,57
126,Buon Pastore,Liste,Regionali Liste,2010,R0P,IL_POPOLO_DELLA_LIBERTA_,60
127,Buon Pastore,Liste,Regionali Liste,2010,R0P,,75
130,San Faustino,Liste,Regionali Liste,2010,R0P,IL_POPOLO_DELLA_LIBERTA_,121
131,San Faustino,Liste,Regionali Liste,2010,R0P,,104
132,San Faustino,Liste,Regionali Liste,2010,R0P,IL_POPOLO_DELLA_LIBERTA_,152
134,San Faustino,Liste,Regionali Liste,2010,R0P,IL_POPOLO_DELLA_LIBERTA_,82
135,San Faustino,Liste,Regionali Liste,2010,R0P,IL_POPOLO_DELLA_LIBERTA_,
136,San Faustino,Liste,Regionali Liste,2010,R0P,IL_POPOLO_DELLA_LIBERTA_,102
137,San Faustino,Liste,Regionali Liste,2010,R0P,IL_POPOLO_DELLA_LIBERTA_,138
138,San Faustino,Liste,Regionali Liste,2010,R0P,,123
139,San Faustino,Liste,Regionali Liste,2010,R0P,IL_POPOLO_DELLA_LIBERTA_,95
141,San Faustino,Liste,Regionali Liste,2010,R0P,,
142,San Faustino,Liste,Regionali Liste,2010,R0P,IL_POPOLO_DELLA_LIBERTA_,151
145,San Faustino,Liste,Regionali Liste,2010,R0P,IL_POPOLO_DELLA_LIBERTA_,100
148,San Faustino,Liste,Regionali Liste,2010,R0P,IL_POPOLO_DELLA_LIBERTA_,121
149,San Faustino,Liste,Regionali Liste,2010,R0P,IL_POPOLO_DELLA_LIBERTA_,105
150,San Faustino,Liste,Regionali Liste,2010,R0P,,148
151,San Faustino,Liste,Regionali Liste,2010,R0P,,106
152,San Faustino,Liste,Regionali Liste,2010,R0P,,168
153,San Faustino,Liste,Regionali Liste,2010,R0P,IL_POPOLO_DELLA_LIBERTA_,187
154,San Faustino,Liste,Regionali Liste,2010,R0P,IL_POPOLO_DELLA_LIBERTA_,
155,San Faustino,Liste,Regionali Liste,2010,R0P,IL_POPOLO_DELLA_LIBERTA_,166
156,San Faustino,Liste,Regionali Liste,2010,R0P,,140
157,San Faustino,Liste,Regionali Liste,2010,R0P,IL_POPOLO_DELLA_LIBERTA_,
160,San Faustino,Liste,Regionali Liste,2010,R0P,IL_POPOLO_DELLA_LIBERTA_,61
161,San Faustino,Liste,Regionali Liste,2010,R0P,,
162,San Faustino,Liste,Regionali Liste,2010,R0P,IL_POPOLO_DELLA_LIBERTA_,70
163,San Faustino,Liste,Regionali Liste,2010,R0P,IL_POPOLO_DELLA_LIBERTA_,81
164,San Faustino,Liste,Regionali Liste,2010,R0P,IL_POPOLO_DELLA_LIBERTA_,80
166,San Faustino,Liste,Regionali Liste,2010,R0P,IL_POPOLO_DELLA_LIBERTA_,103
167,San Faustino,Liste,Regionali Liste,2010,R0P,IL_POPOLO_DELLA_LIBERTA_,58
168,San Faustino,Liste,Regionali Liste,2010,R0P,IL_POPOLO_DELLA_LIBERTA_,102
169,San Faustino,Liste,Regionali Liste,2010,R0P,IL_POPOLO_DELLA_LIBERTA_,118
170,San Faustino,Liste,Regionali Liste,2010,R0P,IL_POPOLO_DELLA_LIBERTA_,136
171,San Faustino,Liste,Regionali Liste,2010,R0P,IL_POPOLO_DELLA_LIBERTA_,152
172,San Faustino,Liste,Regionali Liste,2010,R0P,IL_POPOLO_DELLA_LIBERTA_,89
173,San Faustino,Liste,Regionali Liste,2010,R0P,IL_POPOLO_DELLA_LIBERTA_,96
174,San Faustino,Liste,Regionali Liste,2010,R0P,,
175,San Faustino,Liste,Regionali Liste,2010,R0P,IL_POPOLO_DELLA_LIBERTA_,120
176,San Faustino,Liste,Regionali Liste,2010,R0P,IL_POPOLO_DELLA_LIBERTA_,96
177,San Faustino,Liste,Regionali Liste,2010,R0P,IL_POPOLO_DELLA_LIBERTA_,
178,San Faustino,Liste,Regionali Liste,2010,R0P,,129
179,San Faustino,Liste,Regionali Liste,2010,R0P,IL_POPOLO_DELLA_LIBERTA_,
180,San Faustino,Liste,Regionali Liste,2010,R0P,,120
181,Buon Pastore,Liste,Regionali Liste,2010,R0P,IL_POPOLO_DELLA_LIBERTA_,24
182,Buon Pastore,Liste,Regionali Liste,2010,R0P,IL_POPOLO_DELLA_LIBERTA_,12
183,San Faustino,Liste,Regionali Liste,2010,R0P,IL_POPOLO_DELLA_LIBERTA_,15
185,San Faustino,Liste,Regionali Liste,2010,R0P,,102
186,San Faustino,Liste,Regionali Liste,2010,R0P,IL_POPOLO_DELLA_LIBERTA_,47
187,Buon Pastore,Liste,Regionali Liste,2010,R0P,IL_POPOLO_DELLA_LIBERTA_,83
1,Centro,Liste,Regionali Liste,2010,R0P,SINISTRA_ECOLOGIA_LIBERTA_,23
2,Centro,Liste,Regionali Liste,2010,R0P,SINISTRA_ECOLOGIA_LIBERTA_,
3,Centro,Liste,Regionali Liste,2010,R0P,,
4,Centro,Liste,Regionali Liste,2010,R0P,,23
5,Centro,Liste,Regionali Liste,2010,R0P,,9
7,Centro,Liste,Regionali Liste,2010,R0P,SINISTRA_ECOLOGIA_LIBERTA_,11
8,Centro,Liste,Regionali Liste,2010,R0P,SINISTRA_ECOLOGIA_LIBERTA_,16
9,Centro,Liste,Regionali Liste,2010,R0P,SINISTRA_ECOLOGIA_LIBERTA_,27
10,Centro,Liste,Regionali Liste,2010,R0P,SINISTRA_ECOLOGIA_LIBERTA_,
11,Centro,Liste,Regionali Liste,2010,R0P,SINISTRA_ECOLOGIA_LIBERTA_,14
12,Centro,Liste,Regionali Liste,2010,R0P,SINISTRA_ECOLOGIA_LIBERTA_,
13,Centro,Liste,Regionali Liste,2010,R0P,SINISTRA_ECOLOGIA_LIBERTA_,22
15,Centro,Liste,Regionali Liste,2010,R0P,SINISTRA_ECOLOGIA_LIBERTA_,
17,Centro,Liste,Regionali Liste,2010,R0P,SINISTRA_ECOLOGIA_LIBERTA_,13
18,Centro,Liste,Regionali Liste,2010,R0P,,14
19,Centro,Liste,Regionali Liste,2010,R0P,SINISTRA_ECOLOGIA_LIBERTA_,12
20,Centro,Liste,Regionali Liste,2010,R0P,SINISTRA_ECOLOGIA_LIBERTA_,25
21,Centro,Liste,Regionali Liste,2010,R0P,SINISTRA_ECOLOGIA_LIBERTA_,9
22,Crocetta,Liste,Regionali Liste,2010,R0P,SINISTRA_ECOLOGIA_LIBERTA_,12
23,Crocetta,Liste,Regionali Liste,2010,R0P,SINISTRA_ECOLOGIA_LIBERTA_,4
24,Crocetta,Liste,Regionali Liste,2010,R0P,SINISTRA_ECOLOGIA_LIBERTA_,7
25,Crocetta,Liste,Regionali Liste,2010,R0P,SINISTRA_ECOLOGIA_LIBERTA_,13
26,Crocetta,Liste,Regionali Liste,2010,R0P,,5
27,Crocetta,Liste,Regionali Liste,2010,R0P,SINISTRA_ECOLOGIA_LIBERTA_,
28,Crocetta,Liste,Regionali Liste,2010,R0P,,4
31,Crocetta,Liste,Regionali Liste,2010,R0P,SINISTRA_ECOLOGIA_LIBERTA_,9
32,Crocetta,Liste,Regionali Liste,2010,R0P,SINISTRA_ECOLOGIA_LIBERTA_,2
33,Crocetta,Liste,Regionali Liste,2010,R0P,SINISTRA_ECOLOGIA_LIBERTA_,7
34,Crocetta,Liste,Regionali Liste,2010,R0P,SINISTRA_ECOLOGIA_LIBERTA_,11
35,Crocetta,Liste,Regionali Liste,2010,R0P,SINISTRA_ECOLOGIA_LIBERTA_,11
36,Crocetta,Liste,Regionali Liste,2010,R0P,SINISTRA_ECOLOGIA_LIBERTA_,7
37,Crocetta,Liste,Regionali Liste,2010,R0P,SINISTRA_ECOLOGIA_LIBERTA_,9
38,Crocetta,Liste,Regionali Liste,2010,R0P,SINISTRA_ECOLOGIA_LIBERTA_,10
39,Crocetta,Liste,Regionali Liste,2010,R0P,SINISTRA_ECOLOGIA_LIBERTA_,7
40,Crocetta,Liste,Regionali Liste,2010,R0P,SINISTRA_ECOLOGIA_LIBERTA_,14
42,Crocetta,Liste,Regionali Liste,2010,R0P,,12
43,Crocetta,Liste,Regionali Liste,2010,R0P,SINISTRA_ECOLOGIA_LIBERTA_,3
44,Crocetta,Liste,Regionali Liste,2010,R0P,SINISTRA_ECOLOGIA_LIBERTA_,6
46,Crocetta,Liste,Regionali Liste,2010,R0P,SINISTRA_ECOLOGIA_LIBERTA_,18
47,Crocetta,Liste,Regionali Liste,2010,R0P,SINISTRA_ECOLOGIA_LIBERTA_,9
48,Crocetta,Liste,Regionali Liste,2010,R0P,SINISTRA_ECOLOGIA_LIBERTA_,8
49,Crocetta,Liste,Regionali Liste,2010,R0P,SINISTRA_ECOLOGIA_LIBERTA_,16
50,Crocetta,Liste,Regionali Liste,2010,R0P,SINISTRA_ECOLOGIA_LIBERTA_,13
51,Crocetta,Liste,Regionali Liste,2010,R0P,SINISTRA_ECOLOGIA_LIBERTA_,11
52,Crocetta,Liste,Regionali Liste,2010,R0P,SINISTRA_ECOLOGIA_LIBERTA_,15
54,Crocetta,Liste,Regionali Liste,2010,R0P,SINISTRA_ECOLOGIA_LIBERTA_,15
55,Crocetta,Liste,Regionali Liste,2010,R0P,,12
56,Crocetta,Liste,Regionali Liste,2010,R0P,SINISTRA_ECOLOGIA_LIBERTA_,3
57,Crocetta,Liste,Regionali Liste,2010,R0P,SINISTRA_ECOLOGIA_LIBERTA_,6
58,Crocetta,Liste,Regionali Liste,2010,R0P,SINISTRA_ECOLOGIA_LIBERTA_,11
59,Crocetta,Liste,Regionali Liste,2010,R0P,SINISTRA_ECOLOGIA_LIBERTA_,4
60,Crocetta,Liste,Regionali Liste,2010,R0P,SINISTRA_ECOLOGIA_LIBERTA_,10
62,Crocetta,Liste,Regionali Liste,2010,R0P,SINISTRA_ECOLOGIA_LIBERTA_,14
63,Crocetta,Liste,Regionali Liste,2010,R0P,SINISTRA_ECOLOGIA_LIBERTA_,6
64,Crocetta,Liste,Regionali Liste,2010,R0P,SINISTRA_ECOLOGIA_LIBERTA_,9
65,Crocetta,Liste,Regionali Liste,2010,R0P,SINISTRA_ECOLOGIA_LIBERTA_,6
66,Crocetta,Liste,Regionali Liste,2010,R0P,,9
67,Crocetta,Liste,Regionali Liste,2010,R0P,SINISTRA_ECOLOGIA_LIBERTA_,
68,Crocetta,Liste,Regionali Liste,2010,R0P,,9
69,Crocetta,Liste,Regionali Liste,2010,R0P,SINISTRA_ECOLOGIA_LIBERTA_,14
70,Crocetta,Liste,Regionali Liste,2010,R0P,,9
71,Buon Pastore,Liste,Regionali Liste,2010,R0P,SINISTRA_ECOLOGIA_LIBERTA_,9
72,Buon Pastore,Liste,Regionali Liste,2010,R0P,SINISTRA_ECOLOGIA_LIBERTA_,12
73,Buon Pastore,Liste,Regionali Liste,2010,R0P,SINISTRA_ECOLOGIA_LIBERTA_,4
74,Buon Pastore,Liste,Regionali Liste,2010,R0P,SINISTRA_ECOLOGIA_LIBERTA_,4
75,Buon Pastore,Liste,Regionali Liste,2010,R0P,SINISTRA_ECOLOGIA_LIBERTA_,11
76,Buon Pastore,Liste,Regionali Liste,2010,R0P,SINISTRA_ECOLOGIA_LIBERTA_,8
77,Buon Pastore,Liste,Regionali Liste,2010,R0P,SINISTRA_ECOLOGIA_LIBERTA_,6
78,Buon Pastore,Liste,Regionali Liste,2010,R0P,SINISTRA_ECOLOGIA_LIBERTA_,
79,Buon Pastore,Liste,Regionali Liste,2010,R0P,SINISTRA_ECOLOGIA_LIBERTA_,14
82,Buon Pastore,Liste,Regionali Liste,2010,R0P,,9
83,Buon Pastore,Liste,Regionali Liste,2010,R0P,,10
84,Buon Pastore,Liste,Regionali Liste,2010,R0P,,
85,Buon Pastore,Liste,Regionali Liste,2010,R0P,SINISTRA_ECOLOGIA_LIBERTA_,6
88,Buon Pastore,Liste,Regionali Liste,2010,R0P,,11
89,Buon Pastore,Liste,Regionali Liste,2010,R0P,SINISTRA_ECOLOGIA_LIBERTA_,27
90,Buon Pastore,Liste,Regionali Liste,2010,R0P,SINISTRA_ECOLOGIA_LIBERTA_,16
91,Buon Pastore,Liste,Regionali Liste,2010,R0P,SINISTRA_ECOLOGIA_LIBERTA_,
92,Buon Pastore,Liste,Regionali Liste,2010,R0P,SINISTRA_ECOLOGIA_LIBERTA_,13
93,Buon Pastore,Liste,Regionali Liste,2010,R0P,,9
94,Buon Pastore,Liste,Regionali Liste,2010,R0P,SINISTRA_ECOLOGIA_LIBERTA_,
95,Buon Pastore,Liste,Regionali Liste,2010,R0P,SINISTRA_ECOLOGIA_LIBERTA_,10
97,Buon Pastore,Liste,Regionali Liste,2010,R0P,SINISTRA_ECOLOGIA_LIBERTA_,
98,Buon Pastore,Liste,Regionali Liste,2010,R0P,SINISTRA_ECOLOGIA_LIBERTA_,4
99,Buon Pastore,Liste,Regionali Liste,2010,R0P,SINISTRA_ECOLOGIA_LIBERTA_,7
100,Buon Pastore,Liste,Regionali Liste,2010,R0P,SINISTRA_ECOLOGIA_LIBERTA_,11
102,Buon Pastore,Liste,Regionali Liste,2010,R0P,SINISTRA_ECOLOGIA_LIBERTA_,4
103,Buon Pastore,Liste,Regionali Liste,2010,R0P,SINISTRA_ECOLOGIA_LIBERTA_,13
104,Buon Pastore,Liste,Regionali Liste,2010,R0P,SINISTRA_ECOLOGIA_LIBERTA_,
105,Buon Pastore,Liste,Regionali Liste,2010,R0P,SINISTRA_ECOLOGIA_LIBERTA_,13
106,Buon Pastore,Liste,Regionali Liste,2010,R0P,,9
108,Buon Pastore,Liste,Regionali Liste,2010,R0P,SINISTRA_ECOLOGIA_LIBERTA_,16
109,Buon Pastore,Liste,Regionali Liste,2010,R0P,,12
111,Buon Pastore,Liste,Regionali Liste,2010,R0P,SINISTRA_ECOLOGIA_LIBERTA_,16
113,Buon Pastore,Liste,Regionali Liste,2010,R0P,SINISTRA_ECOLOGIA_LIBERTA_,18
114,Buon Pastore,Liste,Regionali Liste,2010,R0P,SINISTRA_ECOLOGIA_LIBERTA_,12
115,Buon Pastore,Liste,Regionali Liste,2010,R0P,,8
116,Buon Pastore,Liste,Regionali Liste,2010,R0P,,
118,Buon Pastore,Liste,Regionali Liste,2010,R0P,SINISTRA_ECOLOGIA_LIBERTA_,7
119,Buon Pastore,Liste,Regionali Liste,2010,R0P,SINISTRA_ECOLOGIA_LIBERTA_,9
121,Buon Pastore,Liste,Regionali Liste,2010,R0P,SINISTRA_ECOLOGIA_LIBERTA_,14
122,Buon Pastore,Liste,Regionali Liste,2010,R0P,SINISTRA_ECOLOGIA_LIBERTA_,6
123,Buon Pastore,Liste,Regionali Liste,2010,R0P,SINISTRA_ECOLOGIA_LIBERTA_,7
124,Buon Pastore,Liste,Regionali Liste,2010,R0P,SINISTRA_ECOLOGIA_LIBERTA_,24
125,Buon Pastore,Liste,Regionali Liste,2010,R0P,,26
126,Buon Pastore,Liste,Regionali Liste,2010,R0P,SINISTRA_ECOLOGIA_LIBERTA_,11
128,Buon Pastore,Liste,Regionali Liste,2010,R0P,SINISTRA_ECOLOGIA_LIBERTA_,10
129,Buon Pastore,Liste,Regionali Liste,2010,R0P,SINISTRA_ECOLOGIA_LIBERTA_,5
130,San Faustino,Liste,Regionali Liste,2010,R0P,,5
131,San Faustino,Liste,Regionali Liste,2010,R0P,SINISTRA_ECOLOGIA_LIBERTA_,12
132,San Faustino,Liste,Regionali Liste,2010,R0P,,6
133,San Faustino,Liste,Regionali Liste,2010,R0P,SINISTRA_ECOLOGIA_LIBERTA_,13
134,San Faustino,Liste,Regionali Liste,2010,R0P,SINISTRA_ECOLOGIA_LIBERTA_,7
135,San Faustino,Liste,Regionali Liste,2010,R0P,SINISTRA_ECOLOGIA_LIBERTA_,3
136,San Faustino,Liste,Regionali Liste,2010,R0P,SINISTRA_ECOLOGIA_LIBERTA_,8
137,San Faustino,Liste,Regionali Liste,2010,R0P,SINISTRA_ECOLOGIA_LIBERTA_,11
138,San Faustino,Liste,Regionali Liste,2010,R0P,SINISTRA_ECOLOGIA_LIBERTA_,13
139,San Faustino,Liste,Regionali Liste,2010,R0P,,
140,San Faustino,Liste,Regionali Liste,2010,R0P,SINISTRA_ECOLOGIA_LIBERTA_,11
141,San Faustino,Liste,Regionali Liste,2010,R0P,SINISTRA_ECOLOGIA_LIBERTA_,10
142,San Faustino,Liste,Regionali Liste,2010,R0P,SINISTRA_ECOLOGIA_LIBERTA_,16
143,San Faustino,Liste,Regionali Liste,2010,R0P,SINISTRA_ECOLOGIA_LIBERTA_,10
145,San Faustino,Liste,Regionali Liste,2010,R0P,SINISTRA_ECOLOGIA_LIBERTA_,
146,San Faustino,Liste,Regionali Liste,2010,R0P,SINISTRA_ECOLOGIA_LIBERTA_,7
147,San Faustino,Liste,Regionali Liste,2010,R0P,SINISTRA_ECOLOGIA_LIBERTA_,10
148,San Faustino,Liste,Regionali Liste,2010,R0P,SINISTRA_ECOLOGIA_LIBERTA_,10
149,San Faustino,Liste,Regionali Liste,2010,R0P,,5
150,San Faustino,Liste,Regionali Liste,2010,R0P,SINISTRA_ECOLOGIA_LIBERTA_,12
151,San Faustino,Liste,Regionali Liste,2010,R0P,,8
152,San Faustino,Liste,Regionali Liste,2010,R0P,SINISTRA_ECOLOGIA_LIBERTA_,8
153,San Faustino,Liste,Regionali Liste,2010,R0P,SINISTRA_ECOLOGIA_LIBERTA_,
154,San Faustino,Liste,Regionali Liste,2010,R0P,SINISTRA_ECOLOGIA_LIBERTA_,
155,San Faustino,Liste,Regionali Liste,2010,R0P,,4
156,San Faustino,Liste,Regionali Liste,2010,R0P,SINISTRA_ECOLOGIA_LIBERTA_,
158,San Faustino,Liste,Regionali Liste,2010,R0P,SINISTRA_ECOLOGIA_LIBERTA_,10
159,San Faustino,Liste,Regionali Liste,2010,R0P,SINISTRA_ECOLOGIA_LIBERTA_,11
160,San Faustino,Liste,Regionali Liste,2010,R0P,SINISTRA_ECOLOGIA_LIBERTA_,16
161,San Faustino,Liste,Regionali Liste,2010,R0P,SINISTRA_ECOLOGIA_LIBERTA_,6
162,San Faustino,Liste,Regionali Liste,2010,R0P,SINISTRA_ECOLOGIA_LIBERTA_,
164,San Faustino,Liste,Regionali Liste,2010,R0P,SINISTRA_ECOLOGIA_LIBERTA_,11
165,San Faustino,Liste,Regionali Liste,2010,R0P,SINISTRA_ECOLOGIA_LIBERTA_,
166,San Faustino,Liste,Regionali Liste,2010,R0P,SINISTRA_ECOLOGIA_LIBERTA_,6
167,San Faustino,Liste,Regionali Liste,2010,R0P,SINISTRA_ECOLOGIA_LIBERTA_,5
168,San Faustino,Liste,Regionali Liste,2010,R0P,SINISTRA_ECOLOGIA_LIBERTA_,9
169,San Faustino,Liste,Regionali Liste,2010,R0P,,13
170,San Faustino,Liste,Regionali Liste,2010,R0P,SINISTRA_ECOLOGIA_LIBERTA_,16
171,San Faustino,Liste,Regionali Liste,2010,R0P,,9
172,San Faustino,Liste,Regionali Liste,2010,R0P,SINISTRA_ECOLOGIA_LIBERTA_,6
173,San Faustino,Liste,Regionali Liste,2010,R0P,SINISTRA_ECOLOGIA_LIBERTA_,6
174,San Faustino,Liste,Regionali Liste,2010,R0P,,
175,San Faustino,Liste,Regionali Liste,2010,R0P,SINISTRA_ECOLOGIA_LIBERTA_,10
177,San Faustino,Liste,Regionali Liste,2010,R0P,SINISTRA_ECOLOGIA_LIBERTA_,7
178,San Faustino,Liste,Regionali Liste,2010,R0P,SINISTRA_ECOLOGIA_LIBERTA_,
179,San Faustino,Liste,Regionali Liste,2010,R0P,SINISTRA_ECOLOGIA_LIBERTA_,8
181,Buon Pastore,Liste,Regionali Liste,2010,R0P,SINISTRA_ECOLOGIA_LIBERTA_,0
182,Buon Pastore,Liste,Regionali Liste,2010,R0P,SINISTRA_ECOLOGIA_LIBERTA_,1
183,San Faustino,Liste,Regionali Liste,2010,R0P,,0
184,San Faustino,Liste,Regionali Liste,2010,R0P,SINISTRA_ECOLOGIA_LIBERTA_,0
185,San Faustino,Liste,Regionali Liste,2010,R0P,SINISTRA_ECOLOGIA_LIBERTA_,4
186,San Faustino,Liste,Regionali Liste,2010,R0P,,8
187,Buon Pastore,Liste,Regionali Liste,2010,R0P,,
1,Centro,Liste,Regionali Liste,2010,R0P,,123
2,Centro,Liste,Regionali Liste,2010,R0P,PARTITO_DEMOCRATICO,
3,Centro,Liste,Regionali Liste,2010,R0P,PARTITO_DEMOCRATICO,109
4,Centro,Liste,Regionali Liste,2010,R0P,PARTITO_DEMOCRATICO,106
5,Centro,Liste,Regionali Liste,2010,R0P,PARTITO_DEMOCRATICO,113
6,Centro,Liste,Regionali Liste,2010,R0P,PARTITO_DEMOCRATICO,125
7,Centro,Liste,Regionali Liste,2010,R0P,,141
8,Centro,Liste,Regionali Liste,2010,R0P,PARTITO_DEMOCRATICO,111
11,Centro,Liste,Regionali Liste,2010,R0P,PARTITO_DEMOCRATICO,109
12,Centro,Liste,Regionali Liste,2010,R0P,PARTITO_DEMOCRATICO,129
14,Centro,Liste,Regionali Liste,2010,R0P,,121
16,Centro,Liste,Regionali Liste,2010,R0P,PARTITO_DEMOCRATICO,178
17,Centro,Liste,Regionali Liste,2010,R0P,PARTITO_DEMOCRATICO,233
19,Centro,Liste,Regionali Liste,2010,R0P,PARTITO_DEMOCRATICO,135
20,Centro,Liste,Regionali Liste,2010,R0P,PARTITO_DEMOCRATICO,127
21,Centro,Liste,Regionali Liste,2010,R0P,PARTITO_DEMOCRATICO,
22,Crocetta,Liste,Regionali Liste,2010,R0P,,181
23,Crocetta,Liste,Regionali Liste,2010,R0P,PARTITO_DEMOCRATICO,216
24,Crocetta,Liste,Regionali Liste,2010,R0P,PARTITO_DEMOCRATICO,242
25,Crocetta,Liste,Regionali Liste,2010,R0P,PARTITO_DEMOCRATICO,276
26,Crocetta,Liste,Regionali Liste,2010,R0P,PARTITO_DEMOCRATICO,
27,Crocetta,Liste,Regionali Liste,2010,R0P,PARTITO_DEMOCRATICO,230
28,Crocetta,Liste,Regionali Liste,2010,R0P,PARTITO_DEMOCRATICO,145
29,Crocetta,Liste,Regionali Liste,2010,R0P,PARTITO_DEMOCRATICO,227
30,Crocetta,Liste,Regionali Liste,2010,R0P,PARTITO_DEMOCRATICO,273
32,Crocetta,Liste,Regionali Liste,2010,R0P,PARTITO_DEMOCRATICO,
33,Crocetta,Liste,Regionali Liste,2010,R0P,PARTITO_DEMOCRATICO,263
34,Crocetta,Liste,Regionali Liste,2010,R0P,PARTITO_DEMOCRATICO,
35,Crocetta,Liste,Regionali Liste,2010,R0P,PARTITO_DEMOCRATICO,236
36,Crocetta,Liste,Regionali Liste,2010,R0P,PARTITO_DEMOCRATICO,216
37,Crocetta,Liste,Regionali Liste,2010,R0P,PARTITO_DEMOCRATICO,316
40,Crocetta,Liste,Regionali Liste,2010,R0P,PARTITO_DEMOCRATICO,328
41,Crocetta,Liste,Regionali Liste,2010,R0P,,309
43,Crocetta,Liste,Regionali Liste,2010,R0P,PARTITO_DEMOCRATICO,176
44,Crocetta,Liste,Regionali Liste,2010,R0P,PARTITO_DEMOCRATICO,160
45,Crocetta,Liste,Regionali Liste,2010,R0P,,219
47,Crocetta,Liste,Regionali Liste,2010,R0P,PARTITO_DEMOCRATICO,188
48,Crocetta,Liste,Regionali Liste,2010,R0P,,119
49,Crocetta,Liste,Regionali Liste,2010,R0P,PARTITO_DEMOCRATICO,138
50,Crocetta,Liste,Regionali Liste,2010,R0P,PARTITO_DEMOCRATICO,152
51,Crocetta,Liste,Regionali Liste,2010,R0P,PARTITO_DEMOCRATICO,
52,Crocetta,Liste,Regionali Liste,2010,R0P,PARTITO_DEMOCRATICO,
55,Crocetta,Liste,Regionali Liste,2010,R0P,PARTITO_DEMOCRATICO,139
57,Crocetta,Liste,Regionali Liste,2010,R0P,PARTITO_DEMOCRATICO,140
58,Crocetta,Liste,Regionali Liste,2010,R0P,PARTITO_DEMOCRATICO,246
60,Crocetta,Liste,Regionali Liste,2010,R0P,PARTITO_DEMOCRATICO,336
62,Crocetta,Liste,Regionali Liste,2010,R0P,PARTITO_DEMOCRATICO,
63,Crocetta,Liste,Regionali Liste,2010,R0P,PARTITO_DEMOCRATICO,193
64,Crocetta,Liste,Regionali Liste,2010,R0P,PARTITO_DEMOCRATICO,172
65,Crocetta,Liste,Regionali Liste,2010,R0P,PARTITO_DEMOCRATICO,133
67,Crocetta,Liste,Regionali Liste,2010,R0P,PARTITO_DEMOCRATICO,246
68,Crocetta,Liste,Regionali Liste,2010,R0P,PARTITO_DEMOCRATICO,164
69,Crocetta,Liste,Regionali Liste,2010,R0P,PARTITO_DEMOCRATICO,
70,Crocetta,Liste,Regionali Liste,2010,R0P,PARTITO_DEMOCRATICO,214
72,Buon Pastore,Liste,Regionali Liste,2010,R0P,PARTITO_DEMOCRATICO,
73,Buon Pastore,Liste,Regionali Liste,2010,R0P,PARTITO_DEMOCRATICO,
74,Buon Pastore,Liste,Regionali Liste,2010,R0P,PARTITO_DEMOCRATICO,104
75,Buon Pastore,Liste,Regionali Liste,2010,R0P,PARTITO_DEMOCRATICO,
76,Buon Pastore,Liste,Regionali Liste,2010,R0P,PARTITO_DEMOCRATICO,161
77,Buon Pastore,Liste,Regionali Liste,2010,R0P,PARTITO_DEMOCRATICO,126
78,Buon Pastore,Liste,Regionali Liste,2010,R0P,PARTITO_DEMOCRATICO,151
81,Buon Pastore,Liste,Regionali Liste,2010,R0P,PARTITO_DEMOCRATICO,
82,Buon Pastore,Liste,Regionali Liste,2010,R0P,PARTITO_DEMOCRATICO,
84,Buon Pastore,Liste,Regionali Liste,2010,R0P,PARTITO_DEMOCRATICO,266
86,Buon Pastore,Liste,Regionali Liste,2010,R0P,PARTITO_DEMOCRATICO,
87,Buon Pastore,Liste,Regionali Liste,2010,R0P,PARTITO_DEMOCRATICO,209
90,Buon Pastore,Liste,Regionali Liste,2010,R0P,PARTITO_DEMOCRATICO,282
91,Buon Pastore,Liste,Regionali Liste,2010,R0P,PARTITO_DEMOCRATICO,
92,Buon Pastore,Liste,Regionali Liste,2010,R0P,PARTITO_DEMOCRATICO,298
93,Buon Pastore,Liste,Regionali Liste,2010,R0P,PARTITO_DEMOCRATICO,213
94,Buon Pastore,Liste,Regionali Liste,2010,R0P,PARTITO_DEMOCRATICO,333
95,Buon Pastore,Liste,Regionali Liste,2010,R0P,PARTITO_DEMOCRATICO,423
98,Buon Pastore,Liste,Regionali Liste,2010,R0P,PARTITO_DEMOCRATICO,
99,Buon Pastore,Liste,Regionali Liste,2010,R0P,,225
100,Buon Pastore,Liste,Regionali Liste,2010,R0P,PARTITO_DEMOCRATICO,
101,Buon Pastore,Liste,Regionali Liste,2010,R0P,PARTITO_DEMOCRATICO,273
103,Buon Pastore,Liste,Regionali Liste,2010,R0P,PARTITO_DEMOCRATICO,141
104,Buon Pastore,Liste,Regionali Liste,2010,R0P,PARTITO_DEMOCRATICO,118
105,Buon Pastore,Liste,Regionali Liste,2010,R0P,,169
106,Buon Pastore,Liste,Regionali Liste,2010,R0P,PARTITO_DEMOCRATICO,102
107,Buon Pastore,Liste,Regionali Liste,2010,R0P,PARTITO_DEMOCRATICO,176
108,Buon Pastore,Liste,Regionali Liste,2010,R0P,PARTITO_DEMOCRATICO,142
109,Buon Pastore,Liste,Regionali Liste,2010,R0P,PARTITO_DEMOCRATICO,
110,Buon Pastore,Liste,Regionali Liste,2010,R0P,PARTITO_DEMOCRATICO,178
113,Buon Pastore,Liste,Regionali Liste,2010,R0P,PARTITO_DEMOCRATICO,274
114,Buon Pastore,Liste,Regionali Liste,2010,R0P,PARTITO_DEMOCRATICO,299
115,Buon Pastore,Liste,Regionali Liste,2010,R0P,PARTITO_DEMOCRATICO,242
116,Buon Pastore,Liste,Regionali Liste,2010,R0P,PARTITO_DEMOCRATICO,289
118,Buon Pastore,Liste,Regionali Liste,2010,R0P,PARTITO_DEMOCRATICO,268
120,Buon Pastore,Liste,Regionali Liste,2010,R0P,,253
121,Buon Pastore,Liste,Regionali Liste,2010,R0P,PARTITO_DEMOCRATICO,
122,Buon Pastore,Liste,Regionali Liste,2010,R0P,,
123,Buon Pastore,Liste,Regionali Liste,2010,R0P,PARTITO_DEMOCRATICO,143
124,Buon Pastore,Liste,Regionali Liste,2010,R0P,PARTITO_DEMOCRATICO,367
125,Buon Pastore,Liste,Regionali Liste,2010,R0P,PARTITO_DEMOCRATICO,375
126,Buon Pastore,Liste,Regionali Liste,2010,R0P,PARTITO_DEMOCRATICO,372
127,Buon Pastore,Liste,Regionali Liste,2010,R0P,PARTITO_DEMOCRATICO,
128,Buon Pastore,Liste,Regionali Liste,2010,R0P,,240
129,Buon Pastore,Liste,Regionali Liste,2010,R0P,PARTITO_DEMOCRATICO,192
130,San Faustino,Liste,Regionali Liste,2010,R0P,PARTITO_DEMOCRATICO,162
131,San Faustino,Liste,Regionali Liste,2010,R0P,PARTITO_DEMOCRATICO,197
132,San Faustino,Liste,Regionali Liste,2010,R0P,PARTITO_DEMOCRATICO,183
133,San Faustino,Liste,Regionali Liste,2010,R0P,PARTITO_DEMOCRATICO,179
134,San Faustino,Liste,Regionali Liste,2010,R0P,PARTITO_DEMOCRATICO,
135,San Faustino,Liste,Regionali Liste,2010,R0P,PARTITO_DEMOCRATICO,91
136,San Faustino,Liste,Regionali Liste,2010,R0P,,126
137,San Faustino,Liste,Regionali Liste,2010,R0P,PARTITO_DEMOCRATICO,137
138,San Faustino,Liste,Regionali Liste,2010,R0P,,210
139,San Faustino,Liste,Regionali Liste,2010,R0P,,252
140,San Faustino,Liste,Regionali Liste,2010,R0P,PARTITO_DEMOCRATICO,197
141,San Faustino,Liste,Regionali Liste,2010,R0P,PARTITO_DEMOCRATICO,
143,San Faustino,Liste,Regionali Liste,2010,R0P,PARTITO_DEMOCRATICO,159
144,San Faustino,Liste,Regionali Liste,2010,R0P,PARTITO_DEMOCRATICO,221
145,San Faustino,Liste,Regionali Liste,2010,R0P,PARTITO_DEMOCRATICO,237
146,San Faustino,Liste,Regionali Liste,2010,R0P,PARTITO_DEMOCRATICO,
147,San Faustino,Liste,Regionali Liste,2010,R0P,PARTITO_DEMOCRATICO,
148,San Faustino,Liste,Regionali Liste,2010,R0P,PARTITO_DEMOCRATICO,243
149,San Faustino,Liste,Regionali Liste,2010,R0P,PARTITO_DEMOCRATICO,281
150,San Faustino,Liste,Regionali Liste,2010,R0P,PARTITO_DEMOCRATICO,261
152,San Faustino,Liste,Regionali Liste,2010,R0P,PARTITO_DEMOCRATICO,248
153,San Faustino,Liste,Regionali Liste,2010,R0P,PARTITO_DEMOCRATICO,188
154,San Faustino,Liste,Regionali Liste,2010,R0P,PARTITO_DEMOCRATICO,149
155,San Faustino,Liste,Regionali Liste,2010,R0P,,140
156,San Faustino,Liste,Regionali Liste,2010,R0P,PARTITO_DEMOCRATICO,
157,San Faustino,Liste,Regionali Liste,2010,R0P,PARTITO_DEMOCRATICO,267
158,San Faustino,Liste,Regionali Liste,2010,R0P,PARTITO_DEMOCRATICO,305
159,San Faustino,Liste,Regionali Liste,2010,R0P,PARTITO_DEMOCRATICO,277
160,San Faustino,Liste,Regionali Liste,2010,R0P,PARTITO_DEMOCRATICO,299
161,San Faustino,Liste,Regionali Liste,2010,R0P,PARTITO_DEMOCRATICO,175
162,San Faustino,Liste,Regionali Liste,2010,R0P,PARTITO_DEMOCRATICO,332
163,San Faustino,Liste,Regionali Liste,2010,R0P,,312
164,San Faustino,Liste,Regionali Liste,2010,R0P,,281
166,San Faustino,Liste,Regionali Liste,2010,R0P,PARTITO_DEMOCRATICO,
168,San Faustino,Liste,Regionali Liste,2010,R0P,PARTITO_DEMOCRATICO,261
169,San Faustino,Liste,Regionali Liste,2010,R0P,,399
170,San Faustino,Liste,Regionali Liste,2010,R0P,,
171,San Faustino,Liste,Regionali Liste,2010,R0P,PARTITO_DEMOCRATICO,279
173,San Faustino,Liste,Regionali Liste,2010,R0P,PARTITO_DEMOCRATICO,200
174,San Faustino,Liste,Regionali Liste,2010,R0P,PARTITO_DEMOCRATICO,195
175,San Faustino,Liste,Regionali Liste,2010,R0P,PARTITO_DEMOCRATICO,188
177,San Faustino,Liste,Regionali Liste,2010,R0P,PARTITO_DEMOCRATICO,346
178,San Faustino,Liste,Regionali Liste,2010,R0P,,233
180,San Faustino,Liste,Regionali Liste,2010,R0P,,
181,Buon Pastore,Liste,Regionali Liste,2010,R0P,PARTITO_DEMOCRATICO,62
182,Buon Pastore,Liste,Regionali Liste,2010,R0P,,29
183,San Faustino,Liste,Regionali Liste,2010,R0P,PARTITO_DEMOCRATICO,47
184,San Faustino,Liste,Regionali Liste,2010,R0P,PARTITO_DEMOCRATICO,31
185,San Faustino,Liste,Regionali Liste,2010,R0P,PARTITO_DEMOCRATICO,218
186,San Faustino,Liste,Regionali Liste,2010,R0P,PARTITO_DEMOCRATICO,225
187,Buon Pastore,Liste,Regionali Liste,2010,R0P,PARTITO_DEMOCRATICO,309
1,Centro,Liste,Regionali Liste,2010,R0P,PENSIONATI,1
2,Centro,Liste,Regionali Liste,2010,R0P,PENSIONATI,2
3,Centro,Liste,Regionali Liste,2010,R0P,,4
4,Centro,Liste,Regionali Liste,2010,R0P,PENSIONATI,2
5,Centro,Liste,Regionali Liste,2010,R0P,PENSIONATI,5
7,Centro,Liste,Regionali Liste,2010,R0P,PENSIONATI,2
10,Centro,Liste,Regionali Liste,2010,R0P,PENSIONATI,3
11,Centro,Liste,Regionali Liste,2010,R0P,PENSIONATI,2
12,Centro,Liste,Regionali Liste,2010,R0P,PENSIONATI,5
14,Centro,Liste,Regionali Liste,2010,R0P,PENSIONATI,3
15,Centro,Liste,Regionali Liste,2010,R0P,PENSIONATI,
17,Centro,Liste,Regionali Liste,2010,R0P,,5
18,Centro,Liste,Regionali Liste,2010,R0P,PENSIONATI,1
20,Centro,Liste,Regionali Liste,2010,R0P,PENSIONATI,
21,Centro,Liste,Regionali Liste,2010,R0P,PENSIONATI,5
22,Crocetta,Liste,Regionali Liste,2010,R0P,PENSIONATI,
24,Crocetta,Liste,Regionali Liste,2010,R0P,PENSIONATI,
26,Crocetta,Liste,Regionali Liste,2010,R0P,PENSIONATI,5
27,Crocetta,Liste,Regionali Liste,2010,R0P,,4
30,Crocetta,Liste,Regionali Liste,2010,R0P,PENSIONATI,
31,Crocetta,Liste,Regionali Liste,2010,R0P,PENSIONATI,
32,Crocetta,Liste,Regionali Liste,2010,R0P,PENSIONATI,7
34,Crocetta,Liste,Regionali Liste,2010,R0P,PENSIONATI,8
35,Crocetta,Liste,Regionali Liste,2010,R0P,,5
36,Crocetta,Liste,Regionali Liste,2010,R0P,PENSIONATI,2
37,Crocetta,Liste,Regionali Liste,2010,R0P,,5
38,Crocetta,Liste,Regionali Liste,2010,R0P,PENSIONATI,9
39,Crocetta,Liste,Regionali Liste,2010,R0P,PENSIONATI,
40,Crocetta,Liste,Regionali Liste,2010,R0P,PENSIONATI,
41,Crocetta,Liste,Regionali Liste,2010,R0P,PENSIONATI,8
42,Crocetta,Liste,Regionali Liste,2010,R0P,,4
44,Crocetta,Liste,Regionali Liste,2010,R0P,,3
45,Crocetta,Liste,Regionali Liste,2010,R0P,PENSIONATI,7
46,Crocetta,Liste,Regionali Liste,2010,R0P,,
47,Crocetta,Liste,Regionali Liste,2010,R0P,PENSIONATI,5
49,Crocetta,Liste,Regionali Liste,2010,R0P,PENSIONATI,4
50,Crocetta,Liste,Regionali Liste,2010,R0P,PENSIONATI,4
51,Crocetta,Liste,Regionali Liste,2010,R0P,PENSIONATI,
52,Crocetta,Liste,Regionali Liste,2010,R0P,PENSIONATI,5
53,Crocetta,Liste,Regionali Liste,2010,R0P,PENSIONATI,10
54,Crocetta,Liste,Regionali Liste,2010,R0P,PENSIONATI,4
55,Crocetta,Liste,Regionali Liste,2010,R0P,PENSIONATI,2
57,Crocetta,Liste,Regionali Liste,2010,R0P,PENSIONATI,2
58,Crocetta,Liste,Regionali Liste,2010,R0P,PENSIONATI,
59,Crocetta,Liste,Regionali Liste,2010,R0P,,11
60,Crocetta,Liste,Regionali Liste,2010,R0P,PENSIONATI,5
61,Crocetta,Liste,Regionali Liste,2010,R0P,PENSIONATI,4
62,Crocetta,Liste,Regionali Liste,2010,R0P,PENSIONATI,6
63,Crocetta,Liste,Regionali Liste,2010,R0P,PENSIONATI,3
66,Crocetta,Liste,Regionali Liste,2010,R0P,,3
67,Crocetta,Liste,Regionali Liste,2010,R0P,PENSIONATI,3
68,Crocetta,Liste,Regionali Liste,2010,R0P,,6
69,Crocetta,Liste,Regionali Liste,2010,R0P,,4
70,Crocetta,Liste,Regionali Liste,2010,R0P,PENSIONATI,
71,Buon Pastore,Liste,Regionali Liste,2010,R0P,PENSIONATI,2
74,Buon Pastore,Liste,Regionali Liste,2010,R0P,PENSIONATI,2
75,Buon Pastore,Liste,Regionali Liste,2010,R0P,PENSIONATI,3
77,Buon Pastore,Liste,Regionali Liste,2010,R0P,PENSIONATI,
78,Buon Pastore,Liste,Regionali Liste,2010,R0P,PENSIONATI,
80,Buon Pastore,Liste,Regionali Liste,2010,R0P,PENSIONATI,
81,Buon Pastore,Liste,Regionali Liste,2010,R0P,PENSIONATI,3
82,Buon Pastore,Liste,Regionali Liste,2010,R0P,,
83,Buon Pastore,Liste,Regionali Liste,2010,R0P,,3
84,Buon Pastore,Liste,Regionali Liste,2010,R0P,PENSIONATI,3
85,Buon Pastore,Liste,Regionali Liste,2010,R0P,,3
86,Buon Pastore,Liste,Regionali Liste,2010,R0P,PENSIONATI,
87,Buon Pastore,Liste,Regionali Liste,2010,R0P,PENSIONATI,9
88,Buon Pastore,Liste,Regionali Liste,2010,R0P,PENSIONATI,
89,Buon Pastore,Liste,Regionali Liste,2010,R0P,PENSIONATI,6
90,Buon Pastore,Liste,Regionali Liste,2010,R0P,PENSIONATI,2
92,Buon Pastore,Liste,Regionali Liste,2010,R0P,PENSIONATI,3
93,Buon Pastore,Liste,Regionali Liste,2010,R0P,,
94,Buon Pastore,Liste,Regionali Liste,2010,R0P,PENSIONATI,
95,Buon Pastore,Liste,Regionali Liste,2010,R0P,PENSIONATI,6
96,Buon Pastore,Liste,Regionali Liste,2010,R0P,,11
98,Buon Pastore,Liste,Regionali Liste,2010,R0P,PENSIONATI,6
99,Buon Pastore,Liste,Regionali Liste,2010,R0P,PENSIONATI,
100,Buon Pastore,Liste,Regionali Liste,2010,R0P,PENSIONATI,4
101,Buon Pastore,Liste,Regionali Liste,2010,R0P,PENSIONATI,3
102,Buon Pastore,Liste,Regionali Liste,2010,R0P,,5
104,Buon Pastore,Liste,Regionali Liste,2010,R0P,PENSIONATI,
105,Buon Pastore,Liste,Regionali Liste,2010,R0P,PENSIONATI,2
106,Buon Pastore,Liste,Regionali Liste,2010,R0P,,4
108,Buon Pastore,Liste,Regionali Liste,2010,R0P,PENSIONATI,5
109,Buon Pastore,Liste,Regionali Liste,2010,R0P,PENSIONATI,9
111,Buon Pastore,Liste,Regionali Liste,2010,R0P,PENSIONATI,4
112,Buon Pastore,Liste,Regionali Liste,2010,R0P,PENSIONATI,7
113,Buon Pastore,Liste,Regionali Liste,2010,R0P,,4
114,Buon Pastore,Liste,Regionali Liste,2010,R0P,PENSIONATI,2
116,Buon Pastore,Liste,Regionali Liste,2010,R0P,PENSIONATI,0
118,Buon Pastore,Liste,Regionali Liste,2010,R0P,PENSIONATI,7
119,Buon Pastore,Liste,Regionali Liste,2010,R0P,PENSIONATI,3
120,Buon Pastore,Liste,Regionali Liste,2010,R0P,PENSIONATI,
121,Buon Pastore,Liste,Regionali Liste,2010,R0P,PENSIONATI,3
122,Buon Pastore,Liste,Regionali Liste,2010,R0P,PENSIONATI,4
123,Buon Pastore,Liste,Regionali Liste,2010,R0P,PENSIONATI,2
126,Buon Pastore,Liste,Regionali Liste,2010,R0P,PENSIONATI,7
127,Buon Pastore,Liste,Regionali Liste,2010,R0P,,4
128,Buon Pastore,Liste,Regionali Liste,2010,R0P,PENSIONATI,11
129,Buon Pastore,Liste,Regionali Liste,2010,R0P,,8
132,San Faustino,Liste,Regionali Liste,2010,R0P,PENSIONATI,
133,San Faustino,Liste,Regionali Liste,2010,R0P,PENSIONATI,7
136,San Faustino,Liste,Regionali Liste,2010,R0P,PENSIONATI,6
137,San Faustino,Liste,Regionali Liste,2010,R0P,PENSIONATI,3
138,San Faustino,Liste,Regionali Liste,2010,R0P,,1
139,San Faustino,Liste,Regionali Liste,2010,R0P,PENSIONATI,1
140,San Faustino,Liste,Regionali Liste,2010,R0P,PENSIONATI,5
141,San Faustino,Liste,Regionali Liste,2010,R0P,PENSIONATI,6
142,San Faustino,Liste,Regionali Liste,2010,R0P,PENSIONATI,1
144,San Faustino,Liste,Regionali Liste,2010,R0P,PENSIONATI,2
145,San Faustino,Liste,Regionali Liste,2010,R0P,PENSIONATI,
146,San Faustino,Liste,Regionali Liste,2010,R0P,PENSIONATI,2
147,San Faustino,Liste,Regionali Liste,2010,R0P,PENSIONATI,1
148,San Faustino,Liste,Regionali Liste,2010,R0P,PENSIONATI,4
149,San Faustino,Liste,Regionali Liste,2010,R0P,PENSIONATI,7
150,San Faustino,Liste,Regionali Liste,2010,R0P,PENSIONATI,3
151,San Faustino,Liste,Regionali Liste,2010,R0P,PENSIONATI,5
152,San Faustino,Liste,Regionali Liste,2010,R0P,PENSIONATI,3
154,San Faustino,Liste,Regionali Liste,2010,R0P,PENSIONATI,5
158,San Faustino,Liste,Regionali Liste,2010,R0P,PENSIONATI,
159,San Faustino,Liste,Regionali Liste,2010,R0P,PENSIONATI,5
160,San Faustino,Liste,Regionali Liste,2010,R0P,,5
161,San Faustino,Liste,Regionali Liste,2010,R0P,PENSIONATI,
165,San Faustino,Liste,Regionali Liste,2010,R0P,PENSIONATI,
167,San Faustino,Liste,Regionali Liste,2010,R0P,PENSIONATI,5
168,San Faustino,Liste,Regionali Liste,2010,R0P,,4
169,San Faustino,Liste,Regionali Liste,2010,R0P,PENSIONATI,8
170,San Faustino,Liste,Regionali Liste,2010,R0P,PENSIONATI,6
171,San Faustino,Liste,Regionali Liste,2010,R0P,PENSIONATI,0
172,San Faustino,Liste,Regionali Liste,2010,R0P,,9
173,San Faustino,Liste,Regionali Liste,2010,R0P,,
174,San Faustino,Liste,Regionali Liste,2010,R0P,PENSIONATI,2
175,San Faustino,Liste,Regionali Liste,2010,R0P,PENSIONATI,2
176,San Faustino,Liste,Regionali Liste,2010,R0P,PENSIONATI,3
177,San Faustino,Liste,Regionali Liste,2010,R0P,PENSIONATI,1
178,San Faustino,Liste,Regionali Liste,2010,R0P,PENSIONATI,3
179,San Faustino,Liste,Regionali Liste,2010,R0P,PENSIONATI,2
181,Buon Pastore,Liste,Regionali Liste,2010,R0P,PENSIONATI,3
182,Buon Pastore,Liste,Regionali Liste,2010,R0P,PENSIONATI,0
183,San Faustino,Liste,Regionali Liste,2010,R0P,PENSIONATI,0
184,San Faustino,Liste,Regionali Liste,2010,R0P,PENSIONATI,
185,San Faustino,Liste,Regionali Liste,2010,R0P,PENSIONATI,5
187,Buon Pastore,Liste,Regionali Liste,2010,R0P,,
1,Centro,Liste,Regionali Liste,2010,R0P,ITALIA_DEI_VALORI,28
2,Centro,Liste,Regionali Liste,2010,R0P,ITALIA_DEI_VALORI,18
3,Centro,Liste,Regionali Liste,2010,R0P,ITALIA_DEI_VALORI,18
4,Centro,Liste,Regionali Liste,2010,R0P,,23
5,Centro,Liste,Regionali Liste,2010,R0P,ITALIA_DEI_VALORI,13
6,Centro,Liste,Regionali Liste,2010,R0P,,
7,Centro,Liste,Regionali Liste,2010,R0P,ITALIA_DEI_VALORI,
8,Centro,Liste,Regionali Liste,2010,R0P,ITALIA_DEI_VALORI,16
9,Centro,Liste,Regionali Liste,2010,R0P,,29
10,Centro,Liste,Regionali Liste,2010,R0P,ITALIA_DEI_VALORI,
11,Centro,Liste,Regionali Liste,2010,R0P,ITALIA_DEI_VALORI,24
12,Centro,Liste,Regionali Liste,2010,R0P,ITALIA_DEI_VALORI,31
13,Centro,Liste,Regionali Liste,2010,R0P,ITALIA_DEI_VALORI,28
15,Centro,Liste,Regionali Liste,2010,R0P,ITALIA_DEI_VALORI,32
16,Centro,Liste,Regionali Liste,2010,R0P,ITALIA_DEI_VALORI,30
17,Centro,Liste,Regionali Liste,2010,R0P,,39
20,Centro,Liste,Regionali Liste,2010,R0P,ITALIA_DEI_VALORI,30
23,Crocetta,Liste,Regionali Liste,2010,R0P,,
24,Crocetta,Liste,Regionali Liste,2010,R0P,ITALIA_DEI_VALORI,32
25,Crocetta,Liste,Regionali Liste,2010,R0P,ITALIA_DEI_VALORI,51
26,Crocetta,Liste,Regionali Liste,2010,R0P,ITALIA_DEI_VALORI,18
28,Crocetta,Liste,Regionali Liste,2010,R0P,ITALIA_DEI_VALORI,28
29,Crocetta,Liste,Regionali Liste,2010,R0P,ITALIA_DEI_VALORI,29
30,Crocetta,Liste,Regionali Liste,2010,R0P,,25
33,Crocetta,Liste,Regionali Liste,2010,R0P,,33
34,Crocetta,Liste,Regionali Liste,2010,R0P,ITALIA_DEI_VALORI,30
35,Crocetta,Liste,Regionali Liste,2010,R0P,ITALIA_DEI_VALORI,22
36,Crocetta,Liste,Regionali Liste,2010,R0P,ITALIA_DEI_VALORI,
37,Crocetta,Liste,Regionali Liste,2010,R0P,ITALIA_DEI_VALORI,45
38,Crocetta,Liste,Regionali Liste,2010,R0P,ITALIA_DEI_VALORI,40
39,Crocetta,Liste,Regionali Liste,2010,R0P,ITALIA_DEI_VALORI,48
40,Crocetta,Liste,Regionali Liste,2010,R0P,ITALIA_DEI_VALORI,
41,Crocetta,Liste,Regionali Liste,2010,R0P,ITALIA_DEI_VALORI,53
42,Crocetta,Liste,Regionali Liste,2010,R0P,ITALIA_DEI_VALORI,57
44,Crocetta,Liste,Regionali Liste,2010,R0P,ITALIA_DEI_VALORI,25
45,Crocetta,Liste,Regionali Liste,2010,R0P,,63
47,Crocetta,Liste,Regionali Liste,2010,R0P,ITALIA_DEI_VALORI,28
48,Crocetta,Liste,Regionali Liste,2010,R0P,ITALIA_DEI_VALORI,
49,Crocetta,Liste,Regionali Liste,2010,R0P,ITALIA_DEI_VALORI,33
51,Crocetta,Liste,Regionali Liste,2010,R0P,ITALIA_DEI_VALORI,22
52,Crocetta,Liste,Regionali Liste,2010,R0P,,
53,Crocetta,Liste,Regionali Liste,2010,R0P,ITALIA_DEI_VALORI,32
54,Crocetta,Liste,Regionali Liste,2010,R0P,ITALIA_DEI_VALORI,26
57,Crocetta,Liste,Regionali Liste,2010,R0P,,23
58,Crocetta,Liste,Regionali Liste,2010,R0P,ITALIA_DEI_VALORI,37
59,Crocetta,Liste,Regionali Liste,2010,R0P,ITALIA_DEI_VALORI,
60,Crocetta,Liste,Regionali Liste,2010,R0P,ITALIA_DEI_VALORI,
61,Crocetta,Liste,Regionali Liste,2010,R0P,ITALIA_DEI_VALORI,46
62,Crocetta,Liste,Regionali Liste,2010,R0P,ITALIA_DEI_VALORI,42
65,Crocetta,Liste,Regionali Liste,2010,R0P,ITALIA_DEI_VALORI,18
66,Crocetta,Liste,Regionali Liste,2010,R0P,ITALIA_DEI_VALORI,27
67,Crocetta,Liste,Regionali Liste,2010,R0P,ITALIA_DEI_VALORI,33
68,Crocetta,Liste,Regionali Liste,2010,R0P,,46
70,Crocetta,Liste,Regionali Liste,2010,R0P,ITALIA_DEI_VALORI,33
71,Buon Pastore,Liste,Regionali Liste,2010,R0P,ITALIA_DEI_VALORI,23
73,Buon Pastore,Liste,Regionali Liste,2010,R0P,ITALIA_DEI_VALORI,35
74,Buon Pastore,Liste,Regionali Liste,2010,R0P,ITALIA_DEI_VALORI,17
75,Buon Pastore,Liste,Regionali Liste,2010,R0P,ITALIA_DEI_VALORI,24
76,Buon Pastore,Liste,Regionali Liste,2010,R0P,ITALIA_DEI_VALORI,14
77,Buon Pastore,Liste,Regionali Liste,2010,R0P,ITALIA_DEI_VALORI,18
78,Buon Pastore,Liste,Regionali Liste,2010,R0P,ITALIA_DEI_VALORI,32
79,Buon Pastore,Liste,Regionali Liste,2010,R0P,ITALIA_DEI_VALORI,
80,Buon Pastore,Liste,Regionali Liste,2010,R0P,ITALIA_DEI_VALORI,64
81,Buon Pastore,Liste,Regionali Liste,2010,R0P,ITALIA_DEI_VALORI,
82,Buon Pastore,Liste,Regionali Liste,2010,R0P,,29
83,Buon Pastore,Liste,Regionali Liste,2010,R0P,ITALIA_DEI_VALORI,35
84,Buon Pastore,Liste,Regionali Liste,2010,R0P,ITALIA_DEI_VALORI,
86,Buon Pastore,Liste,Regionali Liste,2010,R0P,ITALIA_DEI_VALORI,34
88,Buon Pastore,Liste,Regionali Liste,2010,R0P,ITALIA_DEI_VALORI,20
89,Buon Pastore,Liste,Regionali Liste,2010,R0P,ITALIA_DEI_VALORI,
90,Buon Pastore,Liste,Regionali Liste,2010,R0P,ITALIA_DEI_VALORI,43
92,Buon Pastore,Liste,Regionali Liste,2010,R0P,ITALIA_DEI_VALORI,43
94,Buon Pastore,Liste,Regionali Liste,2010,R0P,ITALIA_DEI_VALORI,50
96,Buon Pastore,Liste,Regionali Liste,2010,R0P,ITALIA_DEI_VALORI,
98,Buon Pastore,Liste,Regionali Liste,2010,R0P,ITALIA_DEI_VALORI,23
99,Buon Pastore,Liste,Regionali Liste,2010,R0P,,31
100,Buon Pastore,Liste,Regionali Liste,2010,R0P,,29
101,Buon Pastore,Liste,Regionali Liste,2010,R0P,ITALIA_DEI_VALORI,37
102,Buon Pastore,Liste,Regionali Liste,2010,R0P,ITALIA_DEI_VALORI,26
103,Buon Pastore,Liste,Regionali Liste,2010,R0P,ITALIA_DEI_VALORI,
104,Buon Pastore,Liste,Regionali Liste,2010,R0P,,37
105,Buon Pastore,Liste,Regionali Liste,2010,R0P,ITALIA_DEI_VALORI,28
106,Buon Pastore,Liste,Regionali Liste,2010,R0P,ITALIA_DEI_VALORI,
108,Buon Pastore,Liste,Regionali Liste,2010,R0P,,24
110,Buon Pastore,Liste,Regionali Liste,2010,R0P,ITALIA_DEI_VALORI,38
111,Buon Pastore,Liste,Regionali Liste,2010,R0P,ITALIA_DEI_VALORI,
112,Buon Pastore,Liste,Regionali Liste,2010,R0P,ITALIA_DEI_VALORI,31
113,Buon Pastore,Liste,Regionali Liste,2010,R0P,ITALIA_DEI_VALORI,50
114,Buon Pastore,Liste,Regionali Liste,2010,R0P,ITALIA_DEI_VALORI,39
115,Buon Pastore,Liste,Regionali Liste,2010,R0P,ITALIA_DEI_VALORI,23
116,Buon Pastore,Liste,Regionali Liste,2010,R0P,ITALIA_DEI_VALORI,42
117,Buon Pastore,Liste,Regionali Liste,2010,R0P,,48
118,Buon Pastore,Liste,Regionali Liste,2010,R0P,ITALIA_DEI_VALORI,
119,Buon Pastore,Liste,Regionali Liste,2010,R0P,ITALIA_DEI_VALORI,
121,Buon Pastore,Liste,Regionali Liste,2010,R0P,ITALIA_DEI_VALORI,
122,Buon Pastore,Liste,Regionali Liste,2010,R0P,ITALIA_DEI_VALORI,9
123,Buon Pastore,Liste,Regionali Liste,2010,R0P,ITALIA_DEI_VALORI,21
124,Buon Pastore,Liste,Regionali Liste,2010,R0P,ITALIA_DEI_VALORI,37
125,Buon Pastore,Liste,Regionali Liste,2010,R0P,,43
126,Buon Pastore,Liste,Regionali Liste,2010,R0P,ITALIA_DEI_VALORI,37
127,Buon Pastore,Liste,Regionali Liste,2010,R0P,ITALIA_DEI_VALORI,
128,Buon Pastore,Liste,Regionali Liste,2010,R0P,ITALIA_DEI_VALORI,
129,Buon Pastore,Liste,Regionali Liste,2010,R0P,ITALIA_DEI_VALORI,42
130,San Faustino,Liste,Regionali Liste,2010,R0P,ITALIA_DEI_VALORI,20
132,San Faustino,Liste,Regionali Liste,2010,R0P,ITALIA_DEI_VALORI,27
133,San Faustino,Liste,Regionali Liste,2010,R0P,ITALIA_DEI_VALORI,
134,San Faustino,Liste,Regionali Liste,2010,R0P,,
136,San Faustino,Liste,Regionali Liste,2010,R0P,ITALIA_DEI_VALORI,18
137,San Faustino,Liste,Regionali Liste,2010,R0P,ITALIA_DEI_VALORI,34
138,San Faustino,Liste,Regionali Liste,2010,R0P,,20
139,San Faustino,Liste,Regionali Liste,2010,R0P,ITALIA_DEI_VALORI,23
140,San Faustino,Liste,Regionali Liste,2010,R0P,,34
141,San Faustino,Liste,Regionali Liste,2010,R0P,ITALIA_DEI_VALORI,17
142,San Faustino,Liste,Regionali Liste,2010,R0P,ITALIA_DEI_VALORI,22
143,San Faustino,Liste,Regionali Liste,2010,R0P,ITALIA_DEI_VALORI,
144,San Faustino,Liste,Regionali Liste,2010,R0P,ITALIA_DEI_VALORI,26
145,San Faustino,Liste,Regionali Liste,2010,R0P,ITALIA_DEI_VALORI,
147,San Faustino,Liste,Regionali Liste,2010,R0P,ITALIA_DEI_VALORI,34
148,San Faustino,Liste,Regionali Liste,2010,R0P,ITALIA_DEI_VALORI,35
149,San Faustino,Liste,Regionali Liste,2010,R0P,ITALIA_DEI_VALORI,
150,San Faustino,Liste,Regionali Liste,2010,R0P,ITALIA_DEI_VALORI,
151,San Faustino,Liste,Regionali Liste,2010,R0P,ITALIA_DEI_VALORI,37
154,San Faustino,Liste,Regionali Liste,2010,R0P,ITALIA_DEI_VALORI,37
155,San Faustino,Liste,Regionali Liste,2010,R0P,ITALIA_DEI_VALORI,24
156,San Faustino,Liste,Regionali Liste,2010,R0P,ITALIA_DEI_VALORI,35
158,San Faustino,Liste,Regionali Liste,2010,R0P,ITALIA_DEI_VALORI,35
159,San Faustino,Liste,Regionali Liste,2010,R0P,ITALIA_DEI_VALORI,
161,San Faustino,Liste,Regionali Liste,2010,R0P,ITALIA_DEI_VALORI,26
162,San Faustino,Liste,Regionali Liste,2010,R0P,ITALIA_DEI_VALORI,34
165,San Faustino,Liste,Regionali Liste,2010,R0P,,41
166,San Faustino,Liste,Regionali Liste,2010,R0P,ITALIA_DEI_VALORI,
167,San Faustino,Liste,Regionali Liste,2010,R0P,,26
168,San Faustino,Liste,Regionali Liste,2010,R0P,,30
169,San Faustino,Liste,Regionali Liste,2010,R0P,,
170,San Faustino,Liste,Regionali Liste,2010,R0P,ITALIA_DEI_VALORI,53
172,San Faustino,Liste,Regionali Liste,2010,R0P,ITALIA_DEI_VALORI,29
173,San Faustino,Liste,Regionali Liste,2010,R0P,ITALIA_DEI_VALORI,16
174,San Faustino,Liste,Regionali Liste,2010,R0P,ITALIA_DEI_VALORI,27
175,San Faustino,Liste,Regionali Liste,2010,R0P,ITALIA_DEI_VALORI,24
176,San Faustino,Liste,Regionali Liste,2010,R0P,ITALIA_DEI_VALORI,47
177,San Faustino,Liste,Regionali Liste,2010,R0P,ITALIA_DEI_VALORI,40
178,San Faustino,Liste,Regionali Liste,2010,R0P,ITALIA_DEI_VALORI,33
179,San Faustino,Liste,Regionali Liste,2010,R0P,ITALIA_DEI_VALORI,32
180,San Faustino,Liste,Regionali Liste,2010,R0P,ITALIA_DEI_VALORI,
181,Buon Pastore,Liste,Regionali Liste,2010,R0P,ITALIA_DEI_VALORI,
183,San Faustino,Liste,Regionali Liste,2010,R0P,,0
185,San Faustino,Liste,Regionali Liste,2010,R0P,ITALIA_DEI_VALORI,29
186,San Faustino,Liste,Regionali Liste,2010,R0P,ITALIA_DEI_VALORI,35
187,Buon Pastore,Liste,Regionali Liste,2010,R0P,ITALIA_DEI_VALORI,38
1,Centro,Liste,Regionali Liste,2010,R0P,RIFONDAZIONE_E_COMUNISTI_IT_,10
5,Centro,Liste,Regionali Liste,2010,R0P,RIFONDAZIONE_E_COMUNISTI_IT_,
6,Centro,Liste,Regionali Liste,2010,R0P,,
8,Centro,Liste,Regionali Liste,2010,R0P,RIFONDAZIONE_E_COMUNISTI_IT_,6
9,Centro,Liste,Regionali Liste,2010,R0P,,
10,Centro,Liste,Regionali Liste,2010,R0P,RIFONDAZIONE_E_COMUNISTI_IT_,10
11,Centro,Liste,Regionali Liste,2010,R0P,RIFONDAZIONE_E_COMUNISTI_IT_,8
12,Centro,Liste,Regionali Liste,2010,R0P,RIFONDAZIONE_E_COMUNISTI_IT_,7
15,Centro,Liste,Regionali Liste,2010,R0P,RIFONDAZIONE_E_COMUNISTI_IT_,9
16,Centro,Liste,Regionali Liste,2010,R0P,RIFONDAZIONE_E_COMUNISTI_IT_,
20,Centro,Liste,Regionali Liste,2010,R0P,RIFONDAZIONE_E_COMUNISTI_IT_,3
21,Centro,Liste,Regionali Liste,2010,R0P,RIFONDAZIONE_E_COMUNISTI_IT_,
22,Crocetta,Liste,Regionali Liste,2010,R0P,RIFONDAZIONE_E_COMUNISTI_IT_,10
23,Crocetta,Liste,Regionali Liste,2010,R0P,RIFONDAZIONE_E_COMUNISTI_IT_,
24,Crocetta,Liste,Regionali Liste,2010,R0P,RIFONDAZIONE_E_COMUNISTI_IT_,
27,Crocetta,Liste,Regionali Liste,2010,R0P,,9
28,Crocetta,Liste,Regionali Liste,2010,R0P,RIFONDAZIONE_E_COMUNISTI_IT_,
29,Crocetta,Liste,Regionali Liste,2010,R0P,,15
30,Crocetta,Liste,Regionali Liste,2010,R0P,RIFONDAZIONE_E_COMUNISTI_IT_,16
31,Crocetta,Liste,Regionali Liste,2010,R0P,,10
32,Crocetta,Liste,Regionali Liste,2010,R0P,RIFONDAZIONE_E_COMUNISTI_IT_,7
33,Crocetta,Liste,Regionali Liste,2010,R0P,RIFONDAZIONE_E_COMUNISTI_IT_,5
34,Crocetta,Liste,Regionali Liste,2010,R0P,,6
35,Crocetta,Liste,Regionali Liste,2010,R0P,RIFONDAZIONE_E_COMUNISTI_IT_,
36,Crocetta,Liste,Regionali Liste,2010,R0P,RIFONDAZIONE_E_COMUNISTI_IT_,
37,Crocetta,Liste,Regionali Liste,2010,R0P,,4
38,Crocetta,Liste,Regionali Liste,2010,R0P,,
39,Crocetta,Liste,Regionali Liste,2010,R0P,RIFONDAZIONE_E_COMUNISTI_IT_,3
40,Crocetta,Liste,Regionali Liste,2010,R0P,RIFONDAZIONE_E_COMUNISTI_IT_,13
41,Crocetta,Liste,Regionali Liste,2010,R0P,RIFONDAZIONE_E_COMUNISTI_IT_,8
42,Crocetta,Liste,Regionali Liste,2010,R0P,RIFONDAZIONE_E_COMUNISTI_IT_,
43,Crocetta,Liste,Regionali Liste,2010,R0P,RIFONDAZIONE_E_COMUNISTI_IT_,7
44,Crocetta,Liste,Regionali Liste,2010,R0P,RIFONDAZIONE_E_COMUNISTI_IT_,7
46,Crocetta,Liste,Regionali Liste,2010,R0P,,6
47,Crocetta,Liste,Regionali Liste,2010,R0P,,6
48,Crocetta,Liste,Regionali Liste,2010,R0P,RIFONDAZIONE_E_COMUNISTI_IT_,5
49,Crocetta,Liste,Regionali Liste,2010,R0P,RIFONDAZIONE_E_COMUNISTI_IT_,6
50,Crocetta,Liste,Regionali Liste,2010,R0P,RIFONDAZIONE_E_COMUNISTI_IT_,9
51,Crocetta,Liste,Regionali Liste,2010,R0P,,6
52,Crocetta,Liste,Regionali Liste,2010,R0P,RIFONDAZIONE_E_COMUNISTI_IT_,13
53,Crocetta,Liste,Regionali Liste,2010,R0P,RIFONDAZIONE_E_COMUNISTI_IT_,11
54,Crocetta,Liste,Regionali Liste,2010,R0P,RIFONDAZIONE_E_COMUNISTI_IT_,12
56,Crocetta,Liste,Regionali Liste,2010,R0P,RIFONDAZIONE_E_COMUNISTI_IT_,7
57,Crocetta,Liste,Regionali Liste,2010,R0P,,8
61,Crocetta,Liste,Regionali Liste,2010,R0P,RIFONDAZIONE_E_COMUNISTI_IT_,6
63,Crocetta,Liste,Regionali Liste,2010,R0P,RIFONDAZIONE_E_COMUNISTI_IT_,21
65,Crocetta,Liste,Regionali Liste,2010,R0P,RIFONDAZIONE_E_COMUNISTI_IT_,6
66,Crocetta,Liste,Regionali Liste,2010,R0P,RIFONDAZIONE_E_COMUNISTI_IT_,
68,Crocetta,Liste,Regionali Liste,2010,R0P,RIFONDAZIONE_E_COMUNISTI_IT_,12
69,Crocetta,Liste,Regionali Liste,2010,R0P,RIFONDAZIONE_E_COMUNISTI_IT_,
70,Crocetta,Liste,Regionali Liste,2010,R0P,RIFONDAZIONE_E_COMUNISTI_IT_,9
71,Buon Pastore,Liste,Regionali Liste,2010,R0P,RIFONDAZIONE_E_COMUNISTI_IT_,8
72,Buon Pastore,Liste,Regionali Liste,2010,R0P,RIFONDAZIONE_E_COMUNISTI_IT_,6
73,Buon Pastore,Liste,Regionali Liste,2010,R0P,RIFONDAZIONE_E_COMUNISTI_IT_,5
74,Buon Pastore,Liste,Regionali Liste,2010,R0P,RIFONDAZIONE_E_COMUNISTI_IT_,6
75,Buon Pastore,Liste,Regionali Liste,2010,R0P,RIFONDAZIONE_E_COMUNISTI_IT_,5
78,Buon Pastore,Liste,Regionali Liste,2010,R0P,RIFONDAZIONE_E_COMUNISTI_IT_,15
79,Buon Pastore,Liste,Regionali Liste,2010,R0P,RIFONDAZIONE_E_COMUNISTI_IT_,
81,Buon Pastore,Liste,Regionali Liste,2010,R0P,RIFONDAZIONE_E_COMUNISTI_IT_,12
82,Buon Pastore,Liste,Regionali Liste,2010,R0P,RIFONDAZIONE_E_COMUNISTI_IT_,5
83,Buon Pastore,Liste,Regionali Liste,2010,R0P,RIFONDAZIONE_E_COMUNISTI_IT_,11
84,Buon Pastore,Liste,Regionali Liste,2010,R0P,RIFONDAZIONE_E_COMUNISTI_IT_,14
86,Buon Pastore,Liste,Regionali Liste,2010,R0P,RIFONDAZIONE_E_COMUNISTI_IT_,11
87,Buon Pastore,Liste,Regionali Liste,2010,R0P,RIFONDAZIONE_E_COMUNISTI_IT_,6
88,Buon Pastore,Liste,Regionali Liste,2010,R0P,RIFONDAZIONE_E_COMUNISTI_IT_,7
89,Buon Pastore,Liste,Regionali Liste,2010,R0P,RIFONDAZIONE_E_COMUNISTI_IT_,6
90,Buon Pastore,Liste,Regionali Liste,2010,R0P,RIFONDAZIONE_E_COMUNISTI_IT_,6
91,Buon Pastore,Liste,Regionali Liste,2010,R0P,RIFONDAZIONE_E_COMUNISTI_IT_,8
92,Buon Pastore,Liste,Regionali Liste,2010,R0P,RIFONDAZIONE_E_COMUNISTI_IT_,12
93,Buon Pastore,Liste,Regionali Liste,2010,R0P,RIFONDAZIONE_E_COMUNISTI_IT_,15
96,Buon Pastore,Liste,Regionali Liste,2010,R0P,RIFONDAZIONE_E_COMUNISTI_IT_,18
97,Buon Pastore,Liste,Regionali Liste,2010,R0P,RIFONDAZIONE_E_COMUNISTI_IT_,9
98,Buon Pastore,Liste,Regionali Liste,2010,R0P,RIFONDAZIONE_E_COMUNISTI_IT_,7
99,Buon Pastore,Liste,Regionali Liste,2010,R0P,RIFONDAZIONE_E_COMUNISTI_IT_,8
100,Buon Pastore,Liste,Regionali Liste,2010,R0P,RIFONDAZIONE_E_COMUNISTI_IT_,16
101,Buon Pastore,Liste,Regionali Liste,2010,R0P,RIFONDAZIONE_E_COMUNISTI_IT_,6
103,Buon Pastore,Liste,Regionali Liste,2010,R0P,RIFONDAZIONE_E_COMUNISTI_IT_,10
104,Buon Pastore,Liste,Regionali Liste,2010,R0P,RIFONDAZIONE_E_COMUNISTI_IT_,3
105,Buon Pastore,Liste,Regionali Liste,2010,R0P,RIFONDAZIONE_E_COMUNISTI_IT_,9
106,Buon Pastore,Liste,Regionali Liste,2010,R0P,RIFONDAZIONE_E_COMUNISTI_IT_,5
108,Buon Pastore,Liste,Regionali Liste,2010,R0P,RIFONDAZIONE_E_COMUNISTI_IT_,
109,Buon Pastore,Liste,Regionali Liste,2010,R0P,RIFONDAZIONE_E_COMUNISTI_IT_,
110,Buon Pastore,Liste,Regionali Liste,2010,R0P,RIFONDAZIONE_E_COMUNISTI_IT_,9
112,Buon Pastore,Liste,Regionali Liste,2010,R0P,RIFONDAZIONE_E_COMUNISTI_IT_,6
113,Buon Pastore,Liste,Regionali Liste,2010,R0P,RIFONDAZIONE_E_COMUNISTI_IT_,8
114,Buon Pastore,Liste,Regionali Liste,2010,R0P,RIFONDAZIONE_E_COMUNISTI_IT_,8
115,Buon Pastore,Liste,Regionali Liste,2010,R0P,RIFONDAZIONE_E_COMUNISTI_IT_,11
116,Buon Pastore,Liste,Regionali Liste,2010,R0P,RIFONDAZIONE_E_COMUNISTI_IT_,10
117,Buon Pastore,Liste,Regionali Liste,2010,R0P,RIFONDAZIONE_E_COMUNISTI_IT_,
118,Buon Pastore,Liste,Regionali Liste,2010,R0P,RIFONDAZIONE_E_COMUNISTI_IT_,5
119,Buon Pastore,Liste,Regionali Liste,2010,R0P,RIFONDAZIONE_E_COMUNISTI_IT_,10
120,Buon Pastore,Liste,Regionali Liste,2010,R0P,RIFONDAZIONE_E_COMUNISTI_IT_,9
122,Buon Pastore,Liste,Regionali Liste,2010,R0P,RIFONDAZIONE_E_COMUNISTI_IT_,
123,Buon Pastore,Liste,Regionali Liste,2010,R0P,RIFONDAZIONE_E_COMUNISTI_IT_,11
124,Buon Pastore,Liste,Regionali Liste,2010,R0P,RIFONDAZIONE_E_COMUNISTI_IT_,14
125,Buon Pastore,Liste,Regionali Liste,2010,R0P,,12
126,Buon Pastore,Liste,Regionali Liste,2010,R0P,RIFONDAZIONE_E_COMUNISTI_IT_,12
127,Buon Pastore,Liste,Regionali Liste,2010,R0P,RIFONDAZIONE_E_COMUNISTI_IT_,
128,Buon Pastore,Liste,Regionali Liste,2010,R0P,,11
129,Buon Pastore,Liste,Regionali Liste,2010,R0P,RIFONDAZIONE_E_COMUNISTI_IT_,7
130,San Faustino,Liste,Regionali Liste,2010,R0P,RIFONDAZIONE_E_COMUNISTI_IT_,9
132,San Faustino,Liste,Regionali Liste,2010,R0P,RIFONDAZIONE_E_COMUNISTI_IT_,8
134,San Faustino,Liste,Regionali Liste,2010,R0P,,7
135,San Faustino,Liste,Regionali Liste,2010,R0P,,3
138,San Faustino,Liste,Regionali Liste,2010,R0P,,
139,San Faustino,Liste,Regionali Liste,2010,R0P,,7
141,San Faustino,Liste,Regionali Liste,2010,R0P,RIFONDAZIONE_E_COMUNISTI_IT_,7
142,San Faustino,Liste,Regionali Liste,2010,R0P,,
144,San Faustino,Liste,Regionali Liste,2010,R0P,RIFONDAZIONE_E_COMUNISTI_IT_,7
145,San Faustino,Liste,Regionali Liste,2010,R0P,RIFONDAZIONE_E_COMUNISTI_IT_,5
146,San Faustino,Liste,Regionali Liste,2010,R0P,RIFONDAZIONE_E_COMUNISTI_IT_,
148,San Faustino,Liste,Regionali Liste,2010,R0P,RIFONDAZIONE_E_COMUNISTI_IT_,10
149,San Faustino,Liste,Regionali Liste,2010,R0P,RIFONDAZIONE_E_COMUNISTI_IT_,16
150,San Faustino,Liste,Regionali Liste,2010,R0P,RIFONDAZIONE_E_COMUNISTI_IT_,
151,San Faustino,Liste,Regionali Liste,2010,R0P,RIFONDAZIONE_E_COMUNISTI_IT_,8
152,San Faustino,Liste,Regionali Liste,2010,R0P,RIFONDAZIONE_E_COMUNISTI_IT_,
153,San Faustino,Liste,Regionali Liste,2010,R0P,RIFONDAZIONE_E_COMUNISTI_IT_,7
154,San Faustino,Liste,Regionali Liste,2010,R0P,,8
155,San Faustino,Liste,Regionali Liste,2010,R0P,RIFONDAZIONE_E_COMUNISTI_IT_,7
156,San Faustino,Liste,Regionali Liste,2010,R0P,RIFONDAZIONE_E_COMUNISTI_IT_,9
157,San Faustino,Liste,Regionali Liste,2010,R0P,RIFONDAZIONE_E_COMUNISTI_IT_,6
161,San Faustino,Liste,Regionali Liste,2010,R0P,,5
162,San Faustino,Liste,Regionali Liste,2010,R0P,RIFONDAZIONE_E_COMUNISTI_IT_,
163,San Faustino,Liste,Regionali Liste,2010,R0P,RIFONDAZIONE_E_COMUNISTI_IT_,16
164,San Faustino,Liste,Regionali Liste,2010,R0P,RIFONDAZIONE_E_COMUNISTI_IT_,14
165,San Faustino,Liste,Regionali Liste,2010,R0P,RIFONDAZIONE_E_COMUNISTI_IT_,9
166,San Faustino,Liste,Regionali Liste,2010,R0P,RIFONDAZIONE_E_COMUNISTI_IT_,6
167,San Faustino,Liste,Regionali Liste,2010,R0P,RIFONDAZIONE_E_COMUNISTI_IT_,8
168,San Faustino,Liste,Regionali Liste,2010,R0P,RIFONDAZIONE_E_COMUNISTI_IT_,10
169,San Faustino,Liste,Regionali Liste,2010,R0P,RIFONDAZIONE_E_COMUNISTI_IT_,9
170,San Faustino,Liste,Regionali Liste,2010,R0P,,12
171,San Faustino,Liste,Regionali Liste,2010,R0P,RIFONDAZIONE_E_COMUNISTI_IT_,4
172,San Faustino,Liste,Regionali Liste,2010,R0P,,
173,San Faustino,Liste,Regionali Liste,2010,R0P,RIFONDAZIONE_E_COMUNISTI_IT_,5
174,San Faustino,Liste,Regionali Liste,2010,R0P,RIFONDAZIONE_E_COMUNISTI_IT_,6
175,San Faustino,Liste,Regionali Liste,2010,R0P,RIFONDAZIONE_E_COMUNISTI_IT_,14
176,San Faustino,Liste,Regionali Liste,2010,R0P,RIFONDAZIONE_E_COMUNISTI_IT_,
177,San Faustino,Liste,Regionali Liste,2010,R0P,RIFONDAZIONE_E_COMUNISTI_IT_,
178,San Faustino,Liste,Regionali Liste,2010,R0P,RIFONDAZIONE_E_COMUNISTI_IT_,23
179,San Faustino,Liste,Regionali Liste,2010,R0P,RIFONDAZIONE_E_COMUNISTI_IT_,24
180,San Faustino,Liste,Regionali Liste,2010,R0P,RIFONDAZIONE_E_COMUNISTI_IT_,21
181,Buon Pastore,Liste,Regionali Liste,2010,R0P,,0
182,Buon Pastore,Liste,Regionali Liste,2010,R0P,RIFONDAZIONE_E_COMUNISTI_IT_,2
183,San Faustino,Liste,Regionali Liste,2010,R0P,RIFONDAZIONE_E_COMUNISTI_IT_,1
184,San Faustino,Liste,Regionali Liste,2010,R0P,RIFONDAZIONE_E_COMUNISTI_IT_,2
185,San Faustino,Liste,Regionali Liste,2010,R0P,RIFONDAZIONE_E_COMUNISTI_IT_,8
186,San Faustino,Liste,Regionali Liste,2010,R0P,RIFONDAZIONE_E_COMUNISTI_IT_,8
187,Buon Pastore,Liste,Regionali Liste,2010,R0P,RIFONDAZIONE_E_COMUNISTI_IT_,
1,Centro,Liste,Regionali Liste,2010,R0P,UNIONE_DI_CENTRO,
2,Centro,Liste,Regionali Liste,2010,R0P,UNIONE_DI_CENTRO,
3,Centro,Liste,Regionali Liste,2010,R0P,,26
4,Centro,Liste,Regionali Liste,2010,R0P,,15
5,Centro,Liste,Regionali Liste,2010,R0P,UNIONE_DI_CENTRO,
6,Centro,Liste,Regionali Liste,2010,R0P,UNIONE_DI_CENTRO,
7,Centro,Liste,Regionali Liste,2010,R0P,UNIONE_DI_CENTRO,22
8,Centro,Liste,Regionali Liste,2010,R0P,UNIONE_DI_CENTRO,12
9,Centro,Liste,Regionali Liste,2010,R0P,UNIONE_DI_CENTRO,
10,Centro,Liste,Regionali Liste,2010,R0P,UNIONE_DI_CENTRO,19
11,Centro,Liste,Regionali Liste,2010,R0P,UNIONE_DI_CENTRO,16
12,Centro,Liste,Regionali Liste,2010,R0P,UNIONE_DI_CENTRO,20
13,Centro,Liste,Regionali Liste,2010,R0P,UNIONE_DI_CENTRO,17
15,Centro,Liste,Regionali Liste,2010,R0P,UNIONE_DI_CENTRO,10
16,Centro,Liste,Regionali Liste,2010,R0P,UNIONE_DI_CENTRO,17
17,Centro,Liste,Regionali Liste,2010,R0P,UNIONE_DI_CENTRO,16
19,Centro,Liste,Regionali Liste,2010,R0P,UNIONE_DI_CENTRO,
21,Centro,Liste,Regionali Liste,2010,R0P,UNIONE_DI_CENTRO,
22,Crocetta,Liste,Regionali Liste,2010,R0P,,16
23,Crocetta,Liste,Regionali Liste,2010,R0P,UNIONE_DI_CENTRO,22
24,Crocetta,Liste,Regionali Liste,2010,R0P,UNIONE_DI_CENTRO,10
25,Crocetta,Liste,Regionali Liste,2010,R0P,,26
26,Crocetta,Liste,Regionali Liste,2010,R0P,UNIONE_DI_CENTRO,18
27,Crocetta,Liste,Regionali Liste,2010,R0P,UNIONE_DI_CENTRO,10
28,Crocetta,Liste,Regionali Liste,2010,R0P,UNIONE_DI_CENTRO,7
30,Crocetta,Liste,Regionali Liste,2010,R0P,UNIONE_DI_CENTRO,13
33,Crocetta,Liste,Regionali Liste,2010,R0P,UNIONE_DI_CENTRO,
34,Crocetta,Liste,Regionali Liste,2010,R0P,UNIONE_DI_CENTRO,7
35,Crocetta,Liste,Regionali Liste,2010,R0P,UNIONE_DI_CENTRO,
36,Crocetta,Liste,Regionali Liste,2010,R0P,UNIONE_DI_CENTRO,14
38,Crocetta,Liste,Regionali Liste,2010,R0P,UNIONE_DI_CENTRO,12
39,Crocetta,Liste,Regionali Liste,2010,R0P,,
40,Crocetta,Liste,Regionali Liste,2010,R0P,UNIONE_DI_CENTRO,26
41,Crocetta,Liste,Regionali Liste,2010,R0P,UNIONE_DI_CENTRO,17
42,Crocetta,Liste,Regionali Liste,2010,R0P,UNIONE_DI_CENTRO,
43,Crocetta,Liste,Regionali Liste,2010,R0P,UNIONE_DI_CENTRO,20
45,Crocetta,Liste,Regionali Liste,2010,R0P,UNIONE_DI_CENTRO,
46,Crocetta,Liste,Regionali Liste,2010,R0P,UNIONE_DI_CENTRO,
48,Crocetta,Liste,Regionali Liste,2010,R0P,UNIONE_DI_CENTRO,21
49,Crocetta,Liste,Regionali Liste,2010,R0P,UNIONE_DI_CENTRO,30
50,Crocetta,Liste,Regionali Liste,2010,R0P,,11
51,Crocetta,Liste,Regionali Liste,2010,R0P,UNIONE_DI_CENTRO,
52,Crocetta,Liste,Regionali Liste,2010,R0P,UNIONE_DI_CENTRO,24
53,Crocetta,Liste,Regionali Liste,2010,R0P,UNIONE_DI_CENTRO,14
54,Crocetta,Liste,Regionali Liste,2010,R0P,UNIONE_DI_CENTRO,18
56,Crocetta,Liste,Regionali Liste,2010,R0P,UNIONE_DI_CENTRO,
57,Crocetta,Liste,Regionali Liste,2010,R0P,UNIONE_DI_CENTRO,19
58,Crocetta,Liste,Regionali Liste,2010,R0P,UNIONE_DI_CENTRO,9
59,Crocetta,Liste,Regionali Liste,2010,R0P,,20
60,Crocetta,Liste,Regionali Liste,2010,R0P,UNIONE_DI_CENTRO,18
62,Crocetta,Liste,Regionali Liste,2010,R0P,UNIONE_DI_CENTRO,
63,Crocetta,Liste,Regionali Liste,2010,R0P,UNIONE_DI_CENTRO,17
64,Crocetta,Liste,Regionali Liste,2010,R0P,,16
65,Crocetta,Liste,Regionali Liste,2010,R0P,UNIONE_DI_CENTRO,12
66,Crocetta,Liste,Regionali Liste,2010,R0P,UNIONE_DI_CENTRO,12
67,Crocetta,Liste,Regionali Liste,2010,R0P,,
68,Crocetta,Liste,Regionali Liste,2010,R0P,UNIONE_DI_CENTRO,9
70,Crocetta,Liste,Regionali Liste,2010,R0P,,6
71,Buon Pastore,Liste,Regionali Liste,2010,R0P,UNIONE_DI_CENTRO,12
72,Buon Pastore,Liste,Regionali Liste,2010,R0P,UNIONE_DI_CENTRO,22
73,Buon Pastore,Liste,Regionali Liste,2010,R0P,UNIONE_DI_CENTRO,
74,Buon Pastore,Liste,Regionali Liste,2010,R0P,UNIONE_DI_CENTRO,11
75,Buon Pastore,Liste,Regionali Liste,2010,R0P,UNIONE_DI_CENTRO,29
76,Buon Pastore,Liste,Regionali Liste,2010,R0P,UNIONE_DI_CENTRO,
77,Buon Pastore,Liste,Regionali Liste,2010,R0P,UNIONE_DI_CENTRO,23
78,Buon Pastore,Liste,Regionali Liste,2010,R0P,UNIONE_DI_CENTRO,
79,Buon Pastore,Liste,Regionali Liste,2010,R0P,UNIONE_DI_CENTRO,
80,Buon Pastore,Liste,Regionali Liste,2010,R0P,UNIONE_DI_CENTRO,18
81,Buon Pastore,Liste,Regionali Liste,2010,R0P,UNIONE_DI_CENTRO,11
84,Buon Pastore,Liste,Regionali Liste,2010,R0P,UNIONE_DI_CENTRO,
85,Buon Pastore,Liste,Regionali Liste,2010,R0P,UNIONE_DI_CENTRO,14
87,Buon Pastore,Liste,Regionali Liste,2010,R0P,UNIONE_DI_CENTRO,29
88,Buon Pastore,Liste,Regionali Liste,2010,R0P,UNIONE_DI_CENTRO,
89,Buon Pastore,Liste,Regionali Liste,2010,R0P,UNIONE_DI_CENTRO,19
90,Buon Pastore,Liste,Regionali Liste,2010,R0P,,22
91,Buon Pastore,Liste,Regionali Liste,2010,R0P,UNIONE_DI_CENTRO,27
93,Buon Pastore,Liste,Regionali Liste,2010,R0P,UNIONE_DI_CENTRO,14
95,Buon Pastore,Liste,Regionali Liste,2010,R0P,UNIONE_DI_CENTRO,12
96,Buon Pastore,Liste,Regionali Liste,2010,R0P,UNIONE_DI_CENTRO,7
98,Buon Pastore,Liste,Regionali Liste,2010,R0P,UNIONE_DI_CENTRO,17
99,Buon Pastore,Liste,Regionali Liste,2010,R0P,UNIONE_DI_CENTRO,20
100,Buon Pastore,Liste,Regionali Liste,2010,R0P,,
101,Buon Pastore,Liste,Regionali Liste,2010,R0P,,30
103,Buon Pastore,Liste,Regionali Liste,2010,R0P,UNIONE_DI_CENTRO,20
104,Buon Pastore,Liste,Regionali Liste,2010,R0P,UNIONE_DI_CENTRO,15
105,Buon Pastore,Liste,Regionali Liste,2010,R0P,UNIONE_DI_CENTRO,17
106,Buon Pastore,Liste,Regionali Liste,2010,R0P,UNIONE_DI_CENTRO,33
107,Buon Pastore,Liste,Regionali Liste,2010,R0P,UNIONE_DI_CENTRO,16
108,Buon Pastore,Liste,Regionali Liste,2010,R0P,UNIONE_DI_CENTRO,
109,Buon Pastore,Liste,Regionali Liste,2010,R0P,UNIONE_DI_CENTRO,37
110,Buon Pastore,Liste,Regionali Liste,2010,R0P,UNIONE_DI_CENTRO,
111,Buon Pastore,Liste,Regionali Liste,2010,R0P,UNIONE_DI_CENTRO,27
112,Buon Pastore,Liste,Regionali Liste,2010,R0P,UNIONE_DI_CENTRO,18
113,Buon Pastore,Liste,Regionali Liste,2010,R0P,UNIONE_DI_CENTRO,
114,Buon Pastore,Liste,Regionali Liste,2010,R0P,,23
115,Buon Pastore,Liste,Regionali Liste,2010,R0P,UNIONE_DI_CENTRO,40
116,Buon Pastore,Liste,Regionali Liste,2010,R0P,UNIONE_DI_CENTRO,17
117,Buon Pastore,Liste,Regionali Liste,2010,R0P,UNIONE_DI_CENTRO,14
118,Buon Pastore,Liste,Regionali Liste,2010,R0P,UNIONE_DI_CENTRO,14
119,Buon Pastore,Liste,Regionali Liste,2010,R0P,UNIONE_DI_CENTRO,10
120,Buon Pastore,Liste,Regionali Liste,2010,R0P,UNIONE_DI_CENTRO,25
122,Buon Pastore,Liste,Regionali Liste,2010,R0P,UNIONE_DI_CENTRO,
124,Buon Pastore,Liste,Regionali Liste,2010,R0P,UNIONE_DI_CENTRO,
125,Buon Pastore,Liste,Regionali Liste,2010,R0P,UNIONE_DI_CENTRO,
126,Buon Pastore,Liste,Regionali Liste,2010,R0P,UNIONE_DI_CENTRO,11
127,Buon Pastore,Liste,Regionali Liste,2010,R0P,,5
132,San Faustino,Liste,Regionali Liste,2010,R0P,UNIONE_DI_CENTRO,
133,San Faustino,Liste,Regionali Liste,2010,R0P,UNIONE_DI_CENTRO,15
134,San Faustino,Liste,Regionali Liste,2010,R0P,,
135,San Faustino,Liste,Regionali Liste,2010,R0P,UNIONE_DI_CENTRO,26
136,San Faustino,Liste,Regionali Liste,2010,R0P,UNIONE_DI_CENTRO,29
138,San Faustino,Liste,Regionali Liste,2010,R0P,,22
139,San Faustino,Liste,Regionali Liste,2010,R0P,UNIONE_DI_CENTRO,11
140,San Faustino,Liste,Regionali Liste,2010,R0P,UNIONE_DI_CENTRO,12
141,San Faustino,Liste,Regionali Liste,2010,R0P,UNIONE_DI_CENTRO,14
142,San Faustino,Liste,Regionali Liste,2010,R0P,UNIONE_DI_CENTRO,19
144,San Faustino,Liste,Regionali Liste,2010,R0P,UNIONE_DI_CENTRO,22
146,San Faustino,Liste,Regionali Liste,2010,R0P,UNIONE_DI_CENTRO,
147,San Faustino,Liste,Regionali Liste,2010,R0P,UNIONE_DI_CENTRO,16
148,San Faustino,Liste,Regionali Liste,2010,R0P,UNIONE_DI_CENTRO,15
149,San Faustino,Liste,Regionali Liste,2010,R0P,UNIONE_DI_CENTRO,18
150,San Faustino,Liste,Regionali Liste,2010,R0P,UNIONE_DI_CENTRO,26
151,San Faustino,Liste,Regionali Liste,2010,R0P,UNIONE_DI_CENTRO,12
152,San Faustino,Liste,Regionali Liste,2010,R0P,UNIONE_DI_CENTRO,31
153,San Faustino,Liste,Regionali Liste,2010,R0P,UNIONE_DI_CENTRO,20
154,San Faustino,Liste,Regionali Liste,2010,R0P,UNIONE_DI_CENTRO,19
155,San Faustino,Liste,Regionali Liste,2010,R0P,,24
156,San Faustino,Liste,Regionali Liste,2010,R0P,UNIONE_DI_CENTRO,27
157,San Faustino,Liste,Regionali Liste,2010,R0P,,
158,San Faustino,Liste,Regionali Liste,2010,R0P,UNIONE_DI_CENTRO,
160,San Faustino,Liste,Regionali Liste,2010,R0P,UNIONE_DI_CENTRO,
161,San Faustino,Liste,Regionali Liste,2010,R0P,UNIONE_DI_CENTRO,24
163,San Faustino,Liste,Regionali Liste,2010,R0P,UNIONE_DI_CENTRO,11
164,San Faustino,Liste,Regionali Liste,2010,R0P,UNIONE_DI_CENTRO,19
165,San Faustino,Liste,Regionali Liste,2010,R0P,UNIONE_DI_CENTRO,
166,San Faustino,Liste,Regionali Liste,2010,R0P,,14
167,San Faustino,Liste,Regionali Liste,2010,R0P,UNIONE_DI_CENTRO,12
168,San Faustino,Liste,Regionali Liste,2010,R0P,UNIONE_DI_CENTRO,14
169,San Faustino,Liste,Regionali Liste,2010,R0P,,16
171,San Faustino,Liste,Regionali Liste,2010,R0P,,31
172,San Faustino,Liste,Regionali Liste,2010,R0P,UNIONE_DI_CENTRO,
173,San Faustino,Liste,Regionali Liste,2010,R0P,UNIONE_DI_CENTRO,11
174,San Faustino,Liste,Regionali Liste,2010,R0P,UNIONE_DI_CENTRO,13
175,San Faustino,Liste,Regionali Liste,2010,R0P,UNIONE_DI_CENTRO,20
176,San Faustino,Liste,Regionali Liste,2010,R0P,UNIONE_DI_CENTRO,19
177,San Faustino,Liste,Regionali Liste,2010,R0P,UNIONE_DI_CENTRO,
178,San Faustino,Liste,Regionali Liste,2010,R0P,UNIONE_DI_CENTRO,
179,San Faustino,Liste,Regionali Liste,2010,R0P,UNIONE_DI_CENTRO,22
180,San Faustino,Liste,Regionali Liste,2010,R0P,UNIONE_DI_CENTRO,29
181,Buon Pastore,Liste,Regionali Liste,2010,R0P,,3
183,San Faustino,Liste,Regionali Liste,2010,R0P,UNIONE_DI_CENTRO,0
184,San Faustino,Liste,Regionali Liste,2010,R0P,UNIONE_DI_CENTRO,
185,San Faustino,Liste,Regionali Liste,2010,R0P,UNIONE_DI_CENTRO,25
186,San Faustino,Liste,Regionali Liste,2010,R0P,UNIONE_DI_CENTRO,21
187,Buon Pastore,Liste,Regionali Liste,2010,R0P,UNIONE_DI_CENTRO,18
