CATEGORIA,TIPOLOGIA,INTERVENTOFINALE,DATA_ULTIMO_AGGIORNAMENTO,ATTIVA,NUMEROISTANZA,APERTURAATTIVITA,CODVIA,DENOMINAZIONE_VIA,CIVICO,ESPONENTE,FRAZIONE,CIVKEY,SUPERFICIEIMMOBILE,PROPRIETAAFFITTO
Spettacoli e Trattenimenti,Struttura Sportiva,Cessazione,2015-09-17,NO,16124,2013-01-08,3725.0,VIA LEOPOLDO NOBILI,91.0,L           ,CA,03725009100L,,
Spettacoli e Trattenimenti,Struttura Sportiva,Inizio attivitÃ ,2023-10-10,SI,74596,2023-10-10,662.0,VIA ELPIDIO BERTOLI,150.0,            ,CA,006620150000,,
Spettacoli e Trattenimenti,Struttura Sportiva,Inizio attivitÃ ,2025-04-04,SI,87020,2025-04-04,2701.0,VIA JACOPO DA PORTO SUD,520.0,            ,CA,027010520000,,
Spettacoli e Trattenimenti,"Sale da ballo, Cinema, Teatri",Inizio attivitÃ ,2003-11-25,SI,226,2003-11-25,2375.0,LARGO GIUSEPPE GARIBALDI,15.0,            ,CS,023750015000,,
Spettacoli e Trattenimenti,Struttura Sportiva,Inizio attivitÃ ,2007-10-17,SI,245,2007-10-17,4465.0,VIA BERNARDINO RAMAZZINI,14.0,A           ,CS,04465001400A,,
Spettacoli e Trattenimenti,Struttura Sportiva,Inizio attivitÃ ,2013-10-07,SI,18256,2013-10-07,2390.0,VIA DE' GAVASSETI,140.0,            ,CA,023900140000,,
Spettacoli e Trattenimenti,"Sale da ballo, Cinema, Teatri",Inizio attivitÃ ,2002-11-18,SI,234,2002-11-18,2195.0,STRADA FORMIGINA,380.0,            ,CA,021950380000,,
Spettacoli e Trattenimenti,Struttura Sportiva,Inizio attivitÃ ,2019-10-16,SI,46884,2019-10-16,5410.0,VIA FORTUNATO TAMBURINI,106.0,A           ,CA,05410010600A,,
Spettacoli e Trattenimenti,Struttura Sportiva,Inizio attivitÃ ,2017-02-28,SI,30532,2017-02-28,5410.0,VIA FORTUNATO TAMBURINI,106.0,A           ,CA,05410010600A,,
Spettacoli e Trattenimenti,"Sale da ballo, Cinema, Teatri",Comunicazioni  varie,2019-12-12,SI,48018,2018-05-04,1670.0,STRADA CONTRADA,346.0,            ,CA,016700346000,,
Spettacoli e Trattenimenti,"Sale da ballo, Cinema, Teatri",Cessazione,2018-05-18,NO,37771,2016-04-01,1670.0,STRADA CONTRADA,346.0,            ,CA,016700346000,,
Spettacoli e Trattenimenti,"Sale da ballo, Cinema, Teatri",Cessazione,2016-03-14,NO,19452,2013-04-05,1670.0,STRADA CONTRADA,346.0,            ,CA,016700346000,,
Spettacoli e Trattenimenti,Struttura Sportiva,Inizio attivitÃ ,2012-10-11,SI,239,2012-10-11,4615.0,VIA DOMENICO ROCOCCIOLO,11.0,            ,CA,046150011000,,
Spettacoli e Trattenimenti,"Sale da ballo, Cinema, Teatri",AttivitÃ  collegate,2025-04-30,SI,87772,2011-07-14,4755.0,VIA CRISPO GAIO SALLUSTIO,65.0,            ,CA,047550065000,,
Spettacoli e Trattenimenti,"Sale da ballo, Cinema, Teatri",Modifica capienza,2025-04-29,SI,85520,2025-01-28,4755.0,VIA CRISPO GAIO SALLUSTIO,65.0,            ,CA,047550065000,,
Spettacoli e Trattenimenti,Struttura Sportiva,Inizio attivitÃ ,2013-04-17,SI,12446,2013-04-17,3489.0,VIA EUGENIO MONTALE,29.0,            ,CA,034890029000,,
Spettacoli e Trattenimenti,"Sale da ballo, Cinema, Teatri",Inizio attivitÃ ,1984-09-24,SI,230,1984-09-24,5.0,VIA NICOLO' ABATE,50.0,            ,CA,000050050000,,
Spettacoli e Trattenimenti,"Sale da ballo, Cinema, Teatri",Cessazione,2007-12-07,NO,39793,1987-11-20,2465.0,VIA PIETRO GIARDINI,404.0,            ,CA,024650404000,,
Spettacoli e Trattenimenti,"Sale da ballo, Cinema, Teatri",Subingresso,2014-03-31,SI,16824,2014-03-31,2465.0,VIA PIETRO GIARDINI,404.0,            ,CA,024650404000,,
Spettacoli e Trattenimenti,"Sale da ballo, Cinema, Teatri",Inizio attivitÃ ,2019-05-30,SI,44249,2019-05-15,2523.0,PIAZZA GIOVANI DI TIEN AN MEN,5.0,            ,CA,025230005000,,
Spettacoli e Trattenimenti,"Sale da ballo, Cinema, Teatri",Cessazione,2017-11-12,NO,69406,2017-04-12,2523.0,PIAZZA GIOVANI DI TIEN AN MEN,5.0,            ,CA,025230005000,,
Spettacoli e Trattenimenti,"Sale da ballo, Cinema, Teatri",Cessazione,2022-01-11,NO,61670,2018-02-28,2523.0,PIAZZA GIOVANI DI TIEN AN MEN,5.0,            ,CA,025230005000,,
Spettacoli e Trattenimenti,"Sale da ballo, Cinema, Teatri",Cessazione,2018-11-17,NO,44377,2018-04-30,2523.0,PIAZZA GIOVANI DI TIEN AN MEN,5.0,            ,CA,025230005000,,
Spettacoli e Trattenimenti,"Sale da ballo, Cinema, Teatri",Subingresso,2023-11-29,SI,75920,2023-11-29,2523.0,PIAZZA GIOVANI DI TIEN AN MEN,5.0,            ,CA,025230005000,,
Spettacoli e Trattenimenti,"Sale da ballo, Cinema, Teatri",Cessazione,2016-10-31,NO,69405,2016-03-16,2523.0,PIAZZA GIOVANI DI TIEN AN MEN,5.0,            ,CA,025230005000,,
Spettacoli e Trattenimenti,Struttura Sportiva,Inizio attivitÃ ,2009-11-09,SI,240,2009-11-09,2935.0,CALLE DI LUCA,18.0,            ,CS,029350018000,,
Spettacoli e Trattenimenti,Struttura Sportiva,Cessazione,2016-04-19,NO,19831,2012-10-31,3886.0,VIA VITTORIO PADOVANI,45.0,            ,CA,038860045000,,
Spettacoli e Trattenimenti,Struttura Sportiva,Subingresso,2016-04-19,SI,19609,2016-04-19,3886.0,VIA VITTORIO PADOVANI,45.0,            ,CA,038860045000,,
Spettacoli e Trattenimenti,"Sale da ballo, Cinema, Teatri",Inizio attivitÃ ,2015-12-10,SI,17511,2014-12-03,2465.0,VIA PIETRO GIARDINI,259.0,            ,CA,024650259000,,
Spettacoli e Trattenimenti,Struttura Sportiva,Cessazione,2021-12-28,NO,61210,2018-03-01,3430.0,VIALE DON GIOVANNI MINZONI,257.0,            ,CA,034300257000,,
Spettacoli e Trattenimenti,Struttura Sportiva,Inizio attivitÃ ,2023-09-27,SI,74219,2023-09-27,5055.0,STRADA SCAGLIA EST,37.0,            ,CA,050550037000,,
Spettacoli e Trattenimenti,Struttura Sportiva,Inizio attivitÃ ,2024-09-03,SI,80773,2024-06-27,5085.0,STRADELLO SCARTAZZETTA,53.0,            ,CA,050850053000,,
Spettacoli e Trattenimenti,"Sale da ballo, Cinema, Teatri",Inizio attivitÃ ,2022-02-04,SI,62019,2022-02-04,2803.0,VIALE LEONARDO DA VINCI,116.0,B           ,CA,02803011600B,,
Spettacoli e Trattenimenti,Struttura Sportiva,Inizio attivitÃ ,2025-02-24,SI,86122,2025-02-24,200.0,VIALE GIOVANNI AMENDOLA,233.0,            ,CA,002000233000,,
Spettacoli e Trattenimenti,"Sale da ballo, Cinema, Teatri",Comunicazioni  varie,2020-01-16,SI,78146,2016-11-28,2765.0,VIA DEL LANCILLOTTO,10.0,B           ,CA,02765001000B,,
Spettacoli e Trattenimenti,Struttura Sportiva,Cessazione,2018-10-18,NO,40060,2017-02-03,4465.0,VIA BERNARDINO RAMAZZINI,14.0,            ,CS,044650014000,,
Spettacoli e Trattenimenti,Struttura Sportiva,Inizio attivitÃ ,2015-03-27,SI,13749,2015-03-27,5382.0,VIA TACITO,30.0,            ,CA,053820030000,,
Spettacoli e Trattenimenti,Struttura Sportiva,Subingresso,2023-08-28,SI,73465,2023-08-28,4795.0,VIA SAN CRISTOFORO,20.0,            ,CS,047950020000,,
Spettacoli e Trattenimenti,"Sale da ballo, Cinema, Teatri",Subingresso,2015-10-01,SI,16390,2015-10-01,5445.0,VIALE ALESSANDRO TASSONI,12.0,            ,CA,054450012000,,
Spettacoli e Trattenimenti,Struttura Sportiva,Inizio attivitÃ ,2014-04-11,SI,17740,2014-04-11,4310.0,STRADA POMPOSIANA,255.0,            ,FO,043100255000,,
Spettacoli e Trattenimenti,"Sale da ballo, Cinema, Teatri",Cessazione,2022-04-30,NO,66393,2022-01-19,2333.0,VIALE GALILEO GALILEI,212.0,            ,CA,023330212000,,
Spettacoli e Trattenimenti,"Sale da ballo, Cinema, Teatri",Cessazione,2021-12-30,NO,61703,2021-10-15,2333.0,VIALE GALILEO GALILEI,212.0,            ,CA,023330212000,,
Spettacoli e Trattenimenti,"Sale da ballo, Cinema, Teatri",Cessazione,2021-10-15,NO,59732,2018-08-07,2333.0,VIALE GALILEO GALILEI,212.0,            ,,023330212000,,
Spettacoli e Trattenimenti,"Sale da ballo, Cinema, Teatri",Inizio attivitÃ ,2024-10-09,SI,82039,2024-09-11,2333.0,VIALE GALILEO GALILEI,212.0,            ,CA,023330212000,,
Spettacoli e Trattenimenti,"Sale da ballo, Cinema, Teatri",Cessazione,2024-04-30,NO,80731,2023-09-04,2333.0,VIALE GALILEO GALILEI,212.0,            ,CA,023330212000,,
Spettacoli e Trattenimenti,"Sale da ballo, Cinema, Teatri",Cessazione,2023-04-05,NO,73661,2022-09-30,2333.0,VIALE GALILEO GALILEI,212.0,            ,CA,023330212000,,
Spettacoli e Trattenimenti,"Sale da ballo, Cinema, Teatri",Cessazione,2024-12-23,NO,85103,2024-04-19,4090.0,VIA ANTONIO PERETTI,9.0,            ,CA,040900009000,,
Spettacoli e Trattenimenti,"Sale da ballo, Cinema, Teatri",Inizio attivitÃ ,2024-11-11,SI,83110,2024-10-24,4090.0,VIA ANTONIO PERETTI,9.0,            ,CA,040900009000,,
Spettacoli e Trattenimenti,"Sale da ballo, Cinema, Teatri",Cessazione,2024-04-30,NO,80408,2023-09-22,4090.0,VIA ANTONIO PERETTI,9.0,            ,CA,040900009000,,
Spettacoli e Trattenimenti,"Sale da ballo, Cinema, Teatri",Inizio attivitÃ ,2005-06-28,SI,231,2005-06-28,4585.0,VIA FRANCESCO RISMONDO,19.0,            ,CS,045850019000,,
Spettacoli e Trattenimenti,"Sale da ballo, Cinema, Teatri",Inizio attivitÃ ,2011-12-28,SI,223,2011-12-28,4467.0,VIA SERGIO RAMELLI,101.0,            ,CA,044670101000,,
Spettacoli e Trattenimenti,Struttura Sportiva,Inizio attivitÃ ,2013-09-13,SI,18261,2013-09-13,290.0,VIA ARCHIROLA,165.0,C           ,CA,00290016500C,,
Spettacoli e Trattenimenti,Struttura Sportiva,Inizio attivitÃ ,2025-03-28,SI,86850,2025-03-28,1678.0,VIALE ALFEO CORASSORI,72.0,            ,CA,016780072000,,
Spettacoli e Trattenimenti,Struttura Sportiva,Inizio attivitÃ ,2014-05-14,SI,18259,2014-05-14,3489.0,VIA EUGENIO MONTALE,25.0,            ,CA,034890025000,,
Spettacoli e Trattenimenti,"Sale da ballo, Cinema, Teatri",Subingresso,2019-11-20,SI,47608,2019-11-20,460.0,STRADA BARCHETTA,469.0,            ,CA,004600469000,,
Spettacoli e Trattenimenti,"Sale da ballo, Cinema, Teatri",Subingresso,2021-10-28,SI,59953,2021-10-28,460.0,STRADA BARCHETTA,469.0,            ,,004600469000,,
Spettacoli e Trattenimenti,"Sale da ballo, Cinema, Teatri",Cessazione,2019-11-20,NO,47713,2018-01-26,460.0,STRADA BARCHETTA,469.0,            ,CA,004600469000,,
Spettacoli e Trattenimenti,"Sale da ballo, Cinema, Teatri",Cessazione,2017-09-20,NO,33807,2016-01-04,460.0,STRADA BARCHETTA,469.0,            ,CA,004600469000,,
Spettacoli e Trattenimenti,"Sale da ballo, Cinema, Teatri",Cessazione,2018-02-09,NO,36186,2017-09-20,460.0,STRADA BARCHETTA,469.0,            ,CA,004600469000,,
Spettacoli e Trattenimenti,"Sale da ballo, Cinema, Teatri",Subingresso,2010-11-18,NO,59916,2010-11-18,460.0,STRADA BARCHETTA,469.0,            ,,004600469000,,
Spettacoli e Trattenimenti,"Sale da ballo, Cinema, Teatri",Cessazione,2016-01-04,NO,18627,2014-09-08,460.0,STRADA BARCHETTA,469.0,            ,CA,004600469000,,
Spettacoli e Trattenimenti,Struttura Sportiva,Inizio attivitÃ ,2001-02-22,SI,246,2001-02-22,1090.0,CORSO CANALGRANDE,88.0,            ,CS,010900088000,,
Spettacoli e Trattenimenti,Struttura Sportiva,Cessazione,2017-12-15,NO,35171,2016-07-05,3565.0,VIALE GAETANO MOREALI,200.0,B           ,CA,03565020000B,,
Spettacoli e Trattenimenti,"Sale da ballo, Cinema, Teatri",Inizio attivitÃ ,2007-03-01,SI,229,2007-03-01,3555.0,VIA ANTONIO MORANDI,71.0,            ,CA,035550071000,,
Spettacoli e Trattenimenti,Sale Giochi,Cessazione attivitÃ  di sala giochi,2019-03-28,NO,43422,2014-10-30,5310.0,VIALE GAETANO STORCHI,11.0,            ,CA,053100011000,,
Spettacoli e Trattenimenti,"Sale da ballo, Cinema, Teatri",Comunicazioni  varie,2022-11-21,SI,67535,2001-03-13,5455.0,VIA DEL TEATRO,8.0,            ,,054550008000,,
Spettacoli e Trattenimenti,Struttura Sportiva,Inizio attivitÃ ,2023-10-16,SI,74472,2023-10-05,5282.0,VIALE DELLO SPORT,25.0,            ,CA,052820025000,,
Spettacoli e Trattenimenti,"Sale da ballo, Cinema, Teatri",Cessazione,2015-03-24,NO,13668,2015-03-09,2940.0,VIA LUCCA,3.0,            ,CA,029400003000,,
Spettacoli e Trattenimenti,"Sale da ballo, Cinema, Teatri",Cessazione,2015-03-24,NO,13665,2015-01-27,2940.0,VIA LUCCA,3.0,            ,CA,029400003000,,
Spettacoli e Trattenimenti,"Sale da ballo, Cinema, Teatri",Cessazione,2009-12-16,NO,13664,1997-09-18,2940.0,VIA LUCCA,3.0,            ,CA,029400003000,,
Spettacoli e Trattenimenti,"Sale da ballo, Cinema, Teatri",Comunicazioni  varie,2024-05-23,NO,79897,2019-09-18,5020.0,VIA PANFILO SASSI,114.0,            ,,050200114000,,
Spettacoli e Trattenimenti,"Sale da ballo, Cinema, Teatri",Cessazione,2024-06-20,NO,80617,2001-05-26,5205.0,VIA CARLO SIGONIO,386.0,            ,CA,052050386000,,
Spettacoli e Trattenimenti,"Sale da ballo, Cinema, Teatri",Inizio attivitÃ ,2024-06-20,SI,79093,2024-04-18,5205.0,VIA CARLO SIGONIO,386.0,            ,,052050386000,,
Spettacoli e Trattenimenti,Struttura Sportiva,Inizio attivitÃ ,2007-03-14,SI,242,2007-03-14,3225.0,STRADA MARTINIANA,97.0,            ,FO,032250097000,,
Spettacoli e Trattenimenti,Struttura Sportiva,Inizio attivitÃ ,2024-04-12,SI,78942,2024-04-12,4870.0,STRADELLO SAN MARONE,50.0,            ,CA,048700050000,,
Spettacoli e Trattenimenti,Struttura Sportiva,Inizio attivitÃ ,2011-10-20,SI,237,2011-10-20,1960.0,VIA EMILIA EST,820.0,            ,CA,019600820000,,
Spettacoli e Trattenimenti,"Sale da ballo, Cinema, Teatri",Comunicazioni  varie,2019-09-26,SI,46447,2019-08-10,1582.0,PIAZZA DELLA CITTADELLA,2.0,            ,CA,015820002000,,
Spettacoli e Trattenimenti,"Sale da ballo, Cinema, Teatri",Cessazione,2019-06-28,NO,45832,2012-09-13,1582.0,PIAZZA DELLA CITTADELLA,2.0,            ,CA,015820002000,,
Spettacoli e Trattenimenti,"Sale da ballo, Cinema, Teatri",Cessazione,2019-08-09,NO,45831,2019-06-28,1582.0,PIAZZA DELLA CITTADELLA,2.0,            ,CA,015820002000,,
Spettacoli e Trattenimenti,Struttura Sportiva,Cessazione,2013-04-03,NO,49987,2003-05-14,2465.0,VIA PIETRO GIARDINI,452.0,A           ,CA,02465045200A,,
Spettacoli e Trattenimenti,Struttura Sportiva,Cessazione,2017-12-11,NO,35105,2011-07-28,90.0,STRADA DI ALBARETO,14.0,            ,CA,000900014000,,
Spettacoli e Trattenimenti,"Sale da ballo, Cinema, Teatri",Subingresso,2006-10-13,SI,41187,2006-10-13,1965.0,VIA EMILIA OVEST,451.0,            ,CA,019650451000,,
Spettacoli e trattenimenti,Spettacoli Viaggianti,Inizio esercizio attivitÃ  temporanea di spettacolo viaggiante per attrazioni singole o complessi fino a cinque attrazioni in area comunale,2017-10-31,SI,34266,2009-10-01,1965.0,VIA EMILIA OVEST,451.0,            ,,019650451000,,
Spettacoli e Trattenimenti,Sale Giochi,Comunicazioni varie,2013-10-25,SI,31422,2006-10-13,1965.0,VIA EMILIA OVEST,451.0,            ,CA,019650451000,,
Spettacoli e Trattenimenti,"Sale da ballo, Cinema, Teatri",Comunicazioni  varie,2023-05-11,SI,71307,2016-09-15,2701.0,VIA JACOPO DA PORTO SUD,489.0,            ,CA,027010489000,,
Spettacoli e Trattenimenti,"Sale da ballo, Cinema, Teatri",Cessazione,2016-09-20,NO,27579,2016-07-04,2701.0,VIA JACOPO DA PORTO SUD,489.0,            ,CA,027010489000,,
Spettacoli e Trattenimenti,"Sale da ballo, Cinema, Teatri",Cessazione,2016-07-04,NO,26922,2013-08-12,2701.0,VIA JACOPO DA PORTO SUD,489.0,            ,CA,027010489000,,
Spettacoli e Trattenimenti,"Sale da ballo, Cinema, Teatri",Comunicazioni  varie,2025-02-05,NO,85827,,2701.0,VIA JACOPO DA PORTO SUD,489.0,            ,CA,027010489000,,
Spettacoli e Trattenimenti,"Sale da ballo, Cinema, Teatri",Comunicazioni  varie,2024-06-14,SI,80761,2019-02-06,2701.0,VIA JACOPO DA PORTO SUD,489.0,            ,CA,027010489000,,
Spettacoli e Trattenimenti,"Sale da ballo, Cinema, Teatri",Cessazione,2025-04-10,NO,87888,2023-10-23,4850.0,VIA SAN GIOVANNI BOSCO,150.0,            ,CA,048500150000,,
Spettacoli e Trattenimenti,"Sale da ballo, Cinema, Teatri",Inizio attivitÃ ,2015-11-24,SI,17204,2015-11-24,1582.0,PIAZZA DELLA CITTADELLA,11.0,            ,CA,015820011000,,
Spettacoli e Trattenimenti,Sale Giochi,Cessazione attivitÃ  di sala giochi,2017-01-23,NO,29760,2015-03-27,2465.0,VIA PIETRO GIARDINI,476.0,C           ,CA,02465047600C,,
Spettacoli e Trattenimenti,Sale Giochi,Cessazione attivitÃ  di sala giochi,2015-03-26,NO,15026,2014-07-24,2465.0,VIA PIETRO GIARDINI,476.0,C           ,CA,02465047600C,,
Spettacoli e Trattenimenti,Sale Giochi,Cessazione attivitÃ  di sala giochi,2015-03-26,NO,14961,2015-03-26,2465.0,VIA PIETRO GIARDINI,476.0,C           ,CA,02465047600C,,
Spettacoli e Trattenimenti,Struttura Sportiva,Inizio attivitÃ ,2024-10-14,SI,82841,2024-10-14,4510.0,VIALE VIRGINIA REITER,14.0,            ,,045100014000,,
Spettacoli e Trattenimenti,"Sale da ballo, Cinema, Teatri",Inizio attivitÃ ,2009-12-24,SI,227,2009-12-24,5310.0,VIALE GAETANO STORCHI,245.0,            ,CA,053100245000,,
Spettacoli e trattenimenti,Spettacoli Viaggianti,Inizio attivitÃ ,2024-11-26,SI,83769,2014-02-12,, ,,,,,,
Spettacoli e trattenimenti,Spettacoli Viaggianti,Inizio attivitÃ ,2024-09-11,SI,78305,2019-04-03,, ,,,,,,
Spettacoli e trattenimenti,Spettacoli Viaggianti,Inizio attivitÃ ,2024-03-05,SI,77691,2014-10-20,, ,,,,,,
Spettacoli e trattenimenti,Spettacoli Viaggianti,Inizio attivitÃ ,2024-02-07,SI,77388,2019-03-26,, ,,,,,,
Spettacoli e trattenimenti,Spettacoli Viaggianti,Inizio attivitÃ ,2023-12-06,SI,75695,2017-03-21,, ,,,,,,
Spettacoli e trattenimenti,Spettacoli Viaggianti,Inizio attivitÃ ,2023-11-29,SI,75794,2017-07-26,, ,,,,,,
Spettacoli e trattenimenti,Spettacoli Viaggianti,Inizio attivitÃ ,2023-03-10,SI,69325,2019-07-20,, ,,,,,,
Spettacoli e trattenimenti,Spettacoli Viaggianti,Inizio attivitÃ ,2023-05-26,SI,71451,2018-12-11,, ,,,,,,
Spettacoli e trattenimenti,Spettacoli Viaggianti,Inizio attivitÃ ,2023-04-27,SI,70859,2021-12-14,, ,,,,,,
Spettacoli e trattenimenti,Spettacoli Viaggianti,Inizio attivitÃ ,2023-04-21,SI,70574,2023-04-11,, ,,,,,,
Spettacoli e trattenimenti,Spettacoli Viaggianti,Inizio esercizio attivitÃ  temporanea di spettacolo viaggiante per attrazioni singole o complessi fino a cinque attrazioni in area comunale,2023-04-12,SI,69078,2019-06-20,, ,,,,,,
Spettacoli e trattenimenti,Spettacoli Viaggianti,Inizio attivitÃ ,2023-01-13,SI,68477,2023-01-12,, ,,,,,,
Spettacoli e trattenimenti,Spettacoli Viaggianti,Inizio attivitÃ ,2022-11-03,SI,67021,2016-03-09,, ,,,,,,
Spettacoli e trattenimenti,Spettacoli Viaggianti,Inizio esercizio attivitÃ  temporanea di spettacolo viaggiante per attrazioni singole o complessi fino a cinque attrazioni in area comunale,2022-02-08,SI,61949,2005-03-21,9005.0,PARCO AMENDOLA SUD,,,CA,,,
Spettacoli e trattenimenti,Spettacoli Viaggianti,Inizio attivitÃ ,2020-08-19,SI,51701,2005-01-28,, ,,,,,,
Spettacoli e trattenimenti,Spettacoli Viaggianti,Inizio attivitÃ ,2021-10-14,SI,59470,2021-10-11,, ,,,,,,
Spettacoli e trattenimenti,Spettacoli Viaggianti,Inizio esercizio attivitÃ  temporanea di spettacolo viaggiante per attrazioni singole o complessi fino a cinque attrazioni in area comunale,2021-05-31,SI,56710,2016-05-16,, ,,,,,,
Spettacoli e trattenimenti,Spettacoli Viaggianti,Inizio attivitÃ ,2020-05-17,SI,48877,2020-01-30,, ,,,,,,
Spettacoli e trattenimenti,Spettacoli Viaggianti,Inizio attivitÃ ,2014-01-08,SI,33810,2014-01-08,, ,,,,,,
Spettacoli e trattenimenti,Spettacoli Viaggianti,Inizio attivitÃ ,2001-07-04,SI,33704,2001-07-04,, ,,,,,,
Spettacoli e trattenimenti,Spettacoli Viaggianti,Inizio attivitÃ ,2006-02-02,SI,33690,2006-02-02,, ,,,,,,
Spettacoli e trattenimenti,Spettacoli Viaggianti,Inizio attivitÃ ,2003-06-12,SI,33688,2003-06-12,, ,,,,,,
Spettacoli e trattenimenti,Spettacoli Viaggianti,Inizio attivitÃ ,2005-01-18,SI,33687,2005-01-18,, ,,,,,,
Spettacoli e trattenimenti,Spettacoli Viaggianti,Inizio attivitÃ ,2001-12-12,SI,33682,2001-12-12,, ,,,,,,
Spettacoli e trattenimenti,Spettacoli Viaggianti,Inizio attivitÃ ,2005-01-18,SI,33678,2005-01-18,, ,,,,,,
Spettacoli e trattenimenti,Spettacoli Viaggianti,Inizio attivitÃ ,2003-08-06,SI,33669,2003-08-06,, ,,,,,,
Spettacoli e trattenimenti,Spettacoli Viaggianti,Inizio attivitÃ ,2005-11-28,SI,33656,2005-11-28,, ,,,,,,
Spettacoli e trattenimenti,Spettacoli Viaggianti,Inizio attivitÃ ,2017-09-19,SI,33654,2017-09-19,, ,,,,,,
Spettacoli e trattenimenti,Spettacoli Viaggianti,Inizio attivitÃ ,2006-01-11,SI,33641,2006-01-11,, ,,,,,,
Spettacoli e trattenimenti,Spettacoli Viaggianti,Inizio attivitÃ ,2005-03-21,SI,33640,2005-03-21,, ,,,,,,
Spettacoli e trattenimenti,Spettacoli Viaggianti,Inizio attivitÃ ,2005-08-31,SI,33638,2005-08-31,, ,,,,,,
Spettacoli e trattenimenti,Spettacoli Viaggianti,Inizio attivitÃ ,2001-08-23,SI,33635,2001-08-23,, ,,,,,,
Spettacoli e trattenimenti,Spettacoli Viaggianti,Inizio attivitÃ ,2006-01-11,SI,33630,2006-01-11,, ,,,,,,
Spettacoli e trattenimenti,Spettacoli Viaggianti,Inizio attivitÃ ,2001-05-07,SI,33624,2001-05-07,, ,,,,,,
Spettacoli e Trattenimenti,Struttura Sportiva,Inizio attivitÃ ,2001-02-01,SI,238,2001-02-01,210.0,VIA ROALD AMUNDSEN,,,CA,,,
Spettacoli e Trattenimenti,Struttura Sportiva,Inizio attivitÃ ,2007-01-16,SI,244,2007-01-16,210.0,VIA ROALD AMUNDSEN,,,CA,,,
Spettacoli e Trattenimenti,"Sale da ballo, Cinema, Teatri",Comunicazioni  varie,2025-01-10,SI,85021,2014-02-03,, ,,,,,,
Spettacoli e Trattenimenti,"Sale da ballo, Cinema, Teatri",Inizio attivitÃ ,1989-11-20,SI,225,1989-11-20,2465.0,VIA PIETRO GIARDINI,230.0,            ,CA,024650230000,,
Spettacoli e Trattenimenti,Sale Giochi,Avvio di attivitÃ  di sala giochi,2008-08-13,SI,31417,2008-08-13,4467.0,VIA SERGIO RAMELLI,101.0,99          ,CA,044670101099,,
Spettacoli e trattenimenti,Spettacoli Viaggianti,Inizio esercizio attivitÃ  temporanea di spettacolo viaggiante per attrazioni singole o complessi fino a cinque attrazioni in area comunale,2020-04-21,SI,49456,2018-06-11,1870.0,VIA DIVISIONE ACQUI,0.0,            ,,018700000000,,
Spettacoli e trattenimenti,Spettacoli Viaggianti,Inizio esercizio attivitÃ  temporanea di spettacolo viaggiante per attrazioni singole o complessi fino a cinque attrazioni in area comunale,2020-01-13,NO,48420,2009-01-01,1445.0,CORSO CAMILLO BENSO DI CAVOUR,2.0,B           ,CS,01445000200B,,
Spettacoli e Trattenimenti,Struttura Sportiva,Inizio attivitÃ ,2006-11-23,SI,18278,2006-11-23,210.0,VIA ROALD AMUNDSEN,90.0,            ,,002100090000,,
