Country,Sub-region Name,Region Name,Sex,Age group,Year,Decade,Source,Unit,Value
AFG,Southern Asia,Asia,female,15+ yr,2000,2000,UNESCO_UIS Database_Sep2007,Percent,12.6
AFG,Southern Asia,Asia,male,15+ yr,2000,2000,UNESCO_UIS Database_Sep2007,Percent,43.1
ALB,Southern Europe,Europe,female,15+ yr,2001,2000,UNESCO_UIS Database_Sep2007,Percent,98.3
ALB,Southern Europe,Europe,male,15+ yr,2001,2000,UNESCO_UIS Database_Sep2007,Percent,99.2
DZA,Northern Africa,Africa,female,15+ yr,2002,2000,UNESCO_UIS Database_Sep2007,Percent,60.1
DZA,Northern Africa,Africa,female,15+ yr,1987,1980,UNESCO_UIS Database_Sep2007,Percent,35.8
DZA,Northern Africa,Africa,male,15+ yr,2002,2000,UNESCO_UIS Database_Sep2007,Percent,79.6
DZA,Northern Africa,Africa,male,15+ yr,1987,1980,UNESCO_UIS Database_Sep2007,Percent,63.4
AGO,Sub-Saharan Africa,Africa,female,15+ yr,2001,2000,UNESCO_UIS Database_Sep2007,Percent,54.2
AGO,Sub-Saharan Africa,Africa,male,15+ yr,2001,2000,UNESCO_UIS Database_Sep2007,Percent,82.9
ARG,Latin America and the Caribbean,Americas,female,15+ yr,2001,2000,UNESCO_UIS Database_Sep2007,Percent,97.2
ARG,Latin America and the Caribbean,Americas,female,15+ yr,1991,1990,UNESCO_UIS Database_Sep2007,Percent,96.0
ARG,Latin America and the Caribbean,Americas,male,15+ yr,2001,2000,UNESCO_UIS Database_Sep2007,Percent,97.2
ARG,Latin America and the Caribbean,Americas,male,15+ yr,1991,1990,UNESCO_UIS Database_Sep2007,Percent,96.2
ARM,Western Asia,Asia,female,15+ yr,2001,2000,UNESCO_UIS Database_Sep2007,Percent,99.2
ARM,Western Asia,Asia,female,15+ yr,1989,1980,UNESCO_UIS Database_Sep2007,Percent,98.2
ARM,Western Asia,Asia,male,15+ yr,2001,2000,UNESCO_UIS Database_Sep2007,Percent,99.7
ARM,Western Asia,Asia,male,15+ yr,1989,1980,UNESCO_UIS Database_Sep2007,Percent,99.4
ABW,Latin America and the Caribbean,Americas,female,15+ yr,2000,2000,UNESCO_UIS Database_Sep2007,Percent,97.1
ABW,Latin America and the Caribbean,Americas,male,15+ yr,2000,2000,UNESCO_UIS Database_Sep2007,Percent,97.5
AZE,Western Asia,Asia,female,15+ yr,1999,1990,UNESCO_UIS Database_Sep2007,Percent,98.2
AZE,Western Asia,Asia,male,15+ yr,1999,1990,UNESCO_UIS Database_Sep2007,Percent,99.5
BHR,Western Asia,Asia,female,15+ yr,2001,2000,UNESCO_UIS Database_Sep2007,Percent,83.6
BHR,Western Asia,Asia,female,15+ yr,1991,1990,UNESCO_UIS Database_Sep2007,Percent,76.9
BHR,Western Asia,Asia,male,15+ yr,2001,2000,UNESCO_UIS Database_Sep2007,Percent,88.6
BHR,Western Asia,Asia,male,15+ yr,1991,1990,UNESCO_UIS Database_Sep2007,Percent,88.5
BGD,Southern Asia,Asia,female,15+ yr,2001,2000,UNESCO_UIS Database_Sep2007,Percent,40.8
BGD,Southern Asia,Asia,female,15+ yr,1991,1990,UNESCO_UIS Database_Sep2007,Percent,25.8
BGD,Southern Asia,Asia,male,15+ yr,2001,2000,UNESCO_UIS Database_Sep2007,Percent,53.9
BGD,Southern Asia,Asia,male,15+ yr,1991,1990,UNESCO_UIS Database_Sep2007,Percent,44.3
BLR,Eastern Europe,Europe,female,15+ yr,1999,1990,UNESCO_UIS Database_Sep2007,Percent,99.4
BLR,Eastern Europe,Europe,female,15+ yr,1989,1980,UNESCO_UIS Database_Sep2007,Percent,96.6
BLR,Eastern Europe,Europe,male,15+ yr,1999,1990,UNESCO_UIS Database_Sep2007,Percent,99.8
BLR,Eastern Europe,Europe,male,15+ yr,1989,1980,UNESCO_UIS Database_Sep2007,Percent,99.4
BLZ,Latin America and the Caribbean,Americas,female,15+ yr,1991,1990,UNESCO_UIS Database_Sep2007,Percent,70.3
BLZ,Latin America and the Caribbean,Americas,male,15+ yr,1991,1990,UNESCO_UIS Database_Sep2007,Percent,70.3
BEN,Sub-Saharan Africa,Africa,female,15+ yr,2002,2000,UNESCO_UIS Database_Sep2007,Percent,23.3
BEN,Sub-Saharan Africa,Africa,female,15+ yr,1992,1990,UNESCO_UIS Database_Sep2007,Percent,16.6
BEN,Sub-Saharan Africa,Africa,male,15+ yr,2002,2000,UNESCO_UIS Database_Sep2007,Percent,47.9
BEN,Sub-Saharan Africa,Africa,male,15+ yr,1992,1990,UNESCO_UIS Database_Sep2007,Percent,39.9
BOL,Latin America and the Caribbean,Americas,female,15+ yr,2001,2000,UNESCO_UIS Database_Sep2007,Percent,80.7
BOL,Latin America and the Caribbean,Americas,female,15+ yr,1992,1990,UNESCO_UIS Database_Sep2007,Percent,72.3
BOL,Latin America and the Caribbean,Americas,male,15+ yr,2001,2000,UNESCO_UIS Database_Sep2007,Percent,93.1
BOL,Latin America and the Caribbean,Americas,male,15+ yr,1992,1990,UNESCO_UIS Database_Sep2007,Percent,88.2
BIH,Southern Europe,Europe,female,15+ yr,2000,2000,UNESCO_UIS Database_Sep2007,Percent,94.4
BIH,Southern Europe,Europe,male,15+ yr,2000,2000,UNESCO_UIS Database_Sep2007,Percent,99.0
BWA,Sub-Saharan Africa,Africa,female,15+ yr,2003,2000,UNESCO_UIS Database_Sep2007,Percent,81.8
BWA,Sub-Saharan Africa,Africa,female,15+ yr,1991,1990,UNESCO_UIS Database_Sep2007,Percent,71.3
BWA,Sub-Saharan Africa,Africa,male,15+ yr,2003,2000,UNESCO_UIS Database_Sep2007,Percent,80.4
BWA,Sub-Saharan Africa,Africa,male,15+ yr,1991,1990,UNESCO_UIS Database_Sep2007,Percent,65.4
BRA,Latin America and the Caribbean,Americas,female,15+ yr,2004,2000,UNESCO_UIS Database_Sep2007,Percent,88.8
BRA,Latin America and the Caribbean,Americas,female,15+ yr,2000,2000,UNESCO_UIS Database_Sep2007,Percent,86.5
BRA,Latin America and the Caribbean,Americas,male,15+ yr,2004,2000,UNESCO_UIS Database_Sep2007,Percent,88.4
BRA,Latin America and the Caribbean,Americas,male,15+ yr,2000,2000,UNESCO_UIS Database_Sep2007,Percent,86.2
BRN,South-eastern Asia,Asia,female,15+ yr,2001,2000,UNESCO_UIS Database_Sep2007,Percent,90.2
BRN,South-eastern Asia,Asia,female,15+ yr,1991,1990,UNESCO_UIS Database_Sep2007,Percent,82.5
BRN,South-eastern Asia,Asia,male,15+ yr,2001,2000,UNESCO_UIS Database_Sep2007,Percent,95.2
BRN,South-eastern Asia,Asia,male,15+ yr,1991,1990,UNESCO_UIS Database_Sep2007,Percent,92.5
BGR,Eastern Europe,Europe,female,15+ yr,2001,2000,UNESCO_UIS Database_Sep2007,Percent,97.7
BGR,Eastern Europe,Europe,male,15+ yr,2001,2000,UNESCO_UIS Database_Sep2007,Percent,98.7
BFA,Sub-Saharan Africa,Africa,female,15+ yr,2005,2000,UNESCO_UIS Database_Sep2007,Percent,16.6
BFA,Sub-Saharan Africa,Africa,female,15+ yr,2003,2000,UNESCO_UIS Database_Sep2007,Percent,15.2
BFA,Sub-Saharan Africa,Africa,female,15+ yr,1996,1990,UNESCO_UIS Database_Sep2007,Percent,8.1
BFA,Sub-Saharan Africa,Africa,female,15+ yr,1991,1990,UNESCO_UIS Database_Sep2007,Percent,8.2
BFA,Sub-Saharan Africa,Africa,male,15+ yr,2005,2000,UNESCO_UIS Database_Sep2007,Percent,31.4
BFA,Sub-Saharan Africa,Africa,male,15+ yr,2003,2000,UNESCO_UIS Database_Sep2007,Percent,29.4
BFA,Sub-Saharan Africa,Africa,male,15+ yr,1996,1990,UNESCO_UIS Database_Sep2007,Percent,18.5
BFA,Sub-Saharan Africa,Africa,male,15+ yr,1991,1990,UNESCO_UIS Database_Sep2007,Percent,19.6
BDI,Sub-Saharan Africa,Africa,female,15+ yr,2000,2000,UNESCO_UIS Database_Sep2007,Percent,52.2
BDI,Sub-Saharan Africa,Africa,female,15+ yr,1990,1990,UNESCO_UIS Database_Sep2007,Percent,27.5
BDI,Sub-Saharan Africa,Africa,male,15+ yr,2000,2000,UNESCO_UIS Database_Sep2007,Percent,67.3
BDI,Sub-Saharan Africa,Africa,male,15+ yr,1990,1990,UNESCO_UIS Database_Sep2007,Percent,48.2
KHM,South-eastern Asia,Asia,female,15+ yr,2004,2000,UNESCO_UIS Database_Sep2007,Percent,64.1
KHM,South-eastern Asia,Asia,female,15+ yr,1998,1990,UNESCO_UIS Database_Sep2007,Percent,57.0
KHM,South-eastern Asia,Asia,male,15+ yr,2004,2000,UNESCO_UIS Database_Sep2007,Percent,84.7
KHM,South-eastern Asia,Asia,male,15+ yr,1998,1990,UNESCO_UIS Database_Sep2007,Percent,79.5
CMR,Sub-Saharan Africa,Africa,female,15+ yr,2001,2000,UNESCO_UIS Database_Sep2007,Percent,59.8
CMR,Sub-Saharan Africa,Africa,male,15+ yr,2001,2000,UNESCO_UIS Database_Sep2007,Percent,77.0
CPV,Sub-Saharan Africa,Africa,female,15+ yr,2004,2000,UNESCO_UIS Database_Sep2007,Percent,75.5
CPV,Sub-Saharan Africa,Africa,female,15+ yr,1990,1990,UNESCO_UIS Database_Sep2007,Percent,53.0
CPV,Sub-Saharan Africa,Africa,male,15+ yr,2004,2000,UNESCO_UIS Database_Sep2007,Percent,87.8
CPV,Sub-Saharan Africa,Africa,male,15+ yr,1990,1990,UNESCO_UIS Database_Sep2007,Percent,74.8
CAF,Sub-Saharan Africa,Africa,female,15+ yr,2000,2000,UNESCO_UIS Database_Sep2007,Percent,33.5
CAF,Sub-Saharan Africa,Africa,female,15+ yr,1988,1980,UNESCO_UIS Database_Sep2007,Percent,20.3
CAF,Sub-Saharan Africa,Africa,male,15+ yr,2000,2000,UNESCO_UIS Database_Sep2007,Percent,64.8
CAF,Sub-Saharan Africa,Africa,male,15+ yr,1988,1980,UNESCO_UIS Database_Sep2007,Percent,48.0
TCD,Sub-Saharan Africa,Africa,female,15+ yr,2000,2000,UNESCO_UIS Database_Sep2007,Percent,12.8
TCD,Sub-Saharan Africa,Africa,male,15+ yr,2000,2000,UNESCO_UIS Database_Sep2007,Percent,40.8
CHL,Latin America and the Caribbean,Americas,female,15+ yr,2002,2000,UNESCO_UIS Database_Sep2007,Percent,95.6
CHL,Latin America and the Caribbean,Americas,female,15+ yr,1992,1990,UNESCO_UIS Database_Sep2007,Percent,94.0
CHL,Latin America and the Caribbean,Americas,male,15+ yr,2002,2000,UNESCO_UIS Database_Sep2007,Percent,95.8
CHL,Latin America and the Caribbean,Americas,male,15+ yr,1992,1990,UNESCO_UIS Database_Sep2007,Percent,94.6
CHN,Eastern Asia,Asia,female,15+ yr,2000,2000,UNESCO_UIS Database_Sep2007,Percent,86.5
CHN,Eastern Asia,Asia,female,15+ yr,1990,1990,UNESCO_UIS Database_Sep2007,Percent,68.1
CHN,Eastern Asia,Asia,male,15+ yr,2000,2000,UNESCO_UIS Database_Sep2007,Percent,95.1
CHN,Eastern Asia,Asia,male,15+ yr,1990,1990,UNESCO_UIS Database_Sep2007,Percent,87.0
COL,Latin America and the Caribbean,Americas,female,15+ yr,2005,2000,UNESCO_UIS Database_Sep2007,Percent,92.9
COL,Latin America and the Caribbean,Americas,female,15+ yr,2004,2000,UNESCO_UIS Database_Sep2007,Percent,92.7
COL,Latin America and the Caribbean,Americas,female,15+ yr,1996,1990,UNESCO_UIS Database_Sep2007,Percent,91.3
COL,Latin America and the Caribbean,Americas,female,15+ yr,1993,1990,UNESCO_UIS Database_Sep2007,Percent,81.2
COL,Latin America and the Caribbean,Americas,male,15+ yr,2005,2000,UNESCO_UIS Database_Sep2007,Percent,92.8
COL,Latin America and the Caribbean,Americas,male,15+ yr,2004,2000,UNESCO_UIS Database_Sep2007,Percent,92.9
COL,Latin America and the Caribbean,Americas,male,15+ yr,1996,1990,UNESCO_UIS Database_Sep2007,Percent,91.1
COL,Latin America and the Caribbean,Americas,male,15+ yr,1993,1990,UNESCO_UIS Database_Sep2007,Percent,81.5
COG,Sub-Saharan Africa,Africa,female,15+ yr,2004,2000,UNESCO_UIS Database_Sep2007,Percent,79.0
COG,Sub-Saharan Africa,Africa,female,15+ yr,1994,1990,UNESCO_UIS Database_Sep2007,Percent,65.4
COG,Sub-Saharan Africa,Africa,male,15+ yr,2004,2000,UNESCO_UIS Database_Sep2007,Percent,90.5
COG,Sub-Saharan Africa,Africa,male,15+ yr,1994,1990,UNESCO_UIS Database_Sep2007,Percent,82.6
COD,Sub-Saharan Africa,Africa,female,15+ yr,2001,2000,UNESCO_UIS Database_Sep2007,Percent,54.1
COD,Sub-Saharan Africa,Africa,male,15+ yr,2001,2000,UNESCO_UIS Database_Sep2007,Percent,80.9
CRI,Latin America and the Caribbean,Americas,female,15+ yr,2000,2000,UNESCO_UIS Database_Sep2007,Percent,95.1
CRI,Latin America and the Caribbean,Americas,male,15+ yr,2000,2000,UNESCO_UIS Database_Sep2007,Percent,94.7
CIV,Sub-Saharan Africa,Africa,female,15+ yr,2000,2000,UNESCO_UIS Database_Sep2007,Percent,38.6
CIV,Sub-Saharan Africa,Africa,female,15+ yr,1988,1980,UNESCO_UIS Database_Sep2007,Percent,23.4
CIV,Sub-Saharan Africa,Africa,male,15+ yr,2000,2000,UNESCO_UIS Database_Sep2007,Percent,60.8
CIV,Sub-Saharan Africa,Africa,male,15+ yr,1988,1980,UNESCO_UIS Database_Sep2007,Percent,44.4
HRV,Southern Europe,Europe,female,15+ yr,2001,2000,UNESCO_UIS Database_Sep2007,Percent,97.1
HRV,Southern Europe,Europe,female,15+ yr,1991,1990,UNESCO_UIS Database_Sep2007,Percent,94.8
HRV,Southern Europe,Europe,male,15+ yr,2001,2000,UNESCO_UIS Database_Sep2007,Percent,99.3
HRV,Southern Europe,Europe,male,15+ yr,1991,1990,UNESCO_UIS Database_Sep2007,Percent,98.8
CUB,Latin America and the Caribbean,Americas,female,15+ yr,2002,2000,UNESCO_UIS Database_Sep2007,Percent,99.8
CUB,Latin America and the Caribbean,Americas,male,15+ yr,2002,2000,UNESCO_UIS Database_Sep2007,Percent,99.8
CYP,Western Asia,Asia,female,15+ yr,2001,2000,UNESCO_UIS Database_Sep2007,Percent,95.1
CYP,Western Asia,Asia,female,15+ yr,1992,1990,UNESCO_UIS Database_Sep2007,Percent,91.0
CYP,Western Asia,Asia,male,15+ yr,2001,2000,UNESCO_UIS Database_Sep2007,Percent,98.6
CYP,Western Asia,Asia,male,15+ yr,1992,1990,UNESCO_UIS Database_Sep2007,Percent,97.8
DOM,Latin America and the Caribbean,Americas,female,15+ yr,2002,2000,UNESCO_UIS Database_Sep2007,Percent,87.2
DOM,Latin America and the Caribbean,Americas,male,15+ yr,2002,2000,UNESCO_UIS Database_Sep2007,Percent,86.8
ECU,Latin America and the Caribbean,Americas,female,15+ yr,2001,2000,UNESCO_UIS Database_Sep2007,Percent,89.7
ECU,Latin America and the Caribbean,Americas,female,15+ yr,1990,1990,UNESCO_UIS Database_Sep2007,Percent,86.2
ECU,Latin America and the Caribbean,Americas,male,15+ yr,2001,2000,UNESCO_UIS Database_Sep2007,Percent,92.3
ECU,Latin America and the Caribbean,Americas,male,15+ yr,1990,1990,UNESCO_UIS Database_Sep2007,Percent,90.5
EGY,Northern Africa,Africa,female,15+ yr,2005,2000,UNESCO_UIS Database_Sep2007,Percent,59.4
EGY,Northern Africa,Africa,female,15+ yr,1996,1990,UNESCO_UIS Database_Sep2007,Percent,43.6
EGY,Northern Africa,Africa,female,15+ yr,1986,1980,UNESCO_UIS Database_Sep2007,Percent,31.4
EGY,Northern Africa,Africa,male,15+ yr,2005,2000,UNESCO_UIS Database_Sep2007,Percent,83.0
EGY,Northern Africa,Africa,male,15+ yr,1996,1990,UNESCO_UIS Database_Sep2007,Percent,67.2
EGY,Northern Africa,Africa,male,15+ yr,1986,1980,UNESCO_UIS Database_Sep2007,Percent,57.0
SLV,Latin America and the Caribbean,Americas,female,15+ yr,2004,2000,UNESCO_UIS Database_Sep2007,Percent,79.2
SLV,Latin America and the Caribbean,Americas,female,15+ yr,1992,1990,UNESCO_UIS Database_Sep2007,Percent,71.3
SLV,Latin America and the Caribbean,Americas,male,15+ yr,2004,2000,UNESCO_UIS Database_Sep2007,Percent,82.1
SLV,Latin America and the Caribbean,Americas,male,15+ yr,1992,1990,UNESCO_UIS Database_Sep2007,Percent,77.4
GNQ,Sub-Saharan Africa,Africa,female,15+ yr,2000,2000,UNESCO_UIS Database_Sep2007,Percent,80.5
GNQ,Sub-Saharan Africa,Africa,male,15+ yr,2000,2000,UNESCO_UIS Database_Sep2007,Percent,93.4
EST,Northern Europe,Europe,female,15+ yr,2000,2000,UNESCO_UIS Database_Sep2007,Percent,99.8
EST,Northern Europe,Europe,female,15+ yr,1989,1980,UNESCO_UIS Database_Sep2007,Percent,99.6
EST,Northern Europe,Europe,male,15+ yr,2000,2000,UNESCO_UIS Database_Sep2007,Percent,99.8
EST,Northern Europe,Europe,male,15+ yr,1989,1980,UNESCO_UIS Database_Sep2007,Percent,99.9
ETH,Sub-Saharan Africa,Africa,female,15+ yr,2004,2000,UNESCO_UIS Database_Sep2007,Percent,22.8
ETH,Sub-Saharan Africa,Africa,female,15+ yr,1994,1990,UNESCO_UIS Database_Sep2007,Percent,18.5
ETH,Sub-Saharan Africa,Africa,male,15+ yr,2004,2000,UNESCO_UIS Database_Sep2007,Percent,50.0
ETH,Sub-Saharan Africa,Africa,male,15+ yr,1994,1990,UNESCO_UIS Database_Sep2007,Percent,36.0
GAB,Sub-Saharan Africa,Africa,female,15+ yr,2004,2000,UNESCO_UIS Database_Sep2007,Percent,80.0
GAB,Sub-Saharan Africa,Africa,female,15+ yr,1993,1990,UNESCO_UIS Database_Sep2007,Percent,65.3
GAB,Sub-Saharan Africa,Africa,male,15+ yr,2004,2000,UNESCO_UIS Database_Sep2007,Percent,88.0
GAB,Sub-Saharan Africa,Africa,male,15+ yr,1993,1990,UNESCO_UIS Database_Sep2007,Percent,79.4
GHA,Sub-Saharan Africa,Africa,female,15+ yr,2000,2000,UNESCO_UIS Database_Sep2007,Percent,49.8
GHA,Sub-Saharan Africa,Africa,male,15+ yr,2000,2000,UNESCO_UIS Database_Sep2007,Percent,66.4
GRC,Southern Europe,Europe,female,15+ yr,2001,2000,UNESCO_UIS Database_Sep2007,Percent,94.2
GRC,Southern Europe,Europe,female,15+ yr,1991,1990,UNESCO_UIS Database_Sep2007,Percent,89.4
GRC,Southern Europe,Europe,male,15+ yr,2001,2000,UNESCO_UIS Database_Sep2007,Percent,97.8
GRC,Southern Europe,Europe,male,15+ yr,1991,1990,UNESCO_UIS Database_Sep2007,Percent,96.0
GTM,Latin America and the Caribbean,Americas,female,15+ yr,2002,2000,UNESCO_UIS Database_Sep2007,Percent,63.3
GTM,Latin America and the Caribbean,Americas,female,15+ yr,1994,1990,UNESCO_UIS Database_Sep2007,Percent,57.3
GTM,Latin America and the Caribbean,Americas,male,15+ yr,2002,2000,UNESCO_UIS Database_Sep2007,Percent,75.4
GTM,Latin America and the Caribbean,Americas,male,15+ yr,1994,1990,UNESCO_UIS Database_Sep2007,Percent,71.7
GIN,Sub-Saharan Africa,Africa,female,15+ yr,2003,2000,UNESCO_UIS Database_Sep2007,Percent,18.1
GIN,Sub-Saharan Africa,Africa,male,15+ yr,2003,2000,UNESCO_UIS Database_Sep2007,Percent,42.6
HND,Latin America and the Caribbean,Americas,female,15+ yr,2001,2000,UNESCO_UIS Database_Sep2007,Percent,80.2
HND,Latin America and the Caribbean,Americas,male,15+ yr,2001,2000,UNESCO_UIS Database_Sep2007,Percent,79.8
IND,Southern Asia,Asia,female,15+ yr,2001,2000,UNESCO_UIS Database_Sep2007,Percent,47.8
IND,Southern Asia,Asia,female,15+ yr,1991,1990,UNESCO_UIS Database_Sep2007,Percent,33.7
IND,Southern Asia,Asia,male,15+ yr,2001,2000,UNESCO_UIS Database_Sep2007,Percent,73.4
IND,Southern Asia,Asia,male,15+ yr,1991,1990,UNESCO_UIS Database_Sep2007,Percent,61.6
IDN,South-eastern Asia,Asia,female,15+ yr,2004,2000,UNESCO_UIS Database_Sep2007,Percent,86.8
IDN,South-eastern Asia,Asia,female,15+ yr,1990,1990,UNESCO_UIS Database_Sep2007,Percent,75.3
IDN,South-eastern Asia,Asia,male,15+ yr,2004,2000,UNESCO_UIS Database_Sep2007,Percent,94.0
IDN,South-eastern Asia,Asia,male,15+ yr,1990,1990,UNESCO_UIS Database_Sep2007,Percent,88.0
IRN,Southern Asia,Asia,female,15+ yr,2005,2000,UNESCO_UIS Database_Sep2007,Percent,76.8
IRN,Southern Asia,Asia,female,15+ yr,1996,1990,UNESCO_UIS Database_Sep2007,Percent,66.1
IRN,Southern Asia,Asia,female,15+ yr,1991,1990,UNESCO_UIS Database_Sep2007,Percent,56.2
IRN,Southern Asia,Asia,female,15+ yr,1986,1980,UNESCO_UIS Database_Sep2007,Percent,41.0
IRN,Southern Asia,Asia,male,15+ yr,2005,2000,UNESCO_UIS Database_Sep2007,Percent,88.0
IRN,Southern Asia,Asia,male,15+ yr,1996,1990,UNESCO_UIS Database_Sep2007,Percent,79.9
IRN,Southern Asia,Asia,male,15+ yr,1991,1990,UNESCO_UIS Database_Sep2007,Percent,74.3
IRN,Southern Asia,Asia,male,15+ yr,1986,1980,UNESCO_UIS Database_Sep2007,Percent,63.1
IRQ,Western Asia,Asia,female,15+ yr,2000,2000,UNESCO_UIS Database_Sep2007,Percent,64.2
IRQ,Western Asia,Asia,male,15+ yr,2000,2000,UNESCO_UIS Database_Sep2007,Percent,84.1
ITA,Southern Europe,Europe,female,15+ yr,2001,2000,UNESCO_UIS Database_Sep2007,Percent,98.0
ITA,Southern Europe,Europe,male,15+ yr,2001,2000,UNESCO_UIS Database_Sep2007,Percent,98.8
JAM,Latin America and the Caribbean,Americas,female,15+ yr,1999,1990,UNESCO_UIS Database_Sep2007,Percent,85.9
JAM,Latin America and the Caribbean,Americas,male,15+ yr,1999,1990,UNESCO_UIS Database_Sep2007,Percent,74.1
JOR,Western Asia,Asia,female,15+ yr,2005,2000,UNESCO_UIS Database_Sep2007,Percent,87.0
JOR,Western Asia,Asia,female,15+ yr,2003,2000,UNESCO_UIS Database_Sep2007,Percent,84.7
JOR,Western Asia,Asia,male,15+ yr,2005,2000,UNESCO_UIS Database_Sep2007,Percent,95.2
JOR,Western Asia,Asia,male,15+ yr,2003,2000,UNESCO_UIS Database_Sep2007,Percent,95.1
KAZ,Central Asia,Asia,female,15+ yr,1999,1990,UNESCO_UIS Database_Sep2007,Percent,99.3
KAZ,Central Asia,Asia,female,15+ yr,1989,1980,UNESCO_UIS Database_Sep2007,Percent,96.1
KAZ,Central Asia,Asia,male,15+ yr,1999,1990,UNESCO_UIS Database_Sep2007,Percent,99.8
KAZ,Central Asia,Asia,male,15+ yr,1989,1980,UNESCO_UIS Database_Sep2007,Percent,99.1
KEN,Sub-Saharan Africa,Africa,female,15+ yr,2000,2000,UNESCO_UIS Database_Sep2007,Percent,70.2
KEN,Sub-Saharan Africa,Africa,male,15+ yr,2000,2000,UNESCO_UIS Database_Sep2007,Percent,77.7
KWT,Western Asia,Asia,female,15+ yr,2005,2000,UNESCO_UIS Database_Sep2007,Percent,91.0
KWT,Western Asia,Asia,female,15+ yr,1995,1990,UNESCO_UIS Database_Sep2007,Percent,74.1
KWT,Western Asia,Asia,female,15+ yr,1985,1980,UNESCO_UIS Database_Sep2007,Percent,68.8
KWT,Western Asia,Asia,male,15+ yr,2005,2000,UNESCO_UIS Database_Sep2007,Percent,94.4
KWT,Western Asia,Asia,male,15+ yr,1995,1990,UNESCO_UIS Database_Sep2007,Percent,81.1
KWT,Western Asia,Asia,male,15+ yr,1985,1980,UNESCO_UIS Database_Sep2007,Percent,78.2
KGZ,Central Asia,Asia,female,15+ yr,1999,1990,UNESCO_UIS Database_Sep2007,Percent,98.1
KGZ,Central Asia,Asia,male,15+ yr,1999,1990,UNESCO_UIS Database_Sep2007,Percent,99.3
LAO,South-eastern Asia,Asia,female,15+ yr,2001,2000,UNESCO_UIS Database_Sep2007,Percent,60.9
LAO,South-eastern Asia,Asia,female,15+ yr,1995,1990,UNESCO_UIS Database_Sep2007,Percent,47.9
LAO,South-eastern Asia,Asia,male,15+ yr,2001,2000,UNESCO_UIS Database_Sep2007,Percent,77.0
LAO,South-eastern Asia,Asia,male,15+ yr,1995,1990,UNESCO_UIS Database_Sep2007,Percent,73.5
LVA,Northern Europe,Europe,female,15+ yr,2000,2000,UNESCO_UIS Database_Sep2007,Percent,99.7
LVA,Northern Europe,Europe,female,15+ yr,1989,1980,UNESCO_UIS Database_Sep2007,Percent,99.2
LVA,Northern Europe,Europe,male,15+ yr,2000,2000,UNESCO_UIS Database_Sep2007,Percent,99.8
LVA,Northern Europe,Europe,male,15+ yr,1989,1980,UNESCO_UIS Database_Sep2007,Percent,99.8
LSO,Sub-Saharan Africa,Africa,female,15+ yr,2001,2000,UNESCO_UIS Database_Sep2007,Percent,90.3
LSO,Sub-Saharan Africa,Africa,male,15+ yr,2001,2000,UNESCO_UIS Database_Sep2007,Percent,73.7
LBR,Sub-Saharan Africa,Africa,female,15+ yr,2004,2000,UNESCO_UIS Database_Sep2007,Percent,45.7
LBR,Sub-Saharan Africa,Africa,female,15+ yr,1994,1990,UNESCO_UIS Database_Sep2007,Percent,29.7
LBR,Sub-Saharan Africa,Africa,male,15+ yr,2004,2000,UNESCO_UIS Database_Sep2007,Percent,58.3
LBR,Sub-Saharan Africa,Africa,male,15+ yr,1994,1990,UNESCO_UIS Database_Sep2007,Percent,52.0
LBY,Northern Africa,Africa,female,15+ yr,2004,2000,UNESCO_UIS Database_Sep2007,Percent,74.8
LBY,Northern Africa,Africa,female,15+ yr,1994,1990,UNESCO_UIS Database_Sep2007,Percent,61.0
LBY,Northern Africa,Africa,male,15+ yr,2004,2000,UNESCO_UIS Database_Sep2007,Percent,92.8
LBY,Northern Africa,Africa,male,15+ yr,1994,1990,UNESCO_UIS Database_Sep2007,Percent,86.9
LTU,Northern Europe,Europe,female,15+ yr,2001,2000,UNESCO_UIS Database_Sep2007,Percent,99.6
LTU,Northern Europe,Europe,female,15+ yr,1989,1980,UNESCO_UIS Database_Sep2007,Percent,97.8
LTU,Northern Europe,Europe,male,15+ yr,2001,2000,UNESCO_UIS Database_Sep2007,Percent,99.6
LTU,Northern Europe,Europe,male,15+ yr,1989,1980,UNESCO_UIS Database_Sep2007,Percent,99.2
MAC,Eastern Asia,Asia,female,15+ yr,2001,2000,UNESCO_UIS Database_Sep2007,Percent,87.8
MAC,Eastern Asia,Asia,male,15+ yr,2001,2000,UNESCO_UIS Database_Sep2007,Percent,95.3
MKD,Southern Europe,Europe,female,15+ yr,2002,2000,UNESCO_UIS Database_Sep2007,Percent,94.1
MKD,Southern Europe,Europe,female,15+ yr,1994,1990,UNESCO_UIS Database_Sep2007,Percent,90.9
MKD,Southern Europe,Europe,male,15+ yr,2002,2000,UNESCO_UIS Database_Sep2007,Percent,98.2
MKD,Southern Europe,Europe,male,15+ yr,1994,1990,UNESCO_UIS Database_Sep2007,Percent,97.2
MDG,Sub-Saharan Africa,Africa,female,15+ yr,2000,2000,UNESCO_UIS Database_Sep2007,Percent,65.3
MDG,Sub-Saharan Africa,Africa,male,15+ yr,2000,2000,UNESCO_UIS Database_Sep2007,Percent,76.5
MWI,Sub-Saharan Africa,Africa,female,15+ yr,1998,1990,UNESCO_UIS Database_Sep2007,Percent,54.0
MWI,Sub-Saharan Africa,Africa,female,15+ yr,1987,1980,UNESCO_UIS Database_Sep2007,Percent,33.5
MWI,Sub-Saharan Africa,Africa,male,15+ yr,1998,1990,UNESCO_UIS Database_Sep2007,Percent,74.9
MWI,Sub-Saharan Africa,Africa,male,15+ yr,1987,1980,UNESCO_UIS Database_Sep2007,Percent,65.3
MYS,South-eastern Asia,Asia,female,15+ yr,2000,2000,UNESCO_UIS Database_Sep2007,Percent,85.4
MYS,South-eastern Asia,Asia,female,15+ yr,1991,1990,UNESCO_UIS Database_Sep2007,Percent,77.3
MYS,South-eastern Asia,Asia,male,15+ yr,2000,2000,UNESCO_UIS Database_Sep2007,Percent,92.0
MYS,South-eastern Asia,Asia,male,15+ yr,1991,1990,UNESCO_UIS Database_Sep2007,Percent,88.6
MDV,Southern Asia,Asia,female,15+ yr,2000,2000,UNESCO_UIS Database_Sep2007,Percent,96.4
MDV,Southern Asia,Asia,female,15+ yr,1995,1990,UNESCO_UIS Database_Sep2007,Percent,96.4
MDV,Southern Asia,Asia,female,15+ yr,1990,1990,UNESCO_UIS Database_Sep2007,Percent,96.1
MDV,Southern Asia,Asia,female,15+ yr,1985,1980,UNESCO_UIS Database_Sep2007,Percent,92.4
MDV,Southern Asia,Asia,male,15+ yr,2000,2000,UNESCO_UIS Database_Sep2007,Percent,96.2
MDV,Southern Asia,Asia,male,15+ yr,1995,1990,UNESCO_UIS Database_Sep2007,Percent,96.2
MDV,Southern Asia,Asia,male,15+ yr,1990,1990,UNESCO_UIS Database_Sep2007,Percent,95.9
MDV,Southern Asia,Asia,male,15+ yr,1985,1980,UNESCO_UIS Database_Sep2007,Percent,92.1
MLI,Sub-Saharan Africa,Africa,female,15+ yr,2003,2000,UNESCO_UIS Database_Sep2007,Percent,15.9
MLI,Sub-Saharan Africa,Africa,female,15+ yr,1998,1990,UNESCO_UIS Database_Sep2007,Percent,11.9
MLI,Sub-Saharan Africa,Africa,male,15+ yr,2003,2000,UNESCO_UIS Database_Sep2007,Percent,32.7
MLI,Sub-Saharan Africa,Africa,male,15+ yr,1998,1990,UNESCO_UIS Database_Sep2007,Percent,26.7
MLT,Southern Europe,Europe,female,15+ yr,1995,1990,UNESCO_UIS Database_Sep2007,Percent,89.2
MLT,Southern Europe,Europe,male,15+ yr,1995,1990,UNESCO_UIS Database_Sep2007,Percent,86.4
MRT,Sub-Saharan Africa,Africa,female,15+ yr,2000,2000,UNESCO_UIS Database_Sep2007,Percent,43.4
MRT,Sub-Saharan Africa,Africa,male,15+ yr,2000,2000,UNESCO_UIS Database_Sep2007,Percent,59.5
MUS,Sub-Saharan Africa,Africa,female,15+ yr,2000,2000,UNESCO_UIS Database_Sep2007,Percent,80.5
MUS,Sub-Saharan Africa,Africa,female,15+ yr,1990,1990,UNESCO_UIS Database_Sep2007,Percent,74.7
MUS,Sub-Saharan Africa,Africa,male,15+ yr,2000,2000,UNESCO_UIS Database_Sep2007,Percent,88.2
MUS,Sub-Saharan Africa,Africa,male,15+ yr,1990,1990,UNESCO_UIS Database_Sep2007,Percent,85.1
MEX,Latin America and the Caribbean,Americas,female,15+ yr,2005,2000,UNESCO_UIS Database_Sep2007,Percent,90.2
MEX,Latin America and the Caribbean,Americas,female,15+ yr,2004,2000,UNESCO_UIS Database_Sep2007,Percent,89.6
MEX,Latin America and the Caribbean,Americas,female,15+ yr,2002,2000,UNESCO_UIS Database_Sep2007,Percent,88.7
MEX,Latin America and the Caribbean,Americas,female,15+ yr,2000,2000,UNESCO_UIS Database_Sep2007,Percent,88.7
MEX,Latin America and the Caribbean,Americas,female,15+ yr,1990,1990,UNESCO_UIS Database_Sep2007,Percent,85.0
MEX,Latin America and the Caribbean,Americas,male,15+ yr,2005,2000,UNESCO_UIS Database_Sep2007,Percent,93.2
MEX,Latin America and the Caribbean,Americas,male,15+ yr,2004,2000,UNESCO_UIS Database_Sep2007,Percent,92.4
MEX,Latin America and the Caribbean,Americas,male,15+ yr,2002,2000,UNESCO_UIS Database_Sep2007,Percent,92.0
MEX,Latin America and the Caribbean,Americas,male,15+ yr,2000,2000,UNESCO_UIS Database_Sep2007,Percent,92.6
MEX,Latin America and the Caribbean,Americas,male,15+ yr,1990,1990,UNESCO_UIS Database_Sep2007,Percent,90.3
MNG,Eastern Asia,Asia,female,15+ yr,2000,2000,UNESCO_UIS Database_Sep2007,Percent,97.5
MNG,Eastern Asia,Asia,male,15+ yr,2000,2000,UNESCO_UIS Database_Sep2007,Percent,98.0
MAR,Northern Africa,Africa,female,15+ yr,2004,2000,UNESCO_UIS Database_Sep2007,Percent,39.6
MAR,Northern Africa,Africa,female,15+ yr,1994,1990,UNESCO_UIS Database_Sep2007,Percent,28.7
MAR,Northern Africa,Africa,male,15+ yr,2004,2000,UNESCO_UIS Database_Sep2007,Percent,65.7
MAR,Northern Africa,Africa,male,15+ yr,1994,1990,UNESCO_UIS Database_Sep2007,Percent,55.2
MOZ,Sub-Saharan Africa,Africa,female,15+ yr,1997,1990,UNESCO_UIS Database_Sep2007,Percent,25.0
MOZ,Sub-Saharan Africa,Africa,male,15+ yr,1997,1990,UNESCO_UIS Database_Sep2007,Percent,54.8
MMR,South-eastern Asia,Asia,female,15+ yr,2000,2000,UNESCO_UIS Database_Sep2007,Percent,86.4
MMR,South-eastern Asia,Asia,male,15+ yr,2000,2000,UNESCO_UIS Database_Sep2007,Percent,93.9
NAM,Sub-Saharan Africa,Africa,female,15+ yr,2001,2000,UNESCO_UIS Database_Sep2007,Percent,83.5
NAM,Sub-Saharan Africa,Africa,female,15+ yr,1991,1990,UNESCO_UIS Database_Sep2007,Percent,74.0
NAM,Sub-Saharan Africa,Africa,male,15+ yr,2001,2000,UNESCO_UIS Database_Sep2007,Percent,86.8
NAM,Sub-Saharan Africa,Africa,male,15+ yr,1991,1990,UNESCO_UIS Database_Sep2007,Percent,77.8
NPL,Southern Asia,Asia,female,15+ yr,2001,2000,UNESCO_UIS Database_Sep2007,Percent,34.9
NPL,Southern Asia,Asia,female,15+ yr,1991,1990,UNESCO_UIS Database_Sep2007,Percent,17.4
NPL,Southern Asia,Asia,male,15+ yr,2001,2000,UNESCO_UIS Database_Sep2007,Percent,62.7
NPL,Southern Asia,Asia,male,15+ yr,1991,1990,UNESCO_UIS Database_Sep2007,Percent,49.2
ANT,ANT,ANT,female,15+ yr,2004,2000,UNESCO_UIS Database_Sep2007,Percent,96.0
ANT,ANT,ANT,female,15+ yr,1992,1990,UNESCO_UIS Database_Sep2007,Percent,95.0
ANT,ANT,ANT,male,15+ yr,2004,2000,UNESCO_UIS Database_Sep2007,Percent,96.1
ANT,ANT,ANT,male,15+ yr,1992,1990,UNESCO_UIS Database_Sep2007,Percent,95.2
NIC,Latin America and the Caribbean,Americas,female,15+ yr,2001,2000,UNESCO_UIS Database_Sep2007,Percent,76.6
NIC,Latin America and the Caribbean,Americas,male,15+ yr,2001,2000,UNESCO_UIS Database_Sep2007,Percent,76.8
NGA,Sub-Saharan Africa,Africa,female,15+ yr,2005,2000,UNESCO_UIS Database_Sep2007,Percent,15.1
NGA,Sub-Saharan Africa,Africa,male,15+ yr,2005,2000,UNESCO_UIS Database_Sep2007,Percent,42.9
NGA,Sub-Saharan Africa,Africa,female,15+ yr,2004,2000,UNESCO_UIS Database_Sep2007,Percent,60.1
NGA,Sub-Saharan Africa,Africa,female,15+ yr,1991,1990,UNESCO_UIS Database_Sep2007,Percent,43.7
NGA,Sub-Saharan Africa,Africa,male,15+ yr,2004,2000,UNESCO_UIS Database_Sep2007,Percent,78.2
NGA,Sub-Saharan Africa,Africa,male,15+ yr,1991,1990,UNESCO_UIS Database_Sep2007,Percent,67.7
OMN,Western Asia,Asia,female,15+ yr,2003,2000,UNESCO_UIS Database_Sep2007,Percent,73.5
OMN,Western Asia,Asia,male,15+ yr,2003,2000,UNESCO_UIS Database_Sep2007,Percent,86.9
PAK,Southern Asia,Asia,female,15+ yr,2005,2000,UNESCO_UIS Database_Sep2007,Percent,35.4
PAK,Southern Asia,Asia,female,15+ yr,1998,1990,UNESCO_UIS Database_Sep2007,Percent,29.0
PAK,Southern Asia,Asia,male,15+ yr,2005,2000,UNESCO_UIS Database_Sep2007,Percent,64.1
PAK,Southern Asia,Asia,male,15+ yr,1998,1990,UNESCO_UIS Database_Sep2007,Percent,55.3
PSE,Western Asia,Asia,female,15+ yr,2004,2000,UNESCO_UIS Database_Sep2007,Percent,88.0
PSE,Western Asia,Asia,female,15+ yr,1997,1990,UNESCO_UIS Database_Sep2007,Percent,79.7
PSE,Western Asia,Asia,male,15+ yr,2004,2000,UNESCO_UIS Database_Sep2007,Percent,96.7
PSE,Western Asia,Asia,male,15+ yr,1997,1990,UNESCO_UIS Database_Sep2007,Percent,92.2
PAN,Latin America and the Caribbean,Americas,female,15+ yr,2000,2000,UNESCO_UIS Database_Sep2007,Percent,91.2
PAN,Latin America and the Caribbean,Americas,female,15+ yr,1990,1990,UNESCO_UIS Database_Sep2007,Percent,88.2
PAN,Latin America and the Caribbean,Americas,male,15+ yr,2000,2000,UNESCO_UIS Database_Sep2007,Percent,92.5
PAN,Latin America and the Caribbean,Americas,male,15+ yr,1990,1990,UNESCO_UIS Database_Sep2007,Percent,89.3
PNG,Melanesia,Oceania,female,15+ yr,2000,2000,UNESCO_UIS Database_Sep2007,Percent,50.9
PNG,Melanesia,Oceania,male,15+ yr,2000,2000,UNESCO_UIS Database_Sep2007,Percent,63.4
PRY,Latin America and the Caribbean,Americas,female,15+ yr,2004,2000,UNESCO_UIS Database_Sep2007,Percent,92.7
PRY,Latin America and the Caribbean,Americas,female,15+ yr,1992,1990,UNESCO_UIS Database_Sep2007,Percent,88.6
PRY,Latin America and the Caribbean,Americas,male,15+ yr,2004,2000,UNESCO_UIS Database_Sep2007,Percent,94.3
PRY,Latin America and the Caribbean,Americas,male,15+ yr,1992,1990,UNESCO_UIS Database_Sep2007,Percent,92.0
PER,Latin America and the Caribbean,Americas,female,15+ yr,2005,2000,UNESCO_UIS Database_Sep2007,Percent,82.5
PER,Latin America and the Caribbean,Americas,female,15+ yr,2004,2000,UNESCO_UIS Database_Sep2007,Percent,82.1
PER,Latin America and the Caribbean,Americas,female,15+ yr,1993,1990,UNESCO_UIS Database_Sep2007,Percent,81.7
PER,Latin America and the Caribbean,Americas,male,15+ yr,2005,2000,UNESCO_UIS Database_Sep2007,Percent,93.7
PER,Latin America and the Caribbean,Americas,male,15+ yr,2004,2000,UNESCO_UIS Database_Sep2007,Percent,93.5
PER,Latin America and the Caribbean,Americas,male,15+ yr,1993,1990,UNESCO_UIS Database_Sep2007,Percent,92.9
PHL,South-eastern Asia,Asia,female,15+ yr,2003,2000,UNESCO_UIS Database_Sep2007,Percent,93.6
PHL,South-eastern Asia,Asia,female,15+ yr,2000,2000,UNESCO_UIS Database_Sep2007,Percent,92.7
PHL,South-eastern Asia,Asia,female,15+ yr,1990,1990,UNESCO_UIS Database_Sep2007,Percent,93.2
PHL,South-eastern Asia,Asia,male,15+ yr,2003,2000,UNESCO_UIS Database_Sep2007,Percent,91.6
PHL,South-eastern Asia,Asia,male,15+ yr,2000,2000,UNESCO_UIS Database_Sep2007,Percent,92.5
PHL,South-eastern Asia,Asia,male,15+ yr,1990,1990,UNESCO_UIS Database_Sep2007,Percent,94.0
PRT,Southern Europe,Europe,female,15+ yr,2004,2000,UNESCO_UIS Database_Sep2007,Percent,92.0
PRT,Southern Europe,Europe,female,15+ yr,1991,1990,UNESCO_UIS Database_Sep2007,Percent,84.7
PRT,Southern Europe,Europe,male,15+ yr,2004,2000,UNESCO_UIS Database_Sep2007,Percent,95.8
PRT,Southern Europe,Europe,male,15+ yr,1991,1990,UNESCO_UIS Database_Sep2007,Percent,91.6
QAT,Western Asia,Asia,female,15+ yr,2004,2000,UNESCO_UIS Database_Sep2007,Percent,88.6
QAT,Western Asia,Asia,female,15+ yr,1997,1990,UNESCO_UIS Database_Sep2007,Percent,80.9
QAT,Western Asia,Asia,female,15+ yr,1986,1980,UNESCO_UIS Database_Sep2007,Percent,72.5
QAT,Western Asia,Asia,male,15+ yr,2004,2000,UNESCO_UIS Database_Sep2007,Percent,89.1
QAT,Western Asia,Asia,male,15+ yr,1997,1990,UNESCO_UIS Database_Sep2007,Percent,84.2
QAT,Western Asia,Asia,male,15+ yr,1986,1980,UNESCO_UIS Database_Sep2007,Percent,76.8
MDA,Eastern Europe,Europe,female,15+ yr,2004,2000,UNESCO_UIS Database_Sep2007,Percent,98.6
MDA,Eastern Europe,Europe,female,15+ yr,1989,1980,UNESCO_UIS Database_Sep2007,Percent,94.4
MDA,Eastern Europe,Europe,male,15+ yr,2004,2000,UNESCO_UIS Database_Sep2007,Percent,99.6
MDA,Eastern Europe,Europe,male,15+ yr,1989,1980,UNESCO_UIS Database_Sep2007,Percent,98.6
ROU,Eastern Europe,Europe,female,15+ yr,2002,2000,UNESCO_UIS Database_Sep2007,Percent,96.3
ROU,Eastern Europe,Europe,female,15+ yr,1992,1990,UNESCO_UIS Database_Sep2007,Percent,95.0
ROU,Eastern Europe,Europe,male,15+ yr,2002,2000,UNESCO_UIS Database_Sep2007,Percent,98.4
ROU,Eastern Europe,Europe,male,15+ yr,1992,1990,UNESCO_UIS Database_Sep2007,Percent,98.5
RUS,Eastern Europe,Europe,female,15+ yr,2002,2000,UNESCO_UIS Database_Sep2007,Percent,99.2
RUS,Eastern Europe,Europe,female,15+ yr,1989,1980,UNESCO_UIS Database_Sep2007,Percent,96.8
RUS,Eastern Europe,Europe,male,15+ yr,2002,2000,UNESCO_UIS Database_Sep2007,Percent,99.7
RUS,Eastern Europe,Europe,male,15+ yr,1989,1980,UNESCO_UIS Database_Sep2007,Percent,99.5
RWA,Sub-Saharan Africa,Africa,female,15+ yr,2000,2000,UNESCO_UIS Database_Sep2007,Percent,59.8
RWA,Sub-Saharan Africa,Africa,male,15+ yr,2000,2000,UNESCO_UIS Database_Sep2007,Percent,71.4
WSM,Polynesia,Oceania,female,15+ yr,2004,2000,UNESCO_UIS Database_Sep2007,Percent,98.3
WSM,Polynesia,Oceania,female,15+ yr,1994,1990,UNESCO_UIS Database_Sep2007,Percent,97.6
WSM,Polynesia,Oceania,male,15+ yr,2004,2000,UNESCO_UIS Database_Sep2007,Percent,98.9
WSM,Polynesia,Oceania,male,15+ yr,1994,1990,UNESCO_UIS Database_Sep2007,Percent,98.5
STP,Sub-Saharan Africa,Africa,female,15+ yr,2001,2000,UNESCO_UIS Database_Sep2007,Percent,77.9
STP,Sub-Saharan Africa,Africa,female,15+ yr,1991,1990,UNESCO_UIS Database_Sep2007,Percent,61.9
STP,Sub-Saharan Africa,Africa,male,15+ yr,2001,2000,UNESCO_UIS Database_Sep2007,Percent,92.2
STP,Sub-Saharan Africa,Africa,male,15+ yr,1991,1990,UNESCO_UIS Database_Sep2007,Percent,85.2
SAU,Western Asia,Asia,female,15+ yr,2004,2000,UNESCO_UIS Database_Sep2007,Percent,76.3
SAU,Western Asia,Asia,female,15+ yr,2000,2000,UNESCO_UIS Database_Sep2007,Percent,69.3
SAU,Western Asia,Asia,female,15+ yr,1992,1990,UNESCO_UIS Database_Sep2007,Percent,57.3
SAU,Western Asia,Asia,male,15+ yr,2004,2000,UNESCO_UIS Database_Sep2007,Percent,87.5
SAU,Western Asia,Asia,male,15+ yr,2000,2000,UNESCO_UIS Database_Sep2007,Percent,87.1
SAU,Western Asia,Asia,male,15+ yr,1992,1990,UNESCO_UIS Database_Sep2007,Percent,80.0
SEN,Sub-Saharan Africa,Africa,female,15+ yr,2002,2000,UNESCO_UIS Database_Sep2007,Percent,29.2
SEN,Sub-Saharan Africa,Africa,female,15+ yr,1988,1980,UNESCO_UIS Database_Sep2007,Percent,17.9
SEN,Sub-Saharan Africa,Africa,male,15+ yr,2002,2000,UNESCO_UIS Database_Sep2007,Percent,51.1
SEN,Sub-Saharan Africa,Africa,male,15+ yr,1988,1980,UNESCO_UIS Database_Sep2007,Percent,36.9
MNE,Southern Europe,Europe,female,15+ yr,2002,2000,UNESCO_UIS Database_Sep2007,Percent,94.1
MNE,Southern Europe,Europe,female,15+ yr,1991,1990,UNESCO_UIS Database_Sep2007,Percent,87.8
MNE,Southern Europe,Europe,male,15+ yr,2002,2000,UNESCO_UIS Database_Sep2007,Percent,98.9
MNE,Southern Europe,Europe,male,15+ yr,1991,1990,UNESCO_UIS Database_Sep2007,Percent,97.0
SYC,Sub-Saharan Africa,Africa,female,15+ yr,2002,2000,UNESCO_UIS Database_Sep2007,Percent,92.3
SYC,Sub-Saharan Africa,Africa,female,15+ yr,1994,1990,UNESCO_UIS Database_Sep2007,Percent,88.6
SYC,Sub-Saharan Africa,Africa,female,15+ yr,1987,1980,UNESCO_UIS Database_Sep2007,Percent,85.5
SYC,Sub-Saharan Africa,Africa,male,15+ yr,2002,2000,UNESCO_UIS Database_Sep2007,Percent,91.4
SYC,Sub-Saharan Africa,Africa,male,15+ yr,1994,1990,UNESCO_UIS Database_Sep2007,Percent,87.0
SYC,Sub-Saharan Africa,Africa,male,15+ yr,1987,1980,UNESCO_UIS Database_Sep2007,Percent,82.9
SLE,Sub-Saharan Africa,Africa,female,15+ yr,2004,2000,UNESCO_UIS Database_Sep2007,Percent,24.2
SLE,Sub-Saharan Africa,Africa,male,15+ yr,2004,2000,UNESCO_UIS Database_Sep2007,Percent,46.7
SGP,South-eastern Asia,Asia,female,15+ yr,1990,1990,UNESCO_UIS Database_Sep2007,Percent,83.0
SGP,South-eastern Asia,Asia,male,15+ yr,1990,1990,UNESCO_UIS Database_Sep2007,Percent,95.1
SVN,Southern Europe,Europe,female,15+ yr,2004,2000,UNESCO_UIS Database_Sep2007,Percent,99.6
SVN,Southern Europe,Europe,female,15+ yr,1991,1990,UNESCO_UIS Database_Sep2007,Percent,99.5
SVN,Southern Europe,Europe,male,15+ yr,2004,2000,UNESCO_UIS Database_Sep2007,Percent,99.7
SVN,Southern Europe,Europe,male,15+ yr,1991,1990,UNESCO_UIS Database_Sep2007,Percent,99.6
ZAF,Sub-Saharan Africa,Africa,female,15+ yr,1996,1990,UNESCO_UIS Database_Sep2007,Percent,80.9
ZAF,Sub-Saharan Africa,Africa,male,15+ yr,1996,1990,UNESCO_UIS Database_Sep2007,Percent,84.1
ESP,Southern Europe,Europe,female,15+ yr,1991,1990,UNESCO_UIS Database_Sep2007,Percent,95.1
ESP,Southern Europe,Europe,male,15+ yr,1991,1990,UNESCO_UIS Database_Sep2007,Percent,98.0
LKA,Southern Asia,Asia,female,15+ yr,2001,2000,UNESCO_UIS Database_Sep2007,Percent,89.1
LKA,Southern Asia,Asia,male,15+ yr,2001,2000,UNESCO_UIS Database_Sep2007,Percent,92.3
SDN,Northern Africa,Africa,female,15+ yr,2000,2000,UNESCO_UIS Database_Sep2007,Percent,51.8
SDN,Northern Africa,Africa,male,15+ yr,2000,2000,UNESCO_UIS Database_Sep2007,Percent,71.1
SUR,Latin America and the Caribbean,Americas,female,15+ yr,2004,2000,UNESCO_UIS Database_Sep2007,Percent,87.2
SUR,Latin America and the Caribbean,Americas,male,15+ yr,2004,2000,UNESCO_UIS Database_Sep2007,Percent,92.0
SWZ,Sub-Saharan Africa,Africa,female,15+ yr,2000,2000,UNESCO_UIS Database_Sep2007,Percent,78.3
SWZ,Sub-Saharan Africa,Africa,female,15+ yr,1986,1980,UNESCO_UIS Database_Sep2007,Percent,65.2
SWZ,Sub-Saharan Africa,Africa,male,15+ yr,2000,2000,UNESCO_UIS Database_Sep2007,Percent,80.9
SWZ,Sub-Saharan Africa,Africa,male,15+ yr,1986,1980,UNESCO_UIS Database_Sep2007,Percent,69.7
SYR,Western Asia,Asia,female,15+ yr,2004,2000,UNESCO_UIS Database_Sep2007,Percent,73.6
SYR,Western Asia,Asia,female,15+ yr,2002,2000,UNESCO_UIS Database_Sep2007,Percent,74.2
SYR,Western Asia,Asia,male,15+ yr,2004,2000,UNESCO_UIS Database_Sep2007,Percent,87.8
SYR,Western Asia,Asia,male,15+ yr,2002,2000,UNESCO_UIS Database_Sep2007,Percent,91.0
TJK,Central Asia,Asia,female,15+ yr,2000,2000,UNESCO_UIS Database_Sep2007,Percent,99.2
TJK,Central Asia,Asia,female,15+ yr,1989,1980,UNESCO_UIS Database_Sep2007,Percent,96.6
TJK,Central Asia,Asia,male,15+ yr,2000,2000,UNESCO_UIS Database_Sep2007,Percent,99.7
TJK,Central Asia,Asia,male,15+ yr,1989,1980,UNESCO_UIS Database_Sep2007,Percent,98.8
TZA,Sub-Saharan Africa,Africa,female,15+ yr,2002,2000,UNESCO_UIS Database_Sep2007,Percent,62.2
TZA,Sub-Saharan Africa,Africa,female,15+ yr,1988,1980,UNESCO_UIS Database_Sep2007,Percent,48.1
TZA,Sub-Saharan Africa,Africa,male,15+ yr,2002,2000,UNESCO_UIS Database_Sep2007,Percent,77.5
TZA,Sub-Saharan Africa,Africa,male,15+ yr,1988,1980,UNESCO_UIS Database_Sep2007,Percent,71.4
THA,South-eastern Asia,Asia,female,15+ yr,2000,2000,UNESCO_UIS Database_Sep2007,Percent,90.5
THA,South-eastern Asia,Asia,male,15+ yr,2000,2000,UNESCO_UIS Database_Sep2007,Percent,94.9
TGO,Sub-Saharan Africa,Africa,female,15+ yr,2000,2000,UNESCO_UIS Database_Sep2007,Percent,38.5
TGO,Sub-Saharan Africa,Africa,male,15+ yr,2000,2000,UNESCO_UIS Database_Sep2007,Percent,68.7
TON,Polynesia,Oceania,female,15+ yr,1996,1990,UNESCO_UIS Database_Sep2007,Percent,99.0
TON,Polynesia,Oceania,male,15+ yr,1996,1990,UNESCO_UIS Database_Sep2007,Percent,98.8
TTO,Latin America and the Caribbean,Americas,female,15+ yr,2004,2000,UNESCO_UIS Database_Sep2007,Percent,97.8
TTO,Latin America and the Caribbean,Americas,female,15+ yr,1994,1990,UNESCO_UIS Database_Sep2007,Percent,96.1
TTO,Latin America and the Caribbean,Americas,male,15+ yr,2004,2000,UNESCO_UIS Database_Sep2007,Percent,98.9
TTO,Latin America and the Caribbean,Americas,male,15+ yr,1994,1990,UNESCO_UIS Database_Sep2007,Percent,98.2
TUN,Northern Africa,Africa,female,15+ yr,2004,2000,UNESCO_UIS Database_Sep2007,Percent,65.3
TUN,Northern Africa,Africa,male,15+ yr,2004,2000,UNESCO_UIS Database_Sep2007,Percent,83.4
TUR,Western Asia,Asia,female,15+ yr,2004,2000,UNESCO_UIS Database_Sep2007,Percent,79.6
TUR,Western Asia,Asia,female,15+ yr,1990,1990,UNESCO_UIS Database_Sep2007,Percent,68.5
TUR,Western Asia,Asia,female,15+ yr,1985,1980,UNESCO_UIS Database_Sep2007,Percent,64.2
TUR,Western Asia,Asia,male,15+ yr,2004,2000,UNESCO_UIS Database_Sep2007,Percent,95.3
TUR,Western Asia,Asia,male,15+ yr,1990,1990,UNESCO_UIS Database_Sep2007,Percent,89.8
TUR,Western Asia,Asia,male,15+ yr,1985,1980,UNESCO_UIS Database_Sep2007,Percent,87.6
TKM,Central Asia,Asia,female,15+ yr,1995,1990,UNESCO_UIS Database_Sep2007,Percent,98.3
TKM,Central Asia,Asia,male,15+ yr,1995,1990,UNESCO_UIS Database_Sep2007,Percent,99.3
UGA,Sub-Saharan Africa,Africa,female,15+ yr,2002,2000,UNESCO_UIS Database_Sep2007,Percent,57.7
UGA,Sub-Saharan Africa,Africa,female,15+ yr,1991,1990,UNESCO_UIS Database_Sep2007,Percent,44.8
UGA,Sub-Saharan Africa,Africa,male,15+ yr,2002,2000,UNESCO_UIS Database_Sep2007,Percent,76.8
UGA,Sub-Saharan Africa,Africa,male,15+ yr,1991,1990,UNESCO_UIS Database_Sep2007,Percent,68.2
UKR,Eastern Europe,Europe,female,15+ yr,2001,2000,UNESCO_UIS Database_Sep2007,Percent,99.2
UKR,Eastern Europe,Europe,male,15+ yr,2001,2000,UNESCO_UIS Database_Sep2007,Percent,99.7
ARE,Western Asia,Asia,female,15+ yr,2004,2000,UNESCO_UIS Database_Sep2007,Percent,87.8
ARE,Western Asia,Asia,female,15+ yr,1994,1990,UNESCO_UIS Database_Sep2007,Percent,79.0
ARE,Western Asia,Asia,male,15+ yr,2004,2000,UNESCO_UIS Database_Sep2007,Percent,89.0
ARE,Western Asia,Asia,male,15+ yr,1994,1990,UNESCO_UIS Database_Sep2007,Percent,79.7
URY,Latin America and the Caribbean,Americas,female,15+ yr,1996,1990,UNESCO_UIS Database_Sep2007,Percent,97.3
URY,Latin America and the Caribbean,Americas,female,15+ yr,1985,1980,UNESCO_UIS Database_Sep2007,Percent,95.9
URY,Latin America and the Caribbean,Americas,male,15+ yr,1996,1990,UNESCO_UIS Database_Sep2007,Percent,96.2
URY,Latin America and the Caribbean,Americas,male,15+ yr,1985,1980,UNESCO_UIS Database_Sep2007,Percent,94.8
VEN,Latin America and the Caribbean,Americas,female,15+ yr,2001,2000,UNESCO_UIS Database_Sep2007,Percent,92.7
VEN,Latin America and the Caribbean,Americas,female,15+ yr,1990,1990,UNESCO_UIS Database_Sep2007,Percent,89.0
VEN,Latin America and the Caribbean,Americas,male,15+ yr,2001,2000,UNESCO_UIS Database_Sep2007,Percent,93.3
VEN,Latin America and the Caribbean,Americas,male,15+ yr,1990,1990,UNESCO_UIS Database_Sep2007,Percent,90.7
VNM,South-eastern Asia,Asia,female,15+ yr,1999,1990,UNESCO_UIS Database_Sep2007,Percent,86.9
VNM,South-eastern Asia,Asia,female,15+ yr,1989,1980,UNESCO_UIS Database_Sep2007,Percent,82.8
VNM,South-eastern Asia,Asia,male,15+ yr,1999,1990,UNESCO_UIS Database_Sep2007,Percent,93.9
VNM,South-eastern Asia,Asia,male,15+ yr,1989,1980,UNESCO_UIS Database_Sep2007,Percent,93.0
YEM,Western Asia,Asia,female,15+ yr,2004,2000,UNESCO_UIS Database_Sep2007,Percent,34.7
YEM,Western Asia,Asia,female,15+ yr,1994,1990,UNESCO_UIS Database_Sep2007,Percent,17.1
YEM,Western Asia,Asia,male,15+ yr,2004,2000,UNESCO_UIS Database_Sep2007,Percent,73.1
YEM,Western Asia,Asia,male,15+ yr,1994,1990,UNESCO_UIS Database_Sep2007,Percent,56.7
ZMB,Sub-Saharan Africa,Africa,female,15+ yr,1999,1990,UNESCO_UIS Database_Sep2007,Percent,59.8
ZMB,Sub-Saharan Africa,Africa,female,15+ yr,1990,1990,UNESCO_UIS Database_Sep2007,Percent,57.4
ZMB,Sub-Saharan Africa,Africa,male,15+ yr,1999,1990,UNESCO_UIS Database_Sep2007,Percent,76.3
ZMB,Sub-Saharan Africa,Africa,male,15+ yr,1990,1990,UNESCO_UIS Database_Sep2007,Percent,73.0
ZWE,Sub-Saharan Africa,Africa,female,15+ yr,2004,2000,UNESCO_UIS Database_Sep2007,Percent,86.2
ZWE,Sub-Saharan Africa,Africa,female,15+ yr,1992,1990,UNESCO_UIS Database_Sep2007,Percent,78.5
ZWE,Sub-Saharan Africa,Africa,male,15+ yr,2004,2000,UNESCO_UIS Database_Sep2007,Percent,92.7
ZWE,Sub-Saharan Africa,Africa,male,15+ yr,1992,1990,UNESCO_UIS Database_Sep2007,Percent,88.9
