Country,Sub-region Name,Region Name,Year,Decade,Value
AFG,Southern Asia,Asia,2014,2010,46.8
AFG,Southern Asia,Asia,2008,2000,36.7
africa eastern and southern,africa eastern and southern,africa eastern and southern,2023,2020,15.82631578947368
africa western and central,africa western and central,africa western and central,2023,2020,21.837500000000006
ALB,Southern Europe,Europe,2019,2010,36.1
ALB,Southern Europe,Europe,2013,2010,20.4
ALB,Southern Europe,Europe,2007,2000,26.5
DZA,Northern Africa,Africa,2007,2000,18.8
AGO,Sub-Saharan Africa,Africa,2010,2010,51.3
AGO,Sub-Saharan Africa,Africa,2006,2000,19.3
ATG,Latin America and the Caribbean,Americas,2010,2010,6.9
arab world,arab world,arab world,2023,2020,17.330000000000002
ARG,Latin America and the Caribbean,Americas,2017,2010,9.3
ARG,Latin America and the Caribbean,Americas,2010,2010,10.3
ARG,Latin America and the Caribbean,Americas,2006,2000,7.2
ARM,Western Asia,Asia,2020,2020,1.4
ARM,Western Asia,Asia,2013,2010,8.7
ARM,Western Asia,Asia,2009,2000,15.5
AUT,Western Europe,Europe,2021,2020,1.3
AZE,Western Asia,Asia,2019,2010,12.1
AZE,Western Asia,Asia,2013,2010,16.0
AZE,Western Asia,Asia,2009,2000,52.0
BGD,Southern Asia,Asia,2022,2020,23.0
BGD,Southern Asia,Asia,2013,2010,47.7
BGD,Southern Asia,Asia,2007,2000,60.3
BRB,Latin America and the Caribbean,Americas,2023,2020,0.0
BRB,Latin America and the Caribbean,Americas,2010,2010,1.2
BLR,Eastern Europe,Europe,2018,2010,4.9
BLR,Eastern Europe,Europe,2013,2010,7.9
BLR,Eastern Europe,Europe,2008,2000,15.5
BEL,Western Europe,Europe,2020,2020,4.3
BLZ,Latin America and the Caribbean,Americas,2010,2010,6.2
BEN,Sub-Saharan Africa,Africa,2016,2010,14.5
BEN,Sub-Saharan Africa,Africa,2009,2000,34.5
BTN,Southern Asia,Asia,2015,2010,0.9
BTN,Southern Asia,Asia,2009,2000,6.3
BOL,Latin America and the Caribbean,Americas,2017,2010,9.1
BOL,Latin America and the Caribbean,Americas,2010,2010,10.7
BOL,Latin America and the Caribbean,Americas,2006,2000,20.9
BIH,Southern Europe,Europe,2023,2020,3.5
BIH,Southern Europe,Europe,2019,2010,16.0
BIH,Southern Europe,Europe,2013,2010,13.0
BIH,Southern Europe,Europe,2009,2000,10.2
BWA,Sub-Saharan Africa,Africa,2023,2020,6.1
BWA,Sub-Saharan Africa,Africa,2010,2010,8.4
BWA,Sub-Saharan Africa,Africa,2006,2000,5.3
BRA,Latin America and the Caribbean,Americas,2009,2000,11.7
BGR,Eastern Europe,Europe,2023,2020,0.9
BGR,Eastern Europe,Europe,2019,2010,10.0
BGR,Eastern Europe,Europe,2013,2010,7.3
BGR,Eastern Europe,Europe,2009,2000,10.9
BGR,Eastern Europe,Europe,2007,2000,6.7
BFA,Sub-Saharan Africa,Africa,2009,2000,9.8
BFA,Sub-Saharan Africa,Africa,2006,2000,22.7
BDI,Sub-Saharan Africa,Africa,2014,2010,30.3
BDI,Sub-Saharan Africa,Africa,2006,2000,25.3
CIV,Sub-Saharan Africa,Africa,2023,2020,19.8
CIV,Sub-Saharan Africa,Africa,2016,2010,25.3
CIV,Sub-Saharan Africa,Africa,2009,2000,19.3
CPV,Sub-Saharan Africa,Africa,2009,2000,2.0
CPV,Sub-Saharan Africa,Africa,2006,2000,12.0
KHM,South-eastern Asia,Asia,2023,2020,27.1
KHM,South-eastern Asia,Asia,2016,2010,64.7
KHM,South-eastern Asia,Asia,2013,2010,69.4
KHM,South-eastern Asia,Asia,2007,2000,59.5
CMR,Sub-Saharan Africa,Africa,2016,2010,26.7
CMR,Sub-Saharan Africa,Africa,2009,2000,33.9
CMR,Sub-Saharan Africa,Africa,2006,2000,70.4
caribbean small states,caribbean small states,caribbean small states,2023,2020,6.35
CAF,Sub-Saharan Africa,Africa,2023,2020,22.6
CAF,Sub-Saharan Africa,Africa,2011,2010,21.0
central europe and the baltics,central europe and the baltics,central europe and the baltics,2023,2020,2.1727272727272724
TCD,Sub-Saharan Africa,Africa,2023,2020,34.3
TCD,Sub-Saharan Africa,Africa,2018,2010,27.4
TCD,Sub-Saharan Africa,Africa,2009,2000,35.0
CHL,Latin America and the Caribbean,Americas,2010,2010,1.3
CHL,Latin America and the Caribbean,Americas,2006,2000,7.8
CHN,Eastern Asia,Asia,2012,2010,11.6
COL,Latin America and the Caribbean,Americas,2023,2020,2.7
COL,Latin America and the Caribbean,Americas,2017,2010,6.6
COL,Latin America and the Caribbean,Americas,2010,2010,2.2
COL,Latin America and the Caribbean,Americas,2006,2000,3.5
COG,Sub-Saharan Africa,Africa,2009,2000,37.5
CRI,Latin America and the Caribbean,Americas,2023,2020,5.6
CRI,Latin America and the Caribbean,Americas,2010,2010,8.7
HRV,Southern Europe,Europe,2023,2020,6.8
HRV,Southern Europe,Europe,2019,2010,10.1
HRV,Southern Europe,Europe,2013,2010,6.0
HRV,Southern Europe,Europe,2007,2000,4.9
CYP,Western Asia,Asia,2019,2010,0.2
CZE,Eastern Europe,Europe,2019,2010,3.5
CZE,Eastern Europe,Europe,2013,2010,3.7
CZE,Eastern Europe,Europe,2009,2000,7.1
COD,Sub-Saharan Africa,Africa,2013,2010,56.5
COD,Sub-Saharan Africa,Africa,2010,2010,57.2
COD,Sub-Saharan Africa,Africa,2006,2000,68.9
DNK,Northern Europe,Europe,2020,2020,3.4
DJI,Sub-Saharan Africa,Africa,2013,2010,11.1
DMA,Latin America and the Caribbean,Americas,2010,2010,5.8
DOM,Latin America and the Caribbean,Americas,2016,2010,12.3
DOM,Latin America and the Caribbean,Americas,2010,2010,16.3
early-demographic dividend,early-demographic dividend,early-demographic dividend,2023,2020,12.861904761904762
east asia and pacific,east asia and pacific,east asia and pacific,2023,2020,17.91176470588235
east asia and pacific,east asia and pacific,east asia and pacific,2023,2020,21.235714285714288
east asia and pacific,east asia and pacific,east asia and pacific,2023,2020,21.235714285714288
ECU,Latin America and the Caribbean,Americas,2017,2010,5.9
ECU,Latin America and the Caribbean,Americas,2010,2010,1.7
ECU,Latin America and the Caribbean,Americas,2006,2000,15.4
EGY,Northern Africa,Africa,2020,2020,4.9
EGY,Northern Africa,Africa,2016,2010,15.2
EGY,Northern Africa,Africa,2013,2010,17.4
EGY,Northern Africa,Africa,2008,2000,7.9
EGY,Northern Africa,Africa,2007,2000,25.2
SLV,Latin America and the Caribbean,Americas,2023,2020,3.1
SLV,Latin America and the Caribbean,Americas,2016,2010,4.2
SLV,Latin America and the Caribbean,Americas,2010,2010,4.3
SLV,Latin America and the Caribbean,Americas,2006,2000,4.7
ERI,Sub-Saharan Africa,Africa,2009,2000,0.0
EST,Northern Europe,Europe,2023,2020,0.0
EST,Northern Europe,Europe,2019,2010,0.0
EST,Northern Europe,Europe,2013,2010,0.0
EST,Northern Europe,Europe,2009,2000,5.7
SWZ,Sub-Saharan Africa,Africa,2016,2010,6.7
SWZ,Sub-Saharan Africa,Africa,2006,2000,5.7
ETH,Sub-Saharan Africa,Africa,2015,2010,26.8
ETH,Sub-Saharan Africa,Africa,2011,2010,6.5
ETH,Sub-Saharan Africa,Africa,2006,2000,6.8
euro area,euro area,euro area,2023,2020,2.84
europe and central asia,europe and central asia,europe and central asia,2023,2020,6.661363636363635
europe and central asia,europe and central asia,europe and central asia,2023,2020,11.611764705882353
europe and central asia,europe and central asia,europe and central asia,2023,2020,10.790909090909091
european union,european union,european union,2023,2020,2.640740740740741
FJI,Melanesia,Oceania,2009,2000,10.5
FIN,Northern Europe,Europe,2020,2020,2.8
fragile and conflict affected situations,fragile and conflict affected situations,fragile and conflict affected situations,2023,2020,26.60909090909091
FRA,Western Europe,Europe,2021,2020,1.6
GAB,Sub-Saharan Africa,Africa,2009,2000,23.2
GEO,Western Asia,Asia,2023,2020,1.0
GEO,Western Asia,Asia,2019,2010,1.3
GEO,Western Asia,Asia,2013,2010,1.4
GEO,Western Asia,Asia,2008,2000,9.8
DEU,Western Europe,Europe,2021,2020,2.2
GHA,Sub-Saharan Africa,Africa,2023,2020,17.0
GHA,Sub-Saharan Africa,Africa,2013,2010,18.7
GHA,Sub-Saharan Africa,Africa,2007,2000,23.0
GRC,Southern Europe,Europe,2023,2020,5.5
GRC,Southern Europe,Europe,2018,2010,5.5
GRD,Latin America and the Caribbean,Americas,2010,2010,6.6
GTM,Latin America and the Caribbean,Americas,2017,2010,2.8
GTM,Latin America and the Caribbean,Americas,2010,2010,11.3
GTM,Latin America and the Caribbean,Americas,2006,2000,7.7
GIN,Sub-Saharan Africa,Africa,2016,2010,7.9
GIN,Sub-Saharan Africa,Africa,2006,2000,60.7
GNB,Sub-Saharan Africa,Africa,2006,2000,27.6
GUY,Latin America and the Caribbean,Americas,2010,2010,14.9
heavily indebted poor countries,heavily indebted poor countries,heavily indebted poor countries,2023,2020,19.985714285714288
high income,high income,high income,2023,2020,3.4028571428571426
HND,Latin America and the Caribbean,Americas,2016,2010,8.7
HND,Latin America and the Caribbean,Americas,2010,2010,8.1
HND,Latin America and the Caribbean,Americas,2006,2000,20.7
HKG,Eastern Asia,Asia,2023,2020,2.6
HUN,Eastern Europe,Europe,2023,2020,1.2
HUN,Eastern Europe,Europe,2019,2010,4.7
HUN,Eastern Europe,Europe,2013,2010,2.2
HUN,Eastern Europe,Europe,2009,2000,1.0
ibrd only,ibrd only,ibrd only,2023,2020,11.272000000000002
ida and ibrd total,ida and ibrd total,ida and ibrd total,2023,2020,15.622222222222218
ida blend,ida blend,ida blend,2023,2020,17.96666666666667
ida only,ida only,ida only,2023,2020,20.5325
ida total,ida total,ida total,2023,2020,20.061224489795915
IND,Southern Asia,Asia,2022,2020,27.2
IND,Southern Asia,Asia,2014,2010,22.7
IDN,South-eastern Asia,Asia,2023,2020,20.3
IDN,South-eastern Asia,Asia,2015,2010,30.6
IDN,South-eastern Asia,Asia,2009,2000,26.9
IRQ,Western Asia,Asia,2022,2020,50.5
IRQ,Western Asia,Asia,2011,2010,37.3
IRL,Northern Europe,Europe,2020,2020,0.4
ISR,Western Asia,Asia,2013,2010,0.1
ITA,Southern Europe,Europe,2019,2010,11.8
JAM,Latin America and the Caribbean,Americas,2010,2010,19.3
JOR,Western Asia,Asia,2019,2010,2.5
JOR,Western Asia,Asia,2013,2010,12.7
JOR,Western Asia,Asia,2006,2000,3.2
KAZ,Central Asia,Asia,2019,2010,11.6
KAZ,Central Asia,Asia,2013,2010,25.6
KAZ,Central Asia,Asia,2009,2000,32.8
KEN,Sub-Saharan Africa,Africa,2018,2010,23.9
KEN,Sub-Saharan Africa,Africa,2013,2010,26.4
KEN,Sub-Saharan Africa,Africa,2007,2000,42.0
SRB,Southern Europe,Europe,2019,2010,3.2
SRB,Southern Europe,Europe,2013,2010,8.2
SRB,Southern Europe,Europe,2009,2000,9.0
KGZ,Central Asia,Asia,2023,2020,31.4
KGZ,Central Asia,Asia,2019,2010,31.4
KGZ,Central Asia,Asia,2013,2010,56.6
KGZ,Central Asia,Asia,2009,2000,42.5
LAO,South-eastern Asia,Asia,2018,2010,40.3
LAO,South-eastern Asia,Asia,2016,2010,16.4
LAO,South-eastern Asia,Asia,2012,2010,37.3
LAO,South-eastern Asia,Asia,2009,2000,39.2
late-demographic dividend,late-demographic dividend,late-demographic dividend,2023,2020,10.653333333333334
latin america and caribbean,latin america and caribbean,latin america and caribbean,2023,2020,7.537499999999999
latin america and caribbean,latin america and caribbean,latin america and caribbean,2023,2020,8.442857142857143
latin america and caribbean,latin america and caribbean,latin america and caribbean,2023,2020,7.537499999999999
LVA,Northern Europe,Europe,2019,2010,2.0
LVA,Northern Europe,Europe,2013,2010,2.4
LVA,Northern Europe,Europe,2009,2000,8.9
least developed countries: un classification,least developed countries: un classification,least developed countries: un classification,2023,2020,22.793548387096777
LBN,Western Asia,Asia,2019,2010,21.8
LBN,Western Asia,Asia,2013,2010,19.2
LBN,Western Asia,Asia,2009,2000,20.6
LSO,Sub-Saharan Africa,Africa,2023,2020,7.3
LSO,Sub-Saharan Africa,Africa,2016,2010,14.6
LSO,Sub-Saharan Africa,Africa,2009,2000,14.6
LBR,Sub-Saharan Africa,Africa,2017,2010,56.1
LBR,Sub-Saharan Africa,Africa,2009,2000,70.5
LTU,Northern Europe,Europe,2019,2010,0.2
LTU,Northern Europe,Europe,2013,2010,8.4
LTU,Northern Europe,Europe,2009,2000,7.2
low and middle income,low and middle income,low and middle income,2023,2020,16.28695652173913
low income,low income,low income,2023,2020,25.93529411764706
lower middle income,lower middle income,lower middle income,2023,2020,16.74146341463414
LUX,Western Europe,Europe,2020,2020,0.0
MDG,Sub-Saharan Africa,Africa,2022,2020,19.2
MDG,Sub-Saharan Africa,Africa,2013,2010,32.9
MDG,Sub-Saharan Africa,Africa,2009,2000,11.6
MWI,Sub-Saharan Africa,Africa,2014,2010,24.2
MWI,Sub-Saharan Africa,Africa,2009,2000,13.7
MYS,South-eastern Asia,Asia,2019,2010,0.4
MYS,South-eastern Asia,Asia,2015,2010,28.2
MLI,Sub-Saharan Africa,Africa,2016,2010,33.7
MLI,Sub-Saharan Africa,Africa,2010,2010,27.3
MLI,Sub-Saharan Africa,Africa,2007,2000,33.3
MLT,Southern Europe,Europe,2019,2010,2.4
MRT,Sub-Saharan Africa,Africa,2014,2010,28.9
MRT,Sub-Saharan Africa,Africa,2006,2000,52.9
MUS,Sub-Saharan Africa,Africa,2023,2020,5.7
MUS,Sub-Saharan Africa,Africa,2009,2000,3.9
MEX,Latin America and the Caribbean,Americas,2023,2020,15.8
MEX,Latin America and the Caribbean,Americas,2010,2010,17.6
MEX,Latin America and the Caribbean,Americas,2006,2000,14.1
FSM,Micronesia,Oceania,2009,2000,4.5
middle east and north africa,middle east and north africa,middle east and north africa,2023,2020,14.355555555555558
middle east and north africa,middle east and north africa,middle east and north africa,2023,2020,17.47142857142857
middle east and north africa,middle east and north africa,middle east and north africa,2023,2020,20.200000000000003
middle income,middle income,middle income,2023,2020,14.099999999999996
MDA,Eastern Europe,Europe,2019,2010,11.9
MDA,Eastern Europe,Europe,2013,2010,30.3
MDA,Eastern Europe,Europe,2009,2000,17.8
MNG,Eastern Asia,Asia,2019,2010,24.7
MNG,Eastern Asia,Asia,2013,2010,33.7
MNG,Eastern Asia,Asia,2009,2000,30.5
MNE,Southern Europe,Europe,2023,2020,8.0
MNE,Southern Europe,Europe,2019,2010,21.4
MNE,Southern Europe,Europe,2013,2010,17.0
MNE,Southern Europe,Europe,2009,2000,3.3
MAR,Northern Africa,Africa,2023,2020,29.6
MAR,Northern Africa,Africa,2019,2010,16.9
MAR,Northern Africa,Africa,2013,2010,37.2
MAR,Northern Africa,Africa,2007,2000,11.3
MOZ,Sub-Saharan Africa,Africa,2018,2010,21.1
MOZ,Sub-Saharan Africa,Africa,2007,2000,12.4
MMR,South-eastern Asia,Asia,2016,2010,29.3
MMR,South-eastern Asia,Asia,2014,2010,42.9
NAM,Sub-Saharan Africa,Africa,2014,2010,9.1
NAM,Sub-Saharan Africa,Africa,2006,2000,1.2
NPL,Southern Asia,Asia,2023,2020,6.2
NPL,Southern Asia,Asia,2013,2010,14.4
NPL,Southern Asia,Asia,2009,2000,15.1
NLD,Western Europe,Europe,2020,2020,0.3
NZL,Australia and New Zealand,Oceania,2023,2020,4.0
NIC,Latin America and the Caribbean,Americas,2016,2010,6.5
NIC,Latin America and the Caribbean,Americas,2010,2010,8.6
NIC,Latin America and the Caribbean,Americas,2006,2000,7.7
NGA,Sub-Saharan Africa,Africa,2017,2010,7.8
NGA,Sub-Saharan Africa,Africa,2009,2000,18.5
NGA,Sub-Saharan Africa,Africa,2006,2000,25.0
NGA,Sub-Saharan Africa,Africa,2014,2010,28.9
NGA,Sub-Saharan Africa,Africa,2007,2000,40.0
MKD,Southern Europe,Europe,2023,2020,9.6
MKD,Southern Europe,Europe,2019,2010,7.4
MKD,Southern Europe,Europe,2013,2010,9.3
MKD,Southern Europe,Europe,2009,2000,14.7
oecd members,oecd members,oecd members,2023,2020,3.2518518518518515
other small states,other small states,other small states,2023,2020,4.511111111111111
pacific island small states,pacific island small states,pacific island small states,2023,2020,23.23333333333333
PAK,Southern Asia,Asia,2022,2020,15.9
PAK,Southern Asia,Asia,2013,2010,30.8
PAK,Southern Asia,Asia,2007,2000,60.2
PAN,Latin America and the Caribbean,Americas,2010,2010,7.1
PAN,Latin America and the Caribbean,Americas,2006,2000,7.9
PNG,Melanesia,Oceania,2015,2010,26.4
PRY,Latin America and the Caribbean,Americas,2023,2020,16.1
PRY,Latin America and the Caribbean,Americas,2017,2010,13.8
PRY,Latin America and the Caribbean,Americas,2010,2010,31.5
PRY,Latin America and the Caribbean,Americas,2006,2000,26.3
PER,Latin America and the Caribbean,Americas,2023,2020,7.6
PER,Latin America and the Caribbean,Americas,2017,2010,17.6
PER,Latin America and the Caribbean,Americas,2010,2010,15.9
PER,Latin America and the Caribbean,Americas,2006,2000,15.9
PHL,South-eastern Asia,Asia,2023,2020,8.3
PHL,South-eastern Asia,Asia,2015,2010,17.2
PHL,South-eastern Asia,Asia,2009,2000,25.6
POL,Eastern Europe,Europe,2019,2010,2.8
POL,Eastern Europe,Europe,2013,2010,1.9
POL,Eastern Europe,Europe,2009,2000,8.2
PRT,Southern Europe,Europe,2023,2020,7.7
PRT,Southern Europe,Europe,2019,2010,0.3
post-demographic dividend,post-demographic dividend,post-demographic dividend,2023,2020,4.229629629629629
pre-demographic dividend,pre-demographic dividend,pre-demographic dividend,2023,2020,23.71481481481481
ROU,Eastern Europe,Europe,2023,2020,2.7
ROU,Eastern Europe,Europe,2019,2010,5.4
ROU,Eastern Europe,Europe,2013,2010,9.6
ROU,Eastern Europe,Europe,2009,2000,19.7
RUS,Eastern Europe,Europe,2019,2010,26.8
RUS,Eastern Europe,Europe,2012,2010,14.2
RUS,Eastern Europe,Europe,2009,2000,27.3
RWA,Sub-Saharan Africa,Africa,2023,2020,12.3
RWA,Sub-Saharan Africa,Africa,2019,2010,4.1
RWA,Sub-Saharan Africa,Africa,2011,2010,6.9
RWA,Sub-Saharan Africa,Africa,2006,2000,7.0
WSM,Polynesia,Oceania,2023,2020,2.4
WSM,Polynesia,Oceania,2009,2000,30.5
SAU,Western Asia,Asia,2022,2020,4.5
SEN,Sub-Saharan Africa,Africa,2014,2010,11.1
SEN,Sub-Saharan Africa,Africa,2007,2000,21.4
SRB,Southern Europe,Europe,2019,2010,6.9
SRB,Southern Europe,Europe,2013,2010,8.9
SRB,Southern Europe,Europe,2009,2000,11.9
SYC,Sub-Saharan Africa,Africa,2023,2020,6.9
SLE,Sub-Saharan Africa,Africa,2023,2020,18.0
SLE,Sub-Saharan Africa,Africa,2017,2010,46.1
SLE,Sub-Saharan Africa,Africa,2009,2000,18.1
SGP,South-eastern Asia,Asia,2023,2020,0.6
SVK,Eastern Europe,Europe,2023,2020,2.0
SVK,Eastern Europe,Europe,2019,2010,2.4
SVK,Eastern Europe,Europe,2013,2010,4.4
SVK,Eastern Europe,Europe,2009,2000,5.7
SVN,Southern Europe,Europe,2019,2010,1.8
SVN,Southern Europe,Europe,2013,2010,0.2
SVN,Southern Europe,Europe,2009,2000,2.3
small states,small states,small states,2023,2020,8.785714285714288
SLB,Melanesia,Oceania,2015,2010,43.8
ZAF,Sub-Saharan Africa,Africa,2020,2020,1.5
ZAF,Sub-Saharan Africa,Africa,2007,2000,4.2
south asia,south asia,south asia,2023,2020,20.000000000000004
south asia,south asia,south asia,2023,2020,20.000000000000004
SSD,Sub-Saharan Africa,Africa,2014,2010,48.0
ESP,Southern Europe,Europe,2021,2020,3.5
LKA,Southern Asia,Asia,2011,2010,10.0
KNA,Latin America and the Caribbean,Americas,2010,2010,2.2
LCA,Latin America and the Caribbean,Americas,2010,2010,11.6
VCT,Latin America and the Caribbean,Americas,2010,2010,4.9
sub-saharan africa,sub-saharan africa,sub-saharan africa,2023,2020,18.574285714285715
sub-saharan africa,sub-saharan africa,sub-saharan africa,2023,2020,18.91764705882353
sub-saharan africa,sub-saharan africa,sub-saharan africa,2023,2020,18.574285714285715
SDN,Northern Africa,Africa,2014,2010,17.6
SUR,Latin America and the Caribbean,Americas,2018,2010,12.7
SUR,Latin America and the Caribbean,Americas,2010,2010,4.9
SWE,Northern Europe,Europe,2020,2020,0.0
SWE,Northern Europe,Europe,2014,2010,1.9
SYR,Western Asia,Asia,2009,2000,69.6
tã¼rkiye,tã¼rkiye,tã¼rkiye,2019,2010,1.4
tã¼rkiye,tã¼rkiye,tã¼rkiye,2013,2010,4.7
tã¼rkiye,tã¼rkiye,tã¼rkiye,2008,2000,9.2
TJK,Central Asia,Asia,2019,2010,11.1
TJK,Central Asia,Asia,2013,2010,35.5
TJK,Central Asia,Asia,2008,2000,37.8
TZA,Sub-Saharan Africa,Africa,2023,2020,6.9
TZA,Sub-Saharan Africa,Africa,2013,2010,20.8
TZA,Sub-Saharan Africa,Africa,2006,2000,21.7
THA,South-eastern Asia,Asia,2016,2010,9.9
BHS,Latin America and the Caribbean,Americas,2010,2010,21.0
GMB,Sub-Saharan Africa,Africa,2023,2020,20.1
GMB,Sub-Saharan Africa,Africa,2018,2010,9.2
GMB,Sub-Saharan Africa,Africa,2006,2000,25.1
TLS,South-eastern Asia,Asia,2021,2020,9.8
TLS,South-eastern Asia,Asia,2015,2010,44.2
TLS,South-eastern Asia,Asia,2009,2000,16.1
TGO,Sub-Saharan Africa,Africa,2023,2020,2.0
TGO,Sub-Saharan Africa,Africa,2016,2010,7.0
TGO,Sub-Saharan Africa,Africa,2009,2000,19.1
TON,Polynesia,Oceania,2009,2000,24.9
TTO,Latin America and the Caribbean,Americas,2010,2010,10.5
TUN,Northern Africa,Africa,2020,2020,11.9
TUN,Northern Africa,Africa,2013,2010,10.3
UGA,Sub-Saharan Africa,Africa,2013,2010,22.0
UGA,Sub-Saharan Africa,Africa,2006,2000,18.6
UKR,Eastern Europe,Europe,2019,2010,37.4
UKR,Eastern Europe,Europe,2013,2010,49.3
UKR,Eastern Europe,Europe,2008,2000,38.5
upper middle income,upper middle income,upper middle income,2023,2020,10.91470588235294
URY,Latin America and the Caribbean,Americas,2017,2010,2.4
URY,Latin America and the Caribbean,Americas,2010,2010,2.2
URY,Latin America and the Caribbean,Americas,2006,2000,2.2
UZB,Central Asia,Asia,2019,2010,5.9
UZB,Central Asia,Asia,2013,2010,6.0
UZB,Central Asia,Asia,2008,2000,55.5
VUT,Melanesia,Oceania,2023,2020,23.5
VUT,Melanesia,Oceania,2009,2000,11.9
VEN,Latin America and the Caribbean,Americas,2010,2010,10.3
VEN,Latin America and the Caribbean,Americas,2006,2000,3.8
VNM,South-eastern Asia,Asia,2023,2020,31.1
VNM,South-eastern Asia,Asia,2015,2010,26.1
VNM,South-eastern Asia,Asia,2009,2000,38.3
PSE,Western Asia,Asia,2023,2020,1.1
PSE,Western Asia,Asia,2019,2010,7.9
PSE,Western Asia,Asia,2013,2010,6.6
PSE,Western Asia,Asia,2006,2000,4.3
world,world,world,2023,2020,12.736220472440944
YEM,Western Asia,Asia,2013,2010,64.3
YEM,Western Asia,Asia,2010,2010,68.9
ZMB,Sub-Saharan Africa,Africa,2019,2010,9.6
ZMB,Sub-Saharan Africa,Africa,2013,2010,14.7
ZMB,Sub-Saharan Africa,Africa,2007,2000,7.1
ZWE,Sub-Saharan Africa,Africa,2016,2010,17.5
ZWE,Sub-Saharan Africa,Africa,2011,2010,16.2
