Country,Sub-region Name,Region Name,Year,Decade,Value
AUS,Australia and New Zealand,Oceania,2020,2020,400333.466600032
AUS,Australia and New Zealand,Oceania,2019,2010,416761.9334163
AUS,Australia and New Zealand,Oceania,2018,2010,416283.827446405
AUS,Australia and New Zealand,Oceania,2017,2010,414358.311523772
AUS,Australia and New Zealand,Oceania,2016,2010,411264.287715373
AUS,Australia and New Zealand,Oceania,2015,2010,401793.062460524
AUS,Australia and New Zealand,Oceania,2014,2010,393952.875612924
AUS,Australia and New Zealand,Oceania,2013,2010,397887.458385894
AUS,Australia and New Zealand,Oceania,2012,2010,406150.910037526
AUS,Australia and New Zealand,Oceania,2011,2010,403828.772713988
AUS,Australia and New Zealand,Oceania,2010,2010,405103.320460765
AUS,Australia and New Zealand,Oceania,2009,2000,407065.014946937
AUS,Australia and New Zealand,Oceania,2008,2000,404233.066582705
AUS,Australia and New Zealand,Oceania,2007,2000,399624.802668437
AUS,Australia and New Zealand,Oceania,2006,2000,392384.30217254
AUS,Australia and New Zealand,Oceania,2005,2000,386153.53309002
AUS,Australia and New Zealand,Oceania,2004,2000,382820.890129487
AUS,Australia and New Zealand,Oceania,2003,2000,369279.512308546
AUS,Australia and New Zealand,Oceania,2002,2000,361540.810196808
AUS,Australia and New Zealand,Oceania,2001,2000,357132.367483772
AUS,Australia and New Zealand,Oceania,2000,2000,349635.486902168
AUS,Australia and New Zealand,Oceania,1999,1990,343488.632899242
AUS,Australia and New Zealand,Oceania,1998,1990,334075.978110115
AUS,Australia and New Zealand,Oceania,1997,1990,320282.629502979
AUS,Australia and New Zealand,Oceania,1996,1990,311886.128959671
AUS,Australia and New Zealand,Oceania,1995,1990,305002.995518983
AUS,Australia and New Zealand,Oceania,1994,1990,293696.553098945
AUS,Australia and New Zealand,Oceania,1993,1990,288870.536763404
AUS,Australia and New Zealand,Oceania,1992,1990,284525.344620763
AUS,Australia and New Zealand,Oceania,1991,1990,279528.510123286
AUS,Australia and New Zealand,Oceania,1990,1990,278154.156295787
AUT,Western Europe,Europe,2021,2020,66018.6319228833
AUT,Western Europe,Europe,2020,2020,62121.2514097573
AUT,Western Europe,Europe,2019,2010,67956.1576260264
AUT,Western Europe,Europe,2018,2010,66571.8924005598
AUT,Western Europe,Europe,2017,2010,69608.6669155922
AUT,Western Europe,Europe,2016,2010,67226.5746816529
AUT,Western Europe,Europe,2015,2010,66365.6413301196
AUT,Western Europe,Europe,2014,2010,64175.9001158921
AUT,Western Europe,Europe,2013,2010,67776.0419289963
AUT,Western Europe,Europe,2012,2010,67282.9197990583
AUT,Western Europe,Europe,2011,2010,69909.2578364639
AUT,Western Europe,Europe,2010,2010,72017.3226401291
AUT,Western Europe,Europe,2009,2000,67315.3295314224
AUT,Western Europe,Europe,2008,2000,73495.4662999774
AUT,Western Europe,Europe,2007,2000,74117.795661512
AUT,Western Europe,Europe,2006,2000,76817.4142757296
AUT,Western Europe,Europe,2005,2000,79097.3991919408
AUT,Western Europe,Europe,2004,2000,77699.2083472471
AUT,Western Europe,Europe,2003,2000,77401.8931825332
AUT,Western Europe,Europe,2002,2000,71974.9369149288
AUT,Western Europe,Europe,2001,2000,70171.3185565547
AUT,Western Europe,Europe,2000,2000,66171.7196152302
AUT,Western Europe,Europe,1999,1990,65671.3107393262
AUT,Western Europe,Europe,1998,1990,66920.029989044
AUT,Western Europe,Europe,1997,1990,67285.1255600476
AUT,Western Europe,Europe,1996,1990,67388.5545971183
AUT,Western Europe,Europe,1995,1990,64044.058546447
AUT,Western Europe,Europe,1994,1990,61066.6430199573
AUT,Western Europe,Europe,1993,1990,60692.1276703096
AUT,Western Europe,Europe,1992,1990,60266.150188901
AUT,Western Europe,Europe,1991,1990,65765.655960561
AUT,Western Europe,Europe,1990,1990,62167.1596694411
BLR,Eastern Europe,Europe,2021,2020,60938.1969138083
BLR,Eastern Europe,Europe,2020,2020,59055.5509338168
BLR,Eastern Europe,Europe,2019,2010,62096.3437385716
BLR,Eastern Europe,Europe,2018,2010,62156.9324464156
BLR,Eastern Europe,Europe,2017,2010,59381.8526803598
BLR,Eastern Europe,Europe,2016,2010,58134.4830934153
BLR,Eastern Europe,Europe,2015,2010,58798.911467351
BLR,Eastern Europe,Europe,2014,2010,63648.8736883813
BLR,Eastern Europe,Europe,2013,2010,64125.5561302636
BLR,Eastern Europe,Europe,2012,2010,62545.2637572874
BLR,Eastern Europe,Europe,2011,2010,61307.5893688778
BLR,Eastern Europe,Europe,2010,2010,62445.1204568916
BLR,Eastern Europe,Europe,2009,2000,60577.7449134509
BLR,Eastern Europe,Europe,2008,2000,62836.4085610229
BLR,Eastern Europe,Europe,2007,2000,60218.1413309429
BLR,Eastern Europe,Europe,2006,2000,61743.5870760037
BLR,Eastern Europe,Europe,2005,2000,59310.2855938971
BLR,Eastern Europe,Europe,2004,2000,58253.5306771906
BLR,Eastern Europe,Europe,2003,2000,55087.9869054627
BLR,Eastern Europe,Europe,2002,2000,53844.1436374234
BLR,Eastern Europe,Europe,2001,2000,54002.9815106187
BLR,Eastern Europe,Europe,2000,2000,54905.9829341753
BLR,Eastern Europe,Europe,1999,1990,57965.5069650341
BLR,Eastern Europe,Europe,1998,1990,60073.44750311
BLR,Eastern Europe,Europe,1997,1990,61588.4148762243
BLR,Eastern Europe,Europe,1996,1990,61734.7837402238
BLR,Eastern Europe,Europe,1995,1990,60905.6422613354
BLR,Eastern Europe,Europe,1994,1990,67879.3995021816
BLR,Eastern Europe,Europe,1993,1990,80561.8153575714
BLR,Eastern Europe,Europe,1992,1990,93482.9742442516
BLR,Eastern Europe,Europe,1991,1990,104071.65587819
BLR,Eastern Europe,Europe,1990,1990,108345.055090033
BEL,Western Europe,Europe,2021,2020,95668.0807011794
BEL,Western Europe,Europe,2020,2020,91101.3872724279
BEL,Western Europe,Europe,2019,2010,99470.2597331821
BEL,Western Europe,Europe,2018,2010,99967.3236184139
BEL,Western Europe,Europe,2017,2010,99055.0398644849
BEL,Western Europe,Europe,2016,2010,99623.0259569407
BEL,Western Europe,Europe,2015,2010,101145.63283342
BEL,Western Europe,Europe,2014,2010,97029.247325181
BEL,Western Europe,Europe,2013,2010,102714.746945972
BEL,Western Europe,Europe,2012,2010,102404.51930685
BEL,Western Europe,Europe,2011,2010,105068.555094794
BEL,Western Europe,Europe,2010,2010,114604.106143657
BEL,Western Europe,Europe,2009,2000,107765.102958677
BEL,Western Europe,Europe,2008,2000,120170.036097504
BEL,Western Europe,Europe,2007,2000,120463.268569625
BEL,Western Europe,Europe,2006,2000,123872.981774179
BEL,Western Europe,Europe,2005,2000,125627.921624912
BEL,Western Europe,Europe,2004,2000,128770.821069402
BEL,Western Europe,Europe,2003,2000,128248.329801844
BEL,Western Europe,Europe,2002,2000,126863.01354222
BEL,Western Europe,Europe,2001,2000,126066.062366324
BEL,Western Europe,Europe,2000,2000,126721.543753436
BEL,Western Europe,Europe,1999,1990,124681.140235207
BEL,Western Europe,Europe,1998,1990,130223.497181059
BEL,Western Europe,Europe,1997,1990,123990.621369125
BEL,Western Europe,Europe,1996,1990,129478.737653342
BEL,Western Europe,Europe,1995,1990,125936.290917807
BEL,Western Europe,Europe,1994,1990,124796.749390273
BEL,Western Europe,Europe,1993,1990,121423.876031743
BEL,Western Europe,Europe,1992,1990,122488.487966622
BEL,Western Europe,Europe,1991,1990,123362.626314519
BEL,Western Europe,Europe,1990,1990,120292.799243639
BGR,Eastern Europe,Europe,2021,2020,42281.8838574128
BGR,Eastern Europe,Europe,2020,2020,36533.6133958517
BGR,Eastern Europe,Europe,2019,2010,42232.711130619
BGR,Eastern Europe,Europe,2018,2010,43479.638482018
BGR,Eastern Europe,Europe,2017,2010,47430.5911738004
BGR,Eastern Europe,Europe,2016,2010,45336.9455354508
BGR,Eastern Europe,Europe,2015,2010,48121.0154794207
BGR,Eastern Europe,Europe,2014,2010,45161.7896037157
BGR,Eastern Europe,Europe,2013,2010,42586.7302149638
BGR,Eastern Europe,Europe,2012,2010,48289.981585826
BGR,Eastern Europe,Europe,2011,2010,53124.7544449433
BGR,Eastern Europe,Europe,2010,2010,47808.4041272902
BGR,Eastern Europe,Europe,2009,2000,45759.6529059383
BGR,Eastern Europe,Europe,2008,2000,54022.4713639732
BGR,Eastern Europe,Europe,2007,2000,55683.7197361272
BGR,Eastern Europe,Europe,2006,2000,51836.6286464883
BGR,Eastern Europe,Europe,2005,2000,50598.1736277904
BGR,Eastern Europe,Europe,2004,2000,49525.7750796781
BGR,Eastern Europe,Europe,2003,2000,50473.6750855831
BGR,Eastern Europe,Europe,2002,2000,46099.3544566791
BGR,Eastern Europe,Europe,2001,2000,48921.8562128329
BGR,Eastern Europe,Europe,2000,2000,45413.4574210433
BGR,Eastern Europe,Europe,1999,1990,46318.4775021915
BGR,Eastern Europe,Europe,1998,1990,53115.1474505208
BGR,Eastern Europe,Europe,1997,1990,55809.0734723312
BGR,Eastern Europe,Europe,1996,1990,58460.0966099611
BGR,Eastern Europe,Europe,1995,1990,57908.9888891116
BGR,Eastern Europe,Europe,1994,1990,56367.0385893474
BGR,Eastern Europe,Europe,1993,1990,58364.0237968376
BGR,Eastern Europe,Europe,1992,1990,57306.4637842003
BGR,Eastern Europe,Europe,1991,1990,61456.3428917743
BGR,Eastern Europe,Europe,1990,1990,76637.9858255901
CAN,Northern America,Americas,2021,2020,537173.736992154
CAN,Northern America,Americas,2020,2020,522845.295608652
CAN,Northern America,Americas,2019,2010,578587.718185439
CAN,Northern America,Americas,2018,2010,577066.284667036
CAN,Northern America,Americas,2017,2010,566651.892344941
CAN,Northern America,Americas,2016,2010,557689.72717593
CAN,Northern America,Americas,2015,2010,570680.330900277
CAN,Northern America,Americas,2014,2010,566353.017286343
CAN,Northern America,Americas,2013,2010,569539.743327633
CAN,Northern America,Americas,2012,2010,565781.728260776
CAN,Northern America,Americas,2011,2010,565254.013031885
CAN,Northern America,Americas,2010,2010,556062.098525692
CAN,Northern America,Americas,2009,2000,544139.660609924
CAN,Northern America,Americas,2008,2000,576808.657122324
CAN,Northern America,Americas,2007,2000,593755.254368892
CAN,Northern America,Americas,2006,2000,568584.509078599
CAN,Northern America,Americas,2005,2000,574763.646107299
CAN,Northern America,Americas,2004,2000,579689.421648329
CAN,Northern America,Americas,2003,2000,581427.172353753
CAN,Northern America,Americas,2002,2000,564373.835876444
CAN,Northern America,Americas,2001,2000,559147.040280918
CAN,Northern America,Americas,2000,2000,567096.100612269
CAN,Northern America,Americas,1999,1990,544482.078794017
CAN,Northern America,Americas,1998,1990,530276.272725559
CAN,Northern America,Americas,1997,1990,522577.290354208
CAN,Northern America,Americas,1996,1990,508196.663546333
CAN,Northern America,Americas,1995,1990,491825.697390141
CAN,Northern America,Americas,1994,1990,479033.003001451
CAN,Northern America,Americas,1993,1990,464554.170736093
CAN,Northern America,Americas,1992,1990,464012.831694228
CAN,Northern America,Americas,1991,1990,450159.602215421
CAN,Northern America,Americas,1990,1990,458503.095221994
HRV,Southern Europe,Europe,2021,2020,17410.6267159848
HRV,Southern Europe,Europe,2020,2020,16870.5283712592
HRV,Southern Europe,Europe,2019,2010,17857.445503055
HRV,Southern Europe,Europe,2018,2010,17724.1517863315
HRV,Southern Europe,Europe,2017,2010,18743.9950230909
HRV,Southern Europe,Europe,2016,2010,18109.0143970186
HRV,Southern Europe,Europe,2015,2010,17824.7043121714
HRV,Southern Europe,Europe,2014,2010,17681.5663185347
HRV,Southern Europe,Europe,2013,2010,18432.191008391
HRV,Southern Europe,Europe,2012,2010,19081.2480668105
HRV,Southern Europe,Europe,2011,2010,20650.1764244237
HRV,Southern Europe,Europe,2010,2010,21018.1679257394
HRV,Southern Europe,Europe,2009,2000,21805.3104942869
HRV,Southern Europe,Europe,2008,2000,23594.3917062325
HRV,Southern Europe,Europe,2007,2000,24859.7210099989
HRV,Southern Europe,Europe,2006,2000,23546.7641742064
HRV,Southern Europe,Europe,2005,2000,23340.0325373508
HRV,Southern Europe,Europe,2004,2000,22884.8597526106
HRV,Southern Europe,Europe,2003,2000,23213.1279582673
HRV,Southern Europe,Europe,2002,2000,21887.2991236445
HRV,Southern Europe,Europe,2001,2000,20782.2966370768
HRV,Southern Europe,Europe,2000,2000,19660.0098865625
HRV,Southern Europe,Europe,1999,1990,20022.3707866782
HRV,Southern Europe,Europe,1998,1990,19011.1691261022
HRV,Southern Europe,Europe,1997,1990,18556.5278978518
HRV,Southern Europe,Europe,1996,1990,17343.6771098294
HRV,Southern Europe,Europe,1995,1990,16815.7048395566
HRV,Southern Europe,Europe,1994,1990,16049.8054258058
HRV,Southern Europe,Europe,1993,1990,16806.4615444402
HRV,Southern Europe,Europe,1992,1990,16369.2220425646
HRV,Southern Europe,Europe,1991,1990,16985.2488597416
HRV,Southern Europe,Europe,1990,1990,22974.684267243
CYP,Western Asia,Asia,2021,2020,7029.35785855711
CYP,Western Asia,Asia,2020,2020,6910.90840225632
CYP,Western Asia,Asia,2019,2010,7342.33557177885
CYP,Western Asia,Asia,2018,2010,7321.71997776382
CYP,Western Asia,Asia,2017,2010,7503.81197016124
CYP,Western Asia,Asia,2016,2010,7373.66968766224
CYP,Western Asia,Asia,2015,2010,6971.57539673562
CYP,Western Asia,Asia,2014,2010,6950.80015906902
CYP,Western Asia,Asia,2013,2010,6582.60856022518
CYP,Western Asia,Asia,2012,2010,7262.76983526846
CYP,Western Asia,Asia,2011,2010,7787.6363174316
CYP,Western Asia,Asia,2010,2010,8101.12336494048
CYP,Western Asia,Asia,2009,2000,8470.1936663591
CYP,Western Asia,Asia,2008,2000,8715.72869424808
CYP,Western Asia,Asia,2007,2000,8503.49453723407
CYP,Western Asia,Asia,2006,2000,8185.0085325109
CYP,Western Asia,Asia,2005,2000,7957.32153787739
CYP,Western Asia,Asia,2004,2000,7788.7302524173
CYP,Western Asia,Asia,2003,2000,7559.64815554257
CYP,Western Asia,Asia,2002,2000,7169.42593847481
CYP,Western Asia,Asia,2001,2000,6978.50030024507
CYP,Western Asia,Asia,2000,2000,7104.59702326204
CYP,Western Asia,Asia,1999,1990,6858.74592240267
CYP,Western Asia,Asia,1998,1990,6592.48800837115
CYP,Western Asia,Asia,1997,1990,6298.29064414138
CYP,Western Asia,Asia,1996,1990,6211.88783128855
CYP,Western Asia,Asia,1995,1990,5861.93312399187
CYP,Western Asia,Asia,1994,1990,5991.49267633179
CYP,Western Asia,Asia,1993,1990,5749.29995864898
CYP,Western Asia,Asia,1992,1990,5505.65586361504
CYP,Western Asia,Asia,1991,1990,5133.20507168247
CYP,Western Asia,Asia,1990,1990,4644.86054344449
CZE,Eastern Europe,Europe,2021,2020,96665.2253266532
CZE,Eastern Europe,Europe,2020,2020,91697.3634303087
CZE,Eastern Europe,Europe,2019,2010,101032.686316781
CZE,Eastern Europe,Europe,2018,2010,106358.385544829
CZE,Eastern Europe,Europe,2017,2010,107776.570566776
CZE,Eastern Europe,Europe,2016,2010,106680.870730177
CZE,Eastern Europe,Europe,2015,2010,105022.271628204
CZE,Eastern Europe,Europe,2014,2010,104256.198495021
CZE,Eastern Europe,Europe,2013,2010,106732.695641486
CZE,Eastern Europe,Europe,2012,2010,111298.443406065
CZE,Eastern Europe,Europe,2011,2010,115201.992170659
CZE,Eastern Europe,Europe,2010,2010,117490.709097739
CZE,Eastern Europe,Europe,2009,2000,114999.011500455
CZE,Eastern Europe,Europe,2008,2000,122951.000833981
CZE,Eastern Europe,Europe,2007,2000,128382.08761628
CZE,Eastern Europe,Europe,2006,2000,126555.141040827
CZE,Eastern Europe,Europe,2005,2000,125690.736604182
CZE,Eastern Europe,Europe,2004,2000,128291.627781624
CZE,Eastern Europe,Europe,2003,2000,127571.696721971
CZE,Eastern Europe,Europe,2002,2000,123969.963358599
CZE,Eastern Europe,Europe,2001,2000,127144.369367362
CZE,Eastern Europe,Europe,2000,2000,127235.987122808
CZE,Eastern Europe,Europe,1999,1990,116671.891350075
CZE,Eastern Europe,Europe,1998,1990,125608.818384632
CZE,Eastern Europe,Europe,1997,1990,130941.620504211
CZE,Eastern Europe,Europe,1996,1990,135018.671764886
CZE,Eastern Europe,Europe,1995,1990,131622.223358033
CZE,Eastern Europe,Europe,1994,1990,132668.035665436
CZE,Eastern Europe,Europe,1993,1990,140124.036575061
CZE,Eastern Europe,Europe,1992,1990,145705.799291904
CZE,Eastern Europe,Europe,1991,1990,148883.273374256
CZE,Eastern Europe,Europe,1990,1990,164250.436011005
DNK,Northern Europe,Europe,2021,2020,31306.3495818155
DNK,Northern Europe,Europe,2020,2020,29965.916682094
DNK,Northern Europe,Europe,2019,2010,32595.7484664675
DNK,Northern Europe,Europe,2018,2010,36200.5718494376
DNK,Northern Europe,Europe,2017,2010,36158.8595353481
DNK,Northern Europe,Europe,2016,2010,38231.8487604729
DNK,Northern Europe,Europe,2015,2010,36426.2444451891
DNK,Northern Europe,Europe,2014,2010,38913.8016806193
DNK,Northern Europe,Europe,2013,2010,43115.7290043674
DNK,Northern Europe,Europe,2012,2010,41258.3457768704
DNK,Northern Europe,Europe,2011,2010,45693.7795454647
DNK,Northern Europe,Europe,2010,2010,50717.5074552305
DNK,Northern Europe,Europe,2009,2000,50217.1361157804
DNK,Northern Europe,Europe,2008,2000,52675.6183975907
DNK,Northern Europe,Europe,2007,2000,56170.9679765627
DNK,Northern Europe,Europe,2006,2000,60943.9624392606
DNK,Northern Europe,Europe,2005,2000,52974.0057819259
DNK,Northern Europe,Europe,2004,2000,56536.4406772822
DNK,Northern Europe,Europe,2003,2000,62090.0811932655
DNK,Northern Europe,Europe,2002,2000,56924.5833175696
DNK,Northern Europe,Europe,2001,2000,57356.1675893904
DNK,Northern Europe,Europe,2000,2000,55641.4351909651
DNK,Northern Europe,Europe,1999,1990,59878.0891513257
DNK,Northern Europe,Europe,1998,1990,62436.4397287566
DNK,Northern Europe,Europe,1997,1990,66612.8649856302
DNK,Northern Europe,Europe,1996,1990,76058.193994269
DNK,Northern Europe,Europe,1995,1990,62729.0072666296
DNK,Northern Europe,Europe,1994,1990,65704.4892791831
DNK,Northern Europe,Europe,1993,1990,61649.8253120355
DNK,Northern Europe,Europe,1992,1990,59562.4826445282
DNK,Northern Europe,Europe,1991,1990,65364.9481987375
DNK,Northern Europe,Europe,1990,1990,54771.3956998079
EST,Northern Europe,Europe,2021,2020,10419.9178953988
EST,Northern Europe,Europe,2020,2020,9238.88140776404
EST,Northern Europe,Europe,2019,2010,12323.98295408
EST,Northern Europe,Europe,2018,2010,17884.8354823724
EST,Northern Europe,Europe,2017,2010,18738.3832008365
EST,Northern Europe,Europe,2016,2010,17489.1738265757
EST,Northern Europe,Europe,2015,2010,15823.9978316599
EST,Northern Europe,Europe,2014,2010,18828.277060776
EST,Northern Europe,Europe,2013,2010,19660.4203374146
EST,Northern Europe,Europe,2012,2010,17771.7825803327
EST,Northern Europe,Europe,2011,2010,18956.3554133068
EST,Northern Europe,Europe,2010,2010,18975.4477634206
EST,Northern Europe,Europe,2009,2000,14417.0505686661
EST,Northern Europe,Europe,2008,2000,17822.3801088557
EST,Northern Europe,Europe,2007,2000,19942.0799139005
EST,Northern Europe,Europe,2006,2000,16444.9151228602
EST,Northern Europe,Europe,2005,2000,17096.8092125639
EST,Northern Europe,Europe,2004,2000,17327.4572306405
EST,Northern Europe,Europe,2003,2000,17263.5826472358
EST,Northern Europe,Europe,2002,2000,15370.4024483968
EST,Northern Europe,Europe,2001,2000,15882.0951825074
EST,Northern Europe,Europe,2000,2000,15481.7246134727
EST,Northern Europe,Europe,1999,1990,15937.9877205623
EST,Northern Europe,Europe,1998,1990,16940.74606132
EST,Northern Europe,Europe,1997,1990,18682.8819238202
EST,Northern Europe,Europe,1996,1990,19043.0786758168
EST,Northern Europe,Europe,1995,1990,18061.3190788745
EST,Northern Europe,Europe,1994,1990,20045.0860811687
EST,Northern Europe,Europe,1993,1990,19438.7466744082
EST,Northern Europe,Europe,1992,1990,24421.0375340549
EST,Northern Europe,Europe,1991,1990,34147.1620631506
EST,Northern Europe,Europe,1990,1990,36919.6062079986
european union,european union,european union,2021,2020,2814421.65352554
european union,european union,european union,2020,2020,2638542.75686845
european union,european union,european union,2019,2010,2913818.31412009
european union,european union,european union,2018,2010,3055628.89632229
european union,european union,european union,2017,2010,3129175.01673801
european union,european union,european union,2016,2010,3107560.21381696
european union,european union,european union,2015,2010,3102075.75343376
european union,european union,european union,2014,2010,3050653.3091367
european union,european union,european union,2013,2010,3187657.88668937
european union,european union,european union,2012,2010,3267742.37653258
european union,european union,european union,2011,2010,3340208.76062067
european union,european union,european union,2010,2010,3440712.98719404
european union,european union,european union,2009,2000,3339658.63260976
european union,european union,european union,2008,2000,3633032.16394865
european union,european union,european union,2007,2000,3716683.39202695
european union,european union,european union,2006,2000,3752621.31315045
european union,european union,european union,2005,2000,3742850.94156103
european union,european union,european union,2004,2000,3761613.6797614
european union,european union,european union,2003,2000,3750173.79598925
european union,european union,european union,2002,2000,3665762.53459375
european union,european union,european union,2001,2000,3664990.1787875
european union,european union,european union,2000,2000,3607844.11457135
european union,european union,european union,1999,1990,3596459.80461362
european union,european union,european union,1998,1990,3651592.59513635
european union,european union,european union,1997,1990,3660964.05409552
european union,european union,european union,1996,1990,3727043.41163494
european union,european union,european union,1995,1990,3642022.64583551
european union,european union,european union,1994,1990,3595411.69797599
european union,european union,european union,1993,1990,3614210.87794697
european union,european union,european union,1992,1990,3682599.38614028
european union,european union,european union,1991,1990,3808218.1432339
european union,european union,european union,1990,1990,3873588.21362042
FIN,Northern Europe,Europe,2021,2020,37947.1785577641
FIN,Northern Europe,Europe,2020,2020,37735.155182888
FIN,Northern Europe,Europe,2019,2010,42453.7467591298
FIN,Northern Europe,Europe,2018,2010,45730.1013094859
FIN,Northern Europe,Europe,2017,2010,44653.97442443
FIN,Northern Europe,Europe,2016,2010,47247.9993008968
FIN,Northern Europe,Europe,2015,2010,44185.6712766093
FIN,Northern Europe,Europe,2014,2010,47619.2576866718
FIN,Northern Europe,Europe,2013,2010,51715.5845341063
FIN,Northern Europe,Europe,2012,2010,51146.3149183475
FIN,Northern Europe,Europe,2011,2010,56638.0534757235
FIN,Northern Europe,Europe,2010,2010,64081.0066496962
FIN,Northern Europe,Europe,2009,2000,55905.3319312222
FIN,Northern Europe,Europe,2008,2000,58621.3078059506
FIN,Northern Europe,Europe,2007,2000,66760.2434562335
FIN,Northern Europe,Europe,2006,2000,68370.6841829837
FIN,Northern Europe,Europe,2005,2000,57047.3125109689
FIN,Northern Europe,Europe,2004,2000,68939.1068574165
FIN,Northern Europe,Europe,2003,2000,72654.3202277637
FIN,Northern Europe,Europe,2002,2000,65040.9663269036
FIN,Northern Europe,Europe,2001,2000,62513.7328652532
FIN,Northern Europe,Europe,2000,2000,57009.919492233
FIN,Northern Europe,Europe,1999,1990,58866.894347879
FIN,Northern Europe,Europe,1998,1990,59351.4594744727
FIN,Northern Europe,Europe,1997,1990,62696.1679220393
FIN,Northern Europe,Europe,1996,1990,64033.0556500885
FIN,Northern Europe,Europe,1995,1990,58115.5152700716
FIN,Northern Europe,Europe,1994,1990,61732.6645060394
FIN,Northern Europe,Europe,1993,1990,56313.3648421308
FIN,Northern Europe,Europe,1992,1990,54265.0554531443
FIN,Northern Europe,Europe,1991,1990,55188.7528481182
FIN,Northern Europe,Europe,1990,1990,56914.327998446
FRA,Western Europe,Europe,2021,2020,320908.304722352
FRA,Western Europe,Europe,2020,2020,296194.913513901
FRA,Western Europe,Europe,2019,2010,331725.372279835
FRA,Western Europe,Europe,2018,2010,338250.813946658
FRA,Western Europe,Europe,2017,2010,352727.321650415
FRA,Western Europe,Europe,2016,2010,349938.184960694
FRA,Western Europe,Europe,2015,2010,346625.558473672
FRA,Western Europe,Europe,2014,2010,341998.780790828
FRA,Western Europe,Europe,2013,2010,372705.769395231
FRA,Western Europe,Europe,2012,2010,370610.915012908
FRA,Western Europe,Europe,2011,2010,368238.754126051
FRA,Western Europe,Europe,2010,2010,390493.651072731
FRA,Western Europe,Europe,2009,2000,384313.688187148
FRA,Western Europe,Europe,2008,2000,402262.8857589
FRA,Western Europe,Europe,2007,2000,408901.496223998
FRA,Western Europe,Europe,2006,2000,418577.048470179
FRA,Western Europe,Europe,2005,2000,428222.044075897
FRA,Western Europe,Europe,2004,2000,425179.003627194
FRA,Western Europe,Europe,2003,2000,423470.891751765
FRA,Western Europe,Europe,2002,2000,417201.997856197
FRA,Western Europe,Europe,2001,2000,421348.585254351
FRA,Western Europe,Europe,2000,2000,416290.477578322
FRA,Western Europe,Europe,1999,1990,421812.88155472
FRA,Western Europe,Europe,1998,1990,423036.80863324
FRA,Western Europe,Europe,1997,1990,404134.04043635
FRA,Western Europe,Europe,1996,1990,411161.669947263
FRA,Western Europe,Europe,1995,1990,394610.71349932
FRA,Western Europe,Europe,1994,1990,389176.335097612
FRA,Western Europe,Europe,1993,1990,395700.956942667
FRA,Western Europe,Europe,1992,1990,414465.477632533
FRA,Western Europe,Europe,1991,1990,424117.582771393
FRA,Western Europe,Europe,1990,1990,399166.166653305
DEU,Western Europe,Europe,2021,2020,678798.872187656
DEU,Western Europe,Europe,2020,2020,647252.332890317
DEU,Western Europe,Europe,2019,2010,707491.364989861
DEU,Western Europe,Europe,2018,2010,754811.138095725
DEU,Western Europe,Europe,2017,2010,785985.850965468
DEU,Western Europe,Europe,2016,2010,801744.547450223
DEU,Western Europe,Europe,2015,2010,798084.702360403
DEU,Western Europe,Europe,2014,2010,794738.545641846
DEU,Western Europe,Europe,2013,2010,833804.3671132
DEU,Western Europe,Europe,2012,2010,812815.529922735
DEU,Western Europe,Europe,2011,2010,807613.931820731
DEU,Western Europe,Europe,2010,2010,831129.584347446
DEU,Western Europe,Europe,2009,2000,788285.819812203
DEU,Western Europe,Europe,2008,2000,852857.862590857
DEU,Western Europe,Europe,2007,2000,850229.804374469
DEU,Western Europe,Europe,2006,2000,877497.664533622
DEU,Western Europe,Europe,2005,2000,865470.707091765
DEU,Western Europe,Europe,2004,2000,885632.527768442
DEU,Western Europe,Europe,2003,2000,899858.375121708
DEU,Western Europe,Europe,2002,2000,898834.508615622
DEU,Western Europe,Europe,2001,2000,915242.151883378
DEU,Western Europe,Europe,2000,2000,898938.03601459
DEU,Western Europe,Europe,1999,1990,895402.127914451
DEU,Western Europe,Europe,1998,1990,923466.992547199
DEU,Western Europe,Europe,1997,1990,931486.945551753
DEU,Western Europe,Europe,1996,1990,959653.347901464
DEU,Western Europe,Europe,1995,1990,939897.145200735
DEU,Western Europe,Europe,1994,1990,943184.836504026
DEU,Western Europe,Europe,1993,1990,959367.197862509
DEU,Western Europe,Europe,1992,1990,969474.183105337
DEU,Western Europe,Europe,1991,1990,1016870.29143817
DEU,Western Europe,Europe,1990,1990,1054740.6436309
GRC,Southern Europe,Europe,2021,2020,57556.3286034507
GRC,Southern Europe,Europe,2020,2020,55619.7699188279
GRC,Southern Europe,Europe,2019,2010,65759.4803494355
GRC,Southern Europe,Europe,2018,2010,71780.9019494892
GRC,Southern Europe,Europe,2017,2010,74843.4435127421
GRC,Southern Europe,Europe,2016,2010,71361.0012597957
GRC,Southern Europe,Europe,2015,2010,74927.6314407955
GRC,Southern Europe,Europe,2014,2010,78636.4546529925
GRC,Southern Europe,Europe,2013,2010,81713.2598699917
GRC,Southern Europe,Europe,2012,2010,91392.5891275176
GRC,Southern Europe,Europe,2011,2010,94505.232097114
GRC,Southern Europe,Europe,2010,2010,97354.1500341358
GRC,Southern Europe,Europe,2009,2000,104319.842936133
GRC,Southern Europe,Europe,2008,2000,111080.37419613
GRC,Southern Europe,Europe,2007,2000,114545.692006628
GRC,Southern Europe,Europe,2006,2000,112419.544706665
GRC,Southern Europe,Europe,2005,2000,113888.965296394
GRC,Southern Europe,Europe,2004,2000,109485.277281552
GRC,Southern Europe,Europe,2003,2000,109066.727929603
GRC,Southern Europe,Europe,2002,2000,105000.510380002
GRC,Southern Europe,Europe,2001,2000,105361.862231588
GRC,Southern Europe,Europe,2000,2000,102973.166536014
GRC,Southern Europe,Europe,1999,1990,97934.8147311808
GRC,Southern Europe,Europe,1998,1990,98621.792697393
GRC,Southern Europe,Europe,1997,1990,93801.5577653188
GRC,Southern Europe,Europe,1996,1990,89114.9547845619
GRC,Southern Europe,Europe,1995,1990,86963.2041964421
GRC,Southern Europe,Europe,1994,1990,86430.2584258489
GRC,Southern Europe,Europe,1993,1990,84284.9583294909
GRC,Southern Europe,Europe,1992,1990,84975.6537122107
GRC,Southern Europe,Europe,1991,1990,83407.4983800825
GRC,Southern Europe,Europe,1990,1990,83438.039765697
HUN,Eastern Europe,Europe,2021,2020,48563.8563289726
HUN,Eastern Europe,Europe,2020,2020,47335.4689645989
HUN,Eastern Europe,Europe,2019,2010,49310.4854968512
HUN,Eastern Europe,Europe,2018,2010,49534.4098963676
HUN,Eastern Europe,Europe,2017,2010,49580.3257451885
HUN,Eastern Europe,Europe,2016,2010,47178.5008655333
HUN,Eastern Europe,Europe,2015,2010,46717.4037438282
HUN,Eastern Europe,Europe,2014,2010,43791.7766905256
HUN,Eastern Europe,Europe,2013,2010,43669.6207389941
HUN,Eastern Europe,Europe,2012,2010,46818.7204085027
HUN,Eastern Europe,Europe,2011,2010,50253.1234637353
HUN,Eastern Europe,Europe,2010,2010,52087.459905797
HUN,Eastern Europe,Europe,2009,2000,51542.2466689845
HUN,Eastern Europe,Europe,2008,2000,57326.3057341899
HUN,Eastern Europe,Europe,2007,2000,58631.3487815677
HUN,Eastern Europe,Europe,2006,2000,59709.7864443032
HUN,Eastern Europe,Europe,2005,2000,60400.7267269958
HUN,Eastern Europe,Europe,2004,2000,60251.7250297118
HUN,Eastern Europe,Europe,2003,2000,61860.7487948806
HUN,Eastern Europe,Europe,2002,2000,59086.0395042691
HUN,Eastern Europe,Europe,2001,2000,60108.9847015425
HUN,Eastern Europe,Europe,2000,2000,58505.9870284458
HUN,Eastern Europe,Europe,1999,1990,61806.189263095
HUN,Eastern Europe,Europe,1998,1990,61312.880743353
HUN,Eastern Europe,Europe,1997,1990,61711.7158853574
HUN,Eastern Europe,Europe,1996,1990,63158.1123281622
HUN,Eastern Europe,Europe,1995,1990,61601.1105061529
HUN,Eastern Europe,Europe,1994,1990,61888.9938012172
HUN,Eastern Europe,Europe,1993,1990,63558.4094800917
HUN,Eastern Europe,Europe,1992,1990,62348.0176035016
HUN,Eastern Europe,Europe,1991,1990,69701.9381994529
HUN,Eastern Europe,Europe,1990,1990,73376.8253529764
ISL,Northern Europe,Europe,2021,2020,3510.05069048688
ISL,Northern Europe,Europe,2020,2020,3339.560581747
ISL,Northern Europe,Europe,2019,2010,3558.74072713258
ISL,Northern Europe,Europe,2018,2010,3668.95852163044
ISL,Northern Europe,Europe,2017,2010,3612.18889913732
ISL,Northern Europe,Europe,2016,2010,3495.52018156646
ISL,Northern Europe,Europe,2015,2010,3543.71325448561
ISL,Northern Europe,Europe,2014,2010,3446.71672568902
ISL,Northern Europe,Europe,2013,2010,3490.09979142662
ISL,Northern Europe,Europe,2012,2010,3501.2996210945
ISL,Northern Europe,Europe,2011,2010,3504.6976259864
ISL,Northern Europe,Europe,2010,2010,3627.41852729365
ISL,Northern Europe,Europe,2009,2000,3731.08002833709
ISL,Northern Europe,Europe,2008,2000,3812.81631714887
ISL,Northern Europe,Europe,2007,2000,3495.13434635032
ISL,Northern Europe,Europe,2006,2000,3155.84507642697
ISL,Northern Europe,Europe,2005,2000,2978.47607830068
ISL,Northern Europe,Europe,2004,2000,3109.79262015713
ISL,Northern Europe,Europe,2003,2000,2985.95708795484
ISL,Northern Europe,Europe,2002,2000,2992.46566578105
ISL,Northern Europe,Europe,2001,2000,2865.42654907452
ISL,Northern Europe,Europe,2000,2000,2933.18952486257
ISL,Northern Europe,Europe,1999,1990,2841.36625000613
ISL,Northern Europe,Europe,1998,1990,2638.67800460933
ISL,Northern Europe,Europe,1997,1990,2619.43451917109
ISL,Northern Europe,Europe,1996,1990,2523.72372943634
ISL,Northern Europe,Europe,1995,1990,2469.33700345724
ISL,Northern Europe,Europe,1994,1990,2349.66443026176
ISL,Northern Europe,Europe,1993,1990,2400.94000805432
ISL,Northern Europe,Europe,1992,1990,2250.16618761429
ISL,Northern Europe,Europe,1991,1990,2103.61396483679
ISL,Northern Europe,Europe,1990,1990,2222.78736751314
IRL,Northern Europe,Europe,2021,2020,37547.2849970332
IRL,Northern Europe,Europe,2020,2020,35123.7751415184
IRL,Northern Europe,Europe,2019,2010,37325.752057404
IRL,Northern Europe,Europe,2018,2010,39012.5575563339
IRL,Northern Europe,Europe,2017,2010,39078.276554119
IRL,Northern Europe,Europe,2016,2010,40369.6774540593
IRL,Northern Europe,Europe,2015,2010,38718.5463658255
IRL,Northern Europe,Europe,2014,2010,36853.2113135941
IRL,Northern Europe,Europe,2013,2010,37281.8676451007
IRL,Northern Europe,Europe,2012,2010,38227.2013942766
IRL,Northern Europe,Europe,2011,2010,38056.3669505705
IRL,Northern Europe,Europe,2010,2010,41793.2242955238
IRL,Northern Europe,Europe,2009,2000,42179.0934497229
IRL,Northern Europe,Europe,2008,2000,47362.8260312447
IRL,Northern Europe,Europe,2007,2000,47664.0881407767
IRL,Northern Europe,Europe,2006,2000,47604.4461397548
IRL,Northern Europe,Europe,2005,2000,48156.201621632
IRL,Northern Europe,Europe,2004,2000,46166.7845679182
IRL,Northern Europe,Europe,2003,2000,45684.1086560293
IRL,Northern Europe,Europe,2002,2000,46081.5859658651
IRL,Northern Europe,Europe,2001,2000,47607.6198511006
IRL,Northern Europe,Europe,2000,2000,45249.1102190884
IRL,Northern Europe,Europe,1999,1990,42440.1828500454
IRL,Northern Europe,Europe,1998,1990,40708.971449999
IRL,Northern Europe,Europe,1997,1990,38804.985267028
IRL,Northern Europe,Europe,1996,1990,37469.2701540163
IRL,Northern Europe,Europe,1995,1990,35852.9867109519
IRL,Northern Europe,Europe,1994,1990,34838.4467356311
IRL,Northern Europe,Europe,1993,1990,33716.3644975894
IRL,Northern Europe,Europe,1992,1990,33495.3151366727
IRL,Northern Europe,Europe,1991,1990,33674.30740013
IRL,Northern Europe,Europe,1990,1990,32944.4202164772
ITA,Southern Europe,Europe,2021,2020,337229.883985225
ITA,Southern Europe,Europe,2020,2020,303281.27169295
ITA,Southern Europe,Europe,2019,2010,340402.522237771
ITA,Southern Europe,Europe,2018,2010,349826.897871833
ITA,Southern Europe,Europe,2017,2010,353418.593791965
ITA,Southern Europe,Europe,2016,2010,358814.015766045
ITA,Southern Europe,Europe,2015,2010,361935.924442637
ITA,Southern Europe,Europe,2014,2010,350126.681603186
ITA,Southern Europe,Europe,2013,2010,370253.537308923
ITA,Southern Europe,Europe,2012,2010,404260.612758555
ITA,Southern Europe,Europe,2011,2010,424739.246178946
ITA,Southern Europe,Europe,2010,2010,436534.301035471
ITA,Southern Europe,Europe,2009,2000,424952.655649956
ITA,Southern Europe,Europe,2008,2000,479077.162050749
ITA,Southern Europe,Europe,2007,2000,490653.34139326
ITA,Southern Europe,Europe,2006,2000,496934.395243516
ITA,Southern Europe,Europe,2005,2000,502346.597756263
ITA,Southern Europe,Europe,2004,2000,501631.595029306
ITA,Southern Europe,Europe,2003,2000,496005.837396029
ITA,Southern Europe,Europe,2002,2000,478001.996915942
ITA,Southern Europe,Europe,2001,2000,470577.433110742
ITA,Southern Europe,Europe,2000,2000,470524.118775355
ITA,Southern Europe,Europe,1999,1990,466393.428601034
ITA,Southern Europe,Europe,1998,1990,461646.72136902
ITA,Southern Europe,Europe,1997,1990,449430.94131695
ITA,Southern Europe,Europe,1996,1990,443656.709554322
ITA,Southern Europe,Europe,1995,1990,449430.215594019
ITA,Southern Europe,Europe,1994,1990,425428.212581864
ITA,Southern Europe,Europe,1993,1990,431176.399717687
ITA,Southern Europe,Europe,1992,1990,438770.955134979
ITA,Southern Europe,Europe,1991,1990,438385.65376731
ITA,Southern Europe,Europe,1990,1990,438904.296327849
JPN,Eastern Asia,Asia,2021,2020,1062129.23506539
JPN,Eastern Asia,Asia,2020,2020,1039795.89696067
JPN,Eastern Asia,Asia,2019,2010,1104539.82086726
JPN,Eastern Asia,Asia,2018,2010,1141668.881409
JPN,Eastern Asia,Asia,2017,2010,1186802.26309009
JPN,Eastern Asia,Asia,2016,2010,1202454.57089579
JPN,Eastern Asia,Asia,2015,2010,1223168.71725039
JPN,Eastern Asia,Asia,2014,2010,1264071.90619174
JPN,Eastern Asia,Asia,2013,2010,1315192.02197956
JPN,Eastern Asia,Asia,2012,2010,1305883.60330292
JPN,Eastern Asia,Asia,2011,2010,1264631.16386068
JPN,Eastern Asia,Asia,2010,2010,1214707.53787408
JPN,Eastern Asia,Asia,2009,2000,1163057.1927238
JPN,Eastern Asia,Asia,2008,2000,1232014.21819838
JPN,Eastern Asia,Asia,2007,2000,1302836.78925453
JPN,Eastern Asia,Asia,2006,2000,1267118.38794908
JPN,Eastern Asia,Asia,2005,2000,1290144.64599861
JPN,Eastern Asia,Asia,2004,2000,1282685.85386284
JPN,Eastern Asia,Asia,2003,2000,1287292.54277653
JPN,Eastern Asia,Asia,2002,2000,1278787.14984103
JPN,Eastern Asia,Asia,2001,2000,1249162.12650461
JPN,Eastern Asia,Asia,2000,2000,1263754.80022351
JPN,Eastern Asia,Asia,1999,1990,1241036.48882833
JPN,Eastern Asia,Asia,1998,1990,1204402.53811477
JPN,Eastern Asia,Asia,1997,1990,1244251.03866942
JPN,Eastern Asia,Asia,1996,1990,1251545.7167084
JPN,Eastern Asia,Asia,1995,1990,1239048.06662895
JPN,Eastern Asia,Asia,1994,1990,1226702.22499061
JPN,Eastern Asia,Asia,1993,1990,1171686.69524432
JPN,Eastern Asia,Asia,1992,1990,1178674.76183602
JPN,Eastern Asia,Asia,1991,1990,1168897.27554225
JPN,Eastern Asia,Asia,1990,1990,1157195.59475873
LVA,Northern Europe,Europe,2021,2020,7240.49647681672
LVA,Northern Europe,Europe,2020,2020,6999.91277736615
LVA,Northern Europe,Europe,2019,2010,7650.64679155874
LVA,Northern Europe,Europe,2018,2010,7863.00828531488
LVA,Northern Europe,Europe,2017,2010,7216.30267149435
LVA,Northern Europe,Europe,2016,2010,7211.63671527774
LVA,Northern Europe,Europe,2015,2010,7263.4534927407
LVA,Northern Europe,Europe,2014,2010,7173.20717668946
LVA,Northern Europe,Europe,2013,2010,7369.65452574749
LVA,Northern Europe,Europe,2012,2010,7520.5862751425
LVA,Northern Europe,Europe,2011,2010,7811.91663462442
LVA,Northern Europe,Europe,2010,2010,8555.26697513235
LVA,Northern Europe,Europe,2009,2000,7456.83224478214
LVA,Northern Europe,Europe,2008,2000,8198.93799176367
LVA,Northern Europe,Europe,2007,2000,8638.65982133857
LVA,Northern Europe,Europe,2006,2000,8310.87554222178
LVA,Northern Europe,Europe,2005,2000,7811.70049936681
LVA,Northern Europe,Europe,2004,2000,7732.1374158804
LVA,Northern Europe,Europe,2003,2000,7726.97883519789
LVA,Northern Europe,Europe,2002,2000,7521.35506571888
LVA,Northern Europe,Europe,2001,2000,7497.43675343276
LVA,Northern Europe,Europe,2000,2000,7082.57511623573
LVA,Northern Europe,Europe,1999,1990,7718.81598003441
LVA,Northern Europe,Europe,1998,1990,8306.99611000214
LVA,Northern Europe,Europe,1997,1990,8680.90606894927
LVA,Northern Europe,Europe,1996,1990,9212.67531367803
LVA,Northern Europe,Europe,1995,1990,9134.97590489271
LVA,Northern Europe,Europe,1994,1990,10371.2390270897
LVA,Northern Europe,Europe,1993,1990,11922.7564717637
LVA,Northern Europe,Europe,1992,1990,14194.6461822899
LVA,Northern Europe,Europe,1991,1990,17920.6964668989
LVA,Northern Europe,Europe,1990,1990,19662.7214048168
LIE,Western Europe,Europe,2021,2020,145.883912755427
LIE,Western Europe,Europe,2020,2020,141.929378094917
LIE,Western Europe,Europe,2019,2010,149.021820292411
LIE,Western Europe,Europe,2018,2010,142.950402856394
LIE,Western Europe,Europe,2017,2010,155.769396512046
LIE,Western Europe,Europe,2016,2010,149.838255915867
LIE,Western Europe,Europe,2015,2010,159.773794297678
LIE,Western Europe,Europe,2014,2010,161.2591698025
LIE,Western Europe,Europe,2013,2010,192.544886659596
LIE,Western Europe,Europe,2012,2010,185.325447293463
LIE,Western Europe,Europe,2011,2010,176.781992710301
LIE,Western Europe,Europe,2010,2010,190.830438866761
LIE,Western Europe,Europe,2009,2000,205.374673474742
LIE,Western Europe,Europe,2008,2000,219.535867069077
LIE,Western Europe,Europe,2007,2000,200.793925066695
LIE,Western Europe,Europe,2006,2000,231.120799985606
LIE,Western Europe,Europe,2005,2000,228.986321744031
LIE,Western Europe,Europe,2004,2000,229.390829736888
LIE,Western Europe,Europe,2003,2000,229.35451611304
LIE,Western Europe,Europe,2002,2000,220.01827325449
LIE,Western Europe,Europe,2001,2000,214.671050081607
LIE,Western Europe,Europe,2000,2000,216.859998072712
LIE,Western Europe,Europe,1999,1990,226.566396560055
LIE,Western Europe,Europe,1998,1990,229.23871251075
LIE,Western Europe,Europe,1997,1990,218.376491402331
LIE,Western Europe,Europe,1996,1990,205.96036739446
LIE,Western Europe,Europe,1995,1990,204.2016142182
LIE,Western Europe,Europe,1994,1990,201.111090326121
LIE,Western Europe,Europe,1993,1990,215.03442023538
LIE,Western Europe,Europe,1992,1990,206.950491057098
LIE,Western Europe,Europe,1991,1990,206.329151456906
LIE,Western Europe,Europe,1990,1990,198.970855799094
LTU,Northern Europe,Europe,2021,2020,13829.6745051854
LTU,Northern Europe,Europe,2020,2020,13538.6735455394
LTU,Northern Europe,Europe,2019,2010,13677.7750879094
LTU,Northern Europe,Europe,2018,2010,13434.7460150158
LTU,Northern Europe,Europe,2017,2010,13286.1875216231
LTU,Northern Europe,Europe,2016,2010,13121.736944121
LTU,Northern Europe,Europe,2015,2010,13055.4576022727
LTU,Northern Europe,Europe,2014,2010,12854.8969294937
LTU,Northern Europe,Europe,2013,2010,13154.2492798883
LTU,Northern Europe,Europe,2012,2010,14055.9515485174
LTU,Northern Europe,Europe,2011,2010,13960.9512297414
LTU,Northern Europe,Europe,2010,2010,13803.1690377782
LTU,Northern Europe,Europe,2009,2000,12830.5129498779
LTU,Northern Europe,Europe,2008,2000,14918.747534284
LTU,Northern Europe,Europe,2007,2000,15475.0528320354
LTU,Northern Europe,Europe,2006,2000,14195.7827057713
LTU,Northern Europe,Europe,2005,2000,13862.6499478743
LTU,Northern Europe,Europe,2004,2000,13254.1689180878
LTU,Northern Europe,Europe,2003,2000,12659.430765768
LTU,Northern Europe,Europe,2002,2000,12666.0290652584
LTU,Northern Europe,Europe,2001,2000,12593.7367044692
LTU,Northern Europe,Europe,2000,2000,11843.0346900038
LTU,Northern Europe,Europe,1999,1990,13449.5957272832
LTU,Northern Europe,Europe,1998,1990,15997.0526200877
LTU,Northern Europe,Europe,1997,1990,15162.8463881989
LTU,Northern Europe,Europe,1996,1990,15739.9629657274
LTU,Northern Europe,Europe,1995,1990,15057.3427812654
LTU,Northern Europe,Europe,1994,1990,15767.0422501045
LTU,Northern Europe,Europe,1993,1990,16319.7130605194
LTU,Northern Europe,Europe,1992,1990,21168.4411297142
LTU,Northern Europe,Europe,1991,1990,37820.3768786101
LTU,Northern Europe,Europe,1990,1990,35737.6729797811
LUX,Western Europe,Europe,2021,2020,8429.71345657012
LUX,Western Europe,Europe,2020,2020,8067.6900859552
LUX,Western Europe,Europe,2019,2010,9769.62255828995
LUX,Western Europe,Europe,2018,2010,9573.9050533405
LUX,Western Europe,Europe,2017,2010,9267.99225437232
LUX,Western Europe,Europe,2016,2010,9094.19505720989
LUX,Western Europe,Europe,2015,2010,9350.99622024919
LUX,Western Europe,Europe,2014,2010,9823.49491792822
LUX,Western Europe,Europe,2013,2010,10338.725190948
LUX,Western Europe,Europe,2012,2010,10872.0031547089
LUX,Western Europe,Europe,2011,2010,11102.3655091147
LUX,Western Europe,Europe,2010,2010,11197.5910284581
LUX,Western Europe,Europe,2009,2000,10630.3503708071
LUX,Western Europe,Europe,2008,2000,11172.4902612587
LUX,Western Europe,Europe,2007,2000,11306.9028998761
LUX,Western Europe,Europe,2006,2000,11910.9848946778
LUX,Western Europe,Europe,2005,2000,12079.5750032899
LUX,Western Europe,Europe,2004,2000,11821.71696674
LUX,Western Europe,Europe,2003,2000,10452.5178141534
LUX,Western Europe,Europe,2002,2000,9980.62650987731
LUX,Western Europe,Europe,2001,2000,9205.48933935096
LUX,Western Europe,Europe,2000,2000,8703.61946799226
LUX,Western Europe,Europe,1999,1990,8117.59131165744
LUX,Western Europe,Europe,1998,1990,7663.25736073603
LUX,Western Europe,Europe,1997,1990,8563.89352448019
LUX,Western Europe,Europe,1996,1990,9207.41055240388
LUX,Western Europe,Europe,1995,1990,9155.92855536849
LUX,Western Europe,Europe,1994,1990,11542.8508710559
LUX,Western Europe,Europe,1993,1990,12351.9077571277
LUX,Western Europe,Europe,1992,1990,12202.4743718351
LUX,Western Europe,Europe,1991,1990,12434.9253663478
LUX,Western Europe,Europe,1990,1990,11815.5032151881
MLT,Southern Europe,Europe,2021,2020,1606.72741011375
MLT,Southern Europe,Europe,2020,2020,1597.20036617892
MLT,Southern Europe,Europe,2019,2010,1648.76429425849
MLT,Southern Europe,Europe,2018,2010,1546.73484891335
MLT,Southern Europe,Europe,2017,2010,1530.83881502535
MLT,Southern Europe,Europe,2016,2010,1356.29835255174
MLT,Southern Europe,Europe,2015,2010,1665.29347622047
MLT,Southern Europe,Europe,2014,2010,2364.41622771323
MLT,Southern Europe,Europe,2013,2010,2379.24864499348
MLT,Southern Europe,Europe,2012,2010,2717.04286916906
MLT,Southern Europe,Europe,2011,2010,2583.9140563767
MLT,Southern Europe,Europe,2010,2010,2602.79408710084
MLT,Southern Europe,Europe,2009,2000,2526.34373601329
MLT,Southern Europe,Europe,2008,2000,2690.43176339554
MLT,Southern Europe,Europe,2007,2000,2731.43850293582
MLT,Southern Europe,Europe,2006,2000,2667.48401323192
MLT,Southern Europe,Europe,2005,2000,2656.65799407956
MLT,Southern Europe,Europe,2004,2000,2849.05601560067
MLT,Southern Europe,Europe,2003,2000,2960.83317301659
MLT,Southern Europe,Europe,2002,2000,2747.22676045548
MLT,Southern Europe,Europe,2001,2000,2736.55868280562
MLT,Southern Europe,Europe,2000,2000,2468.15349774605
MLT,Southern Europe,Europe,1999,1990,2572.86532981423
MLT,Southern Europe,Europe,1998,1990,2524.93629618801
MLT,Southern Europe,Europe,1997,1990,2556.24890186959
MLT,Southern Europe,Europe,1996,1990,2533.94682561332
MLT,Southern Europe,Europe,1995,1990,2452.12606365571
MLT,Southern Europe,Europe,1994,1990,2658.34480665995
MLT,Southern Europe,Europe,1993,1990,2885.58767070802
MLT,Southern Europe,Europe,1992,1990,2293.59661207401
MLT,Southern Europe,Europe,1991,1990,2271.84344686527
MLT,Southern Europe,Europe,1990,1990,2427.39679892615
MCO,Western Europe,Europe,2021,2020,64.4187678464187
MCO,Western Europe,Europe,2020,2020,60.5274613919835
MCO,Western Europe,Europe,2019,2010,71.1203034787553
MCO,Western Europe,Europe,2018,2010,74.4403496565163
MCO,Western Europe,Europe,2017,2010,72.7440508142749
MCO,Western Europe,Europe,2016,2010,74.3240039209285
MCO,Western Europe,Europe,2015,2010,75.8084263625783
MCO,Western Europe,Europe,2014,2010,73.5517511218773
MCO,Western Europe,Europe,2013,2010,78.4025585158739
MCO,Western Europe,Europe,2012,2010,77.6424317801894
MCO,Western Europe,Europe,2011,2010,74.5322538600852
MCO,Western Europe,Europe,2010,2010,76.3955375861802
MCO,Western Europe,Europe,2009,2000,78.8815946952022
MCO,Western Europe,Europe,2008,2000,81.9455913535641
MCO,Western Europe,Europe,2007,2000,82.3278203353362
MCO,Western Europe,Europe,2006,2000,83.6172141386861
MCO,Western Europe,Europe,2005,2000,89.372607809974
MCO,Western Europe,Europe,2004,2000,91.4795085190744
MCO,Western Europe,Europe,2003,2000,96.6689986113213
MCO,Western Europe,Europe,2002,2000,99.3821594597016
MCO,Western Europe,Europe,2001,2000,99.6445215863334
MCO,Western Europe,Europe,2000,2000,99.9859429419738
MCO,Western Europe,Europe,1999,1990,102.434463722229
MCO,Western Europe,Europe,1998,1990,101.720365642315
MCO,Western Europe,Europe,1997,1990,102.899358962623
MCO,Western Europe,Europe,1996,1990,104.4030266549
MCO,Western Europe,Europe,1995,1990,100.906320869534
MCO,Western Europe,Europe,1994,1990,104.128246426441
MCO,Western Europe,Europe,1993,1990,103.318137329611
MCO,Western Europe,Europe,1992,1990,104.227787542822
MCO,Western Europe,Europe,1991,1990,98.6242901059851
MCO,Western Europe,Europe,1990,1990,97.9479838252664
NLD,Western Europe,Europe,2021,2020,139906.958386119
NLD,Western Europe,Europe,2020,2020,136684.617674934
NLD,Western Europe,Europe,2019,2010,152509.407141421
NLD,Western Europe,Europe,2018,2010,158133.898109623
NLD,Western Europe,Europe,2017,2010,162202.58180506
NLD,Western Europe,Europe,2016,2010,164691.321428058
NLD,Western Europe,Europe,2015,2010,163802.240099381
NLD,Western Europe,Europe,2014,2010,157467.568583376
NLD,Western Europe,Europe,2013,2010,164874.212433753
NLD,Western Europe,Europe,2012,2010,165481.768460365
NLD,Western Europe,Europe,2011,2010,169123.82889598
NLD,Western Europe,Europe,2010,2010,182358.956985902
NLD,Western Europe,Europe,2009,2000,170336.24742515
NLD,Western Europe,Europe,2008,2000,175710.967857903
NLD,Western Europe,Europe,2007,2000,172746.749870384
NLD,Western Europe,Europe,2006,2000,172991.33899694
NLD,Western Europe,Europe,2005,2000,177859.111255246
NLD,Western Europe,Europe,2004,2000,181780.436486652
NLD,Western Europe,Europe,2003,2000,179896.910913643
NLD,Western Europe,Europe,2002,2000,176466.076370542
NLD,Western Europe,Europe,2001,2000,177146.20477914
NLD,Western Europe,Europe,2000,2000,172016.285959378
NLD,Western Europe,Europe,1999,1990,170854.251943856
NLD,Western Europe,Europe,1998,1990,176237.573469202
NLD,Western Europe,Europe,1997,1990,175285.348110659
NLD,Western Europe,Europe,1996,1990,182296.540590145
NLD,Western Europe,Europe,1995,1990,173201.146044874
NLD,Western Europe,Europe,1994,1990,171648.181850901
NLD,Western Europe,Europe,1993,1990,170863.253350724
NLD,Western Europe,Europe,1992,1990,170918.107260401
NLD,Western Europe,Europe,1991,1990,171110.62376682
NLD,Western Europe,Europe,1990,1990,162665.108615571
NZL,Australia and New Zealand,Oceania,2021,2020,34318.0029765366
NZL,Australia and New Zealand,Oceania,2020,2020,34237.3254577499
NZL,Australia and New Zealand,Oceania,2019,2010,36878.9357625208
NZL,Australia and New Zealand,Oceania,2018,2010,35704.1971320452
NZL,Australia and New Zealand,Oceania,2017,2010,35687.1811634839
NZL,Australia and New Zealand,Oceania,2016,2010,34153.005135594
NZL,Australia and New Zealand,Oceania,2015,2010,35812.1366670311
NZL,Australia and New Zealand,Oceania,2014,2010,35438.0085746422
NZL,Australia and New Zealand,Oceania,2013,2010,35240.2253272822
NZL,Australia and New Zealand,Oceania,2012,2010,35944.2455088726
NZL,Australia and New Zealand,Oceania,2011,2010,34265.0721456443
NZL,Australia and New Zealand,Oceania,2010,2010,34810.3841120414
NZL,Australia and New Zealand,Oceania,2009,2000,34619.9153803228
NZL,Australia and New Zealand,Oceania,2008,2000,37508.3869438439
NZL,Australia and New Zealand,Oceania,2007,2000,36409.8427075679
NZL,Australia and New Zealand,Oceania,2006,2000,37329.5233361634
NZL,Australia and New Zealand,Oceania,2005,2000,37423.4097305379
NZL,Australia and New Zealand,Oceania,2004,2000,35835.6768962923
NZL,Australia and New Zealand,Oceania,2003,2000,36240.9925151002
NZL,Australia and New Zealand,Oceania,2002,2000,34541.6066222456
NZL,Australia and New Zealand,Oceania,2001,2000,34378.540330722
NZL,Australia and New Zealand,Oceania,2000,2000,32245.5058554215
NZL,Australia and New Zealand,Oceania,1999,1990,31465.164061186
NZL,Australia and New Zealand,Oceania,1998,1990,29858.2072103913
NZL,Australia and New Zealand,Oceania,1997,1990,31278.3045651962
NZL,Australia and New Zealand,Oceania,1996,1990,29304.1599055079
NZL,Australia and New Zealand,Oceania,1995,1990,28003.230604049
NZL,Australia and New Zealand,Oceania,1994,1990,27899.8227651762
NZL,Australia and New Zealand,Oceania,1993,1990,27760.9548937271
NZL,Australia and New Zealand,Oceania,1992,1990,28166.7146608273
NZL,Australia and New Zealand,Oceania,1991,1990,26182.4702914646
NZL,Australia and New Zealand,Oceania,1990,1990,25502.5084048774
NOR,Northern Europe,Europe,2021,2020,40662.9143089464
NOR,Northern Europe,Europe,2020,2020,40890.4311721077
NOR,Northern Europe,Europe,2019,2010,42445.3866868299
NOR,Northern Europe,Europe,2018,2010,43979.8835078959
NOR,Northern Europe,Europe,2017,2010,43827.054218652
NOR,Northern Europe,Europe,2016,2010,44362.184065947
NOR,Northern Europe,Europe,2015,2010,45194.4297032547
NOR,Northern Europe,Europe,2014,2010,44641.4893529802
NOR,Northern Europe,Europe,2013,2010,44249.2773800023
NOR,Northern Europe,Europe,2012,2010,43979.8833762648
NOR,Northern Europe,Europe,2011,2010,44500.3131599396
NOR,Northern Europe,Europe,2010,2010,45354.063570261
NOR,Northern Europe,Europe,2009,2000,42802.1661333214
NOR,Northern Europe,Europe,2008,2000,44358.6371170506
NOR,Northern Europe,Europe,2007,2000,45178.2220086555
NOR,Northern Europe,Europe,2006,2000,43417.9163229297
NOR,Northern Europe,Europe,2005,2000,42748.8657930493
NOR,Northern Europe,Europe,2004,2000,43578.3028941256
NOR,Northern Europe,Europe,2003,2000,43144.7704162908
NOR,Northern Europe,Europe,2002,2000,41659.3399630038
NOR,Northern Europe,Europe,2001,2000,42462.7271343161
NOR,Northern Europe,Europe,2000,2000,41121.2409746016
NOR,Northern Europe,Europe,1999,1990,41655.6333024116
NOR,Northern Europe,Europe,1998,1990,40921.5848557271
NOR,Northern Europe,Europe,1997,1990,40726.4650786489
NOR,Northern Europe,Europe,1996,1990,40634.1581926614
NOR,Northern Europe,Europe,1995,1990,37584.0117301926
NOR,Northern Europe,Europe,1994,1990,37032.2608652712
NOR,Northern Europe,Europe,1993,1990,35164.8505149991
NOR,Northern Europe,Europe,1992,1990,33684.4227564501
NOR,Northern Europe,Europe,1991,1990,32851.0730772183
NOR,Northern Europe,Europe,1990,1990,34422.2978429278
POL,Eastern Europe,Europe,2021,2020,331077.163141235
POL,Eastern Europe,Europe,2020,2020,302437.094322481
POL,Eastern Europe,Europe,2019,2010,317682.526960625
POL,Eastern Europe,Europe,2018,2010,336080.905467718
POL,Eastern Europe,Europe,2017,2010,336765.416207756
POL,Eastern Europe,Europe,2016,2010,323546.99000569
POL,Eastern Europe,Europe,2015,2010,312715.421460975
POL,Eastern Europe,Europe,2014,2010,309582.448512012
POL,Eastern Europe,Europe,2013,2010,321927.043704687
POL,Eastern Europe,Europe,2012,2010,325953.296070393
POL,Eastern Europe,Europe,2011,2010,333598.765253804
POL,Eastern Europe,Europe,2010,2010,334224.575441896
POL,Eastern Europe,Europe,2009,2000,316021.210281887
POL,Eastern Europe,Europe,2008,2000,329567.077996294
POL,Eastern Europe,Europe,2007,2000,335920.200359878
POL,Eastern Europe,Europe,2006,2000,336572.661358
POL,Eastern Europe,Europe,2005,2000,322765.058351367
POL,Eastern Europe,Europe,2004,2000,323794.11975256
POL,Eastern Europe,Europe,2003,2000,318949.734812905
POL,Eastern Europe,Europe,2002,2000,306122.759993958
POL,Eastern Europe,Europe,2001,2000,313500.550390849
POL,Eastern Europe,Europe,2000,2000,317452.222143855
POL,Eastern Europe,Europe,1999,1990,329266.197433128
POL,Eastern Europe,Europe,1998,1990,339076.429880351
POL,Eastern Europe,Europe,1997,1990,367235.674089095
POL,Eastern Europe,Europe,1996,1990,377285.409844529
POL,Eastern Europe,Europe,1995,1990,362614.548593742
POL,Eastern Europe,Europe,1994,1990,360218.424168922
POL,Eastern Europe,Europe,1993,1990,365174.878927444
POL,Eastern Europe,Europe,1992,1990,364510.580063785
POL,Eastern Europe,Europe,1991,1990,373622.773928066
POL,Eastern Europe,Europe,1990,1990,376641.25071379
PRT,Southern Europe,Europe,2021,2020,39938.3301609649
PRT,Southern Europe,Europe,2020,2020,41695.2015281756
PRT,Southern Europe,Europe,2019,2010,47494.0448645779
PRT,Southern Europe,Europe,2018,2010,51372.7280774798
PRT,Southern Europe,Europe,2017,2010,55106.2786766414
PRT,Southern Europe,Europe,2016,2010,50366.7072966054
PRT,Southern Europe,Europe,2015,2010,52203.4395476561
PRT,Southern Europe,Europe,2014,2010,47885.0432553483
PRT,Southern Europe,Europe,2013,2010,48102.7295644781
PRT,Southern Europe,Europe,2012,2010,49898.5512426339
PRT,Southern Europe,Europe,2011,2010,51739.8071739674
PRT,Southern Europe,Europe,2010,2010,52933.9817754636
PRT,Southern Europe,Europe,2009,2000,57136.4034507661
PRT,Southern Europe,Europe,2008,2000,60027.9360907044
PRT,Southern Europe,Europe,2007,2000,62354.6214788745
PRT,Southern Europe,Europe,2006,2000,64842.8237719056
PRT,Southern Europe,Europe,2005,2000,69634.6151396135
PRT,Southern Europe,Europe,2004,2000,67303.3356231009
PRT,Southern Europe,Europe,2003,2000,64455.8228310603
PRT,Southern Europe,Europe,2002,2000,69559.7062266709
PRT,Southern Europe,Europe,2001,2000,65152.4897296792
PRT,Southern Europe,Europe,2000,2000,65611.3765654333
PRT,Southern Europe,Europe,1999,1990,66837.4533253354
PRT,Southern Europe,Europe,1998,1990,59168.5955227472
PRT,Southern Europe,Europe,1997,1990,54627.0809790611
PRT,Southern Europe,Europe,1996,1990,51761.498270303
PRT,Southern Europe,Europe,1995,1990,54468.3734968149
PRT,Southern Europe,Europe,1994,1990,50206.7460207682
PRT,Southern Europe,Europe,1993,1990,49434.0301320801
PRT,Southern Europe,Europe,1992,1990,50920.1161526934
PRT,Southern Europe,Europe,1991,1990,47097.0857086573
PRT,Southern Europe,Europe,1990,1990,45278.8208529413
ROU,Eastern Europe,Europe,2021,2020,77190.5836765456
ROU,Eastern Europe,Europe,2020,2020,74026.533626853
ROU,Eastern Europe,Europe,2019,2010,76885.2218833453
ROU,Eastern Europe,Europe,2018,2010,80279.6832501324
ROU,Eastern Europe,Europe,2017,2010,79648.9092166186
ROU,Eastern Europe,Europe,2016,2010,76714.5399532321
ROU,Eastern Europe,Europe,2015,2010,78031.9138181912
ROU,Eastern Europe,Europe,2014,2010,79126.8813554927
ROU,Eastern Europe,Europe,2013,2010,79365.5757389875
ROU,Eastern Europe,Europe,2012,2010,91126.7076015055
ROU,Eastern Europe,Europe,2011,2010,92803.5175687579
ROU,Eastern Europe,Europe,2010,2010,86094.0879288043
ROU,Eastern Europe,Europe,2009,2000,88482.224655161
ROU,Eastern Europe,Europe,2008,2000,107894.495052014
ROU,Eastern Europe,Europe,2007,2000,109019.589565347
ROU,Eastern Europe,Europe,2006,2000,104296.046973596
ROU,Eastern Europe,Europe,2005,2000,101837.061777967
ROU,Eastern Europe,Europe,2004,2000,103276.91436974
ROU,Eastern Europe,Europe,2003,2000,103817.986073608
ROU,Eastern Europe,Europe,2002,2000,99297.7066793429
ROU,Eastern Europe,Europe,2001,2000,98987.9413128201
ROU,Eastern Europe,Europe,2000,2000,93334.0423629894
ROU,Eastern Europe,Europe,1999,1990,89010.0477402799
ROU,Eastern Europe,Europe,1998,1990,104860.487609022
ROU,Eastern Europe,Europe,1997,1990,118156.415957189
ROU,Eastern Europe,Europe,1996,1990,129147.247987948
ROU,Eastern Europe,Europe,1995,1990,125711.850326073
ROU,Eastern Europe,Europe,1994,1990,120904.658751522
ROU,Eastern Europe,Europe,1993,1990,122693.801422133
ROU,Eastern Europe,Europe,1992,1990,132011.248830075
ROU,Eastern Europe,Europe,1991,1990,142208.209838554
ROU,Eastern Europe,Europe,1990,1990,176506.904325929
RUS,Eastern Europe,Europe,2021,2020,1711993.31534317
RUS,Eastern Europe,Europe,2020,2020,1632929.31188306
RUS,Eastern Europe,Europe,2019,2010,1705030.91690149
RUS,Eastern Europe,Europe,2018,2010,1712494.42766364
RUS,Eastern Europe,Europe,2017,2010,1666121.20623912
RUS,Eastern Europe,Europe,2016,2010,1634884.97459021
RUS,Eastern Europe,Europe,2015,2010,1638675.26323569
RUS,Eastern Europe,Europe,2014,2010,1639959.07251783
RUS,Eastern Europe,Europe,2013,2010,1640437.42820684
RUS,Eastern Europe,Europe,2012,2010,1701268.29248332
RUS,Eastern Europe,Europe,2011,2010,1685909.60508385
RUS,Eastern Europe,Europe,2010,2010,1632783.15839321
RUS,Eastern Europe,Europe,2009,2000,1545034.39393101
RUS,Eastern Europe,Europe,2008,2000,1652064.51369763
RUS,Eastern Europe,Europe,2007,2000,1623781.28697192
RUS,Eastern Europe,Europe,2006,2000,1623001.93367619
RUS,Eastern Europe,Europe,2005,2000,1562576.89702364
RUS,Eastern Europe,Europe,2004,2000,1543957.08119459
RUS,Eastern Europe,Europe,2003,2000,1537018.30911372
RUS,Eastern Europe,Europe,2002,2000,1506787.94778203
RUS,Eastern Europe,Europe,2001,2000,1515647.1333769
RUS,Eastern Europe,Europe,2000,2000,1479142.48261665
RUS,Eastern Europe,Europe,1999,1990,1494178.83733577
RUS,Eastern Europe,Europe,1998,1990,1465253.45883514
RUS,Eastern Europe,Europe,1997,1990,1482244.51100049
RUS,Eastern Europe,Europe,1996,1990,1586822.08480727
RUS,Eastern Europe,Europe,1995,1990,1619727.11594398
RUS,Eastern Europe,Europe,1994,1990,1647664.60067941
RUS,Eastern Europe,Europe,1993,1990,1866729.11307301
RUS,Eastern Europe,Europe,1992,1990,1966504.81051126
RUS,Eastern Europe,Europe,1991,1990,2406755.7222703
RUS,Eastern Europe,Europe,1990,1990,2536247.74247122
SVK,Eastern Europe,Europe,2021,2020,35166.805152243
SVK,Eastern Europe,Europe,2020,2020,31096.6257862936
SVK,Eastern Europe,Europe,2019,2010,33778.5476971304
SVK,Eastern Europe,Europe,2018,2010,36105.528516041
SVK,Eastern Europe,Europe,2017,2010,36114.0922244274
SVK,Eastern Europe,Europe,2016,2010,34914.4130400668
SVK,Eastern Europe,Europe,2015,2010,34471.9363720756
SVK,Eastern Europe,Europe,2014,2010,33658.6387080337
SVK,Eastern Europe,Europe,2013,2010,35569.5073885966
SVK,Eastern Europe,Europe,2012,2010,35913.2567708701
SVK,Eastern Europe,Europe,2011,2010,37988.6156300581
SVK,Eastern Europe,Europe,2010,2010,38408.616261244
SVK,Eastern Europe,Europe,2009,2000,37625.6740237994
SVK,Eastern Europe,Europe,2008,2000,41364.3019259286
SVK,Eastern Europe,Europe,2007,2000,40971.5044245151
SVK,Eastern Europe,Europe,2006,2000,42563.8471216932
SVK,Eastern Europe,Europe,2005,2000,42798.5093574203
SVK,Eastern Europe,Europe,2004,2000,42792.3584434238
SVK,Eastern Europe,Europe,2003,2000,42302.7273353238
SVK,Eastern Europe,Europe,2002,2000,41978.1255920108
SVK,Eastern Europe,Europe,2001,2000,43224.196185653
SVK,Eastern Europe,Europe,2000,2000,41138.7820362251
SVK,Eastern Europe,Europe,1999,1990,43038.0917602008
SVK,Eastern Europe,Europe,1998,1990,43827.2520959625
SVK,Eastern Europe,Europe,1997,1990,44098.2130196149
SVK,Eastern Europe,Europe,1996,1990,44026.1298605776
SVK,Eastern Europe,Europe,1995,1990,44144.9489254261
SVK,Eastern Europe,Europe,1994,1990,43756.9793253075
SVK,Eastern Europe,Europe,1993,1990,46351.1689500733
SVK,Eastern Europe,Europe,1992,1990,48886.8395023573
SVK,Eastern Europe,Europe,1991,1990,53286.4407927431
SVK,Eastern Europe,Europe,1990,1990,61472.8346097133
SVN,Southern Europe,Europe,2021,2020,13059.9663444989
SVN,Southern Europe,Europe,2020,2020,12854.9073361801
SVN,Southern Europe,Europe,2019,2010,14039.4418386429
SVN,Southern Europe,Europe,2018,2010,14519.8543152047
SVN,Southern Europe,Europe,2017,2010,14616.6775787976
SVN,Southern Europe,Europe,2016,2010,14458.3635100674
SVN,Southern Europe,Europe,2015,2010,13645.4850327395
SVN,Southern Europe,Europe,2014,2010,13561.3062730703
SVN,Southern Europe,Europe,2013,2010,15128.261700186
SVN,Southern Europe,Europe,2012,2010,15759.566954805
SVN,Southern Europe,Europe,2011,2010,16358.7861296442
SVN,Southern Europe,Europe,2010,2010,16459.73141165
SVN,Southern Europe,Europe,2009,2000,16204.1075104306
SVN,Southern Europe,Europe,2008,2000,18278.4593084112
SVN,Southern Europe,Europe,2007,2000,17342.8610224463
SVN,Southern Europe,Europe,2006,2000,17178.3573169042
SVN,Southern Europe,Europe,2005,2000,16932.3873360274
SVN,Southern Europe,Europe,2004,2000,16704.5831614494
SVN,Southern Europe,Europe,2003,2000,16271.548806843
SVN,Southern Europe,Europe,2002,2000,16564.6933280951
SVN,Southern Europe,Europe,2001,2000,16302.7587601989
SVN,Southern Europe,Europe,2000,2000,15053.8481588365
SVN,Southern Europe,Europe,1999,1990,15412.4836630797
SVN,Southern Europe,Europe,1998,1990,16039.042346302
SVN,Southern Europe,Europe,1997,1990,16507.0222862308
SVN,Southern Europe,Europe,1996,1990,15999.4123255435
SVN,Southern Europe,Europe,1995,1990,15354.2452444046
SVN,Southern Europe,Europe,1994,1990,14636.1046862027
SVN,Southern Europe,Europe,1993,1990,14246.2241882409
SVN,Southern Europe,Europe,1992,1990,13882.5823978109
SVN,Southern Europe,Europe,1991,1990,13973.3736124319
SVN,Southern Europe,Europe,1990,1990,15094.5457947604
ESP,Southern Europe,Europe,2021,2020,230269.459356823
ESP,Southern Europe,Europe,2020,2020,213625.431985474
ESP,Southern Europe,Europe,2019,2010,250660.790115447
ESP,Southern Europe,Europe,2018,2010,268600.525275099
ESP,Southern Europe,Europe,2017,2010,273592.190781422
ESP,Southern Europe,Europe,2016,2010,259629.381252714
ESP,Southern Europe,Europe,2015,2010,270767.456111149
ESP,Southern Europe,Europe,2014,2010,254179.717396492
ESP,Southern Europe,Europe,2013,2010,251940.317560619
ESP,Southern Europe,Europe,2012,2010,278060.409644906
ESP,Southern Europe,Europe,2011,2010,283799.320838926
ESP,Southern Europe,Europe,2010,2010,282937.099377701
ESP,Southern Europe,Europe,2009,2000,296500.275907627
ESP,Southern Europe,Europe,2008,2000,335887.270972956
ESP,Southern Europe,Europe,2007,2000,367399.091269474
ESP,Southern Europe,Europe,2006,2000,359653.424499912
ESP,Southern Europe,Europe,2005,2000,368338.139308114
ESP,Southern Europe,Europe,2004,2000,353010.950219382
ESP,Southern Europe,Europe,2003,2000,336332.171366684
ESP,Southern Europe,Europe,2002,2000,331949.764286745
ESP,Southern Europe,Europe,2001,2000,311808.516112188
ESP,Southern Europe,Europe,2000,2000,310071.242220982
ESP,Southern Europe,Europe,1999,1990,298074.657691224
ESP,Southern Europe,Europe,1998,1990,274604.895099545
ESP,Southern Europe,Europe,1997,1990,265832.150846189
ESP,Southern Europe,Europe,1996,1990,253497.865075108
ESP,Southern Europe,Europe,1995,1990,266034.890560295
ESP,Southern Europe,Europe,1994,1990,252300.018810294
ESP,Southern Europe,Europe,1993,1990,240046.063131534
ESP,Southern Europe,Europe,1992,1990,248631.804825248
ESP,Southern Europe,Europe,1991,1990,240230.72671899
ESP,Southern Europe,Europe,1990,1990,230500.246690394
SWE,Northern Europe,Europe,2021,2020,38524.7863528056
SWE,Northern Europe,Europe,2020,2020,36686.4862798547
SWE,Northern Europe,Europe,2019,2010,41006.0399821559
SWE,Northern Europe,Europe,2018,2010,42036.5839617124
SWE,Northern Europe,Europe,2017,2010,42456.5882508714
SWE,Northern Europe,Europe,2016,2010,43414.1117159041
SWE,Northern Europe,Europe,2015,2010,43418.7436702343
SWE,Northern Europe,Europe,2014,2010,43473.3652320177
SWE,Northern Europe,Europe,2013,2010,45202.0841484287
SWE,Northern Europe,Europe,2012,2010,46712.0797573872
SWE,Northern Europe,Europe,2011,2010,49210.9769219359
SWE,Northern Europe,Europe,2010,2010,53120.3736237067
SWE,Northern Europe,Europe,2009,2000,47238.9070354347
SWE,Northern Europe,Europe,2008,2000,50866.8807189694
SWE,Northern Europe,Europe,2007,2000,52994.1418316188
SWE,Northern Europe,Europe,2006,2000,53738.0766298614
SWE,Northern Europe,Europe,2005,2000,53875.3345147471
SWE,Northern Europe,Europe,2004,2000,56516.9210757363
SWE,Northern Europe,Europe,2003,2000,57292.2106996216
SWE,Northern Europe,Europe,2002,2000,56685.4108207336
SWE,Northern Europe,Europe,2001,2000,55837.5794908189
SWE,Northern Europe,Europe,2000,2000,54930.0661496577
SWE,Northern Europe,Europe,1999,1990,55981.609578095
SWE,Northern Europe,Europe,1998,1990,58801.8346327937
SWE,Northern Europe,Europe,1997,1990,58383.135056894
SWE,Northern Europe,Europe,1996,1990,63381.0581626664
SWE,Northern Europe,Europe,1995,1990,59506.1704189594
SWE,Northern Europe,Europe,1994,1990,60014.5460137066
SWE,Northern Europe,Europe,1993,1990,57560.8642914558
SWE,Northern Europe,Europe,1992,1990,57567.2430185878
SWE,Northern Europe,Europe,1991,1990,57739.6347130259
SWE,Northern Europe,Europe,1990,1990,57509.8985541691
CHE,Western Europe,Europe,2021,2020,35787.3402597987
CHE,Western Europe,Europe,2020,2020,34235.2250142569
CHE,Western Europe,Europe,2019,2010,36726.9186596108
CHE,Western Europe,Europe,2018,2010,36867.2501006122
CHE,Western Europe,Europe,2017,2010,38172.0932793285
CHE,Western Europe,Europe,2016,2010,39178.6386413739
CHE,Western Europe,Europe,2015,2010,38725.5925879034
CHE,Western Europe,Europe,2014,2010,39228.5903696995
CHE,Western Europe,Europe,2013,2010,43182.4806524981
CHE,Western Europe,Europe,2012,2010,42248.6522615956
CHE,Western Europe,Europe,2011,2010,40981.0701613775
CHE,Western Europe,Europe,2010,2010,45043.3327651704
CHE,Western Europe,Europe,2009,2000,43529.710261672
CHE,Western Europe,Europe,2008,2000,44705.7799299804
CHE,Western Europe,Europe,2007,2000,43362.8956706922
CHE,Western Europe,Europe,2006,2000,45367.7015343795
CHE,Western Europe,Europe,2005,2000,45778.2903165446
CHE,Western Europe,Europe,2004,2000,45231.4087797295
CHE,Western Europe,Europe,2003,2000,44646.0838046827
CHE,Western Europe,Europe,2002,2000,43460.9322620266
CHE,Western Europe,Europe,2001,2000,45080.9227855882
CHE,Western Europe,Europe,2000,2000,43614.1873189147
CHE,Western Europe,Europe,1999,1990,44436.9743016602
CHE,Western Europe,Europe,1998,1990,44613.7025445948
CHE,Western Europe,Europe,1997,1990,43035.1502021925
CHE,Western Europe,Europe,1996,1990,44099.0816938852
CHE,Western Europe,Europe,1995,1990,43407.7924550128
CHE,Western Europe,Europe,1994,1990,42666.3005211944
CHE,Western Europe,Europe,1993,1990,43605.8197997418
CHE,Western Europe,Europe,1992,1990,46018.556386258
CHE,Western Europe,Europe,1991,1990,46136.913693697
CHE,Western Europe,Europe,1990,1990,44161.000634934
TUR,Western Asia,Asia,2021,2020,452702.789837583
TUR,Western Asia,Asia,2020,2020,412926.87208291
TUR,Western Asia,Asia,2019,2010,402692.253520087
TUR,Western Asia,Asia,2018,2010,422058.619986638
TUR,Western Asia,Asia,2017,2010,430900.876640347
TUR,Western Asia,Asia,2016,2010,405950.210449664
TUR,Western Asia,Asia,2015,2010,384929.660292175
TUR,Western Asia,Asia,2014,2010,364028.27768672
TUR,Western Asia,Asia,2013,2010,347331.771444166
TUR,Western Asia,Asia,2012,2010,356107.201195157
TUR,Western Asia,Asia,2011,2010,342057.326044955
TUR,Western Asia,Asia,2010,2010,316193.043483746
TUR,Western Asia,Asia,2009,2000,316412.299414928
TUR,Western Asia,Asia,2008,2000,310622.132253834
TUR,Western Asia,Asia,2007,2000,313693.362936851
TUR,Western Asia,Asia,2006,2000,282368.322693864
TUR,Western Asia,Asia,2005,2000,264870.636313824
TUR,Western Asia,Asia,2004,2000,244768.58107138
TUR,Western Asia,Asia,2003,2000,236765.649069397
TUR,Western Asia,Asia,2002,2000,221225.642354847
TUR,Western Asia,Asia,2001,2000,213581.228972803
TUR,Western Asia,Asia,2000,2000,229936.65970433
TUR,Western Asia,Asia,1999,1990,207927.911600535
TUR,Western Asia,Asia,1998,1990,212135.043126365
TUR,Western Asia,Asia,1997,1990,212108.198004828
TUR,Western Asia,Asia,1996,1990,199646.693063082
TUR,Western Asia,Asia,1995,1990,181355.256905287
TUR,Western Asia,Asia,1994,1990,167565.646751377
TUR,Western Asia,Asia,1993,1990,171138.874534575
TUR,Western Asia,Asia,1992,1990,164064.875882643
TUR,Western Asia,Asia,1991,1990,158126.31529011
TUR,Western Asia,Asia,1990,1990,151614.980905814
UKR,Eastern Europe,Europe,2021,2020,210153.297816745
UKR,Eastern Europe,Europe,2020,2020,206823.849283158
UKR,Eastern Europe,Europe,2019,2010,221943.163350444
UKR,Eastern Europe,Europe,2018,2010,231663.821312438
UKR,Eastern Europe,Europe,2017,2010,223080.811841786
UKR,Eastern Europe,Europe,2016,2010,233961.036444563
UKR,Eastern Europe,Europe,2015,2010,223787.571186657
UKR,Eastern Europe,Europe,2014,2010,257639.014851784
UKR,Eastern Europe,Europe,2013,2010,297479.012896623
UKR,Eastern Europe,Europe,2012,2010,304424.111581539
UKR,Eastern Europe,Europe,2011,2010,308376.393929976
UKR,Eastern Europe,Europe,2010,2010,294365.78742611
UKR,Eastern Europe,Europe,2009,2000,277593.358900572
UKR,Eastern Europe,Europe,2008,2000,325983.401398179
UKR,Eastern Europe,Europe,2007,2000,336819.557793406
UKR,Eastern Europe,Europe,2006,2000,333061.640297776
UKR,Eastern Europe,Europe,2005,2000,313530.556468811
UKR,Eastern Europe,Europe,2004,2000,310625.75107552
UKR,Eastern Europe,Europe,2003,2000,307245.354320225
UKR,Eastern Europe,Europe,2002,2000,295900.922731385
UKR,Eastern Europe,Europe,2001,2000,303891.28689964
UKR,Eastern Europe,Europe,2000,2000,285674.209430741
UKR,Eastern Europe,Europe,1999,1990,298578.894557441
UKR,Eastern Europe,Europe,1998,1990,328807.599729515
UKR,Eastern Europe,Europe,1997,1990,340514.371198324
UKR,Eastern Europe,Europe,1996,1990,351769.684827976
UKR,Eastern Europe,Europe,1995,1990,390072.114212143
UKR,Eastern Europe,Europe,1994,1990,419492.103693142
UKR,Eastern Europe,Europe,1993,1990,510320.379047678
UKR,Eastern Europe,Europe,1992,1990,589282.824374167
UKR,Eastern Europe,Europe,1991,1990,632924.117931075
UKR,Eastern Europe,Europe,1990,1990,706226.888067783
GBR,Northern Europe,Europe,2021,2020,348409.722355914
GBR,Northern Europe,Europe,2020,2020,327164.209878094
GBR,Northern Europe,Europe,2019,2010,366942.115352353
GBR,Northern Europe,Europe,2018,2010,380582.43699585
GBR,Northern Europe,Europe,2017,2010,388415.420157715
GBR,Northern Europe,Europe,2016,2010,400645.322536112
GBR,Northern Europe,Europe,2015,2010,423772.572592366
GBR,Northern Europe,Europe,2014,2010,440062.648354939
GBR,Northern Europe,Europe,2013,2010,479088.606963135
GBR,Northern Europe,Europe,2012,2010,489083.109737371
GBR,Northern Europe,Europe,2011,2010,471410.359169437
GBR,Northern Europe,Europe,2010,2010,513843.487355455
GBR,Northern Europe,Europe,2009,2000,495958.069866378
GBR,Northern Europe,Europe,2008,2000,546903.004571857
GBR,Northern Europe,Europe,2007,2000,561461.572839108
GBR,Northern Europe,Europe,2006,2000,569662.236419594
GBR,Northern Europe,Europe,2005,2000,572057.990740059
GBR,Northern Europe,Europe,2004,2000,575203.662864616
GBR,Northern Europe,Europe,2003,2000,573045.453392828
GBR,Northern Europe,Europe,2002,2000,562251.682591321
GBR,Northern Europe,Europe,2001,2000,579678.142134175
GBR,Northern Europe,Europe,2000,2000,570546.475486487
GBR,Northern Europe,Europe,1999,1990,562664.604487132
GBR,Northern Europe,Europe,1998,1990,570182.520385466
GBR,Northern Europe,Europe,1997,1990,564846.400844761
GBR,Northern Europe,Europe,1996,1990,588352.233290508
GBR,Northern Europe,Europe,1995,1990,567718.832279315
GBR,Northern Europe,Europe,1994,1990,575574.302712305
GBR,Northern Europe,Europe,1993,1990,581571.284778773
GBR,Northern Europe,Europe,1992,1990,595547.681984006
GBR,Northern Europe,Europe,1991,1990,611180.125323394
GBR,Northern Europe,Europe,1990,1990,603666.158680242
USA,Northern America,Americas,2021,2020,5032212.81923104
USA,Northern America,Americas,2020,2020,4714628.03189533
USA,Northern America,Americas,2019,2010,5262145.07431644
USA,Northern America,Americas,2018,2010,5377797.35312584
USA,Northern America,Americas,2017,2010,5212162.34548129
USA,Northern America,Americas,2016,2010,5252932.17508657
USA,Northern America,Americas,2015,2010,5376473.12467895
USA,Northern America,Americas,2014,2010,5528681.06717629
USA,Northern America,Americas,2013,2010,5480156.53670671
USA,Northern America,Americas,2012,2010,5344085.97972778
USA,Northern America,Americas,2011,2010,5546116.06732055
USA,Northern America,Americas,2010,2010,5679715.2485841
USA,Northern America,Americas,2009,2000,5480725.73147438
USA,Northern America,Americas,2008,2000,5915118.46517083
USA,Northern America,Americas,2007,2000,6130122.75952067
USA,Northern America,Americas,2006,2000,6052686.21490838
USA,Northern America,Americas,2005,2000,6132183.27021911
USA,Northern America,Americas,2004,2000,6112654.58418795
USA,Northern America,Americas,2003,2000,6010145.46285017
USA,Northern America,Americas,2002,2000,5946308.14455187
USA,Northern America,Americas,2001,2000,5907739.93538369
USA,Northern America,Americas,2000,2000,6010135.92792397
USA,Northern America,Americas,1999,1990,5803917.83403611
USA,Northern America,Americas,1998,1990,5733280.55049857
USA,Northern America,Americas,1997,1990,5688142.51102466
USA,Northern America,Americas,1996,1990,5612982.75163339
USA,Northern America,Americas,1995,1990,5425259.69588285
USA,Northern America,Americas,1994,1990,5364279.28527975
USA,Northern America,Americas,1993,1990,5272850.80825057
USA,Northern America,Americas,1992,1990,5174227.50657907
USA,Northern America,Americas,1991,1990,5062956.71779038
USA,Northern America,Americas,1990,1990,5120957.20703609
