Country,Sub-region Name,Region Name,Subgroup,Year,Decade,Source,Unit,Value
AFG,Southern Asia,Asia,Total,2013,2010,UNAIDS-WHO_Data_,Percent,4
AFG,Southern Asia,Asia,Total,2012,2010,UNAIDS-WHO_Data_,Percent,3
AFG,Southern Asia,Asia,Total,2011,2010,UNAIDS-WHO_Data_,Percent,2
AFG,Southern Asia,Asia,Total,2010,2010,UNAIDS-WHO_Data_,Percent,1
AFG,Southern Asia,Asia,Total,2009,2000,UNAIDS-WHO_Data_,Percent,3
DZA,Northern Africa,Africa,Total,2013,2010,UNAIDS-WHO_Data_,Percent,77
AGO,Sub-Saharan Africa,Africa,Total,2012,2010,UNAIDS-WHO_Data_,Percent,16
AGO,Sub-Saharan Africa,Africa,Total,2011,2010,UNAIDS-WHO_Data_,Percent,12
AGO,Sub-Saharan Africa,Africa,Total,2010,2010,UNAIDS-WHO_Data_,Percent,11
AGO,Sub-Saharan Africa,Africa,Total,2009,2000,UNAIDS-WHO_Data_,Percent,1
AGO,Sub-Saharan Africa,Africa,Total,2007,2000,UNAIDS-WHO_Data_,Percent,1
ARG,Latin America and the Caribbean,Americas,Total,2008,2000,UNAIDS-WHO_Data_,Percent,90
ARM,Western Asia,Asia,Total,2013,2010,UNAIDS-WHO_Data_,Percent,73
ARM,Western Asia,Asia,Total,2012,2010,UNAIDS-WHO_Data_,Percent,87
ARM,Western Asia,Asia,Total,2011,2010,UNAIDS-WHO_Data_,Percent,66
ARM,Western Asia,Asia,Total,2010,2010,UNAIDS-WHO_Data_,Percent,13
ARM,Western Asia,Asia,Total,2009,2000,UNAIDS-WHO_Data_,Percent,12
ARM,Western Asia,Asia,Total,2008,2000,UNAIDS-WHO_Data_,Percent,2
ARM,Western Asia,Asia,Total,2007,2000,UNAIDS-WHO_Data_,Percent,9
ARM,Western Asia,Asia,Total,2006,2000,UNAIDS-WHO_Data_,Percent,28
ARM,Western Asia,Asia,Total,2005,2000,UNAIDS-WHO_Data_,Percent,6
AUS,Australia and New Zealand,Oceania,Total,2008,2000,UNAIDS-WHO_Data_,Percent,24
AUS,Australia and New Zealand,Oceania,Total,2007,2000,UNAIDS-WHO_Data_,Percent,26
AUS,Australia and New Zealand,Oceania,Total,2006,2000,UNAIDS-WHO_Data_,Percent,3
AUS,Australia and New Zealand,Oceania,Total,2003,2000,UNAIDS-WHO_Data_,Percent,46
AUT,Western Europe,Europe,Total,2006,2000,UNAIDS-WHO_Data_,Percent,95
AZE,Western Asia,Asia,Total,2013,2010,UNAIDS-WHO_Data_,Percent,60
AZE,Western Asia,Asia,Total,2012,2010,UNAIDS-WHO_Data_,Percent,48
AZE,Western Asia,Asia,Total,2011,2010,UNAIDS-WHO_Data_,Percent,16
BHS,Latin America and the Caribbean,Americas,Total,2013,2010,UNAIDS-WHO_Data_,Percent,42
BHS,Latin America and the Caribbean,Americas,Total,2012,2010,UNAIDS-WHO_Data_,Percent,38
BHS,Latin America and the Caribbean,Americas,Total,2011,2010,UNAIDS-WHO_Data_,Percent,53
BHS,Latin America and the Caribbean,Americas,Total,2010,2010,UNAIDS-WHO_Data_,Percent,71
BHS,Latin America and the Caribbean,Americas,Total,2009,2000,UNAIDS-WHO_Data_,Percent,45
BHS,Latin America and the Caribbean,Americas,Total,2008,2000,UNAIDS-WHO_Data_,Percent,42
BHS,Latin America and the Caribbean,Americas,Total,2007,2000,UNAIDS-WHO_Data_,Percent,13
BHS,Latin America and the Caribbean,Americas,Total,2003,2000,UNAIDS-WHO_Data_,Percent,39
BGD,Southern Asia,Asia,Total,2013,2010,UNAIDS-WHO_Data_,Percent,17
BGD,Southern Asia,Asia,Total,2012,2010,UNAIDS-WHO_Data_,Percent,17
BGD,Southern Asia,Asia,Total,2011,2010,UNAIDS-WHO_Data_,Percent,15
BGD,Southern Asia,Asia,Total,2010,2010,UNAIDS-WHO_Data_,Percent,1
BGD,Southern Asia,Asia,Total,2009,2000,UNAIDS-WHO_Data_,Percent,0
BGD,Southern Asia,Asia,Total,2008,2000,UNAIDS-WHO_Data_,Percent,8
BRB,Latin America and the Caribbean,Americas,Total,2013,2010,UNAIDS-WHO_Data_,Percent,95
BRB,Latin America and the Caribbean,Americas,Total,2012,2010,UNAIDS-WHO_Data_,Percent,95
BRB,Latin America and the Caribbean,Americas,Total,2010,2010,UNAIDS-WHO_Data_,Percent,95
BRB,Latin America and the Caribbean,Americas,Total,2008,2000,UNAIDS-WHO_Data_,Percent,87
BRB,Latin America and the Caribbean,Americas,Total,2007,2000,UNAIDS-WHO_Data_,Percent,91
BRB,Latin America and the Caribbean,Americas,Total,2006,2000,UNAIDS-WHO_Data_,Percent,95
BLR,Eastern Europe,Europe,Total,2013,2010,UNAIDS-WHO_Data_,Percent,59
BLR,Eastern Europe,Europe,Total,2012,2010,UNAIDS-WHO_Data_,Percent,51
BLR,Eastern Europe,Europe,Total,2011,2010,UNAIDS-WHO_Data_,Percent,23
BLZ,Latin America and the Caribbean,Americas,Total,2013,2010,UNAIDS-WHO_Data_,Percent,86
BLZ,Latin America and the Caribbean,Americas,Total,2012,2010,UNAIDS-WHO_Data_,Percent,66
BLZ,Latin America and the Caribbean,Americas,Total,2011,2010,UNAIDS-WHO_Data_,Percent,83
BLZ,Latin America and the Caribbean,Americas,Total,2010,2010,UNAIDS-WHO_Data_,Percent,95
BLZ,Latin America and the Caribbean,Americas,Total,2009,2000,UNAIDS-WHO_Data_,Percent,57
BLZ,Latin America and the Caribbean,Americas,Total,2008,2000,UNAIDS-WHO_Data_,Percent,67
BLZ,Latin America and the Caribbean,Americas,Total,2007,2000,UNAIDS-WHO_Data_,Percent,38
BLZ,Latin America and the Caribbean,Americas,Total,2006,2000,UNAIDS-WHO_Data_,Percent,20
BLZ,Latin America and the Caribbean,Americas,Total,2005,2000,UNAIDS-WHO_Data_,Percent,71
BLZ,Latin America and the Caribbean,Americas,Total,2004,2000,UNAIDS-WHO_Data_,Percent,17
BLZ,Latin America and the Caribbean,Americas,Total,2003,2000,UNAIDS-WHO_Data_,Percent,13
BEN,Sub-Saharan Africa,Africa,Total,2013,2010,UNAIDS-WHO_Data_,Percent,50
BEN,Sub-Saharan Africa,Africa,Total,2012,2010,UNAIDS-WHO_Data_,Percent,50
BEN,Sub-Saharan Africa,Africa,Total,2011,2010,UNAIDS-WHO_Data_,Percent,49
BEN,Sub-Saharan Africa,Africa,Total,2010,2010,UNAIDS-WHO_Data_,Percent,31
BEN,Sub-Saharan Africa,Africa,Total,2009,2000,UNAIDS-WHO_Data_,Percent,28
BEN,Sub-Saharan Africa,Africa,Total,2008,2000,UNAIDS-WHO_Data_,Percent,26
BEN,Sub-Saharan Africa,Africa,Total,2007,2000,UNAIDS-WHO_Data_,Percent,22
BEN,Sub-Saharan Africa,Africa,Total,2006,2000,UNAIDS-WHO_Data_,Percent,22
BTN,Southern Asia,Asia,Total,2013,2010,UNAIDS-WHO_Data_,Percent,91
BTN,Southern Asia,Asia,Total,2009,2000,UNAIDS-WHO_Data_,Percent,95
BTN,Southern Asia,Asia,Total,2008,2000,UNAIDS-WHO_Data_,Percent,95
BTN,Southern Asia,Asia,Total,2006,2000,UNAIDS-WHO_Data_,Percent,95
BOL,Latin America and the Caribbean,Americas,Total,2013,2010,UNAIDS-WHO_Data_,Percent,36
BOL,Latin America and the Caribbean,Americas,Total,2012,2010,UNAIDS-WHO_Data_,Percent,40
BOL,Latin America and the Caribbean,Americas,Total,2011,2010,UNAIDS-WHO_Data_,Percent,26
BOL,Latin America and the Caribbean,Americas,Total,2010,2010,UNAIDS-WHO_Data_,Percent,23
BOL,Latin America and the Caribbean,Americas,Total,2009,2000,UNAIDS-WHO_Data_,Percent,5
BOL,Latin America and the Caribbean,Americas,Total,2008,2000,UNAIDS-WHO_Data_,Percent,1
BOL,Latin America and the Caribbean,Americas,Total,2007,2000,UNAIDS-WHO_Data_,Percent,0
BWA,Sub-Saharan Africa,Africa,Total,2013,2010,UNAIDS-WHO_Data_,Percent,55
BWA,Sub-Saharan Africa,Africa,Total,2012,2010,UNAIDS-WHO_Data_,Percent,52
BWA,Sub-Saharan Africa,Africa,Total,2011,2010,UNAIDS-WHO_Data_,Percent,36
BWA,Sub-Saharan Africa,Africa,Total,2010,2010,UNAIDS-WHO_Data_,Percent,26
BWA,Sub-Saharan Africa,Africa,Total,2009,2000,UNAIDS-WHO_Data_,Percent,23
BWA,Sub-Saharan Africa,Africa,Total,2008,2000,UNAIDS-WHO_Data_,Percent,17
BWA,Sub-Saharan Africa,Africa,Total,2007,2000,UNAIDS-WHO_Data_,Percent,13
BRA,Latin America and the Caribbean,Americas,Total,2012,2010,UNAIDS-WHO_Data_,Percent,65
BRA,Latin America and the Caribbean,Americas,Total,2011,2010,UNAIDS-WHO_Data_,Percent,65
BRA,Latin America and the Caribbean,Americas,Total,2010,2010,UNAIDS-WHO_Data_,Percent,57
BRA,Latin America and the Caribbean,Americas,Total,2009,2000,UNAIDS-WHO_Data_,Percent,49
BRA,Latin America and the Caribbean,Americas,Total,2008,2000,UNAIDS-WHO_Data_,Percent,47
BRA,Latin America and the Caribbean,Americas,Total,2007,2000,UNAIDS-WHO_Data_,Percent,48
BRA,Latin America and the Caribbean,Americas,Total,2006,2000,UNAIDS-WHO_Data_,Percent,49
BRA,Latin America and the Caribbean,Americas,Total,2005,2000,UNAIDS-WHO_Data_,Percent,44
BRA,Latin America and the Caribbean,Americas,Total,2004,2000,UNAIDS-WHO_Data_,Percent,30
BRA,Latin America and the Caribbean,Americas,Total,2003,2000,UNAIDS-WHO_Data_,Percent,52
BGR,Eastern Europe,Europe,Total,2013,2010,UNAIDS-WHO_Data_,Percent,95
BGR,Eastern Europe,Europe,Total,2012,2010,UNAIDS-WHO_Data_,Percent,53
BGR,Eastern Europe,Europe,Total,2011,2010,UNAIDS-WHO_Data_,Percent,95
BGR,Eastern Europe,Europe,Total,2010,2010,UNAIDS-WHO_Data_,Percent,47
BGR,Eastern Europe,Europe,Total,2003,2000,UNAIDS-WHO_Data_,Percent,95
BFA,Sub-Saharan Africa,Africa,Total,2013,2010,UNAIDS-WHO_Data_,Percent,60
BFA,Sub-Saharan Africa,Africa,Total,2012,2010,UNAIDS-WHO_Data_,Percent,44
BFA,Sub-Saharan Africa,Africa,Total,2011,2010,UNAIDS-WHO_Data_,Percent,48
BFA,Sub-Saharan Africa,Africa,Total,2010,2010,UNAIDS-WHO_Data_,Percent,42
BFA,Sub-Saharan Africa,Africa,Total,2009,2000,UNAIDS-WHO_Data_,Percent,37
BFA,Sub-Saharan Africa,Africa,Total,2008,2000,UNAIDS-WHO_Data_,Percent,35
BFA,Sub-Saharan Africa,Africa,Total,2007,2000,UNAIDS-WHO_Data_,Percent,26
BFA,Sub-Saharan Africa,Africa,Total,2006,2000,UNAIDS-WHO_Data_,Percent,21
BFA,Sub-Saharan Africa,Africa,Total,2005,2000,UNAIDS-WHO_Data_,Percent,12
BDI,Sub-Saharan Africa,Africa,Total,2013,2010,UNAIDS-WHO_Data_,Percent,33
BDI,Sub-Saharan Africa,Africa,Total,2012,2010,UNAIDS-WHO_Data_,Percent,29
BDI,Sub-Saharan Africa,Africa,Total,2011,2010,UNAIDS-WHO_Data_,Percent,23
BDI,Sub-Saharan Africa,Africa,Total,2010,2010,UNAIDS-WHO_Data_,Percent,21
BDI,Sub-Saharan Africa,Africa,Total,2009,2000,UNAIDS-WHO_Data_,Percent,17
BDI,Sub-Saharan Africa,Africa,Total,2008,2000,UNAIDS-WHO_Data_,Percent,1
KHM,South-eastern Asia,Asia,Total,2013,2010,UNAIDS-WHO_Data_,Percent,48
KHM,South-eastern Asia,Asia,Total,2012,2010,UNAIDS-WHO_Data_,Percent,51
KHM,South-eastern Asia,Asia,Total,2011,2010,UNAIDS-WHO_Data_,Percent,47
KHM,South-eastern Asia,Asia,Total,2010,2010,UNAIDS-WHO_Data_,Percent,31
KHM,South-eastern Asia,Asia,Total,2009,2000,UNAIDS-WHO_Data_,Percent,16
KHM,South-eastern Asia,Asia,Total,2008,2000,UNAIDS-WHO_Data_,Percent,20
KHM,South-eastern Asia,Asia,Total,2007,2000,UNAIDS-WHO_Data_,Percent,15
KHM,South-eastern Asia,Asia,Total,2006,2000,UNAIDS-WHO_Data_,Percent,8
CMR,Sub-Saharan Africa,Africa,Total,2013,2010,UNAIDS-WHO_Data_,Percent,28
CMR,Sub-Saharan Africa,Africa,Total,2012,2010,UNAIDS-WHO_Data_,Percent,26
CMR,Sub-Saharan Africa,Africa,Total,2011,2010,UNAIDS-WHO_Data_,Percent,24
CMR,Sub-Saharan Africa,Africa,Total,2010,2010,UNAIDS-WHO_Data_,Percent,21
CMR,Sub-Saharan Africa,Africa,Total,2009,2000,UNAIDS-WHO_Data_,Percent,18
CMR,Sub-Saharan Africa,Africa,Total,2008,2000,UNAIDS-WHO_Data_,Percent,12
CMR,Sub-Saharan Africa,Africa,Total,2007,2000,UNAIDS-WHO_Data_,Percent,9
CMR,Sub-Saharan Africa,Africa,Total,2006,2000,UNAIDS-WHO_Data_,Percent,1
CPV,Sub-Saharan Africa,Africa,Total,2013,2010,UNAIDS-WHO_Data_,Percent,50
CPV,Sub-Saharan Africa,Africa,Total,2012,2010,UNAIDS-WHO_Data_,Percent,90
CPV,Sub-Saharan Africa,Africa,Total,2007,2000,UNAIDS-WHO_Data_,Percent,40
CPV,Sub-Saharan Africa,Africa,Total,2005,2000,UNAIDS-WHO_Data_,Percent,31
CAF,Sub-Saharan Africa,Africa,Total,2013,2010,UNAIDS-WHO_Data_,Percent,14
CAF,Sub-Saharan Africa,Africa,Total,2012,2010,UNAIDS-WHO_Data_,Percent,13
CAF,Sub-Saharan Africa,Africa,Total,2011,2010,UNAIDS-WHO_Data_,Percent,1
CAF,Sub-Saharan Africa,Africa,Total,2010,2010,UNAIDS-WHO_Data_,Percent,6
CAF,Sub-Saharan Africa,Africa,Total,2009,2000,UNAIDS-WHO_Data_,Percent,5
TCD,Sub-Saharan Africa,Africa,Total,2013,2010,UNAIDS-WHO_Data_,Percent,23
TCD,Sub-Saharan Africa,Africa,Total,2012,2010,UNAIDS-WHO_Data_,Percent,9
TCD,Sub-Saharan Africa,Africa,Total,2011,2010,UNAIDS-WHO_Data_,Percent,9
TCD,Sub-Saharan Africa,Africa,Total,2010,2010,UNAIDS-WHO_Data_,Percent,7
TCD,Sub-Saharan Africa,Africa,Total,2009,2000,UNAIDS-WHO_Data_,Percent,7
CHN,Eastern Asia,Asia,Total,2013,2010,UNAIDS-WHO_Data_,Percent,69
CHN,Eastern Asia,Asia,Total,2012,2010,UNAIDS-WHO_Data_,Percent,75
CHN,Eastern Asia,Asia,Total,2011,2010,UNAIDS-WHO_Data_,Percent,35
CHN,Eastern Asia,Asia,Total,2010,2010,UNAIDS-WHO_Data_,Percent,42
CHN,Eastern Asia,Asia,Total,2009,2000,UNAIDS-WHO_Data_,Percent,23
CHN,Eastern Asia,Asia,Total,2008,2000,UNAIDS-WHO_Data_,Percent,12
CHN,Eastern Asia,Asia,Total,2007,2000,UNAIDS-WHO_Data_,Percent,11
CHN,Eastern Asia,Asia,Total,2006,2000,UNAIDS-WHO_Data_,Percent,1
COL,Latin America and the Caribbean,Americas,Total,2013,2010,UNAIDS-WHO_Data_,Percent,33
COL,Latin America and the Caribbean,Americas,Total,2012,2010,UNAIDS-WHO_Data_,Percent,44
COL,Latin America and the Caribbean,Americas,Total,2011,2010,UNAIDS-WHO_Data_,Percent,31
COL,Latin America and the Caribbean,Americas,Total,2010,2010,UNAIDS-WHO_Data_,Percent,27
COL,Latin America and the Caribbean,Americas,Total,2009,2000,UNAIDS-WHO_Data_,Percent,14
COL,Latin America and the Caribbean,Americas,Total,2007,2000,UNAIDS-WHO_Data_,Percent,25
COL,Latin America and the Caribbean,Americas,Total,2006,2000,UNAIDS-WHO_Data_,Percent,21
COG,Sub-Saharan Africa,Africa,Total,2013,2010,UNAIDS-WHO_Data_,Percent,25
COG,Sub-Saharan Africa,Africa,Total,2012,2010,UNAIDS-WHO_Data_,Percent,3
COG,Sub-Saharan Africa,Africa,Total,2011,2010,UNAIDS-WHO_Data_,Percent,3
COG,Sub-Saharan Africa,Africa,Total,2010,2010,UNAIDS-WHO_Data_,Percent,0
COG,Sub-Saharan Africa,Africa,Total,2009,2000,UNAIDS-WHO_Data_,Percent,0
COG,Sub-Saharan Africa,Africa,Total,2008,2000,UNAIDS-WHO_Data_,Percent,1
COG,Sub-Saharan Africa,Africa,Total,2007,2000,UNAIDS-WHO_Data_,Percent,3
CRI,Latin America and the Caribbean,Americas,Total,2013,2010,UNAIDS-WHO_Data_,Percent,72
CRI,Latin America and the Caribbean,Americas,Total,2012,2010,UNAIDS-WHO_Data_,Percent,89
CRI,Latin America and the Caribbean,Americas,Total,2005,2000,UNAIDS-WHO_Data_,Percent,56
CRI,Latin America and the Caribbean,Americas,Total,2003,2000,UNAIDS-WHO_Data_,Percent,23
CIV,Sub-Saharan Africa,Africa,Total,2013,2010,UNAIDS-WHO_Data_,Percent,38
CIV,Sub-Saharan Africa,Africa,Total,2012,2010,UNAIDS-WHO_Data_,Percent,35
CIV,Sub-Saharan Africa,Africa,Total,2011,2010,UNAIDS-WHO_Data_,Percent,18
CIV,Sub-Saharan Africa,Africa,Total,2010,2010,UNAIDS-WHO_Data_,Percent,11
CIV,Sub-Saharan Africa,Africa,Total,2009,2000,UNAIDS-WHO_Data_,Percent,15
CIV,Sub-Saharan Africa,Africa,Total,2008,2000,UNAIDS-WHO_Data_,Percent,10
CIV,Sub-Saharan Africa,Africa,Total,2007,2000,UNAIDS-WHO_Data_,Percent,9
CIV,Sub-Saharan Africa,Africa,Total,2006,2000,UNAIDS-WHO_Data_,Percent,7
CIV,Sub-Saharan Africa,Africa,Total,2005,2000,UNAIDS-WHO_Data_,Percent,1
CUB,Latin America and the Caribbean,Americas,Total,2013,2010,UNAIDS-WHO_Data_,Percent,95
CUB,Latin America and the Caribbean,Americas,Total,2012,2010,UNAIDS-WHO_Data_,Percent,95
CUB,Latin America and the Caribbean,Americas,Total,2011,2010,UNAIDS-WHO_Data_,Percent,95
CUB,Latin America and the Caribbean,Americas,Total,2010,2010,UNAIDS-WHO_Data_,Percent,95
CUB,Latin America and the Caribbean,Americas,Total,2009,2000,UNAIDS-WHO_Data_,Percent,95
CUB,Latin America and the Caribbean,Americas,Total,2008,2000,UNAIDS-WHO_Data_,Percent,75
CUB,Latin America and the Caribbean,Americas,Total,2007,2000,UNAIDS-WHO_Data_,Percent,95
CUB,Latin America and the Caribbean,Americas,Total,2006,2000,UNAIDS-WHO_Data_,Percent,95
CUB,Latin America and the Caribbean,Americas,Total,2004,2000,UNAIDS-WHO_Data_,Percent,14
CUB,Latin America and the Caribbean,Americas,Total,2003,2000,UNAIDS-WHO_Data_,Percent,95
COD,Sub-Saharan Africa,Africa,Total,2013,2010,UNAIDS-WHO_Data_,Percent,21
COD,Sub-Saharan Africa,Africa,Total,2012,2010,UNAIDS-WHO_Data_,Percent,14
COD,Sub-Saharan Africa,Africa,Total,2011,2010,UNAIDS-WHO_Data_,Percent,7
COD,Sub-Saharan Africa,Africa,Total,2010,2010,UNAIDS-WHO_Data_,Percent,3
COD,Sub-Saharan Africa,Africa,Total,2009,2000,UNAIDS-WHO_Data_,Percent,8
COD,Sub-Saharan Africa,Africa,Total,2008,2000,UNAIDS-WHO_Data_,Percent,5
COD,Sub-Saharan Africa,Africa,Total,2007,2000,UNAIDS-WHO_Data_,Percent,3
COD,Sub-Saharan Africa,Africa,Total,2006,2000,UNAIDS-WHO_Data_,Percent,1
COD,Sub-Saharan Africa,Africa,Total,2005,2000,UNAIDS-WHO_Data_,Percent,0
COD,Sub-Saharan Africa,Africa,Total,2003,2000,UNAIDS-WHO_Data_,Percent,0
DJI,Sub-Saharan Africa,Africa,Total,2013,2010,UNAIDS-WHO_Data_,Percent,9
DJI,Sub-Saharan Africa,Africa,Total,2012,2010,UNAIDS-WHO_Data_,Percent,19
DJI,Sub-Saharan Africa,Africa,Total,2011,2010,UNAIDS-WHO_Data_,Percent,8
DJI,Sub-Saharan Africa,Africa,Total,2010,2010,UNAIDS-WHO_Data_,Percent,5
DJI,Sub-Saharan Africa,Africa,Total,2009,2000,UNAIDS-WHO_Data_,Percent,8
DJI,Sub-Saharan Africa,Africa,Total,2008,2000,UNAIDS-WHO_Data_,Percent,9
DJI,Sub-Saharan Africa,Africa,Total,2006,2000,UNAIDS-WHO_Data_,Percent,14
DJI,Sub-Saharan Africa,Africa,Total,2005,2000,UNAIDS-WHO_Data_,Percent,3
DJI,Sub-Saharan Africa,Africa,Total,2004,2000,UNAIDS-WHO_Data_,Percent,2
DJI,Sub-Saharan Africa,Africa,Total,2003,2000,UNAIDS-WHO_Data_,Percent,1
DOM,Latin America and the Caribbean,Americas,Total,2013,2010,UNAIDS-WHO_Data_,Percent,49
DOM,Latin America and the Caribbean,Americas,Total,2012,2010,UNAIDS-WHO_Data_,Percent,16
DOM,Latin America and the Caribbean,Americas,Total,2011,2010,UNAIDS-WHO_Data_,Percent,24
DOM,Latin America and the Caribbean,Americas,Total,2010,2010,UNAIDS-WHO_Data_,Percent,1
ECU,Latin America and the Caribbean,Americas,Total,2013,2010,UNAIDS-WHO_Data_,Percent,58
ECU,Latin America and the Caribbean,Americas,Total,2012,2010,UNAIDS-WHO_Data_,Percent,56
ECU,Latin America and the Caribbean,Americas,Total,2010,2010,UNAIDS-WHO_Data_,Percent,33
ECU,Latin America and the Caribbean,Americas,Total,2009,2000,UNAIDS-WHO_Data_,Percent,34
ECU,Latin America and the Caribbean,Americas,Total,2008,2000,UNAIDS-WHO_Data_,Percent,31
ECU,Latin America and the Caribbean,Americas,Total,2007,2000,UNAIDS-WHO_Data_,Percent,23
ECU,Latin America and the Caribbean,Americas,Total,2003,2000,UNAIDS-WHO_Data_,Percent,6
EGY,Northern Africa,Africa,Total,2013,2010,UNAIDS-WHO_Data_,Percent,7
EGY,Northern Africa,Africa,Total,2012,2010,UNAIDS-WHO_Data_,Percent,18
EGY,Northern Africa,Africa,Total,2011,2010,UNAIDS-WHO_Data_,Percent,14
EGY,Northern Africa,Africa,Total,2010,2010,UNAIDS-WHO_Data_,Percent,9
EGY,Northern Africa,Africa,Total,2009,2000,UNAIDS-WHO_Data_,Percent,15
EGY,Northern Africa,Africa,Total,2008,2000,UNAIDS-WHO_Data_,Percent,13
EGY,Northern Africa,Africa,Total,2007,2000,UNAIDS-WHO_Data_,Percent,15
EGY,Northern Africa,Africa,Total,2006,2000,UNAIDS-WHO_Data_,Percent,20
EGY,Northern Africa,Africa,Total,2003,2000,UNAIDS-WHO_Data_,Percent,4
SLV,Latin America and the Caribbean,Americas,Total,2013,2010,UNAIDS-WHO_Data_,Percent,65
SLV,Latin America and the Caribbean,Americas,Total,2012,2010,UNAIDS-WHO_Data_,Percent,81
SLV,Latin America and the Caribbean,Americas,Total,2011,2010,UNAIDS-WHO_Data_,Percent,75
SLV,Latin America and the Caribbean,Americas,Total,2010,2010,UNAIDS-WHO_Data_,Percent,57
SLV,Latin America and the Caribbean,Americas,Total,2009,2000,UNAIDS-WHO_Data_,Percent,34
SLV,Latin America and the Caribbean,Americas,Total,2008,2000,UNAIDS-WHO_Data_,Percent,42
SLV,Latin America and the Caribbean,Americas,Total,2007,2000,UNAIDS-WHO_Data_,Percent,33
SLV,Latin America and the Caribbean,Americas,Total,2006,2000,UNAIDS-WHO_Data_,Percent,27
SLV,Latin America and the Caribbean,Americas,Total,2005,2000,UNAIDS-WHO_Data_,Percent,32
SLV,Latin America and the Caribbean,Americas,Total,2004,2000,UNAIDS-WHO_Data_,Percent,5
SLV,Latin America and the Caribbean,Americas,Total,2003,2000,UNAIDS-WHO_Data_,Percent,11
GNQ,Sub-Saharan Africa,Africa,Total,2013,2010,UNAIDS-WHO_Data_,Percent,21
GNQ,Sub-Saharan Africa,Africa,Total,2011,2010,UNAIDS-WHO_Data_,Percent,19
GNQ,Sub-Saharan Africa,Africa,Total,2010,2010,UNAIDS-WHO_Data_,Percent,30
GNQ,Sub-Saharan Africa,Africa,Total,2009,2000,UNAIDS-WHO_Data_,Percent,31
ERI,Sub-Saharan Africa,Africa,Total,2013,2010,UNAIDS-WHO_Data_,Percent,6
EST,Northern Europe,Europe,Total,2013,2010,UNAIDS-WHO_Data_,Percent,71
EST,Northern Europe,Europe,Total,2012,2010,UNAIDS-WHO_Data_,Percent,81
EST,Northern Europe,Europe,Total,2011,2010,UNAIDS-WHO_Data_,Percent,70
EST,Northern Europe,Europe,Total,2010,2010,UNAIDS-WHO_Data_,Percent,37
EST,Northern Europe,Europe,Total,2009,2000,UNAIDS-WHO_Data_,Percent,51
EST,Northern Europe,Europe,Total,2008,2000,UNAIDS-WHO_Data_,Percent,30
EST,Northern Europe,Europe,Total,2003,2000,UNAIDS-WHO_Data_,Percent,9
ETH,Sub-Saharan Africa,Africa,Total,2013,2010,UNAIDS-WHO_Data_,Percent,32
ETH,Sub-Saharan Africa,Africa,Total,2012,2010,UNAIDS-WHO_Data_,Percent,33
ETH,Sub-Saharan Africa,Africa,Total,2011,2010,UNAIDS-WHO_Data_,Percent,8
ETH,Sub-Saharan Africa,Africa,Total,2010,2010,UNAIDS-WHO_Data_,Percent,14
ETH,Sub-Saharan Africa,Africa,Total,2009,2000,UNAIDS-WHO_Data_,Percent,15
ETH,Sub-Saharan Africa,Africa,Total,2008,2000,UNAIDS-WHO_Data_,Percent,10
ETH,Sub-Saharan Africa,Africa,Total,2007,2000,UNAIDS-WHO_Data_,Percent,7
ETH,Sub-Saharan Africa,Africa,Total,2006,2000,UNAIDS-WHO_Data_,Percent,1
ETH,Sub-Saharan Africa,Africa,Total,2005,2000,UNAIDS-WHO_Data_,Percent,1
FJI,Melanesia,Oceania,Total,2013,2010,UNAIDS-WHO_Data_,Percent,36
FJI,Melanesia,Oceania,Total,2012,2010,UNAIDS-WHO_Data_,Percent,50
FJI,Melanesia,Oceania,Total,2011,2010,UNAIDS-WHO_Data_,Percent,34
FJI,Melanesia,Oceania,Total,2010,2010,UNAIDS-WHO_Data_,Percent,38
FJI,Melanesia,Oceania,Total,2006,2000,UNAIDS-WHO_Data_,Percent,38
GAB,Sub-Saharan Africa,Africa,Total,2013,2010,UNAIDS-WHO_Data_,Percent,56
GAB,Sub-Saharan Africa,Africa,Total,2012,2010,UNAIDS-WHO_Data_,Percent,64
GAB,Sub-Saharan Africa,Africa,Total,2010,2010,UNAIDS-WHO_Data_,Percent,35
GAB,Sub-Saharan Africa,Africa,Total,2009,2000,UNAIDS-WHO_Data_,Percent,32
GAB,Sub-Saharan Africa,Africa,Total,2008,2000,UNAIDS-WHO_Data_,Percent,25
GMB,Sub-Saharan Africa,Africa,Total,2013,2010,UNAIDS-WHO_Data_,Percent,21
GMB,Sub-Saharan Africa,Africa,Total,2012,2010,UNAIDS-WHO_Data_,Percent,32
GMB,Sub-Saharan Africa,Africa,Total,2010,2010,UNAIDS-WHO_Data_,Percent,21
GMB,Sub-Saharan Africa,Africa,Total,2009,2000,UNAIDS-WHO_Data_,Percent,7
GMB,Sub-Saharan Africa,Africa,Total,2008,2000,UNAIDS-WHO_Data_,Percent,11
GMB,Sub-Saharan Africa,Africa,Total,2007,2000,UNAIDS-WHO_Data_,Percent,3
GMB,Sub-Saharan Africa,Africa,Total,2006,2000,UNAIDS-WHO_Data_,Percent,6
GEO,Western Asia,Asia,Total,2013,2010,UNAIDS-WHO_Data_,Percent,52
GEO,Western Asia,Asia,Total,2012,2010,UNAIDS-WHO_Data_,Percent,36
GEO,Western Asia,Asia,Total,2011,2010,UNAIDS-WHO_Data_,Percent,39
GEO,Western Asia,Asia,Total,2010,2010,UNAIDS-WHO_Data_,Percent,30
GEO,Western Asia,Asia,Total,2009,2000,UNAIDS-WHO_Data_,Percent,23
GEO,Western Asia,Asia,Total,2008,2000,UNAIDS-WHO_Data_,Percent,23
GEO,Western Asia,Asia,Total,2007,2000,UNAIDS-WHO_Data_,Percent,32
GEO,Western Asia,Asia,Total,2006,2000,UNAIDS-WHO_Data_,Percent,15
GEO,Western Asia,Asia,Total,2005,2000,UNAIDS-WHO_Data_,Percent,23
GEO,Western Asia,Asia,Total,2004,2000,UNAIDS-WHO_Data_,Percent,17
DEU,Western Europe,Europe,Total,2003,2000,UNAIDS-WHO_Data_,Percent,95
GHA,Sub-Saharan Africa,Africa,Total,2013,2010,UNAIDS-WHO_Data_,Percent,28
GHA,Sub-Saharan Africa,Africa,Total,2012,2010,UNAIDS-WHO_Data_,Percent,26
GHA,Sub-Saharan Africa,Africa,Total,2011,2010,UNAIDS-WHO_Data_,Percent,18
GHA,Sub-Saharan Africa,Africa,Total,2010,2010,UNAIDS-WHO_Data_,Percent,10
GHA,Sub-Saharan Africa,Africa,Total,2009,2000,UNAIDS-WHO_Data_,Percent,10
GHA,Sub-Saharan Africa,Africa,Total,2008,2000,UNAIDS-WHO_Data_,Percent,7
GHA,Sub-Saharan Africa,Africa,Total,2007,2000,UNAIDS-WHO_Data_,Percent,4
GHA,Sub-Saharan Africa,Africa,Total,2006,2000,UNAIDS-WHO_Data_,Percent,1
GHA,Sub-Saharan Africa,Africa,Total,2005,2000,UNAIDS-WHO_Data_,Percent,2
GHA,Sub-Saharan Africa,Africa,Total,2003,2000,UNAIDS-WHO_Data_,Percent,5
GRC,Southern Europe,Europe,Total,2013,2010,UNAIDS-WHO_Data_,Percent,95
GTM,Latin America and the Caribbean,Americas,Total,2013,2010,UNAIDS-WHO_Data_,Percent,27
GTM,Latin America and the Caribbean,Americas,Total,2012,2010,UNAIDS-WHO_Data_,Percent,16
GTM,Latin America and the Caribbean,Americas,Total,2011,2010,UNAIDS-WHO_Data_,Percent,10
GTM,Latin America and the Caribbean,Americas,Total,2010,2010,UNAIDS-WHO_Data_,Percent,31
GTM,Latin America and the Caribbean,Americas,Total,2009,2000,UNAIDS-WHO_Data_,Percent,37
GTM,Latin America and the Caribbean,Americas,Total,2008,2000,UNAIDS-WHO_Data_,Percent,50
GTM,Latin America and the Caribbean,Americas,Total,2007,2000,UNAIDS-WHO_Data_,Percent,12
GTM,Latin America and the Caribbean,Americas,Total,2005,2000,UNAIDS-WHO_Data_,Percent,95
GTM,Latin America and the Caribbean,Americas,Total,2004,2000,UNAIDS-WHO_Data_,Percent,95
GTM,Latin America and the Caribbean,Americas,Total,2003,2000,UNAIDS-WHO_Data_,Percent,29
GIN,Sub-Saharan Africa,Africa,Total,2013,2010,UNAIDS-WHO_Data_,Percent,30
GIN,Sub-Saharan Africa,Africa,Total,2012,2010,UNAIDS-WHO_Data_,Percent,19
GIN,Sub-Saharan Africa,Africa,Total,2011,2010,UNAIDS-WHO_Data_,Percent,18
GIN,Sub-Saharan Africa,Africa,Total,2010,2010,UNAIDS-WHO_Data_,Percent,14
GIN,Sub-Saharan Africa,Africa,Total,2009,2000,UNAIDS-WHO_Data_,Percent,2
GIN,Sub-Saharan Africa,Africa,Total,2008,2000,UNAIDS-WHO_Data_,Percent,1
GIN,Sub-Saharan Africa,Africa,Total,2007,2000,UNAIDS-WHO_Data_,Percent,3
GNB,Sub-Saharan Africa,Africa,Total,2013,2010,UNAIDS-WHO_Data_,Percent,4
GNB,Sub-Saharan Africa,Africa,Total,2012,2010,UNAIDS-WHO_Data_,Percent,1
GNB,Sub-Saharan Africa,Africa,Total,2007,2000,UNAIDS-WHO_Data_,Percent,2
GNB,Sub-Saharan Africa,Africa,Total,2006,2000,UNAIDS-WHO_Data_,Percent,2
GNB,Sub-Saharan Africa,Africa,Total,2005,2000,UNAIDS-WHO_Data_,Percent,2
GUY,Latin America and the Caribbean,Americas,Total,2013,2010,UNAIDS-WHO_Data_,Percent,56
GUY,Latin America and the Caribbean,Americas,Total,2012,2010,UNAIDS-WHO_Data_,Percent,84
GUY,Latin America and the Caribbean,Americas,Total,2011,2010,UNAIDS-WHO_Data_,Percent,79
GUY,Latin America and the Caribbean,Americas,Total,2010,2010,UNAIDS-WHO_Data_,Percent,56
GUY,Latin America and the Caribbean,Americas,Total,2009,2000,UNAIDS-WHO_Data_,Percent,49
GUY,Latin America and the Caribbean,Americas,Total,2008,2000,UNAIDS-WHO_Data_,Percent,37
GUY,Latin America and the Caribbean,Americas,Total,2007,2000,UNAIDS-WHO_Data_,Percent,42
GUY,Latin America and the Caribbean,Americas,Total,2006,2000,UNAIDS-WHO_Data_,Percent,13
GUY,Latin America and the Caribbean,Americas,Total,2003,2000,UNAIDS-WHO_Data_,Percent,18
HTI,Latin America and the Caribbean,Americas,Total,2013,2010,UNAIDS-WHO_Data_,Percent,38
HTI,Latin America and the Caribbean,Americas,Total,2012,2010,UNAIDS-WHO_Data_,Percent,27
HTI,Latin America and the Caribbean,Americas,Total,2011,2010,UNAIDS-WHO_Data_,Percent,3
HTI,Latin America and the Caribbean,Americas,Total,2010,2010,UNAIDS-WHO_Data_,Percent,4
HTI,Latin America and the Caribbean,Americas,Total,2009,2000,UNAIDS-WHO_Data_,Percent,3
HTI,Latin America and the Caribbean,Americas,Total,2008,2000,UNAIDS-WHO_Data_,Percent,4
HTI,Latin America and the Caribbean,Americas,Total,2007,2000,UNAIDS-WHO_Data_,Percent,5
HND,Latin America and the Caribbean,Americas,Total,2013,2010,UNAIDS-WHO_Data_,Percent,54
HND,Latin America and the Caribbean,Americas,Total,2012,2010,UNAIDS-WHO_Data_,Percent,33
HND,Latin America and the Caribbean,Americas,Total,2011,2010,UNAIDS-WHO_Data_,Percent,40
HND,Latin America and the Caribbean,Americas,Total,2010,2010,UNAIDS-WHO_Data_,Percent,37
HND,Latin America and the Caribbean,Americas,Total,2009,2000,UNAIDS-WHO_Data_,Percent,33
HND,Latin America and the Caribbean,Americas,Total,2008,2000,UNAIDS-WHO_Data_,Percent,37
HND,Latin America and the Caribbean,Americas,Total,2006,2000,UNAIDS-WHO_Data_,Percent,57
HUN,Eastern Europe,Europe,Total,2011,2010,UNAIDS-WHO_Data_,Percent,34
HUN,Eastern Europe,Europe,Total,2010,2010,UNAIDS-WHO_Data_,Percent,37
ISL,Northern Europe,Europe,Total,2006,2000,UNAIDS-WHO_Data_,Percent,77
ISL,Northern Europe,Europe,Total,2005,2000,UNAIDS-WHO_Data_,Percent,77
ISL,Northern Europe,Europe,Total,2004,2000,UNAIDS-WHO_Data_,Percent,91
ISL,Northern Europe,Europe,Total,2003,2000,UNAIDS-WHO_Data_,Percent,91
IND,Southern Asia,Asia,Total,2013,2010,UNAIDS-WHO_Data_,Percent,32
IND,Southern Asia,Asia,Total,2012,2010,UNAIDS-WHO_Data_,Percent,20
IND,Southern Asia,Asia,Total,2011,2010,UNAIDS-WHO_Data_,Percent,20
IND,Southern Asia,Asia,Total,2010,2010,UNAIDS-WHO_Data_,Percent,17
IND,Southern Asia,Asia,Total,2009,2000,UNAIDS-WHO_Data_,Percent,13
IND,Southern Asia,Asia,Total,2008,2000,UNAIDS-WHO_Data_,Percent,2
IND,Southern Asia,Asia,Total,2007,2000,UNAIDS-WHO_Data_,Percent,0
IDN,South-eastern Asia,Asia,Total,2013,2010,UNAIDS-WHO_Data_,Percent,2
IDN,South-eastern Asia,Asia,Total,2012,2010,UNAIDS-WHO_Data_,Percent,8
IDN,South-eastern Asia,Asia,Total,2011,2010,UNAIDS-WHO_Data_,Percent,8
IDN,South-eastern Asia,Asia,Total,2010,2010,UNAIDS-WHO_Data_,Percent,3
IDN,South-eastern Asia,Asia,Total,2009,2000,UNAIDS-WHO_Data_,Percent,2
IRN,Southern Asia,Asia,Total,2013,2010,UNAIDS-WHO_Data_,Percent,40
IRN,Southern Asia,Asia,Total,2012,2010,UNAIDS-WHO_Data_,Percent,58
IRN,Southern Asia,Asia,Total,2011,2010,UNAIDS-WHO_Data_,Percent,50
IRN,Southern Asia,Asia,Total,2010,2010,UNAIDS-WHO_Data_,Percent,34
IRN,Southern Asia,Asia,Total,2009,2000,UNAIDS-WHO_Data_,Percent,25
IRN,Southern Asia,Asia,Total,2008,2000,UNAIDS-WHO_Data_,Percent,16
IRN,Southern Asia,Asia,Total,2007,2000,UNAIDS-WHO_Data_,Percent,22
IRN,Southern Asia,Asia,Total,2006,2000,UNAIDS-WHO_Data_,Percent,3
IRN,Southern Asia,Asia,Total,2003,2000,UNAIDS-WHO_Data_,Percent,8
IRL,Northern Europe,Europe,Total,2013,2010,UNAIDS-WHO_Data_,Percent,68
IRL,Northern Europe,Europe,Total,2012,2010,UNAIDS-WHO_Data_,Percent,33
ISR,Western Asia,Asia,Total,2009,2000,UNAIDS-WHO_Data_,Percent,73
ISR,Western Asia,Asia,Total,2008,2000,UNAIDS-WHO_Data_,Percent,95
JAM,Latin America and the Caribbean,Americas,Total,2013,2010,UNAIDS-WHO_Data_,Percent,30
JAM,Latin America and the Caribbean,Americas,Total,2011,2010,UNAIDS-WHO_Data_,Percent,30
JAM,Latin America and the Caribbean,Americas,Total,2010,2010,UNAIDS-WHO_Data_,Percent,67
JAM,Latin America and the Caribbean,Americas,Total,2009,2000,UNAIDS-WHO_Data_,Percent,63
JAM,Latin America and the Caribbean,Americas,Total,2008,2000,UNAIDS-WHO_Data_,Percent,35
JAM,Latin America and the Caribbean,Americas,Total,2007,2000,UNAIDS-WHO_Data_,Percent,26
JAM,Latin America and the Caribbean,Americas,Total,2006,2000,UNAIDS-WHO_Data_,Percent,40
JAM,Latin America and the Caribbean,Americas,Total,2005,2000,UNAIDS-WHO_Data_,Percent,31
JAM,Latin America and the Caribbean,Americas,Total,2004,2000,UNAIDS-WHO_Data_,Percent,8
JAM,Latin America and the Caribbean,Americas,Total,2003,2000,UNAIDS-WHO_Data_,Percent,6
KAZ,Central Asia,Asia,Total,2013,2010,UNAIDS-WHO_Data_,Percent,46
KAZ,Central Asia,Asia,Total,2012,2010,UNAIDS-WHO_Data_,Percent,40
KAZ,Central Asia,Asia,Total,2011,2010,UNAIDS-WHO_Data_,Percent,5
KAZ,Central Asia,Asia,Total,2010,2010,UNAIDS-WHO_Data_,Percent,4
KAZ,Central Asia,Asia,Total,2009,2000,UNAIDS-WHO_Data_,Percent,3
KAZ,Central Asia,Asia,Total,2008,2000,UNAIDS-WHO_Data_,Percent,5
KAZ,Central Asia,Asia,Total,2007,2000,UNAIDS-WHO_Data_,Percent,4
KAZ,Central Asia,Asia,Total,2006,2000,UNAIDS-WHO_Data_,Percent,7
KAZ,Central Asia,Asia,Total,2005,2000,UNAIDS-WHO_Data_,Percent,3
KEN,Sub-Saharan Africa,Africa,Total,2013,2010,UNAIDS-WHO_Data_,Percent,55
KEN,Sub-Saharan Africa,Africa,Total,2012,2010,UNAIDS-WHO_Data_,Percent,66
KEN,Sub-Saharan Africa,Africa,Total,2011,2010,UNAIDS-WHO_Data_,Percent,49
KEN,Sub-Saharan Africa,Africa,Total,2010,2010,UNAIDS-WHO_Data_,Percent,37
KEN,Sub-Saharan Africa,Africa,Total,2009,2000,UNAIDS-WHO_Data_,Percent,26
KEN,Sub-Saharan Africa,Africa,Total,2008,2000,UNAIDS-WHO_Data_,Percent,22
KEN,Sub-Saharan Africa,Africa,Total,2007,2000,UNAIDS-WHO_Data_,Percent,29
KEN,Sub-Saharan Africa,Africa,Total,2006,2000,UNAIDS-WHO_Data_,Percent,26
KEN,Sub-Saharan Africa,Africa,Total,2005,2000,UNAIDS-WHO_Data_,Percent,2
KGZ,Central Asia,Asia,Total,2013,2010,UNAIDS-WHO_Data_,Percent,46
KGZ,Central Asia,Asia,Total,2012,2010,UNAIDS-WHO_Data_,Percent,54
KGZ,Central Asia,Asia,Total,2011,2010,UNAIDS-WHO_Data_,Percent,69
KGZ,Central Asia,Asia,Total,2010,2010,UNAIDS-WHO_Data_,Percent,40
KGZ,Central Asia,Asia,Total,2009,2000,UNAIDS-WHO_Data_,Percent,13
KGZ,Central Asia,Asia,Total,2005,2000,UNAIDS-WHO_Data_,Percent,6
LAO,South-eastern Asia,Asia,Total,2013,2010,UNAIDS-WHO_Data_,Percent,3
LAO,South-eastern Asia,Asia,Total,2008,2000,UNAIDS-WHO_Data_,Percent,14
LAO,South-eastern Asia,Asia,Total,2007,2000,UNAIDS-WHO_Data_,Percent,7
LAO,South-eastern Asia,Asia,Total,2006,2000,UNAIDS-WHO_Data_,Percent,11
LAO,South-eastern Asia,Asia,Total,2003,2000,UNAIDS-WHO_Data_,Percent,2
LVA,Northern Europe,Europe,Total,2013,2010,UNAIDS-WHO_Data_,Percent,24
LVA,Northern Europe,Europe,Total,2012,2010,UNAIDS-WHO_Data_,Percent,33
LVA,Northern Europe,Europe,Total,2011,2010,UNAIDS-WHO_Data_,Percent,25
LVA,Northern Europe,Europe,Total,2010,2010,UNAIDS-WHO_Data_,Percent,28
LVA,Northern Europe,Europe,Total,2009,2000,UNAIDS-WHO_Data_,Percent,23
LVA,Northern Europe,Europe,Total,2008,2000,UNAIDS-WHO_Data_,Percent,12
LVA,Northern Europe,Europe,Total,2007,2000,UNAIDS-WHO_Data_,Percent,16
LVA,Northern Europe,Europe,Total,2006,2000,UNAIDS-WHO_Data_,Percent,18
LVA,Northern Europe,Europe,Total,2005,2000,UNAIDS-WHO_Data_,Percent,15
LSO,Sub-Saharan Africa,Africa,Total,2013,2010,UNAIDS-WHO_Data_,Percent,34
LSO,Sub-Saharan Africa,Africa,Total,2012,2010,UNAIDS-WHO_Data_,Percent,41
LSO,Sub-Saharan Africa,Africa,Total,2011,2010,UNAIDS-WHO_Data_,Percent,36
LSO,Sub-Saharan Africa,Africa,Total,2010,2010,UNAIDS-WHO_Data_,Percent,13
LSO,Sub-Saharan Africa,Africa,Total,2009,2000,UNAIDS-WHO_Data_,Percent,12
LSO,Sub-Saharan Africa,Africa,Total,2008,2000,UNAIDS-WHO_Data_,Percent,10
LSO,Sub-Saharan Africa,Africa,Total,2007,2000,UNAIDS-WHO_Data_,Percent,5
LSO,Sub-Saharan Africa,Africa,Total,2006,2000,UNAIDS-WHO_Data_,Percent,1
LBR,Sub-Saharan Africa,Africa,Total,2013,2010,UNAIDS-WHO_Data_,Percent,13
LBR,Sub-Saharan Africa,Africa,Total,2012,2010,UNAIDS-WHO_Data_,Percent,8
LBR,Sub-Saharan Africa,Africa,Total,2011,2010,UNAIDS-WHO_Data_,Percent,2
LBR,Sub-Saharan Africa,Africa,Total,2009,2000,UNAIDS-WHO_Data_,Percent,2
LBR,Sub-Saharan Africa,Africa,Total,2008,2000,UNAIDS-WHO_Data_,Percent,1
LTU,Northern Europe,Europe,Total,2013,2010,UNAIDS-WHO_Data_,Percent,22
MDG,Sub-Saharan Africa,Africa,Total,2013,2010,UNAIDS-WHO_Data_,Percent,8
MDG,Sub-Saharan Africa,Africa,Total,2012,2010,UNAIDS-WHO_Data_,Percent,2
MDG,Sub-Saharan Africa,Africa,Total,2010,2010,UNAIDS-WHO_Data_,Percent,1
MDG,Sub-Saharan Africa,Africa,Total,2009,2000,UNAIDS-WHO_Data_,Percent,0
MWI,Sub-Saharan Africa,Africa,Total,2013,2010,UNAIDS-WHO_Data_,Percent,59
MWI,Sub-Saharan Africa,Africa,Total,2012,2010,UNAIDS-WHO_Data_,Percent,54
MWI,Sub-Saharan Africa,Africa,Total,2011,2010,UNAIDS-WHO_Data_,Percent,32
MWI,Sub-Saharan Africa,Africa,Total,2010,2010,UNAIDS-WHO_Data_,Percent,27
MWI,Sub-Saharan Africa,Africa,Total,2009,2000,UNAIDS-WHO_Data_,Percent,27
MWI,Sub-Saharan Africa,Africa,Total,2008,2000,UNAIDS-WHO_Data_,Percent,21
MWI,Sub-Saharan Africa,Africa,Total,2007,2000,UNAIDS-WHO_Data_,Percent,24
MWI,Sub-Saharan Africa,Africa,Total,2006,2000,UNAIDS-WHO_Data_,Percent,14
MWI,Sub-Saharan Africa,Africa,Total,2005,2000,UNAIDS-WHO_Data_,Percent,13
MWI,Sub-Saharan Africa,Africa,Total,2003,2000,UNAIDS-WHO_Data_,Percent,0
MYS,South-eastern Asia,Asia,Total,2013,2010,UNAIDS-WHO_Data_,Percent,20
MYS,South-eastern Asia,Asia,Total,2012,2010,UNAIDS-WHO_Data_,Percent,22
MYS,South-eastern Asia,Asia,Total,2011,2010,UNAIDS-WHO_Data_,Percent,38
MYS,South-eastern Asia,Asia,Total,2010,2010,UNAIDS-WHO_Data_,Percent,15
MYS,South-eastern Asia,Asia,Total,2009,2000,UNAIDS-WHO_Data_,Percent,7
MYS,South-eastern Asia,Asia,Total,2008,2000,UNAIDS-WHO_Data_,Percent,32
MYS,South-eastern Asia,Asia,Total,2007,2000,UNAIDS-WHO_Data_,Percent,3
MLI,Sub-Saharan Africa,Africa,Total,2013,2010,UNAIDS-WHO_Data_,Percent,66
MLI,Sub-Saharan Africa,Africa,Total,2012,2010,UNAIDS-WHO_Data_,Percent,65
MLI,Sub-Saharan Africa,Africa,Total,2011,2010,UNAIDS-WHO_Data_,Percent,43
MLI,Sub-Saharan Africa,Africa,Total,2010,2010,UNAIDS-WHO_Data_,Percent,33
MLI,Sub-Saharan Africa,Africa,Total,2009,2000,UNAIDS-WHO_Data_,Percent,9
MLI,Sub-Saharan Africa,Africa,Total,2008,2000,UNAIDS-WHO_Data_,Percent,3
MLT,Southern Europe,Europe,Total,2008,2000,UNAIDS-WHO_Data_,Percent,95
MLT,Southern Europe,Europe,Total,2007,2000,UNAIDS-WHO_Data_,Percent,95
MLT,Southern Europe,Europe,Total,2006,2000,UNAIDS-WHO_Data_,Percent,71
MLT,Southern Europe,Europe,Total,2003,2000,UNAIDS-WHO_Data_,Percent,95
MRT,Sub-Saharan Africa,Africa,Total,2013,2010,UNAIDS-WHO_Data_,Percent,12
MRT,Sub-Saharan Africa,Africa,Total,2011,2010,UNAIDS-WHO_Data_,Percent,11
MRT,Sub-Saharan Africa,Africa,Total,2010,2010,UNAIDS-WHO_Data_,Percent,46
MRT,Sub-Saharan Africa,Africa,Total,2008,2000,UNAIDS-WHO_Data_,Percent,37
MRT,Sub-Saharan Africa,Africa,Total,2007,2000,UNAIDS-WHO_Data_,Percent,36
MUS,Sub-Saharan Africa,Africa,Total,2013,2010,UNAIDS-WHO_Data_,Percent,48
MUS,Sub-Saharan Africa,Africa,Total,2012,2010,UNAIDS-WHO_Data_,Percent,18
MUS,Sub-Saharan Africa,Africa,Total,2011,2010,UNAIDS-WHO_Data_,Percent,10
MUS,Sub-Saharan Africa,Africa,Total,2010,2010,UNAIDS-WHO_Data_,Percent,12
MUS,Sub-Saharan Africa,Africa,Total,2009,2000,UNAIDS-WHO_Data_,Percent,10
MUS,Sub-Saharan Africa,Africa,Total,2008,2000,UNAIDS-WHO_Data_,Percent,10
MUS,Sub-Saharan Africa,Africa,Total,2007,2000,UNAIDS-WHO_Data_,Percent,12
MUS,Sub-Saharan Africa,Africa,Total,2006,2000,UNAIDS-WHO_Data_,Percent,9
MUS,Sub-Saharan Africa,Africa,Total,2005,2000,UNAIDS-WHO_Data_,Percent,2
MUS,Sub-Saharan Africa,Africa,Total,2004,2000,UNAIDS-WHO_Data_,Percent,5
MUS,Sub-Saharan Africa,Africa,Total,2003,2000,UNAIDS-WHO_Data_,Percent,6
MEX,Latin America and the Caribbean,Americas,Total,2013,2010,UNAIDS-WHO_Data_,Percent,22
MEX,Latin America and the Caribbean,Americas,Total,2012,2010,UNAIDS-WHO_Data_,Percent,12
MEX,Latin America and the Caribbean,Americas,Total,2011,2010,UNAIDS-WHO_Data_,Percent,14
MEX,Latin America and the Caribbean,Americas,Total,2010,2010,UNAIDS-WHO_Data_,Percent,17
MEX,Latin America and the Caribbean,Americas,Total,2009,2000,UNAIDS-WHO_Data_,Percent,9
MEX,Latin America and the Caribbean,Americas,Total,2008,2000,UNAIDS-WHO_Data_,Percent,12
MEX,Latin America and the Caribbean,Americas,Total,2007,2000,UNAIDS-WHO_Data_,Percent,10
MEX,Latin America and the Caribbean,Americas,Total,2003,2000,UNAIDS-WHO_Data_,Percent,62
MNG,Eastern Asia,Asia,Total,2013,2010,UNAIDS-WHO_Data_,Percent,16
MNG,Eastern Asia,Asia,Total,2012,2010,UNAIDS-WHO_Data_,Percent,56
MNG,Eastern Asia,Asia,Total,2011,2010,UNAIDS-WHO_Data_,Percent,64
MNG,Eastern Asia,Asia,Total,2010,2010,UNAIDS-WHO_Data_,Percent,50
MNG,Eastern Asia,Asia,Total,2008,2000,UNAIDS-WHO_Data_,Percent,40
MNG,Eastern Asia,Asia,Total,2007,2000,UNAIDS-WHO_Data_,Percent,53
MNG,Eastern Asia,Asia,Total,2006,2000,UNAIDS-WHO_Data_,Percent,67
MNG,Eastern Asia,Asia,Total,2005,2000,UNAIDS-WHO_Data_,Percent,91
MNE,Southern Europe,Europe,Total,2013,2010,UNAIDS-WHO_Data_,Percent,77
MNE,Southern Europe,Europe,Total,2010,2010,UNAIDS-WHO_Data_,Percent,29
MNE,Southern Europe,Europe,Total,2007,2000,UNAIDS-WHO_Data_,Percent,40
MNE,Southern Europe,Europe,Total,2006,2000,UNAIDS-WHO_Data_,Percent,43
MAR,Northern Africa,Africa,Total,2013,2010,UNAIDS-WHO_Data_,Percent,69
MAR,Northern Africa,Africa,Total,2012,2010,UNAIDS-WHO_Data_,Percent,65
MAR,Northern Africa,Africa,Total,2011,2010,UNAIDS-WHO_Data_,Percent,6
MAR,Northern Africa,Africa,Total,2010,2010,UNAIDS-WHO_Data_,Percent,4
MAR,Northern Africa,Africa,Total,2009,2000,UNAIDS-WHO_Data_,Percent,11
MOZ,Sub-Saharan Africa,Africa,Total,2013,2010,UNAIDS-WHO_Data_,Percent,25
MOZ,Sub-Saharan Africa,Africa,Total,2012,2010,UNAIDS-WHO_Data_,Percent,19
MOZ,Sub-Saharan Africa,Africa,Total,2011,2010,UNAIDS-WHO_Data_,Percent,10
MOZ,Sub-Saharan Africa,Africa,Total,2010,2010,UNAIDS-WHO_Data_,Percent,8
MOZ,Sub-Saharan Africa,Africa,Total,2009,2000,UNAIDS-WHO_Data_,Percent,7
MOZ,Sub-Saharan Africa,Africa,Total,2008,2000,UNAIDS-WHO_Data_,Percent,8
MOZ,Sub-Saharan Africa,Africa,Total,2007,2000,UNAIDS-WHO_Data_,Percent,6
MOZ,Sub-Saharan Africa,Africa,Total,2006,2000,UNAIDS-WHO_Data_,Percent,4
MMR,South-eastern Asia,Asia,Total,2013,2010,UNAIDS-WHO_Data_,Percent,23
MMR,South-eastern Asia,Asia,Total,2012,2010,UNAIDS-WHO_Data_,Percent,22
MMR,South-eastern Asia,Asia,Total,2011,2010,UNAIDS-WHO_Data_,Percent,4
MMR,South-eastern Asia,Asia,Total,2010,2010,UNAIDS-WHO_Data_,Percent,4
MMR,South-eastern Asia,Asia,Total,2009,2000,UNAIDS-WHO_Data_,Percent,3
MMR,South-eastern Asia,Asia,Total,2008,2000,UNAIDS-WHO_Data_,Percent,5
MMR,South-eastern Asia,Asia,Total,2007,2000,UNAIDS-WHO_Data_,Percent,3
MMR,South-eastern Asia,Asia,Total,2006,2000,UNAIDS-WHO_Data_,Percent,1
MMR,South-eastern Asia,Asia,Total,2005,2000,UNAIDS-WHO_Data_,Percent,1
NAM,Sub-Saharan Africa,Africa,Total,2013,2010,UNAIDS-WHO_Data_,Percent,45
NAM,Sub-Saharan Africa,Africa,Total,2012,2010,UNAIDS-WHO_Data_,Percent,42
NAM,Sub-Saharan Africa,Africa,Total,2011,2010,UNAIDS-WHO_Data_,Percent,30
NAM,Sub-Saharan Africa,Africa,Total,2010,2010,UNAIDS-WHO_Data_,Percent,23
NAM,Sub-Saharan Africa,Africa,Total,2009,2000,UNAIDS-WHO_Data_,Percent,18
NAM,Sub-Saharan Africa,Africa,Total,2008,2000,UNAIDS-WHO_Data_,Percent,16
NAM,Sub-Saharan Africa,Africa,Total,2007,2000,UNAIDS-WHO_Data_,Percent,5
NPL,Southern Asia,Asia,Total,2013,2010,UNAIDS-WHO_Data_,Percent,4
NPL,Southern Asia,Asia,Total,2012,2010,UNAIDS-WHO_Data_,Percent,8
NPL,Southern Asia,Asia,Total,2011,2010,UNAIDS-WHO_Data_,Percent,3
NLD,Western Europe,Europe,Total,2008,2000,UNAIDS-WHO_Data_,Percent,95
NLD,Western Europe,Europe,Total,2007,2000,UNAIDS-WHO_Data_,Percent,95
NIC,Latin America and the Caribbean,Americas,Total,2013,2010,UNAIDS-WHO_Data_,Percent,68
NIC,Latin America and the Caribbean,Americas,Total,2012,2010,UNAIDS-WHO_Data_,Percent,71
NIC,Latin America and the Caribbean,Americas,Total,2011,2010,UNAIDS-WHO_Data_,Percent,36
NIC,Latin America and the Caribbean,Americas,Total,2010,2010,UNAIDS-WHO_Data_,Percent,40
NIC,Latin America and the Caribbean,Americas,Total,2009,2000,UNAIDS-WHO_Data_,Percent,33
NIC,Latin America and the Caribbean,Americas,Total,2008,2000,UNAIDS-WHO_Data_,Percent,35
NGA,Sub-Saharan Africa,Africa,Total,2013,2010,UNAIDS-WHO_Data_,Percent,12
NGA,Sub-Saharan Africa,Africa,Total,2012,2010,UNAIDS-WHO_Data_,Percent,5
NGA,Sub-Saharan Africa,Africa,Total,2011,2010,UNAIDS-WHO_Data_,Percent,1
NGA,Sub-Saharan Africa,Africa,Total,2005,2000,UNAIDS-WHO_Data_,Percent,3
NGA,Sub-Saharan Africa,Africa,Total,2013,2010,UNAIDS-WHO_Data_,Percent,9
NGA,Sub-Saharan Africa,Africa,Total,2012,2010,UNAIDS-WHO_Data_,Percent,8
NGA,Sub-Saharan Africa,Africa,Total,2011,2010,UNAIDS-WHO_Data_,Percent,6
NGA,Sub-Saharan Africa,Africa,Total,2010,2010,UNAIDS-WHO_Data_,Percent,5
NGA,Sub-Saharan Africa,Africa,Total,2009,2000,UNAIDS-WHO_Data_,Percent,5
NGA,Sub-Saharan Africa,Africa,Total,2008,2000,UNAIDS-WHO_Data_,Percent,5
NOR,Northern Europe,Europe,Total,2012,2010,UNAIDS-WHO_Data_,Percent,95
OMN,Western Asia,Asia,Total,2013,2010,UNAIDS-WHO_Data_,Percent,85
OMN,Western Asia,Asia,Total,2012,2010,UNAIDS-WHO_Data_,Percent,95
OMN,Western Asia,Asia,Total,2011,2010,UNAIDS-WHO_Data_,Percent,78
OMN,Western Asia,Asia,Total,2010,2010,UNAIDS-WHO_Data_,Percent,40
OMN,Western Asia,Asia,Total,2009,2000,UNAIDS-WHO_Data_,Percent,27
OMN,Western Asia,Asia,Total,2008,2000,UNAIDS-WHO_Data_,Percent,80
OMN,Western Asia,Asia,Total,2007,2000,UNAIDS-WHO_Data_,Percent,95
OMN,Western Asia,Asia,Total,2006,2000,UNAIDS-WHO_Data_,Percent,95
OMN,Western Asia,Asia,Total,2005,2000,UNAIDS-WHO_Data_,Percent,95
PAK,Southern Asia,Asia,Total,2012,2010,UNAIDS-WHO_Data_,Percent,1
PAK,Southern Asia,Asia,Total,2011,2010,UNAIDS-WHO_Data_,Percent,1
PAK,Southern Asia,Asia,Total,2010,2010,UNAIDS-WHO_Data_,Percent,1
PAK,Southern Asia,Asia,Total,2009,2000,UNAIDS-WHO_Data_,Percent,1
PAK,Southern Asia,Asia,Total,2008,2000,UNAIDS-WHO_Data_,Percent,2
PAN,Latin America and the Caribbean,Americas,Total,2012,2010,UNAIDS-WHO_Data_,Percent,80
PAN,Latin America and the Caribbean,Americas,Total,2011,2010,UNAIDS-WHO_Data_,Percent,72
PAN,Latin America and the Caribbean,Americas,Total,2010,2010,UNAIDS-WHO_Data_,Percent,61
PAN,Latin America and the Caribbean,Americas,Total,2009,2000,UNAIDS-WHO_Data_,Percent,31
PAN,Latin America and the Caribbean,Americas,Total,2008,2000,UNAIDS-WHO_Data_,Percent,10
PAN,Latin America and the Caribbean,Americas,Total,2007,2000,UNAIDS-WHO_Data_,Percent,29
PAN,Latin America and the Caribbean,Americas,Total,2006,2000,UNAIDS-WHO_Data_,Percent,18
PAN,Latin America and the Caribbean,Americas,Total,2005,2000,UNAIDS-WHO_Data_,Percent,7
PAN,Latin America and the Caribbean,Americas,Total,2004,2000,UNAIDS-WHO_Data_,Percent,12
PAN,Latin America and the Caribbean,Americas,Total,2003,2000,UNAIDS-WHO_Data_,Percent,13
PNG,Melanesia,Oceania,Total,2013,2010,UNAIDS-WHO_Data_,Percent,13
PNG,Melanesia,Oceania,Total,2012,2010,UNAIDS-WHO_Data_,Percent,8
PNG,Melanesia,Oceania,Total,2008,2000,UNAIDS-WHO_Data_,Percent,25
PNG,Melanesia,Oceania,Total,2007,2000,UNAIDS-WHO_Data_,Percent,15
PNG,Melanesia,Oceania,Total,2004,2000,UNAIDS-WHO_Data_,Percent,2
PRY,Latin America and the Caribbean,Americas,Total,2013,2010,UNAIDS-WHO_Data_,Percent,39
PRY,Latin America and the Caribbean,Americas,Total,2012,2010,UNAIDS-WHO_Data_,Percent,43
PRY,Latin America and the Caribbean,Americas,Total,2011,2010,UNAIDS-WHO_Data_,Percent,39
PRY,Latin America and the Caribbean,Americas,Total,2010,2010,UNAIDS-WHO_Data_,Percent,42
PRY,Latin America and the Caribbean,Americas,Total,2009,2000,UNAIDS-WHO_Data_,Percent,34
PRY,Latin America and the Caribbean,Americas,Total,2008,2000,UNAIDS-WHO_Data_,Percent,31
PER,Latin America and the Caribbean,Americas,Total,2013,2010,UNAIDS-WHO_Data_,Percent,35
PER,Latin America and the Caribbean,Americas,Total,2012,2010,UNAIDS-WHO_Data_,Percent,35
PER,Latin America and the Caribbean,Americas,Total,2011,2010,UNAIDS-WHO_Data_,Percent,27
PER,Latin America and the Caribbean,Americas,Total,2010,2010,UNAIDS-WHO_Data_,Percent,0
PER,Latin America and the Caribbean,Americas,Total,2009,2000,UNAIDS-WHO_Data_,Percent,5
PER,Latin America and the Caribbean,Americas,Total,2008,2000,UNAIDS-WHO_Data_,Percent,5
PER,Latin America and the Caribbean,Americas,Total,2006,2000,UNAIDS-WHO_Data_,Percent,1
PER,Latin America and the Caribbean,Americas,Total,2003,2000,UNAIDS-WHO_Data_,Percent,0
PRT,Southern Europe,Europe,Total,2010,2010,UNAIDS-WHO_Data_,Percent,33
PRT,Southern Europe,Europe,Total,2009,2000,UNAIDS-WHO_Data_,Percent,40
PRT,Southern Europe,Europe,Total,2008,2000,UNAIDS-WHO_Data_,Percent,44
PRT,Southern Europe,Europe,Total,2007,2000,UNAIDS-WHO_Data_,Percent,47
PRK,Eastern Asia,Asia,Total,2003,2000,UNAIDS-WHO_Data_,Percent,9
MDA,Eastern Europe,Europe,Total,2013,2010,UNAIDS-WHO_Data_,Percent,49
MDA,Eastern Europe,Europe,Total,2012,2010,UNAIDS-WHO_Data_,Percent,31
MDA,Eastern Europe,Europe,Total,2010,2010,UNAIDS-WHO_Data_,Percent,31
MDA,Eastern Europe,Europe,Total,2008,2000,UNAIDS-WHO_Data_,Percent,27
MDA,Eastern Europe,Europe,Total,2007,2000,UNAIDS-WHO_Data_,Percent,20
MDA,Eastern Europe,Europe,Total,2006,2000,UNAIDS-WHO_Data_,Percent,7
ROU,Eastern Europe,Europe,Total,2013,2010,UNAIDS-WHO_Data_,Percent,47
ROU,Eastern Europe,Europe,Total,2012,2010,UNAIDS-WHO_Data_,Percent,38
ROU,Eastern Europe,Europe,Total,2011,2010,UNAIDS-WHO_Data_,Percent,35
ROU,Eastern Europe,Europe,Total,2010,2010,UNAIDS-WHO_Data_,Percent,33
ROU,Eastern Europe,Europe,Total,2009,2000,UNAIDS-WHO_Data_,Percent,28
ROU,Eastern Europe,Europe,Total,2008,2000,UNAIDS-WHO_Data_,Percent,23
RUS,Eastern Europe,Europe,Total,2010,2010,UNAIDS-WHO_Data_,Percent,94
RUS,Eastern Europe,Europe,Total,2009,2000,UNAIDS-WHO_Data_,Percent,73
RUS,Eastern Europe,Europe,Total,2008,2000,UNAIDS-WHO_Data_,Percent,19
RUS,Eastern Europe,Europe,Total,2007,2000,UNAIDS-WHO_Data_,Percent,15
RUS,Eastern Europe,Europe,Total,2006,2000,UNAIDS-WHO_Data_,Percent,14
RWA,Sub-Saharan Africa,Africa,Total,2013,2010,UNAIDS-WHO_Data_,Percent,46
RWA,Sub-Saharan Africa,Africa,Total,2012,2010,UNAIDS-WHO_Data_,Percent,52
RWA,Sub-Saharan Africa,Africa,Total,2011,2010,UNAIDS-WHO_Data_,Percent,50
RWA,Sub-Saharan Africa,Africa,Total,2010,2010,UNAIDS-WHO_Data_,Percent,53
RWA,Sub-Saharan Africa,Africa,Total,2009,2000,UNAIDS-WHO_Data_,Percent,50
RWA,Sub-Saharan Africa,Africa,Total,2008,2000,UNAIDS-WHO_Data_,Percent,46
RWA,Sub-Saharan Africa,Africa,Total,2007,2000,UNAIDS-WHO_Data_,Percent,32
RWA,Sub-Saharan Africa,Africa,Total,2006,2000,UNAIDS-WHO_Data_,Percent,24
RWA,Sub-Saharan Africa,Africa,Total,2005,2000,UNAIDS-WHO_Data_,Percent,8
STP,Sub-Saharan Africa,Africa,Total,2013,2010,UNAIDS-WHO_Data_,Percent,83
STP,Sub-Saharan Africa,Africa,Total,2012,2010,UNAIDS-WHO_Data_,Percent,49
STP,Sub-Saharan Africa,Africa,Total,2011,2010,UNAIDS-WHO_Data_,Percent,42
STP,Sub-Saharan Africa,Africa,Total,2010,2010,UNAIDS-WHO_Data_,Percent,20
STP,Sub-Saharan Africa,Africa,Total,2009,2000,UNAIDS-WHO_Data_,Percent,9
STP,Sub-Saharan Africa,Africa,Total,2008,2000,UNAIDS-WHO_Data_,Percent,9
STP,Sub-Saharan Africa,Africa,Total,2007,2000,UNAIDS-WHO_Data_,Percent,6
SEN,Sub-Saharan Africa,Africa,Total,2013,2010,UNAIDS-WHO_Data_,Percent,37
SEN,Sub-Saharan Africa,Africa,Total,2012,2010,UNAIDS-WHO_Data_,Percent,33
SEN,Sub-Saharan Africa,Africa,Total,2011,2010,UNAIDS-WHO_Data_,Percent,25
SEN,Sub-Saharan Africa,Africa,Total,2010,2010,UNAIDS-WHO_Data_,Percent,18
SEN,Sub-Saharan Africa,Africa,Total,2009,2000,UNAIDS-WHO_Data_,Percent,8
SEN,Sub-Saharan Africa,Africa,Total,2008,2000,UNAIDS-WHO_Data_,Percent,15
SEN,Sub-Saharan Africa,Africa,Total,2007,2000,UNAIDS-WHO_Data_,Percent,9
SRB,Southern Europe,Europe,Total,2013,2010,UNAIDS-WHO_Data_,Percent,95
SRB,Southern Europe,Europe,Total,2012,2010,UNAIDS-WHO_Data_,Percent,43
SRB,Southern Europe,Europe,Total,2011,2010,UNAIDS-WHO_Data_,Percent,38
SRB,Southern Europe,Europe,Total,2010,2010,UNAIDS-WHO_Data_,Percent,71
SRB,Southern Europe,Europe,Total,2009,2000,UNAIDS-WHO_Data_,Percent,33
SRB,Southern Europe,Europe,Total,2008,2000,UNAIDS-WHO_Data_,Percent,33
SRB,Southern Europe,Europe,Total,2007,2000,UNAIDS-WHO_Data_,Percent,64
SRB,Southern Europe,Europe,Total,2006,2000,UNAIDS-WHO_Data_,Percent,36
SRB,Southern Europe,Europe,Total,2005,2000,UNAIDS-WHO_Data_,Percent,86
SLE,Sub-Saharan Africa,Africa,Total,2013,2010,UNAIDS-WHO_Data_,Percent,41
SLE,Sub-Saharan Africa,Africa,Total,2012,2010,UNAIDS-WHO_Data_,Percent,44
SLE,Sub-Saharan Africa,Africa,Total,2011,2010,UNAIDS-WHO_Data_,Percent,12
SLE,Sub-Saharan Africa,Africa,Total,2010,2010,UNAIDS-WHO_Data_,Percent,9
SLE,Sub-Saharan Africa,Africa,Total,2009,2000,UNAIDS-WHO_Data_,Percent,6
SVK,Eastern Europe,Europe,Total,2010,2010,UNAIDS-WHO_Data_,Percent,95
SVK,Eastern Europe,Europe,Total,2005,2000,UNAIDS-WHO_Data_,Percent,95
SVK,Eastern Europe,Europe,Total,2003,2000,UNAIDS-WHO_Data_,Percent,95
SVN,Southern Europe,Europe,Total,2013,2010,UNAIDS-WHO_Data_,Percent,77
SVN,Southern Europe,Europe,Total,2007,2000,UNAIDS-WHO_Data_,Percent,77
SVN,Southern Europe,Europe,Total,2006,2000,UNAIDS-WHO_Data_,Percent,83
SVN,Southern Europe,Europe,Total,2004,2000,UNAIDS-WHO_Data_,Percent,95
SVN,Southern Europe,Europe,Total,2003,2000,UNAIDS-WHO_Data_,Percent,91
SOM,Sub-Saharan Africa,Africa,Total,2013,2010,UNAIDS-WHO_Data_,Percent,7
SOM,Sub-Saharan Africa,Africa,Total,2012,2010,UNAIDS-WHO_Data_,Percent,6
SOM,Sub-Saharan Africa,Africa,Total,2011,2010,UNAIDS-WHO_Data_,Percent,5
SOM,Sub-Saharan Africa,Africa,Total,2010,2010,UNAIDS-WHO_Data_,Percent,7
SOM,Sub-Saharan Africa,Africa,Total,2009,2000,UNAIDS-WHO_Data_,Percent,1
ZAF,Sub-Saharan Africa,Africa,Total,2013,2010,UNAIDS-WHO_Data_,Percent,45
ZAF,Sub-Saharan Africa,Africa,Total,2012,2010,UNAIDS-WHO_Data_,Percent,35
ZAF,Sub-Saharan Africa,Africa,Total,2011,2010,UNAIDS-WHO_Data_,Percent,31
ZAF,Sub-Saharan Africa,Africa,Total,2010,2010,UNAIDS-WHO_Data_,Percent,22
ZAF,Sub-Saharan Africa,Africa,Total,2009,2000,UNAIDS-WHO_Data_,Percent,16
ZAF,Sub-Saharan Africa,Africa,Total,2008,2000,UNAIDS-WHO_Data_,Percent,7
ZAF,Sub-Saharan Africa,Africa,Total,2007,2000,UNAIDS-WHO_Data_,Percent,7
ZAF,Sub-Saharan Africa,Africa,Total,2006,2000,UNAIDS-WHO_Data_,Percent,11
ZAF,Sub-Saharan Africa,Africa,Total,2005,2000,UNAIDS-WHO_Data_,Percent,4
ZAF,Sub-Saharan Africa,Africa,Total,2004,2000,UNAIDS-WHO_Data_,Percent,1
LKA,Southern Asia,Asia,Total,2013,2010,UNAIDS-WHO_Data_,Percent,95
LKA,Southern Asia,Asia,Total,2012,2010,UNAIDS-WHO_Data_,Percent,48
LKA,Southern Asia,Asia,Total,2011,2010,UNAIDS-WHO_Data_,Percent,95
LKA,Southern Asia,Asia,Total,2010,2010,UNAIDS-WHO_Data_,Percent,37
LKA,Southern Asia,Asia,Total,2009,2000,UNAIDS-WHO_Data_,Percent,47
LKA,Southern Asia,Asia,Total,2007,2000,UNAIDS-WHO_Data_,Percent,57
LKA,Southern Asia,Asia,Total,2006,2000,UNAIDS-WHO_Data_,Percent,38
LKA,Southern Asia,Asia,Total,2003,2000,UNAIDS-WHO_Data_,Percent,20
SDN,Northern Africa,Africa,Total,2013,2010,UNAIDS-WHO_Data_,Percent,5
SDN,Northern Africa,Africa,Total,2012,2010,UNAIDS-WHO_Data_,Percent,1
SDN,Northern Africa,Africa,Total,2011,2010,UNAIDS-WHO_Data_,Percent,3
SDN,Northern Africa,Africa,Total,2010,2010,UNAIDS-WHO_Data_,Percent,10
SDN,Northern Africa,Africa,Total,2009,2000,UNAIDS-WHO_Data_,Percent,15
SDN,Northern Africa,Africa,Total,2008,2000,UNAIDS-WHO_Data_,Percent,10
SDN,Northern Africa,Africa,Total,2007,2000,UNAIDS-WHO_Data_,Percent,2
SDN,Northern Africa,Africa,Total,2005,2000,UNAIDS-WHO_Data_,Percent,1
SUR,Latin America and the Caribbean,Americas,Total,2013,2010,UNAIDS-WHO_Data_,Percent,29
SUR,Latin America and the Caribbean,Americas,Total,2012,2010,UNAIDS-WHO_Data_,Percent,47
SUR,Latin America and the Caribbean,Americas,Total,2011,2010,UNAIDS-WHO_Data_,Percent,30
SUR,Latin America and the Caribbean,Americas,Total,2010,2010,UNAIDS-WHO_Data_,Percent,29
SUR,Latin America and the Caribbean,Americas,Total,2009,2000,UNAIDS-WHO_Data_,Percent,29
SUR,Latin America and the Caribbean,Americas,Total,2008,2000,UNAIDS-WHO_Data_,Percent,13
SUR,Latin America and the Caribbean,Americas,Total,2005,2000,UNAIDS-WHO_Data_,Percent,4
SUR,Latin America and the Caribbean,Americas,Total,2003,2000,UNAIDS-WHO_Data_,Percent,5
SWZ,Sub-Saharan Africa,Africa,Total,2013,2010,UNAIDS-WHO_Data_,Percent,29
SWZ,Sub-Saharan Africa,Africa,Total,2012,2010,UNAIDS-WHO_Data_,Percent,31
SWZ,Sub-Saharan Africa,Africa,Total,2011,2010,UNAIDS-WHO_Data_,Percent,27
SWZ,Sub-Saharan Africa,Africa,Total,2010,2010,UNAIDS-WHO_Data_,Percent,21
SWZ,Sub-Saharan Africa,Africa,Total,2009,2000,UNAIDS-WHO_Data_,Percent,19
SWZ,Sub-Saharan Africa,Africa,Total,2008,2000,UNAIDS-WHO_Data_,Percent,18
SWZ,Sub-Saharan Africa,Africa,Total,2007,2000,UNAIDS-WHO_Data_,Percent,9
SWZ,Sub-Saharan Africa,Africa,Total,2006,2000,UNAIDS-WHO_Data_,Percent,3
SWE,Northern Europe,Europe,Total,2013,2010,UNAIDS-WHO_Data_,Percent,95
TJK,Central Asia,Asia,Total,2013,2010,UNAIDS-WHO_Data_,Percent,62
TJK,Central Asia,Asia,Total,2012,2010,UNAIDS-WHO_Data_,Percent,29
TJK,Central Asia,Asia,Total,2011,2010,UNAIDS-WHO_Data_,Percent,24
TJK,Central Asia,Asia,Total,2010,2010,UNAIDS-WHO_Data_,Percent,18
TJK,Central Asia,Asia,Total,2009,2000,UNAIDS-WHO_Data_,Percent,7
TJK,Central Asia,Asia,Total,2008,2000,UNAIDS-WHO_Data_,Percent,5
TJK,Central Asia,Asia,Total,2007,2000,UNAIDS-WHO_Data_,Percent,3
THA,South-eastern Asia,Asia,Total,2013,2010,UNAIDS-WHO_Data_,Percent,41
THA,South-eastern Asia,Asia,Total,2012,2010,UNAIDS-WHO_Data_,Percent,38
THA,South-eastern Asia,Asia,Total,2011,2010,UNAIDS-WHO_Data_,Percent,33
THA,South-eastern Asia,Asia,Total,2010,2010,UNAIDS-WHO_Data_,Percent,37
THA,South-eastern Asia,Asia,Total,2009,2000,UNAIDS-WHO_Data_,Percent,29
THA,South-eastern Asia,Asia,Total,2008,2000,UNAIDS-WHO_Data_,Percent,21
THA,South-eastern Asia,Asia,Total,2007,2000,UNAIDS-WHO_Data_,Percent,15
THA,South-eastern Asia,Asia,Total,2006,2000,UNAIDS-WHO_Data_,Percent,14
TGO,Sub-Saharan Africa,Africa,Total,2013,2010,UNAIDS-WHO_Data_,Percent,34
TGO,Sub-Saharan Africa,Africa,Total,2012,2010,UNAIDS-WHO_Data_,Percent,51
TGO,Sub-Saharan Africa,Africa,Total,2011,2010,UNAIDS-WHO_Data_,Percent,41
TGO,Sub-Saharan Africa,Africa,Total,2010,2010,UNAIDS-WHO_Data_,Percent,28
TGO,Sub-Saharan Africa,Africa,Total,2009,2000,UNAIDS-WHO_Data_,Percent,10
TGO,Sub-Saharan Africa,Africa,Total,2008,2000,UNAIDS-WHO_Data_,Percent,4
TTO,Latin America and the Caribbean,Americas,Total,2013,2010,UNAIDS-WHO_Data_,Percent,4
TTO,Latin America and the Caribbean,Americas,Total,2012,2010,UNAIDS-WHO_Data_,Percent,30
TTO,Latin America and the Caribbean,Americas,Total,2011,2010,UNAIDS-WHO_Data_,Percent,19
TTO,Latin America and the Caribbean,Americas,Total,2010,2010,UNAIDS-WHO_Data_,Percent,23
TTO,Latin America and the Caribbean,Americas,Total,2009,2000,UNAIDS-WHO_Data_,Percent,7
TTO,Latin America and the Caribbean,Americas,Total,2008,2000,UNAIDS-WHO_Data_,Percent,44
TTO,Latin America and the Caribbean,Americas,Total,2007,2000,UNAIDS-WHO_Data_,Percent,22
TTO,Latin America and the Caribbean,Americas,Total,2006,2000,UNAIDS-WHO_Data_,Percent,50
TTO,Latin America and the Caribbean,Americas,Total,2005,2000,UNAIDS-WHO_Data_,Percent,22
TTO,Latin America and the Caribbean,Americas,Total,2004,2000,UNAIDS-WHO_Data_,Percent,22
TTO,Latin America and the Caribbean,Americas,Total,2003,2000,UNAIDS-WHO_Data_,Percent,30
TUN,Northern Africa,Africa,Total,2013,2010,UNAIDS-WHO_Data_,Percent,95
TUN,Northern Africa,Africa,Total,2012,2010,UNAIDS-WHO_Data_,Percent,95
TUN,Northern Africa,Africa,Total,2011,2010,UNAIDS-WHO_Data_,Percent,95
TUN,Northern Africa,Africa,Total,2010,2010,UNAIDS-WHO_Data_,Percent,88
TUN,Northern Africa,Africa,Total,2009,2000,UNAIDS-WHO_Data_,Percent,32
TUN,Northern Africa,Africa,Total,2008,2000,UNAIDS-WHO_Data_,Percent,41
TUN,Northern Africa,Africa,Total,2007,2000,UNAIDS-WHO_Data_,Percent,95
TUN,Northern Africa,Africa,Total,2006,2000,UNAIDS-WHO_Data_,Percent,95
TUN,Northern Africa,Africa,Total,2005,2000,UNAIDS-WHO_Data_,Percent,80
TUN,Northern Africa,Africa,Total,2003,2000,UNAIDS-WHO_Data_,Percent,59
TUR,Western Asia,Asia,Total,2013,2010,UNAIDS-WHO_Data_,Percent,26
TUR,Western Asia,Asia,Total,2012,2010,UNAIDS-WHO_Data_,Percent,51
TUR,Western Asia,Asia,Total,2011,2010,UNAIDS-WHO_Data_,Percent,44
TUR,Western Asia,Asia,Total,2010,2010,UNAIDS-WHO_Data_,Percent,16
UGA,Sub-Saharan Africa,Africa,Total,2013,2010,UNAIDS-WHO_Data_,Percent,42
UGA,Sub-Saharan Africa,Africa,Total,2012,2010,UNAIDS-WHO_Data_,Percent,28
UGA,Sub-Saharan Africa,Africa,Total,2011,2010,UNAIDS-WHO_Data_,Percent,18
UGA,Sub-Saharan Africa,Africa,Total,2010,2010,UNAIDS-WHO_Data_,Percent,12
UGA,Sub-Saharan Africa,Africa,Total,2009,2000,UNAIDS-WHO_Data_,Percent,9
UGA,Sub-Saharan Africa,Africa,Total,2008,2000,UNAIDS-WHO_Data_,Percent,8
UGA,Sub-Saharan Africa,Africa,Total,2007,2000,UNAIDS-WHO_Data_,Percent,3
UGA,Sub-Saharan Africa,Africa,Total,2006,2000,UNAIDS-WHO_Data_,Percent,2
UGA,Sub-Saharan Africa,Africa,Total,2005,2000,UNAIDS-WHO_Data_,Percent,2
UKR,Eastern Europe,Europe,Total,2013,2010,UNAIDS-WHO_Data_,Percent,55
UKR,Eastern Europe,Europe,Total,2012,2010,UNAIDS-WHO_Data_,Percent,46
UKR,Eastern Europe,Europe,Total,2011,2010,UNAIDS-WHO_Data_,Percent,36
UKR,Eastern Europe,Europe,Total,2010,2010,UNAIDS-WHO_Data_,Percent,32
UKR,Eastern Europe,Europe,Total,2009,2000,UNAIDS-WHO_Data_,Percent,18
UKR,Eastern Europe,Europe,Total,2008,2000,UNAIDS-WHO_Data_,Percent,18
TZA,Sub-Saharan Africa,Africa,Total,2013,2010,UNAIDS-WHO_Data_,Percent,50
TZA,Sub-Saharan Africa,Africa,Total,2012,2010,UNAIDS-WHO_Data_,Percent,33
TZA,Sub-Saharan Africa,Africa,Total,2011,2010,UNAIDS-WHO_Data_,Percent,23
TZA,Sub-Saharan Africa,Africa,Total,2010,2010,UNAIDS-WHO_Data_,Percent,22
TZA,Sub-Saharan Africa,Africa,Total,2009,2000,UNAIDS-WHO_Data_,Percent,18
TZA,Sub-Saharan Africa,Africa,Total,2008,2000,UNAIDS-WHO_Data_,Percent,16
TZA,Sub-Saharan Africa,Africa,Total,2007,2000,UNAIDS-WHO_Data_,Percent,12
TZA,Sub-Saharan Africa,Africa,Total,2006,2000,UNAIDS-WHO_Data_,Percent,0
TZA,Sub-Saharan Africa,Africa,Total,2005,2000,UNAIDS-WHO_Data_,Percent,0
URY,Latin America and the Caribbean,Americas,Total,2013,2010,UNAIDS-WHO_Data_,Percent,39
URY,Latin America and the Caribbean,Americas,Total,2012,2010,UNAIDS-WHO_Data_,Percent,48
URY,Latin America and the Caribbean,Americas,Total,2011,2010,UNAIDS-WHO_Data_,Percent,26
URY,Latin America and the Caribbean,Americas,Total,2010,2010,UNAIDS-WHO_Data_,Percent,29
URY,Latin America and the Caribbean,Americas,Total,2009,2000,UNAIDS-WHO_Data_,Percent,15
URY,Latin America and the Caribbean,Americas,Total,2008,2000,UNAIDS-WHO_Data_,Percent,15
URY,Latin America and the Caribbean,Americas,Total,2007,2000,UNAIDS-WHO_Data_,Percent,16
URY,Latin America and the Caribbean,Americas,Total,2006,2000,UNAIDS-WHO_Data_,Percent,15
UZB,Central Asia,Asia,Total,2013,2010,UNAIDS-WHO_Data_,Percent,82
UZB,Central Asia,Asia,Total,2012,2010,UNAIDS-WHO_Data_,Percent,10
UZB,Central Asia,Asia,Total,2011,2010,UNAIDS-WHO_Data_,Percent,16
UZB,Central Asia,Asia,Total,2010,2010,UNAIDS-WHO_Data_,Percent,13
UZB,Central Asia,Asia,Total,2009,2000,UNAIDS-WHO_Data_,Percent,3
UZB,Central Asia,Asia,Total,2008,2000,UNAIDS-WHO_Data_,Percent,6
UZB,Central Asia,Asia,Total,2007,2000,UNAIDS-WHO_Data_,Percent,1
UZB,Central Asia,Asia,Total,2006,2000,UNAIDS-WHO_Data_,Percent,1
VEN,Latin America and the Caribbean,Americas,Total,2013,2010,UNAIDS-WHO_Data_,Percent,46
VEN,Latin America and the Caribbean,Americas,Total,2012,2010,UNAIDS-WHO_Data_,Percent,43
VEN,Latin America and the Caribbean,Americas,Total,2011,2010,UNAIDS-WHO_Data_,Percent,14
VEN,Latin America and the Caribbean,Americas,Total,2010,2010,UNAIDS-WHO_Data_,Percent,13
VEN,Latin America and the Caribbean,Americas,Total,2009,2000,UNAIDS-WHO_Data_,Percent,8
VEN,Latin America and the Caribbean,Americas,Total,2008,2000,UNAIDS-WHO_Data_,Percent,6
VEN,Latin America and the Caribbean,Americas,Total,2007,2000,UNAIDS-WHO_Data_,Percent,12
VEN,Latin America and the Caribbean,Americas,Total,2006,2000,UNAIDS-WHO_Data_,Percent,14
VEN,Latin America and the Caribbean,Americas,Total,2005,2000,UNAIDS-WHO_Data_,Percent,13
VEN,Latin America and the Caribbean,Americas,Total,2004,2000,UNAIDS-WHO_Data_,Percent,10
VNM,South-eastern Asia,Asia,Total,2013,2010,UNAIDS-WHO_Data_,Percent,29
VNM,South-eastern Asia,Asia,Total,2012,2010,UNAIDS-WHO_Data_,Percent,24
VNM,South-eastern Asia,Asia,Total,2011,2010,UNAIDS-WHO_Data_,Percent,24
VNM,South-eastern Asia,Asia,Total,2010,2010,UNAIDS-WHO_Data_,Percent,16
VNM,South-eastern Asia,Asia,Total,2009,2000,UNAIDS-WHO_Data_,Percent,4
VNM,South-eastern Asia,Asia,Total,2008,2000,UNAIDS-WHO_Data_,Percent,8
YEM,Western Asia,Asia,Total,2013,2010,UNAIDS-WHO_Data_,Percent,27
YEM,Western Asia,Asia,Total,2012,2010,UNAIDS-WHO_Data_,Percent,15
ZMB,Sub-Saharan Africa,Africa,Total,2013,2010,UNAIDS-WHO_Data_,Percent,46
ZMB,Sub-Saharan Africa,Africa,Total,2012,2010,UNAIDS-WHO_Data_,Percent,38
ZMB,Sub-Saharan Africa,Africa,Total,2011,2010,UNAIDS-WHO_Data_,Percent,36
ZMB,Sub-Saharan Africa,Africa,Total,2010,2010,UNAIDS-WHO_Data_,Percent,31
ZMB,Sub-Saharan Africa,Africa,Total,2009,2000,UNAIDS-WHO_Data_,Percent,25
ZMB,Sub-Saharan Africa,Africa,Total,2008,2000,UNAIDS-WHO_Data_,Percent,22
ZMB,Sub-Saharan Africa,Africa,Total,2007,2000,UNAIDS-WHO_Data_,Percent,15
ZMB,Sub-Saharan Africa,Africa,Total,2006,2000,UNAIDS-WHO_Data_,Percent,6
ZMB,Sub-Saharan Africa,Africa,Total,2005,2000,UNAIDS-WHO_Data_,Percent,1
ZMB,Sub-Saharan Africa,Africa,Total,2004,2000,UNAIDS-WHO_Data_,Percent,1
ZMB,Sub-Saharan Africa,Africa,Total,2003,2000,UNAIDS-WHO_Data_,Percent,1
ZWE,Sub-Saharan Africa,Africa,Total,2013,2010,UNAIDS-WHO_Data_,Percent,31
ZWE,Sub-Saharan Africa,Africa,Total,2012,2010,UNAIDS-WHO_Data_,Percent,32
ZWE,Sub-Saharan Africa,Africa,Total,2011,2010,UNAIDS-WHO_Data_,Percent,28
ZWE,Sub-Saharan Africa,Africa,Total,2010,2010,UNAIDS-WHO_Data_,Percent,22
ZWE,Sub-Saharan Africa,Africa,Total,2009,2000,UNAIDS-WHO_Data_,Percent,13
ZWE,Sub-Saharan Africa,Africa,Total,2008,2000,UNAIDS-WHO_Data_,Percent,7
ZWE,Sub-Saharan Africa,Africa,Total,2007,2000,UNAIDS-WHO_Data_,Percent,2
