Country,Sub-region Name,Region Name,Sex,Age group,Estimate,Year,Decade,Source,Unit,Value
ALB,Southern Europe,Europe,male,20,,2014,2010,UNAIDS_GARPR_,Percent,43.0
ALB,Southern Europe,Europe,male,25,,2014,2010,UNAIDS_GARPR_,Percent,28.1
ALB,Southern Europe,Europe,male,15-49,"",2014,2010,UNAIDS_GARPR_,Percent,36.9
ARM,Western Asia,Asia,male,20,,2014,2010,UNAIDS_GARPR_,Percent,85.6
ARM,Western Asia,Asia,male,25,,2014,2010,UNAIDS_GARPR_,Percent,64.9
ARM,Western Asia,Asia,male,15-49,"",2014,2010,UNAIDS_GARPR_,Percent,72.3
ARM,Western Asia,Asia,both,15-49,"",2014,2010,UNAIDS_GARPR_,Percent,72.3
AZE,Western Asia,Asia,male,20,,2014,2010,UNAIDS_GARPR_,Percent,25.9
AZE,Western Asia,Asia,male,25,,2014,2010,UNAIDS_GARPR_,Percent,23.5
AZE,Western Asia,Asia,male,15-49,"",2014,2010,UNAIDS_GARPR_,Percent,26.0
BLZ,Latin America and the Caribbean,Americas,female,15-49,"",2014,2010,UNAIDS_GARPR_,Percent,47.6
BLZ,Latin America and the Caribbean,Americas,male,15-49,"",2014,2010,UNAIDS_GARPR_,Percent,65.5
BLZ,Latin America and the Caribbean,Americas,both,15-49,"",2014,2010,UNAIDS_GARPR_,Percent,60.5
BEN,Sub-Saharan Africa,Africa,female,15,,2014,2010,UNAIDS_GARPR_,Percent,33.0
BEN,Sub-Saharan Africa,Africa,female,20,,2014,2010,UNAIDS_GARPR_,Percent,36.0
BEN,Sub-Saharan Africa,Africa,female,25,,2014,2010,UNAIDS_GARPR_,Percent,23.6
BEN,Sub-Saharan Africa,Africa,female,15-49,"",2014,2010,UNAIDS_GARPR_,Percent,30.1
BEN,Sub-Saharan Africa,Africa,male,15,,2014,2010,UNAIDS_GARPR_,Percent,40.3
BEN,Sub-Saharan Africa,Africa,male,20,,2014,2010,UNAIDS_GARPR_,Percent,45.8
BEN,Sub-Saharan Africa,Africa,male,25,,2014,2010,UNAIDS_GARPR_,Percent,15.7
BEN,Sub-Saharan Africa,Africa,male,15-49,"",2014,2010,UNAIDS_GARPR_,Percent,22.0
BOL,Latin America and the Caribbean,Americas,male,15,,2014,2010,UNAIDS_GARPR_,Percent,43.2
BOL,Latin America and the Caribbean,Americas,male,20,,2014,2010,UNAIDS_GARPR_,Percent,39.1
BOL,Latin America and the Caribbean,Americas,male,25,,2014,2010,UNAIDS_GARPR_,Percent,30.9
BOL,Latin America and the Caribbean,Americas,male,15-49,"",2014,2010,UNAIDS_GARPR_,Percent,35.2
BFA,Sub-Saharan Africa,Africa,female,15,,2014,2010,UNAIDS_GARPR_,Percent,57.3
BFA,Sub-Saharan Africa,Africa,female,20,,2014,2010,UNAIDS_GARPR_,Percent,73.6
BFA,Sub-Saharan Africa,Africa,female,25,,2014,2010,UNAIDS_GARPR_,Percent,57.4
BFA,Sub-Saharan Africa,Africa,female,15-49,"",2014,2010,UNAIDS_GARPR_,Percent,62.3
BFA,Sub-Saharan Africa,Africa,male,15,,2014,2010,UNAIDS_GARPR_,Percent,76.4
BFA,Sub-Saharan Africa,Africa,male,20,,2014,2010,UNAIDS_GARPR_,Percent,74.2
BFA,Sub-Saharan Africa,Africa,male,25,,2014,2010,UNAIDS_GARPR_,Percent,18.9
BFA,Sub-Saharan Africa,Africa,male,15-49,"",2014,2010,UNAIDS_GARPR_,Percent,26.5
BFA,Sub-Saharan Africa,Africa,both,15-49,"",2014,2010,UNAIDS_GARPR_,Percent,29.4
BDI,Sub-Saharan Africa,Africa,female,15-49,"",2014,2010,UNAIDS_GARPR_,Percent,14.3
BDI,Sub-Saharan Africa,Africa,male,25,,2014,2010,UNAIDS_GARPR_,Percent,8.2
BDI,Sub-Saharan Africa,Africa,male,15-49,"",2014,2010,UNAIDS_GARPR_,Percent,14.3
KHM,South-eastern Asia,Asia,male,25,,2014,2010,UNAIDS_GARPR_,Percent,31.5
KHM,South-eastern Asia,Asia,male,15-49,"",2014,2010,UNAIDS_GARPR_,Percent,39.5
CMR,Sub-Saharan Africa,Africa,female,15,,2014,2010,UNAIDS_GARPR_,Percent,52.0
CMR,Sub-Saharan Africa,Africa,female,20,,2014,2010,UNAIDS_GARPR_,Percent,43.7
CMR,Sub-Saharan Africa,Africa,female,25,,2014,2010,UNAIDS_GARPR_,Percent,29.6
CMR,Sub-Saharan Africa,Africa,female,15-49,"",2014,2010,UNAIDS_GARPR_,Percent,37.3
CMR,Sub-Saharan Africa,Africa,male,15,,2014,2010,UNAIDS_GARPR_,Percent,69.6
CMR,Sub-Saharan Africa,Africa,male,20,,2014,2010,UNAIDS_GARPR_,Percent,65.2
CMR,Sub-Saharan Africa,Africa,male,25,,2014,2010,UNAIDS_GARPR_,Percent,33.9
CMR,Sub-Saharan Africa,Africa,male,15-49,"",2014,2010,UNAIDS_GARPR_,Percent,43.0
TCD,Sub-Saharan Africa,Africa,female,20,,2014,2010,UNAIDS_GARPR_,Percent,15.8
TCD,Sub-Saharan Africa,Africa,female,25,,2014,2010,UNAIDS_GARPR_,Percent,4.6
TCD,Sub-Saharan Africa,Africa,female,15-49,"",2014,2010,UNAIDS_GARPR_,Percent,6.8
TCD,Sub-Saharan Africa,Africa,male,15,,2014,2010,UNAIDS_GARPR_,Percent,33.6
TCD,Sub-Saharan Africa,Africa,male,20,,2014,2010,UNAIDS_GARPR_,Percent,22.6
TCD,Sub-Saharan Africa,Africa,male,25,,2014,2010,UNAIDS_GARPR_,Percent,17.8
TCD,Sub-Saharan Africa,Africa,male,15-49,"",2014,2010,UNAIDS_GARPR_,Percent,20.2
COL,Latin America and the Caribbean,Americas,female,15,,2014,2010,UNAIDS_GARPR_,Percent,44.5
COL,Latin America and the Caribbean,Americas,female,20,,2014,2010,UNAIDS_GARPR_,Percent,34.0
COL,Latin America and the Caribbean,Americas,female,25,,2014,2010,UNAIDS_GARPR_,Percent,28.5
COL,Latin America and the Caribbean,Americas,female,15-49,"",2014,2010,UNAIDS_GARPR_,Percent,33.7
COM,Sub-Saharan Africa,Africa,female,25,,2014,2010,UNAIDS_GARPR_,Percent,9.4
COM,Sub-Saharan Africa,Africa,female,15-49,"",2014,2010,UNAIDS_GARPR_,Percent,15.4
COM,Sub-Saharan Africa,Africa,male,15,,2014,2010,UNAIDS_GARPR_,Percent,50.7
COM,Sub-Saharan Africa,Africa,male,20,,2014,2010,UNAIDS_GARPR_,Percent,54.3
COM,Sub-Saharan Africa,Africa,male,25,,2014,2010,UNAIDS_GARPR_,Percent,30.6
COM,Sub-Saharan Africa,Africa,male,15-49,"",2014,2010,UNAIDS_GARPR_,Percent,36.8
COM,Sub-Saharan Africa,Africa,both,15-49,"",2014,2010,UNAIDS_GARPR_,Percent,31.0
COG,Sub-Saharan Africa,Africa,female,15,,2014,2010,UNAIDS_GARPR_,Percent,45.5
COG,Sub-Saharan Africa,Africa,female,20,,2014,2010,UNAIDS_GARPR_,Percent,44.5
COG,Sub-Saharan Africa,Africa,female,25,,2014,2010,UNAIDS_GARPR_,Percent,33.0
COG,Sub-Saharan Africa,Africa,female,15-49,"",2014,2010,UNAIDS_GARPR_,Percent,38.7
COG,Sub-Saharan Africa,Africa,male,15,,2014,2010,UNAIDS_GARPR_,Percent,56.0
COG,Sub-Saharan Africa,Africa,male,20,,2014,2010,UNAIDS_GARPR_,Percent,47.8
COG,Sub-Saharan Africa,Africa,male,25,,2014,2010,UNAIDS_GARPR_,Percent,27.4
COG,Sub-Saharan Africa,Africa,male,15-49,"",2014,2010,UNAIDS_GARPR_,Percent,34.4
CIV,Sub-Saharan Africa,Africa,female,15,,2014,2010,UNAIDS_GARPR_,Percent,31.8
CIV,Sub-Saharan Africa,Africa,female,20,,2014,2010,UNAIDS_GARPR_,Percent,36.3
CIV,Sub-Saharan Africa,Africa,female,25,,2014,2010,UNAIDS_GARPR_,Percent,24.3
CIV,Sub-Saharan Africa,Africa,female,15-49,"",2014,2010,UNAIDS_GARPR_,Percent,29.7
CIV,Sub-Saharan Africa,Africa,male,15,,2014,2010,UNAIDS_GARPR_,Percent,70.1
CIV,Sub-Saharan Africa,Africa,male,20,,2014,2010,UNAIDS_GARPR_,Percent,50.9
CIV,Sub-Saharan Africa,Africa,male,25,,2014,2010,UNAIDS_GARPR_,Percent,27.0
CIV,Sub-Saharan Africa,Africa,male,15-49,"",2014,2010,UNAIDS_GARPR_,Percent,35.7
COD,Sub-Saharan Africa,Africa,female,15,,2014,2010,UNAIDS_GARPR_,Percent,12.1
COD,Sub-Saharan Africa,Africa,female,20,,2014,2010,UNAIDS_GARPR_,Percent,10.5
COD,Sub-Saharan Africa,Africa,female,25,,2014,2010,UNAIDS_GARPR_,Percent,13.0
COD,Sub-Saharan Africa,Africa,female,15-49,"",2014,2010,UNAIDS_GARPR_,Percent,12.2
COD,Sub-Saharan Africa,Africa,male,15,,2014,2010,UNAIDS_GARPR_,Percent,17.3
COD,Sub-Saharan Africa,Africa,male,20,,2014,2010,UNAIDS_GARPR_,Percent,24.8
COD,Sub-Saharan Africa,Africa,male,25,,2014,2010,UNAIDS_GARPR_,Percent,8.9
COD,Sub-Saharan Africa,Africa,male,15-49,"",2014,2010,UNAIDS_GARPR_,Percent,12.6
COD,Sub-Saharan Africa,Africa,both,15-49,"",2014,2010,UNAIDS_GARPR_,Percent,12.3
DOM,Latin America and the Caribbean,Americas,female,15,,2014,2010,UNAIDS_GARPR_,Percent,40.3
DOM,Latin America and the Caribbean,Americas,female,20,,2014,2010,UNAIDS_GARPR_,Percent,39.3
DOM,Latin America and the Caribbean,Americas,female,25,,2014,2010,UNAIDS_GARPR_,Percent,35.0
DOM,Latin America and the Caribbean,Americas,female,15-49,"",2014,2010,UNAIDS_GARPR_,Percent,37.6
DOM,Latin America and the Caribbean,Americas,male,15,,2014,2010,UNAIDS_GARPR_,Percent,67.4
DOM,Latin America and the Caribbean,Americas,male,20,,2014,2010,UNAIDS_GARPR_,Percent,51.4
DOM,Latin America and the Caribbean,Americas,male,25,,2014,2010,UNAIDS_GARPR_,Percent,38.8
DOM,Latin America and the Caribbean,Americas,male,15-49,"",2014,2010,UNAIDS_GARPR_,Percent,45.8
DOM,Latin America and the Caribbean,Americas,both,15-49,"",2014,2010,UNAIDS_GARPR_,Percent,44.6
ETH,Sub-Saharan Africa,Africa,female,25,,2014,2010,UNAIDS_GARPR_,Percent,35.6
ETH,Sub-Saharan Africa,Africa,female,15-49,"",2014,2010,UNAIDS_GARPR_,Percent,47.1
ETH,Sub-Saharan Africa,Africa,male,20,,2014,2010,UNAIDS_GARPR_,Percent,36.9
ETH,Sub-Saharan Africa,Africa,male,25,,2014,2010,UNAIDS_GARPR_,Percent,11.4
ETH,Sub-Saharan Africa,Africa,male,15-49,"",2014,2010,UNAIDS_GARPR_,Percent,15.5
GAB,Sub-Saharan Africa,Africa,female,15,,2014,2010,UNAIDS_GARPR_,Percent,58.3
GAB,Sub-Saharan Africa,Africa,female,20,,2014,2010,UNAIDS_GARPR_,Percent,54.0
GAB,Sub-Saharan Africa,Africa,female,25,,2014,2010,UNAIDS_GARPR_,Percent,32.6
GAB,Sub-Saharan Africa,Africa,female,15-49,"",2014,2010,UNAIDS_GARPR_,Percent,44.1
GAB,Sub-Saharan Africa,Africa,male,15,,2014,2010,UNAIDS_GARPR_,Percent,77.3
GAB,Sub-Saharan Africa,Africa,male,20,,2014,2010,UNAIDS_GARPR_,Percent,76.1
GAB,Sub-Saharan Africa,Africa,male,25,,2014,2010,UNAIDS_GARPR_,Percent,41.2
GAB,Sub-Saharan Africa,Africa,male,15-49,"",2014,2010,UNAIDS_GARPR_,Percent,51.1
GMB,Sub-Saharan Africa,Africa,male,20,,2014,2010,UNAIDS_GARPR_,Percent,56.8
GMB,Sub-Saharan Africa,Africa,male,25,,2014,2010,UNAIDS_GARPR_,Percent,13.8
GMB,Sub-Saharan Africa,Africa,male,15-49,"",2014,2010,UNAIDS_GARPR_,Percent,18.8
GHA,Sub-Saharan Africa,Africa,female,25,,2014,2010,UNAIDS_GARPR_,Percent,7.5
GHA,Sub-Saharan Africa,Africa,female,15-49,"",2014,2010,UNAIDS_GARPR_,Percent,18.1
GHA,Sub-Saharan Africa,Africa,male,15,,2014,2010,UNAIDS_GARPR_,Percent,24.4
GHA,Sub-Saharan Africa,Africa,male,20,,2014,2010,UNAIDS_GARPR_,Percent,49.2
GHA,Sub-Saharan Africa,Africa,male,25,,2014,2010,UNAIDS_GARPR_,Percent,22.1
GHA,Sub-Saharan Africa,Africa,male,15-49,"",2014,2010,UNAIDS_GARPR_,Percent,26.2
GIN,Sub-Saharan Africa,Africa,female,15,,2014,2010,UNAIDS_GARPR_,Percent,29.7
GIN,Sub-Saharan Africa,Africa,female,20,,2014,2010,UNAIDS_GARPR_,Percent,41.5
GIN,Sub-Saharan Africa,Africa,female,25,,2014,2010,UNAIDS_GARPR_,Percent,28.0
GIN,Sub-Saharan Africa,Africa,female,15-49,"",2014,2010,UNAIDS_GARPR_,Percent,32.1
GIN,Sub-Saharan Africa,Africa,male,15,,2014,2010,UNAIDS_GARPR_,Percent,46.2
GIN,Sub-Saharan Africa,Africa,male,20,,2014,2010,UNAIDS_GARPR_,Percent,57.9
GIN,Sub-Saharan Africa,Africa,male,25,,2014,2010,UNAIDS_GARPR_,Percent,17.3
GIN,Sub-Saharan Africa,Africa,male,15-49,"",2014,2010,UNAIDS_GARPR_,Percent,25.4
GNB,Sub-Saharan Africa,Africa,female,15-49,"",2014,2010,UNAIDS_GARPR_,Percent,59.7
GNB,Sub-Saharan Africa,Africa,male,15-49,"",2014,2010,UNAIDS_GARPR_,Percent,44.2
GNB,Sub-Saharan Africa,Africa,both,15-49,"",2014,2010,UNAIDS_GARPR_,Percent,37.4
GUY,Latin America and the Caribbean,Americas,female,25,,2014,2010,UNAIDS_GARPR_,Percent,46.1
GUY,Latin America and the Caribbean,Americas,female,15-49,"",2014,2010,UNAIDS_GARPR_,Percent,47.9
GUY,Latin America and the Caribbean,Americas,male,15,,2014,2010,UNAIDS_GARPR_,Percent,85.8
GUY,Latin America and the Caribbean,Americas,male,20,,2014,2010,UNAIDS_GARPR_,Percent,70.4
GUY,Latin America and the Caribbean,Americas,male,25,,2014,2010,UNAIDS_GARPR_,Percent,57.4
GUY,Latin America and the Caribbean,Americas,male,15-49,"",2014,2010,UNAIDS_GARPR_,Percent,65.4
HTI,Latin America and the Caribbean,Americas,female,15,,2014,2010,UNAIDS_GARPR_,Percent,41.9
HTI,Latin America and the Caribbean,Americas,female,20,,2014,2010,UNAIDS_GARPR_,Percent,56.7
HTI,Latin America and the Caribbean,Americas,female,25,,2014,2010,UNAIDS_GARPR_,Percent,35.4
HTI,Latin America and the Caribbean,Americas,female,15-49,"",2014,2010,UNAIDS_GARPR_,Percent,43.2
HTI,Latin America and the Caribbean,Americas,male,15,,2014,2010,UNAIDS_GARPR_,Percent,58.0
HTI,Latin America and the Caribbean,Americas,male,20,,2014,2010,UNAIDS_GARPR_,Percent,64.0
HTI,Latin America and the Caribbean,Americas,male,25,,2014,2010,UNAIDS_GARPR_,Percent,37.5
HTI,Latin America and the Caribbean,Americas,male,15-49,"",2014,2010,UNAIDS_GARPR_,Percent,46.7
HTI,Latin America and the Caribbean,Americas,both,15-49,"",2014,2010,UNAIDS_GARPR_,Percent,46.2
HND,Latin America and the Caribbean,Americas,female,15,,2014,2010,UNAIDS_GARPR_,Percent,38.9
HND,Latin America and the Caribbean,Americas,female,20,,2014,2010,UNAIDS_GARPR_,Percent,37.2
HND,Latin America and the Caribbean,Americas,female,25,,2014,2010,UNAIDS_GARPR_,Percent,25.0
HND,Latin America and the Caribbean,Americas,female,15-49,"",2014,2010,UNAIDS_GARPR_,Percent,33.1
HND,Latin America and the Caribbean,Americas,male,15,,2014,2010,UNAIDS_GARPR_,Percent,72.6
HND,Latin America and the Caribbean,Americas,male,20,,2014,2010,UNAIDS_GARPR_,Percent,48.8
HND,Latin America and the Caribbean,Americas,male,25,,2014,2010,UNAIDS_GARPR_,Percent,29.5
HND,Latin America and the Caribbean,Americas,male,15-49,"",2014,2010,UNAIDS_GARPR_,Percent,43.6
IND,Southern Asia,Asia,female,25,,2014,2010,UNAIDS_GARPR_,Percent,8.8
IND,Southern Asia,Asia,female,15-49,"",2014,2010,UNAIDS_GARPR_,Percent,11.8
IND,Southern Asia,Asia,male,15,,2014,2010,UNAIDS_GARPR_,Percent,38.0
IND,Southern Asia,Asia,male,20,,2014,2010,UNAIDS_GARPR_,Percent,28.8
IND,Southern Asia,Asia,male,25,,2014,2010,UNAIDS_GARPR_,Percent,15.2
IND,Southern Asia,Asia,male,15-49,"",2014,2010,UNAIDS_GARPR_,Percent,22.7
KEN,Sub-Saharan Africa,Africa,female,20,,2014,2010,UNAIDS_GARPR_,Percent,36.2
KEN,Sub-Saharan Africa,Africa,female,25,,2014,2010,UNAIDS_GARPR_,Percent,25.5
KEN,Sub-Saharan Africa,Africa,female,15-49,"",2014,2010,UNAIDS_GARPR_,Percent,31.8
KEN,Sub-Saharan Africa,Africa,male,15,,2014,2010,UNAIDS_GARPR_,Percent,69.1
KEN,Sub-Saharan Africa,Africa,male,20,,2014,2010,UNAIDS_GARPR_,Percent,66.5
KEN,Sub-Saharan Africa,Africa,male,25,,2014,2010,UNAIDS_GARPR_,Percent,20.3
KEN,Sub-Saharan Africa,Africa,male,15-49,"",2014,2010,UNAIDS_GARPR_,Percent,37.0
KGZ,Central Asia,Asia,female,15-49,"",2014,2010,UNAIDS_GARPR_,Percent,21.0
KGZ,Central Asia,Asia,male,20,,2014,2010,UNAIDS_GARPR_,Percent,72.1
KGZ,Central Asia,Asia,male,25,,2014,2010,UNAIDS_GARPR_,Percent,54.5
KGZ,Central Asia,Asia,male,15-49,"",2014,2010,UNAIDS_GARPR_,Percent,66.4
LSO,Sub-Saharan Africa,Africa,female,15,,2014,2010,UNAIDS_GARPR_,Percent,42.9
LSO,Sub-Saharan Africa,Africa,female,20,,2014,2010,UNAIDS_GARPR_,Percent,49.7
LSO,Sub-Saharan Africa,Africa,female,25,,2014,2010,UNAIDS_GARPR_,Percent,35.1
LSO,Sub-Saharan Africa,Africa,female,15-49,"",2014,2010,UNAIDS_GARPR_,Percent,38.5
LSO,Sub-Saharan Africa,Africa,male,15,,2014,2010,UNAIDS_GARPR_,Percent,60.2
LSO,Sub-Saharan Africa,Africa,male,20,,2014,2010,UNAIDS_GARPR_,Percent,60.3
LSO,Sub-Saharan Africa,Africa,male,25,,2014,2010,UNAIDS_GARPR_,Percent,45.6
LSO,Sub-Saharan Africa,Africa,male,15-49,"",2014,2010,UNAIDS_GARPR_,Percent,52.3
LBR,Sub-Saharan Africa,Africa,female,15,,2014,2010,UNAIDS_GARPR_,Percent,27.1
LBR,Sub-Saharan Africa,Africa,female,20,,2014,2010,UNAIDS_GARPR_,Percent,23.6
LBR,Sub-Saharan Africa,Africa,female,25,,2014,2010,UNAIDS_GARPR_,Percent,12.7
LBR,Sub-Saharan Africa,Africa,female,15-49,"",2014,2010,UNAIDS_GARPR_,Percent,19.6
LBR,Sub-Saharan Africa,Africa,male,15,,2014,2010,UNAIDS_GARPR_,Percent,21.6
LBR,Sub-Saharan Africa,Africa,male,20,,2014,2010,UNAIDS_GARPR_,Percent,35.2
LBR,Sub-Saharan Africa,Africa,male,25,,2014,2010,UNAIDS_GARPR_,Percent,20.4
LBR,Sub-Saharan Africa,Africa,male,15-49,"",2014,2010,UNAIDS_GARPR_,Percent,23.6
MDG,Sub-Saharan Africa,Africa,female,15,,2014,2010,UNAIDS_GARPR_,Percent,7.3
MDG,Sub-Saharan Africa,Africa,female,20,,2014,2010,UNAIDS_GARPR_,Percent,5.4
MDG,Sub-Saharan Africa,Africa,female,25,,2014,2010,UNAIDS_GARPR_,Percent,8.7
MDG,Sub-Saharan Africa,Africa,female,15-49,"",2014,2010,UNAIDS_GARPR_,Percent,7.6
MDG,Sub-Saharan Africa,Africa,male,15,,2014,2010,UNAIDS_GARPR_,Percent,9.2
MDG,Sub-Saharan Africa,Africa,male,20,,2014,2010,UNAIDS_GARPR_,Percent,8.5
MDG,Sub-Saharan Africa,Africa,male,25,,2014,2010,UNAIDS_GARPR_,Percent,6.1
MDG,Sub-Saharan Africa,Africa,male,15-49,"",2014,2010,UNAIDS_GARPR_,Percent,7.4
MDG,Sub-Saharan Africa,Africa,both,15-49,"",2014,2010,UNAIDS_GARPR_,Percent,7.4
MWI,Sub-Saharan Africa,Africa,female,15,,2014,2010,UNAIDS_GARPR_,Percent,41.7
MWI,Sub-Saharan Africa,Africa,female,20,,2014,2010,UNAIDS_GARPR_,Percent,22.1
MWI,Sub-Saharan Africa,Africa,female,25,,2014,2010,UNAIDS_GARPR_,Percent,23.9
MWI,Sub-Saharan Africa,Africa,female,15-49,"",2014,2010,UNAIDS_GARPR_,Percent,27.3
MWI,Sub-Saharan Africa,Africa,male,15,,2014,2010,UNAIDS_GARPR_,Percent,36.1
MWI,Sub-Saharan Africa,Africa,male,20,,2014,2010,UNAIDS_GARPR_,Percent,44.0
MWI,Sub-Saharan Africa,Africa,male,25,,2014,2010,UNAIDS_GARPR_,Percent,17.3
MWI,Sub-Saharan Africa,Africa,male,15-49,"",2014,2010,UNAIDS_GARPR_,Percent,24.5
MLI,Sub-Saharan Africa,Africa,female,25,,2014,2010,UNAIDS_GARPR_,Percent,11.2
MLI,Sub-Saharan Africa,Africa,female,15-49,"",2014,2010,UNAIDS_GARPR_,Percent,9.9
MLI,Sub-Saharan Africa,Africa,male,20,,2014,2010,UNAIDS_GARPR_,Percent,40.8
MLI,Sub-Saharan Africa,Africa,male,25,,2014,2010,UNAIDS_GARPR_,Percent,5.5
MLI,Sub-Saharan Africa,Africa,male,15-49,"",2014,2010,UNAIDS_GARPR_,Percent,10.1
MLI,Sub-Saharan Africa,Africa,both,15-49,"",2014,2010,UNAIDS_GARPR_,Percent,10.1
MUS,Sub-Saharan Africa,Africa,female,20,,2014,2010,UNAIDS_GARPR_,Percent,50.0
MUS,Sub-Saharan Africa,Africa,female,25,,2014,2010,UNAIDS_GARPR_,Percent,41.7
MUS,Sub-Saharan Africa,Africa,female,15-49,"",2014,2010,UNAIDS_GARPR_,Percent,0.0
MUS,Sub-Saharan Africa,Africa,male,15,,2014,2010,UNAIDS_GARPR_,Percent,71.4
MUS,Sub-Saharan Africa,Africa,male,20,,2014,2010,UNAIDS_GARPR_,Percent,53.8
MUS,Sub-Saharan Africa,Africa,male,25,,2014,2010,UNAIDS_GARPR_,Percent,42.9
MUS,Sub-Saharan Africa,Africa,male,15-49,"",2014,2010,UNAIDS_GARPR_,Percent,51.7
MUS,Sub-Saharan Africa,Africa,both,15-49,"",2014,2010,UNAIDS_GARPR_,Percent,50.7
MOZ,Sub-Saharan Africa,Africa,female,15,,2014,2010,UNAIDS_GARPR_,Percent,42.5
MOZ,Sub-Saharan Africa,Africa,female,20,,2014,2010,UNAIDS_GARPR_,Percent,34.1
MOZ,Sub-Saharan Africa,Africa,female,25,,2014,2010,UNAIDS_GARPR_,Percent,25.0
MOZ,Sub-Saharan Africa,Africa,female,15-49,"",2014,2010,UNAIDS_GARPR_,Percent,30.6
MOZ,Sub-Saharan Africa,Africa,male,15,,2014,2010,UNAIDS_GARPR_,Percent,43.5
MOZ,Sub-Saharan Africa,Africa,male,20,,2014,2010,UNAIDS_GARPR_,Percent,38.9
MOZ,Sub-Saharan Africa,Africa,male,25,,2014,2010,UNAIDS_GARPR_,Percent,16.5
MOZ,Sub-Saharan Africa,Africa,male,15-49,"",2014,2010,UNAIDS_GARPR_,Percent,25.5
NAM,Sub-Saharan Africa,Africa,female,15,,2014,2010,UNAIDS_GARPR_,Percent,61.4
NAM,Sub-Saharan Africa,Africa,female,20,,2014,2010,UNAIDS_GARPR_,Percent,71.8
NAM,Sub-Saharan Africa,Africa,female,25,,2014,2010,UNAIDS_GARPR_,Percent,68.3
NAM,Sub-Saharan Africa,Africa,female,15-49,"",2014,2010,UNAIDS_GARPR_,Percent,68.1
NAM,Sub-Saharan Africa,Africa,male,15,,2014,2010,UNAIDS_GARPR_,Percent,75.1
NAM,Sub-Saharan Africa,Africa,male,20,,2014,2010,UNAIDS_GARPR_,Percent,81.1
NAM,Sub-Saharan Africa,Africa,male,25,,2014,2010,UNAIDS_GARPR_,Percent,67.7
NAM,Sub-Saharan Africa,Africa,male,15-49,"",2014,2010,UNAIDS_GARPR_,Percent,72.2
NAM,Sub-Saharan Africa,Africa,both,15-49,"",2014,2010,UNAIDS_GARPR_,Percent,72.1
NPL,Southern Asia,Asia,male,20,,2014,2010,UNAIDS_GARPR_,Percent,43.2
NPL,Southern Asia,Asia,male,25,,2014,2010,UNAIDS_GARPR_,Percent,13.9
NPL,Southern Asia,Asia,male,15-49,"",2014,2010,UNAIDS_GARPR_,Percent,26.5
NGA,Sub-Saharan Africa,Africa,female,25,,2014,2010,UNAIDS_GARPR_,Percent,2.6
NGA,Sub-Saharan Africa,Africa,female,15-49,"",2014,2010,UNAIDS_GARPR_,Percent,2.1
NGA,Sub-Saharan Africa,Africa,male,25,,2014,2010,UNAIDS_GARPR_,Percent,2.8
NGA,Sub-Saharan Africa,Africa,male,15-49,"",2014,2010,UNAIDS_GARPR_,Percent,4.3
NGA,Sub-Saharan Africa,Africa,female,15,,2014,2010,UNAIDS_GARPR_,Percent,38.1
NGA,Sub-Saharan Africa,Africa,female,20,,2014,2010,UNAIDS_GARPR_,Percent,41.9
NGA,Sub-Saharan Africa,Africa,female,25,,2014,2010,UNAIDS_GARPR_,Percent,22.6
NGA,Sub-Saharan Africa,Africa,female,15-49,"",2014,2010,UNAIDS_GARPR_,Percent,29.3
NGA,Sub-Saharan Africa,Africa,male,15,,2014,2010,UNAIDS_GARPR_,Percent,46.1
NGA,Sub-Saharan Africa,Africa,male,20,,2014,2010,UNAIDS_GARPR_,Percent,51.3
NGA,Sub-Saharan Africa,Africa,male,25,,2014,2010,UNAIDS_GARPR_,Percent,15.8
NGA,Sub-Saharan Africa,Africa,male,15-49,"",2014,2010,UNAIDS_GARPR_,Percent,19.8
PER,Latin America and the Caribbean,Americas,female,15,,2014,2010,UNAIDS_GARPR_,Percent,19.7
PER,Latin America and the Caribbean,Americas,female,20,,2014,2010,UNAIDS_GARPR_,Percent,44.6
PER,Latin America and the Caribbean,Americas,female,25,,2014,2010,UNAIDS_GARPR_,Percent,30.0
PER,Latin America and the Caribbean,Americas,female,15-49,"",2014,2010,UNAIDS_GARPR_,Percent,32.2
PHL,South-eastern Asia,Asia,male,15,,2014,2010,UNAIDS_GARPR_,Percent,34.3
PHL,South-eastern Asia,Asia,male,20,,2014,2010,UNAIDS_GARPR_,Percent,28.6
PHL,South-eastern Asia,Asia,male,25,,2014,2010,UNAIDS_GARPR_,Percent,16.5
PHL,South-eastern Asia,Asia,male,15-49,"",2014,2010,UNAIDS_GARPR_,Percent,22.0
MDA,Eastern Europe,Europe,female,20,,2014,2010,UNAIDS_GARPR_,Percent,21.2
MDA,Eastern Europe,Europe,female,25,,2014,2010,UNAIDS_GARPR_,Percent,22.8
MDA,Eastern Europe,Europe,female,15-49,"",2014,2010,UNAIDS_GARPR_,Percent,27.4
MDA,Eastern Europe,Europe,male,15,,2014,2010,UNAIDS_GARPR_,Percent,89.5
MDA,Eastern Europe,Europe,male,20,,2014,2010,UNAIDS_GARPR_,Percent,81.7
MDA,Eastern Europe,Europe,male,25,,2014,2010,UNAIDS_GARPR_,Percent,56.5
MDA,Eastern Europe,Europe,male,15-49,"",2014,2010,UNAIDS_GARPR_,Percent,71.5
RWA,Sub-Saharan Africa,Africa,female,25,,2014,2010,UNAIDS_GARPR_,Percent,28.7
RWA,Sub-Saharan Africa,Africa,female,15-49,"",2014,2010,UNAIDS_GARPR_,Percent,28.9
RWA,Sub-Saharan Africa,Africa,male,20,,2014,2010,UNAIDS_GARPR_,Percent,53.0
RWA,Sub-Saharan Africa,Africa,male,25,,2014,2010,UNAIDS_GARPR_,Percent,20.1
RWA,Sub-Saharan Africa,Africa,male,15-49,"",2014,2010,UNAIDS_GARPR_,Percent,27.5
STP,Sub-Saharan Africa,Africa,male,15,,2014,2010,UNAIDS_GARPR_,Percent,62.3
STP,Sub-Saharan Africa,Africa,male,20,,2014,2010,UNAIDS_GARPR_,Percent,57.3
STP,Sub-Saharan Africa,Africa,male,25,,2014,2010,UNAIDS_GARPR_,Percent,21.3
STP,Sub-Saharan Africa,Africa,male,15-49,"",2014,2010,UNAIDS_GARPR_,Percent,32.9
SEN,Sub-Saharan Africa,Africa,female,25,,2014,2010,UNAIDS_GARPR_,Percent,18.6
SEN,Sub-Saharan Africa,Africa,female,15-49,"",2014,2010,UNAIDS_GARPR_,Percent,22.3
SEN,Sub-Saharan Africa,Africa,male,20,,2014,2010,UNAIDS_GARPR_,Percent,44.7
SEN,Sub-Saharan Africa,Africa,male,25,,2014,2010,UNAIDS_GARPR_,Percent,16.3
SEN,Sub-Saharan Africa,Africa,male,15-49,"",2014,2010,UNAIDS_GARPR_,Percent,20.7
SLE,Sub-Saharan Africa,Africa,female,15,,2014,2010,UNAIDS_GARPR_,Percent,9.7
SLE,Sub-Saharan Africa,Africa,female,20,,2014,2010,UNAIDS_GARPR_,Percent,2.1
SLE,Sub-Saharan Africa,Africa,female,25,,2014,2010,UNAIDS_GARPR_,Percent,3.8
SLE,Sub-Saharan Africa,Africa,female,15-49,"",2014,2010,UNAIDS_GARPR_,Percent,4.7
SLE,Sub-Saharan Africa,Africa,male,15,,2014,2010,UNAIDS_GARPR_,Percent,23.5
SLE,Sub-Saharan Africa,Africa,male,20,,2014,2010,UNAIDS_GARPR_,Percent,19.8
SLE,Sub-Saharan Africa,Africa,male,25,,2014,2010,UNAIDS_GARPR_,Percent,10.0
SLE,Sub-Saharan Africa,Africa,male,15-49,"",2014,2010,UNAIDS_GARPR_,Percent,12.6
SLE,Sub-Saharan Africa,Africa,both,15-49,"",2014,2010,UNAIDS_GARPR_,Percent,9.6
SWZ,Sub-Saharan Africa,Africa,female,20,,2014,2010,UNAIDS_GARPR_,Percent,48.9
SWZ,Sub-Saharan Africa,Africa,female,25,,2014,2010,UNAIDS_GARPR_,Percent,61.7
SWZ,Sub-Saharan Africa,Africa,female,15-49,"",2014,2010,UNAIDS_GARPR_,Percent,55.0
SWZ,Sub-Saharan Africa,Africa,male,15,,2014,2010,UNAIDS_GARPR_,Percent,74.8
SWZ,Sub-Saharan Africa,Africa,male,20,,2014,2010,UNAIDS_GARPR_,Percent,63.3
SWZ,Sub-Saharan Africa,Africa,male,25,,2014,2010,UNAIDS_GARPR_,Percent,49.5
SWZ,Sub-Saharan Africa,Africa,male,15-49,"",2014,2010,UNAIDS_GARPR_,Percent,55.8
TLS,South-eastern Asia,Asia,male,25,,2014,2010,UNAIDS_GARPR_,Percent,17.4
TLS,South-eastern Asia,Asia,male,15-49,"",2014,2010,UNAIDS_GARPR_,Percent,19.1
TGO,Sub-Saharan Africa,Africa,female,25,,2014,2010,UNAIDS_GARPR_,Percent,48.9
TGO,Sub-Saharan Africa,Africa,female,15-49,"",2014,2010,UNAIDS_GARPR_,Percent,55.4
TGO,Sub-Saharan Africa,Africa,male,20,,2014,2010,UNAIDS_GARPR_,Percent,61.5
TGO,Sub-Saharan Africa,Africa,male,25,,2014,2010,UNAIDS_GARPR_,Percent,21.2
TGO,Sub-Saharan Africa,Africa,male,15-49,"",2014,2010,UNAIDS_GARPR_,Percent,28.6
TGO,Sub-Saharan Africa,Africa,both,15-49,"",2014,2010,UNAIDS_GARPR_,Percent,31.2
UGA,Sub-Saharan Africa,Africa,female,15,,2014,2010,UNAIDS_GARPR_,Percent,29.6
UGA,Sub-Saharan Africa,Africa,female,20,,2014,2010,UNAIDS_GARPR_,Percent,24.8
UGA,Sub-Saharan Africa,Africa,female,25,,2014,2010,UNAIDS_GARPR_,Percent,35.1
UGA,Sub-Saharan Africa,Africa,female,15-49,"",2014,2010,UNAIDS_GARPR_,Percent,30.6
UGA,Sub-Saharan Africa,Africa,male,15,,2014,2010,UNAIDS_GARPR_,Percent,55.7
UGA,Sub-Saharan Africa,Africa,male,20,,2014,2010,UNAIDS_GARPR_,Percent,42.1
UGA,Sub-Saharan Africa,Africa,male,25,,2014,2010,UNAIDS_GARPR_,Percent,12.2
UGA,Sub-Saharan Africa,Africa,male,15-49,"",2014,2010,UNAIDS_GARPR_,Percent,19.0
UKR,Eastern Europe,Europe,female,20,,2014,2010,UNAIDS_GARPR_,Percent,61.0
UKR,Eastern Europe,Europe,female,25,,2014,2010,UNAIDS_GARPR_,Percent,39.8
UKR,Eastern Europe,Europe,female,15-49,"",2014,2010,UNAIDS_GARPR_,Percent,48.0
UKR,Eastern Europe,Europe,male,15,,2014,2010,UNAIDS_GARPR_,Percent,66.2
UKR,Eastern Europe,Europe,male,20,,2014,2010,UNAIDS_GARPR_,Percent,62.9
UKR,Eastern Europe,Europe,male,25,,2014,2010,UNAIDS_GARPR_,Percent,36.8
UKR,Eastern Europe,Europe,male,15-49,"",2014,2010,UNAIDS_GARPR_,Percent,46.4
TZA,Sub-Saharan Africa,Africa,female,15,,2014,2010,UNAIDS_GARPR_,Percent,35.3
TZA,Sub-Saharan Africa,Africa,female,20,,2014,2010,UNAIDS_GARPR_,Percent,29.9
TZA,Sub-Saharan Africa,Africa,female,25,,2014,2010,UNAIDS_GARPR_,Percent,24.6
TZA,Sub-Saharan Africa,Africa,female,15-49,"",2014,2010,UNAIDS_GARPR_,Percent,27.2
TZA,Sub-Saharan Africa,Africa,male,15,,2014,2010,UNAIDS_GARPR_,Percent,34.2
TZA,Sub-Saharan Africa,Africa,male,20,,2014,2010,UNAIDS_GARPR_,Percent,37.3
TZA,Sub-Saharan Africa,Africa,male,25,,2014,2010,UNAIDS_GARPR_,Percent,19.4
TZA,Sub-Saharan Africa,Africa,male,15-49,"",2014,2010,UNAIDS_GARPR_,Percent,23.6
ZMB,Sub-Saharan Africa,Africa,female,15,,2014,2010,UNAIDS_GARPR_,Percent,33.0
ZMB,Sub-Saharan Africa,Africa,female,20,,2014,2010,UNAIDS_GARPR_,Percent,35.0
ZMB,Sub-Saharan Africa,Africa,female,25,,2014,2010,UNAIDS_GARPR_,Percent,26.9
ZMB,Sub-Saharan Africa,Africa,female,15-49,"",2014,2010,UNAIDS_GARPR_,Percent,29.7
ZMB,Sub-Saharan Africa,Africa,male,15,,2014,2010,UNAIDS_GARPR_,Percent,37.7
ZMB,Sub-Saharan Africa,Africa,male,20,,2014,2010,UNAIDS_GARPR_,Percent,41.9
ZMB,Sub-Saharan Africa,Africa,male,25,,2014,2010,UNAIDS_GARPR_,Percent,24.5
ZMB,Sub-Saharan Africa,Africa,male,15-49,"",2014,2010,UNAIDS_GARPR_,Percent,29.0
ZMB,Sub-Saharan Africa,Africa,both,15-49,"",2014,2010,UNAIDS_GARPR_,Percent,27.1
ZWE,Sub-Saharan Africa,Africa,female,20,,2014,2010,UNAIDS_GARPR_,Percent,54.0
ZWE,Sub-Saharan Africa,Africa,female,25,,2014,2010,UNAIDS_GARPR_,Percent,56.8
ZWE,Sub-Saharan Africa,Africa,female,15-49,"",2014,2010,UNAIDS_GARPR_,Percent,48.0
ZWE,Sub-Saharan Africa,Africa,male,15,,2014,2010,UNAIDS_GARPR_,Percent,66.2
ZWE,Sub-Saharan Africa,Africa,male,20,,2014,2010,UNAIDS_GARPR_,Percent,47.0
ZWE,Sub-Saharan Africa,Africa,male,25,,2014,2010,UNAIDS_GARPR_,Percent,25.1
ZWE,Sub-Saharan Africa,Africa,male,15-49,"",2014,2010,UNAIDS_GARPR_,Percent,33.1
