Country,Sub-region Name,Region Name,Year,Decade,Sex,Age group,Units of measurement,Value
AFG,Southern Asia,Asia,1996,1990,both,Not applicable,Number,12
AFG,Southern Asia,Asia,2005,2000,both,Not applicable,Number,19
ALB,Southern Europe,Europe,1996,1990,both,Not applicable,Number,5
ALB,Southern Europe,Europe,2000,2000,both,Not applicable,Number,16
ALB,Southern Europe,Europe,2001,2000,both,Not applicable,Number,16
ALB,Southern Europe,Europe,2002,2000,both,Not applicable,Number,18
ALB,Southern Europe,Europe,2003,2000,both,Not applicable,Number,19
ALB,Southern Europe,Europe,2004,2000,both,Not applicable,Number,21
DZA,Northern Africa,Africa,1996,1990,both,Not applicable,Number,5
DZA,Northern Africa,Africa,1997,1990,both,Not applicable,Number,18
DZA,Northern Africa,Africa,1998,1990,both,Not applicable,Number,24
DZA,Northern Africa,Africa,2001,2000,both,Not applicable,Number,14
DZA,Northern Africa,Africa,2002,2000,both,Not applicable,Number,15
DZA,Northern Africa,Africa,2003,2000,both,Not applicable,Number,16
DZA,Northern Africa,Africa,2004,2000,both,Not applicable,Number,17
ASM,Polynesia,Oceania,1996,1990,both,Not applicable,Number,2
ASM,Polynesia,Oceania,2003,2000,both,Not applicable,Number,2
ASM,Polynesia,Oceania,2002,2000,both,Not applicable,Number,2
ASM,Polynesia,Oceania,2004,2000,both,Not applicable,Number,2
AND,Southern Europe,Europe,1996,1990,both,Not applicable,Number,3
AND,Southern Europe,Europe,1999,1990,both,Not applicable,Number,2
AGO,Sub-Saharan Africa,Africa,1996,1990,both,Not applicable,Number,5
AGO,Sub-Saharan Africa,Africa,2002,2000,both,Not applicable,Number,1
AGO,Sub-Saharan Africa,Africa,1997,1990,both,Not applicable,Number,5
AGO,Sub-Saharan Africa,Africa,2003,2000,both,Not applicable,Number,1
AGO,Sub-Saharan Africa,Africa,1998,1990,both,Not applicable,Number,5
AGO,Sub-Saharan Africa,Africa,2004,2000,both,Not applicable,Number,1
AGO,Sub-Saharan Africa,Africa,2000,2000,both,Not applicable,Number,1
AGO,Sub-Saharan Africa,Africa,2001,2000,both,Not applicable,Number,1
AIA,Latin America and the Caribbean,Americas,2000,2000,both,Not applicable,Number,0
AIA,Latin America and the Caribbean,Americas,2001,2000,both,Not applicable,Number,0
AIA,Latin America and the Caribbean,Americas,2002,2000,both,Not applicable,Number,0
AIA,Latin America and the Caribbean,Americas,2003,2000,both,Not applicable,Number,0
AIA,Latin America and the Caribbean,Americas,2004,2000,both,Not applicable,Number,0
ATG,Latin America and the Caribbean,Americas,1996,1990,both,Not applicable,Number,1
ATG,Latin America and the Caribbean,Americas,2000,2000,both,Not applicable,Number,2
ATG,Latin America and the Caribbean,Americas,2001,2000,both,Not applicable,Number,2
ATG,Latin America and the Caribbean,Americas,2002,2000,both,Not applicable,Number,2
ATG,Latin America and the Caribbean,Americas,2003,2000,both,Not applicable,Number,2
ATG,Latin America and the Caribbean,Americas,2004,2000,both,Not applicable,Number,2
ARG,Latin America and the Caribbean,Americas,1996,1990,both,Not applicable,Number,181
ARG,Latin America and the Caribbean,Americas,1997,1990,both,Not applicable,Number,101
ARG,Latin America and the Caribbean,Americas,1998,1990,both,Not applicable,Number,100
ARG,Latin America and the Caribbean,Americas,1999,1990,both,Not applicable,Number,102
ARG,Latin America and the Caribbean,Americas,2000,2000,both,Not applicable,Number,109
ARG,Latin America and the Caribbean,Americas,2001,2000,both,Not applicable,Number,114
ARG,Latin America and the Caribbean,Americas,2002,2000,both,Not applicable,Number,123
ARG,Latin America and the Caribbean,Americas,2003,2000,both,Not applicable,Number,182
ARG,Latin America and the Caribbean,Americas,2004,2000,both,Not applicable,Number,184
ARM,Western Asia,Asia,1996,1990,both,Not applicable,Number,11
ARM,Western Asia,Asia,1997,1990,both,Not applicable,Number,8
ARM,Western Asia,Asia,1998,1990,both,Not applicable,Number,7
ARM,Western Asia,Asia,1999,1990,both,Not applicable,Number,7
ARM,Western Asia,Asia,2000,2000,both,Not applicable,Number,6
ARM,Western Asia,Asia,2001,2000,both,Not applicable,Number,6
ARM,Western Asia,Asia,2002,2000,both,Not applicable,Number,6
ARM,Western Asia,Asia,2003,2000,both,Not applicable,Number,7
ARM,Western Asia,Asia,2004,2000,both,Not applicable,Number,5
ABW,Latin America and the Caribbean,Americas,1996,1990,both,Not applicable,Number,13
ABW,Latin America and the Caribbean,Americas,2000,2000,both,Not applicable,Number,8
ABW,Latin America and the Caribbean,Americas,2001,2000,both,Not applicable,Number,8
ABW,Latin America and the Caribbean,Americas,2002,2000,both,Not applicable,Number,8
ABW,Latin America and the Caribbean,Americas,2003,2000,both,Not applicable,Number,8
ABW,Latin America and the Caribbean,Americas,2004,2000,both,Not applicable,Number,9
AUS,Australia and New Zealand,Oceania,1996,1990,both,Not applicable,Number,65
AUS,Australia and New Zealand,Oceania,2000,2000,both,Not applicable,Number,49
AUS,Australia and New Zealand,Oceania,1997,1990,both,Not applicable,Number,49
AUS,Australia and New Zealand,Oceania,2001,2000,both,Not applicable,Number,51
AUS,Australia and New Zealand,Oceania,1998,1990,both,Not applicable,Number,48
AUS,Australia and New Zealand,Oceania,2002,2000,both,Not applicable,Number,50
AUS,Australia and New Zealand,Oceania,1999,1990,both,Not applicable,Number,48
AUS,Australia and New Zealand,Oceania,2003,2000,both,Not applicable,Number,49
AUS,Australia and New Zealand,Oceania,2004,2000,both,Not applicable,Number,49
AUT,Western Europe,Europe,1996,1990,both,Not applicable,Number,17
AUT,Western Europe,Europe,1997,1990,both,Not applicable,Number,17
AUT,Western Europe,Europe,1998,1990,both,Not applicable,Number,17
AUT,Western Europe,Europe,1999,1990,both,Not applicable,Number,17
AUT,Western Europe,Europe,2000,2000,both,Not applicable,Number,16
AUT,Western Europe,Europe,2001,2000,both,Not applicable,Number,15
AUT,Western Europe,Europe,2002,2000,both,Not applicable,Number,15
AUT,Western Europe,Europe,2003,2000,both,Not applicable,Number,16
AUT,Western Europe,Europe,2004,2000,both,Not applicable,Number,17
AZE,Western Asia,Asia,1996,1990,both,Not applicable,Number,6
AZE,Western Asia,Asia,1998,1990,both,Not applicable,Number,14
AZE,Western Asia,Asia,1999,1990,both,Not applicable,Number,15
AZE,Western Asia,Asia,2001,2000,both,Not applicable,Number,22
AZE,Western Asia,Asia,2002,2000,both,Not applicable,Number,22
AZE,Western Asia,Asia,2003,2000,both,Not applicable,Number,24
BHS,Latin America and the Caribbean,Americas,1996,1990,both,Not applicable,Number,3
BHS,Latin America and the Caribbean,Americas,2000,2000,both,Not applicable,Number,4
BHS,Latin America and the Caribbean,Americas,2001,2000,both,Not applicable,Number,4
BHS,Latin America and the Caribbean,Americas,2002,2000,both,Not applicable,Number,4
BHS,Latin America and the Caribbean,Americas,2003,2000,both,Not applicable,Number,4
BHS,Latin America and the Caribbean,Americas,2004,2000,both,Not applicable,Number,4
BHR,Western Asia,Asia,1996,1990,both,Not applicable,Number,4
BHR,Western Asia,Asia,2001,2000,both,Not applicable,Number,6
BHR,Western Asia,Asia,2002,2000,both,Not applicable,Number,6
BHR,Western Asia,Asia,2003,2000,both,Not applicable,Number,6
BHR,Western Asia,Asia,2004,2000,both,Not applicable,Number,6
BGD,Southern Asia,Asia,1996,1990,both,Not applicable,Number,37
BGD,Southern Asia,Asia,2001,2000,both,Not applicable,Number,20
BGD,Southern Asia,Asia,2002,2000,both,Not applicable,Number,20
BGD,Southern Asia,Asia,2003,2000,both,Not applicable,Number,20
BGD,Southern Asia,Asia,2004,2000,both,Not applicable,Number,20
BRB,Latin America and the Caribbean,Americas,1996,1990,both,Not applicable,Number,2
BRB,Latin America and the Caribbean,Americas,2001,2000,both,Not applicable,Number,2
BRB,Latin America and the Caribbean,Americas,2000,2000,both,Not applicable,Number,2
BRB,Latin America and the Caribbean,Americas,2002,2000,both,Not applicable,Number,2
BRB,Latin America and the Caribbean,Americas,2003,2000,both,Not applicable,Number,2
BRB,Latin America and the Caribbean,Americas,2004,2000,both,Not applicable,Number,2
BLR,Eastern Europe,Europe,1996,1990,both,Not applicable,Number,8
BLR,Eastern Europe,Europe,2000,2000,both,Not applicable,Number,10
BLR,Eastern Europe,Europe,1997,1990,both,Not applicable,Number,19
BLR,Eastern Europe,Europe,2001,2000,both,Not applicable,Number,14
BLR,Eastern Europe,Europe,1998,1990,both,Not applicable,Number,20
BLR,Eastern Europe,Europe,2002,2000,both,Not applicable,Number,15
BLR,Eastern Europe,Europe,2003,2000,both,Not applicable,Number,21
BLR,Eastern Europe,Europe,2004,2000,both,Not applicable,Number,13
BEL,Western Europe,Europe,1996,1990,both,Not applicable,Number,30
BEL,Western Europe,Europe,1997,1990,both,Not applicable,Number,30
BEL,Western Europe,Europe,1998,1990,both,Not applicable,Number,29
BEL,Western Europe,Europe,1999,1990,both,Not applicable,Number,28
BEL,Western Europe,Europe,2000,2000,both,Not applicable,Number,29
BEL,Western Europe,Europe,2001,2000,both,Not applicable,Number,28
BEL,Western Europe,Europe,2002,2000,both,Not applicable,Number,29
BEL,Western Europe,Europe,2003,2000,both,Not applicable,Number,29
BEL,Western Europe,Europe,2004,2000,both,Not applicable,Number,29
BLZ,Latin America and the Caribbean,Americas,1996,1990,both,Not applicable,Number,0
BEN,Sub-Saharan Africa,Africa,1996,1990,both,Not applicable,Number,1
BEN,Sub-Saharan Africa,Africa,1999,1990,both,Not applicable,Number,13
BEN,Sub-Saharan Africa,Africa,2000,2000,both,Not applicable,Number,18
BEN,Sub-Saharan Africa,Africa,2001,2000,both,Not applicable,Number,24
BEN,Sub-Saharan Africa,Africa,2002,2000,both,Not applicable,Number,27
BEN,Sub-Saharan Africa,Africa,2003,2000,both,Not applicable,Number,31
BEN,Sub-Saharan Africa,Africa,2004,2000,both,Not applicable,Number,34
BMU,Northern America,Americas,1996,1990,both,Not applicable,Number,1
BMU,Northern America,Americas,1999,1990,both,Not applicable,Number,1
BMU,Northern America,Americas,2000,2000,both,Not applicable,Number,1
BMU,Northern America,Americas,2001,2000,both,Not applicable,Number,1
BMU,Northern America,Americas,2002,2000,both,Not applicable,Number,1
BMU,Northern America,Americas,2003,2000,both,Not applicable,Number,1
BMU,Northern America,Americas,2004,2000,both,Not applicable,Number,1
BTN,Southern Asia,Asia,1996,1990,both,Not applicable,Number,0
BOL,Latin America and the Caribbean,Americas,2000,2000,both,Not applicable,Number,17
BOL,Latin America and the Caribbean,Americas,1996,1990,both,Not applicable,Number,18
BOL,Latin America and the Caribbean,Americas,2001,2000,both,Not applicable,Number,17
BOL,Latin America and the Caribbean,Americas,1998,1990,both,Not applicable,Number,29
BOL,Latin America and the Caribbean,Americas,2002,2000,both,Not applicable,Number,19
BOL,Latin America and the Caribbean,Americas,2003,2000,both,Not applicable,Number,19
BOL,Latin America and the Caribbean,Americas,2004,2000,both,Not applicable,Number,19
BIH,Southern Europe,Europe,1996,1990,both,Not applicable,Number,3
BIH,Southern Europe,Europe,2001,2000,both,Not applicable,Number,7
BIH,Southern Europe,Europe,2002,2000,both,Not applicable,Number,7
BIH,Southern Europe,Europe,2003,2000,both,Not applicable,Number,7
BIH,Southern Europe,Europe,2004,2000,both,Not applicable,Number,7
BWA,Sub-Saharan Africa,Africa,1996,1990,both,Not applicable,Number,1
BWA,Sub-Saharan Africa,Africa,2000,2000,both,Not applicable,Number,1
BWA,Sub-Saharan Africa,Africa,1997,1990,both,Not applicable,Number,1
BWA,Sub-Saharan Africa,Africa,2001,2000,both,Not applicable,Number,1
BWA,Sub-Saharan Africa,Africa,1998,1990,both,Not applicable,Number,1
BWA,Sub-Saharan Africa,Africa,2002,2000,both,Not applicable,Number,1
BWA,Sub-Saharan Africa,Africa,2003,2000,both,Not applicable,Number,1
BWA,Sub-Saharan Africa,Africa,2004,2000,both,Not applicable,Number,2
BRA,Latin America and the Caribbean,Americas,1996,1990,both,Not applicable,Number,380
BRA,Latin America and the Caribbean,Americas,1997,1990,both,Not applicable,Number,400
BRA,Latin America and the Caribbean,Americas,1998,1990,both,Not applicable,Number,372
BRA,Latin America and the Caribbean,Americas,1999,1990,both,Not applicable,Number,465
BRA,Latin America and the Caribbean,Americas,2000,2000,both,Not applicable,Number,465
BRA,Latin America and the Caribbean,Americas,2001,2000,both,Not applicable,Number,491
BRA,Latin America and the Caribbean,Americas,2002,2000,both,Not applicable,Number,523
BRA,Latin America and the Caribbean,Americas,2003,2000,both,Not applicable,Number,529
BRA,Latin America and the Caribbean,Americas,2004,2000,both,Not applicable,Number,532
VGB,Latin America and the Caribbean,Americas,1996,1990,both,Not applicable,Number,0
VGB,Latin America and the Caribbean,Americas,2001,2000,both,Not applicable,Number,1
VGB,Latin America and the Caribbean,Americas,2002,2000,both,Not applicable,Number,1
VGB,Latin America and the Caribbean,Americas,2003,2000,both,Not applicable,Number,1
VGB,Latin America and the Caribbean,Americas,2004,2000,both,Not applicable,Number,1
BRN,South-eastern Asia,Asia,1996,1990,both,Not applicable,Number,1
BRN,South-eastern Asia,Asia,2001,2000,both,Not applicable,Number,2
BRN,South-eastern Asia,Asia,2002,2000,both,Not applicable,Number,2
BRN,South-eastern Asia,Asia,2003,2000,both,Not applicable,Number,2
BRN,South-eastern Asia,Asia,2004,2000,both,Not applicable,Number,2
BGR,Eastern Europe,Europe,2003,2000,both,Not applicable,Number,62
BGR,Eastern Europe,Europe,1996,1990,both,Not applicable,Number,17
BGR,Eastern Europe,Europe,2004,2000,both,Not applicable,Number,58
BGR,Eastern Europe,Europe,1997,1990,both,Not applicable,Number,33
BGR,Eastern Europe,Europe,1998,1990,both,Not applicable,Number,33
BGR,Eastern Europe,Europe,1999,1990,both,Not applicable,Number,36
BGR,Eastern Europe,Europe,2000,2000,both,Not applicable,Number,58
BGR,Eastern Europe,Europe,2001,2000,both,Not applicable,Number,60
BGR,Eastern Europe,Europe,2002,2000,both,Not applicable,Number,59
BFA,Sub-Saharan Africa,Africa,1996,1990,both,Not applicable,Number,4
BFA,Sub-Saharan Africa,Africa,1997,1990,both,Not applicable,Number,4
BFA,Sub-Saharan Africa,Africa,1998,1990,both,Not applicable,Number,4
BFA,Sub-Saharan Africa,Africa,2001,2000,both,Not applicable,Number,5
BFA,Sub-Saharan Africa,Africa,2002,2000,both,Not applicable,Number,5
BFA,Sub-Saharan Africa,Africa,2003,2000,both,Not applicable,Number,5
BFA,Sub-Saharan Africa,Africa,2004,2000,both,Not applicable,Number,5
BDI,Sub-Saharan Africa,Africa,2001,2000,both,Not applicable,Number,1
BDI,Sub-Saharan Africa,Africa,1996,1990,both,Not applicable,Number,1
BDI,Sub-Saharan Africa,Africa,2002,2000,both,Not applicable,Number,1
BDI,Sub-Saharan Africa,Africa,1997,1990,both,Not applicable,Number,1
BDI,Sub-Saharan Africa,Africa,2003,2000,both,Not applicable,Number,1
BDI,Sub-Saharan Africa,Africa,1998,1990,both,Not applicable,Number,1
BDI,Sub-Saharan Africa,Africa,2004,2000,both,Not applicable,Number,1
KHM,South-eastern Asia,Asia,1996,1990,both,Not applicable,Number,2
CMR,Sub-Saharan Africa,Africa,1996,1990,both,Not applicable,Number,2
CMR,Sub-Saharan Africa,Africa,1997,1990,both,Not applicable,Number,2
CMR,Sub-Saharan Africa,Africa,1998,1990,both,Not applicable,Number,2
CMR,Sub-Saharan Africa,Africa,2000,2000,both,Not applicable,Number,10
CMR,Sub-Saharan Africa,Africa,2001,2000,both,Not applicable,Number,12
CMR,Sub-Saharan Africa,Africa,2002,2000,both,Not applicable,Number,10
CMR,Sub-Saharan Africa,Africa,2003,2000,both,Not applicable,Number,10
CMR,Sub-Saharan Africa,Africa,2004,2000,both,Not applicable,Number,10
CAN,Northern America,Americas,1996,1990,both,Not applicable,Number,107
CAN,Northern America,Americas,1997,1990,both,Not applicable,Number,105
CAN,Northern America,Americas,1998,1990,both,Not applicable,Number,105
CAN,Northern America,Americas,1999,1990,both,Not applicable,Number,106
CAN,Northern America,Americas,2000,2000,both,Not applicable,Number,107
CAN,Northern America,Americas,2001,2000,both,Not applicable,Number,107
CAN,Northern America,Americas,2002,2000,both,Not applicable,Number,104
CAN,Northern America,Americas,2003,2000,both,Not applicable,Number,105
CAN,Northern America,Americas,2004,2000,both,Not applicable,Number,103
CPV,Sub-Saharan Africa,Africa,1996,1990,both,Not applicable,Number,0
CYM,Latin America and the Caribbean,Americas,1996,1990,both,Not applicable,Number,1
CYM,Latin America and the Caribbean,Americas,2000,2000,both,Not applicable,Number,2
CYM,Latin America and the Caribbean,Americas,2001,2000,both,Not applicable,Number,2
CYM,Latin America and the Caribbean,Americas,2002,2000,both,Not applicable,Number,2
CYM,Latin America and the Caribbean,Americas,2003,2000,both,Not applicable,Number,2
CYM,Latin America and the Caribbean,Americas,2004,2000,both,Not applicable,Number,2
CAF,Sub-Saharan Africa,Africa,1996,1990,both,Not applicable,Number,3
CAF,Sub-Saharan Africa,Africa,1997,1990,both,Not applicable,Number,3
CAF,Sub-Saharan Africa,Africa,1998,1990,both,Not applicable,Number,3
TCD,Sub-Saharan Africa,Africa,1996,1990,both,Not applicable,Number,1
TCD,Sub-Saharan Africa,Africa,1997,1990,both,Not applicable,Number,2
TCD,Sub-Saharan Africa,Africa,1998,1990,both,Not applicable,Number,2
CHL,Latin America and the Caribbean,Americas,1996,1990,both,Not applicable,Number,52
CHL,Latin America and the Caribbean,Americas,1999,1990,both,Not applicable,Number,51
CHL,Latin America and the Caribbean,Americas,2000,2000,both,Not applicable,Number,53
CHL,Latin America and the Caribbean,Americas,2001,2000,both,Not applicable,Number,51
CHL,Latin America and the Caribbean,Americas,2002,2000,both,Not applicable,Number,47
CHL,Latin America and the Caribbean,Americas,2003,2000,both,Not applicable,Number,54
CHL,Latin America and the Caribbean,Americas,2004,2000,both,Not applicable,Number,59
CHN,Eastern Asia,Asia,2002,2000,both,Not applicable,Number,1007
CHN,Eastern Asia,Asia,1996,1990,both,Not applicable,Number,39
CHN,Eastern Asia,Asia,2003,2000,both,Not applicable,Number,1035
CHN,Eastern Asia,Asia,1997,1990,both,Not applicable,Number,694
CHN,Eastern Asia,Asia,2004,2000,both,Not applicable,Number,963
CHN,Eastern Asia,Asia,1998,1990,both,Not applicable,Number,740
CHN,Eastern Asia,Asia,1999,1990,both,Not applicable,Number,805
CHN,Eastern Asia,Asia,2000,2000,both,Not applicable,Number,909
CHN,Eastern Asia,Asia,2001,2000,both,Not applicable,Number,975
COL,Latin America and the Caribbean,Americas,1996,1990,both,Not applicable,Number,37
COL,Latin America and the Caribbean,Americas,1997,1990,both,Not applicable,Number,25
COL,Latin America and the Caribbean,Americas,1998,1990,both,Not applicable,Number,23
COL,Latin America and the Caribbean,Americas,1999,1990,both,Not applicable,Number,24
COL,Latin America and the Caribbean,Americas,2000,2000,both,Not applicable,Number,24
COL,Latin America and the Caribbean,Americas,2001,2000,both,Not applicable,Number,23
COL,Latin America and the Caribbean,Americas,2002,2000,both,Not applicable,Number,23
COL,Latin America and the Caribbean,Americas,2003,2000,both,Not applicable,Number,23
COL,Latin America and the Caribbean,Americas,2004,2000,both,Not applicable,Number,23
COM,Sub-Saharan Africa,Africa,2001,2000,both,Not applicable,Number,2
COM,Sub-Saharan Africa,Africa,2002,2000,both,Not applicable,Number,2
COM,Sub-Saharan Africa,Africa,2003,2000,both,Not applicable,Number,2
COM,Sub-Saharan Africa,Africa,2004,2000,both,Not applicable,Number,1
COG,Sub-Saharan Africa,Africa,1996,1990,both,Not applicable,Number,6
COG,Sub-Saharan Africa,Africa,1997,1990,both,Not applicable,Number,6
COG,Sub-Saharan Africa,Africa,1998,1990,both,Not applicable,Number,6
COK,Polynesia,Oceania,1996,1990,both,Not applicable,Number,1
COK,Polynesia,Oceania,2001,2000,both,Not applicable,Number,1
COK,Polynesia,Oceania,2002,2000,both,Not applicable,Number,1
COK,Polynesia,Oceania,2003,2000,both,Not applicable,Number,1
COK,Polynesia,Oceania,2004,2000,both,Not applicable,Number,1
CRI,Latin America and the Caribbean,Americas,1999,1990,both,Not applicable,Number,6
CRI,Latin America and the Caribbean,Americas,1996,1990,both,Not applicable,Number,6
CRI,Latin America and the Caribbean,Americas,2000,2000,both,Not applicable,Number,6
CRI,Latin America and the Caribbean,Americas,1997,1990,both,Not applicable,Number,6
CRI,Latin America and the Caribbean,Americas,2001,2000,both,Not applicable,Number,6
CRI,Latin America and the Caribbean,Americas,1998,1990,both,Not applicable,Number,6
CRI,Latin America and the Caribbean,Americas,2002,2000,both,Not applicable,Number,6
CRI,Latin America and the Caribbean,Americas,2003,2000,both,Not applicable,Number,7
CRI,Latin America and the Caribbean,Americas,2004,2000,both,Not applicable,Number,7
CIV,Sub-Saharan Africa,Africa,1996,1990,both,Not applicable,Number,12
CIV,Sub-Saharan Africa,Africa,1997,1990,both,Not applicable,Number,12
CIV,Sub-Saharan Africa,Africa,1998,1990,both,Not applicable,Number,12
CIV,Sub-Saharan Africa,Africa,2001,2000,both,Not applicable,Number,20
CIV,Sub-Saharan Africa,Africa,2002,2000,both,Not applicable,Number,20
CIV,Sub-Saharan Africa,Africa,2003,2000,both,Not applicable,Number,20
CIV,Sub-Saharan Africa,Africa,2004,2000,both,Not applicable,Number,21
HRV,Southern Europe,Europe,1996,1990,both,Not applicable,Number,10
HRV,Southern Europe,Europe,1997,1990,both,Not applicable,Number,11
HRV,Southern Europe,Europe,1998,1990,both,Not applicable,Number,10
HRV,Southern Europe,Europe,1999,1990,both,Not applicable,Number,11
HRV,Southern Europe,Europe,2000,2000,both,Not applicable,Number,14
HRV,Southern Europe,Europe,2001,2000,both,Not applicable,Number,14
HRV,Southern Europe,Europe,2002,2000,both,Not applicable,Number,13
HRV,Southern Europe,Europe,2003,2000,both,Not applicable,Number,12
HRV,Southern Europe,Europe,2004,2000,both,Not applicable,Number,13
CUB,Latin America and the Caribbean,Americas,1996,1990,both,Not applicable,Number,17
CUB,Latin America and the Caribbean,Americas,1999,1990,both,Not applicable,Number,2
CUB,Latin America and the Caribbean,Americas,2000,2000,both,Not applicable,Number,2
CUB,Latin America and the Caribbean,Americas,2001,2000,both,Not applicable,Number,2
CUB,Latin America and the Caribbean,Americas,2002,2000,both,Not applicable,Number,2
CUB,Latin America and the Caribbean,Americas,2003,2000,both,Not applicable,Number,2
CUB,Latin America and the Caribbean,Americas,2004,2000,both,Not applicable,Number,2
CYP,Western Asia,Asia,1996,1990,both,Not applicable,Number,9
CYP,Western Asia,Asia,1997,1990,both,Not applicable,Number,8
CYP,Western Asia,Asia,1998,1990,both,Not applicable,Number,7
CYP,Western Asia,Asia,1999,1990,both,Not applicable,Number,8
CYP,Western Asia,Asia,2000,2000,both,Not applicable,Number,8
CYP,Western Asia,Asia,2001,2000,both,Not applicable,Number,8
CYP,Western Asia,Asia,2002,2000,both,Not applicable,Number,7
CYP,Western Asia,Asia,2003,2000,both,Not applicable,Number,7
CYP,Western Asia,Asia,2004,2000,both,Not applicable,Number,8
CZE,Eastern Europe,Europe,1996,1990,both,Not applicable,Number,21
CZE,Eastern Europe,Europe,1997,1990,both,Not applicable,Number,99
CZE,Eastern Europe,Europe,1998,1990,both,Not applicable,Number,103
CZE,Eastern Europe,Europe,1999,1990,both,Not applicable,Number,104
CZE,Eastern Europe,Europe,2000,2000,both,Not applicable,Number,76
CZE,Eastern Europe,Europe,2001,2000,both,Not applicable,Number,67
CZE,Eastern Europe,Europe,2002,2000,both,Not applicable,Number,74
CZE,Eastern Europe,Europe,2003,2000,both,Not applicable,Number,66
CZE,Eastern Europe,Europe,2004,2000,both,Not applicable,Number,81
PRK,Eastern Asia,Asia,1996,1990,both,Not applicable,Number,3
PRK,Eastern Asia,Asia,2004,2000,both,Not applicable,Number,15
COD,Sub-Saharan Africa,Africa,1998,1990,both,Not applicable,Number,9
COD,Sub-Saharan Africa,Africa,1996,1990,both,Not applicable,Number,9
COD,Sub-Saharan Africa,Africa,2000,2000,both,Not applicable,Number,12
COD,Sub-Saharan Africa,Africa,1997,1990,both,Not applicable,Number,9
COD,Sub-Saharan Africa,Africa,2001,2000,both,Not applicable,Number,12
COD,Sub-Saharan Africa,Africa,2002,2000,both,Not applicable,Number,12
COD,Sub-Saharan Africa,Africa,2003,2000,both,Not applicable,Number,12
COD,Sub-Saharan Africa,Africa,2004,2000,both,Not applicable,Number,12
DNK,Northern Europe,Europe,1996,1990,both,Not applicable,Number,37
DNK,Northern Europe,Europe,1997,1990,both,Not applicable,Number,38
DNK,Northern Europe,Europe,1998,1990,both,Not applicable,Number,36
DNK,Northern Europe,Europe,1999,1990,both,Not applicable,Number,33
DNK,Northern Europe,Europe,2000,2000,both,Not applicable,Number,33
DNK,Northern Europe,Europe,2001,2000,both,Not applicable,Number,32
DNK,Northern Europe,Europe,2002,2000,both,Not applicable,Number,33
DNK,Northern Europe,Europe,2003,2000,both,Not applicable,Number,35
DNK,Northern Europe,Europe,2004,2000,both,Not applicable,Number,35
DMA,Latin America and the Caribbean,Americas,1996,1990,both,Not applicable,Number,0
DOM,Latin America and the Caribbean,Americas,2001,2000,both,Not applicable,Number,11
DOM,Latin America and the Caribbean,Americas,1996,1990,both,Not applicable,Number,12
DOM,Latin America and the Caribbean,Americas,2002,2000,both,Not applicable,Number,13
DOM,Latin America and the Caribbean,Americas,1997,1990,both,Not applicable,Number,10
DOM,Latin America and the Caribbean,Americas,2003,2000,both,Not applicable,Number,12
DOM,Latin America and the Caribbean,Americas,1998,1990,both,Not applicable,Number,10
DOM,Latin America and the Caribbean,Americas,2004,2000,both,Not applicable,Number,11
DOM,Latin America and the Caribbean,Americas,1999,1990,both,Not applicable,Number,10
DOM,Latin America and the Caribbean,Americas,2000,2000,both,Not applicable,Number,9
ECU,Latin America and the Caribbean,Americas,1996,1990,both,Not applicable,Number,29
ECU,Latin America and the Caribbean,Americas,1999,1990,both,Not applicable,Number,36
ECU,Latin America and the Caribbean,Americas,2000,2000,both,Not applicable,Number,36
EGY,Northern Africa,Africa,1996,1990,both,Not applicable,Number,17
EGY,Northern Africa,Africa,1997,1990,both,Not applicable,Number,14
EGY,Northern Africa,Africa,1998,1990,both,Not applicable,Number,15
EGY,Northern Africa,Africa,1999,1990,both,Not applicable,Number,16
SLV,Latin America and the Caribbean,Americas,1996,1990,both,Not applicable,Number,5
SLV,Latin America and the Caribbean,Americas,1997,1990,both,Not applicable,Number,4
SLV,Latin America and the Caribbean,Americas,1998,1990,both,Not applicable,Number,4
SLV,Latin America and the Caribbean,Americas,2001,2000,both,Not applicable,Number,5
SLV,Latin America and the Caribbean,Americas,2002,2000,both,Not applicable,Number,5
SLV,Latin America and the Caribbean,Americas,2003,2000,both,Not applicable,Number,5
SLV,Latin America and the Caribbean,Americas,2004,2000,both,Not applicable,Number,5
GNQ,Sub-Saharan Africa,Africa,1996,1990,both,Not applicable,Number,1
GNQ,Sub-Saharan Africa,Africa,1997,1990,both,Not applicable,Number,1
GNQ,Sub-Saharan Africa,Africa,1998,1990,both,Not applicable,Number,1
EST,Northern Europe,Europe,1996,1990,both,Not applicable,Number,15
EST,Northern Europe,Europe,1997,1990,both,Not applicable,Number,17
EST,Northern Europe,Europe,1998,1990,both,Not applicable,Number,16
EST,Northern Europe,Europe,1999,1990,both,Not applicable,Number,17
EST,Northern Europe,Europe,2000,2000,both,Not applicable,Number,16
EST,Northern Europe,Europe,2001,2000,both,Not applicable,Number,14
EST,Northern Europe,Europe,2002,2000,both,Not applicable,Number,13
EST,Northern Europe,Europe,2003,2000,both,Not applicable,Number,14
EST,Northern Europe,Europe,2004,2000,both,Not applicable,Number,13
ETH,Sub-Saharan Africa,Africa,1996,1990,both,Not applicable,Number,4
ETH,Sub-Saharan Africa,Africa,1997,1990,both,Not applicable,Number,2
ETH,Sub-Saharan Africa,Africa,1998,1990,both,Not applicable,Number,2
ETH,Sub-Saharan Africa,Africa,2000,2000,both,Not applicable,Number,4
ETH,Sub-Saharan Africa,Africa,2001,2000,both,Not applicable,Number,3
ETH,Sub-Saharan Africa,Africa,2002,2000,both,Not applicable,Number,3
ETH,Sub-Saharan Africa,Africa,2003,2000,both,Not applicable,Number,3
ETH,Sub-Saharan Africa,Africa,2004,2000,both,Not applicable,Number,3
faeroe islands,faeroe islands,faeroe islands,1996,1990,both,Not applicable,Number,1
FLK,Latin America and the Caribbean,Americas,1996,1990,both,Not applicable,Number,0
FJI,Melanesia,Oceania,1996,1990,both,Not applicable,Number,1
FJI,Melanesia,Oceania,2000,2000,both,Not applicable,Number,3
FJI,Melanesia,Oceania,2001,2000,both,Not applicable,Number,3
FJI,Melanesia,Oceania,2002,2000,both,Not applicable,Number,3
FJI,Melanesia,Oceania,2003,2000,both,Not applicable,Number,3
FJI,Melanesia,Oceania,2004,2000,both,Not applicable,Number,3
FIN,Northern Europe,Europe,1996,1990,both,Not applicable,Number,56
FIN,Northern Europe,Europe,1997,1990,both,Not applicable,Number,56
FIN,Northern Europe,Europe,1998,1990,both,Not applicable,Number,56
FIN,Northern Europe,Europe,1999,1990,both,Not applicable,Number,56
FIN,Northern Europe,Europe,2000,2000,both,Not applicable,Number,55
FIN,Northern Europe,Europe,2001,2000,both,Not applicable,Number,54
FIN,Northern Europe,Europe,2002,2000,both,Not applicable,Number,53
FIN,Northern Europe,Europe,2003,2000,both,Not applicable,Number,53
FIN,Northern Europe,Europe,2004,2000,both,Not applicable,Number,53
FRA,Western Europe,Europe,1996,1990,both,Not applicable,Number,117
FRA,Western Europe,Europe,1997,1990,both,Not applicable,Number,84
FRA,Western Europe,Europe,1998,1990,both,Not applicable,Number,92
FRA,Western Europe,Europe,1999,1990,both,Not applicable,Number,93
FRA,Western Europe,Europe,2000,2000,both,Not applicable,Number,91
FRA,Western Europe,Europe,2001,2000,both,Not applicable,Number,94
FRA,Western Europe,Europe,2002,2000,both,Not applicable,Number,97
FRA,Western Europe,Europe,2003,2000,both,Not applicable,Number,98
FRA,Western Europe,Europe,2004,2000,both,Not applicable,Number,101
FRA,Western Europe,Europe,2005,2000,both,Not applicable,Number,103
GUF,Latin America and the Caribbean,Americas,1996,1990,both,Not applicable,Number,1
PYF,Polynesia,Oceania,1996,1990,both,Not applicable,Number,4
PYF,Polynesia,Oceania,2000,2000,both,Not applicable,Number,2
PYF,Polynesia,Oceania,2001,2000,both,Not applicable,Number,2
PYF,Polynesia,Oceania,2002,2000,both,Not applicable,Number,2
PYF,Polynesia,Oceania,2003,2000,both,Not applicable,Number,2
PYF,Polynesia,Oceania,2004,2000,both,Not applicable,Number,2
GAB,Sub-Saharan Africa,Africa,1996,1990,both,Not applicable,Number,2
GAB,Sub-Saharan Africa,Africa,1998,1990,both,Not applicable,Number,2
GAB,Sub-Saharan Africa,Africa,1997,1990,both,Not applicable,Number,2
GAB,Sub-Saharan Africa,Africa,2001,2000,both,Not applicable,Number,1
GAB,Sub-Saharan Africa,Africa,2002,2000,both,Not applicable,Number,1
GAB,Sub-Saharan Africa,Africa,2003,2000,both,Not applicable,Number,1
GAB,Sub-Saharan Africa,Africa,2004,2000,both,Not applicable,Number,1
GMB,Sub-Saharan Africa,Africa,1996,1990,both,Not applicable,Number,1
GMB,Sub-Saharan Africa,Africa,1997,1990,both,Not applicable,Number,1
GMB,Sub-Saharan Africa,Africa,1998,1990,both,Not applicable,Number,1
GMB,Sub-Saharan Africa,Africa,2001,2000,both,Not applicable,Number,2
GMB,Sub-Saharan Africa,Africa,2002,2000,both,Not applicable,Number,2
GMB,Sub-Saharan Africa,Africa,2003,2000,both,Not applicable,Number,2
GMB,Sub-Saharan Africa,Africa,2004,2000,both,Not applicable,Number,2
GEO,Western Asia,Asia,1996,1990,both,Not applicable,Number,1
GEO,Western Asia,Asia,2001,2000,both,Not applicable,Number,17
GEO,Western Asia,Asia,2002,2000,both,Not applicable,Number,19
GEO,Western Asia,Asia,2003,2000,both,Not applicable,Number,15
GEO,Western Asia,Asia,2004,2000,both,Not applicable,Number,9
DEU,Western Europe,Europe,2000,2000,both,Not applicable,Number,355
DEU,Western Europe,Europe,1996,1990,both,Not applicable,Number,375
DEU,Western Europe,Europe,2001,2000,both,Not applicable,Number,356
DEU,Western Europe,Europe,1997,1990,both,Not applicable,Number,402
DEU,Western Europe,Europe,2002,2000,both,Not applicable,Number,349
DEU,Western Europe,Europe,1998,1990,both,Not applicable,Number,391
DEU,Western Europe,Europe,2003,2000,both,Not applicable,Number,349
DEU,Western Europe,Europe,1999,1990,both,Not applicable,Number,387
DEU,Western Europe,Europe,2004,2000,both,Not applicable,Number,347
GHA,Sub-Saharan Africa,Africa,1996,1990,both,Not applicable,Number,4
GHA,Sub-Saharan Africa,Africa,1997,1990,both,Not applicable,Number,4
GHA,Sub-Saharan Africa,Africa,1998,1990,both,Not applicable,Number,4
GIB,Southern Europe,Europe,1996,1990,both,Not applicable,Number,2
GIB,Southern Europe,Europe,1998,1990,both,Not applicable,Number,1
GIB,Southern Europe,Europe,1999,1990,both,Not applicable,Number,2
GIB,Southern Europe,Europe,2000,2000,both,Not applicable,Number,2
GIB,Southern Europe,Europe,2001,2000,both,Not applicable,Number,2
GIB,Southern Europe,Europe,2002,2000,both,Not applicable,Number,2
GIB,Southern Europe,Europe,2003,2000,both,Not applicable,Number,2
GIB,Southern Europe,Europe,2004,2000,both,Not applicable,Number,2
GRC,Southern Europe,Europe,1996,1990,both,Not applicable,Number,156
GRL,Northern America,Americas,1996,1990,both,Not applicable,Number,2
GRD,Latin America and the Caribbean,Americas,1996,1990,both,Not applicable,Number,0
GLP,Latin America and the Caribbean,Americas,1996,1990,both,Not applicable,Number,1
GLP,Latin America and the Caribbean,Americas,2001,2000,both,Not applicable,Number,1
GLP,Latin America and the Caribbean,Americas,2002,2000,both,Not applicable,Number,1
GLP,Latin America and the Caribbean,Americas,2003,2000,both,Not applicable,Number,1
GLP,Latin America and the Caribbean,Americas,2004,2000,both,Not applicable,Number,1
GUM,Micronesia,Oceania,1996,1990,both,Not applicable,Number,1
GUM,Micronesia,Oceania,2000,2000,both,Not applicable,Number,1
GUM,Micronesia,Oceania,2001,2000,both,Not applicable,Number,1
GUM,Micronesia,Oceania,2002,2000,both,Not applicable,Number,1
GUM,Micronesia,Oceania,2003,2000,both,Not applicable,Number,1
GUM,Micronesia,Oceania,2004,2000,both,Not applicable,Number,1
GTM,Latin America and the Caribbean,Americas,1996,1990,both,Not applicable,Number,7
GIN,Sub-Saharan Africa,Africa,1996,1990,both,Not applicable,Number,0
GIN,Sub-Saharan Africa,Africa,2001,2000,both,Not applicable,Number,2
GIN,Sub-Saharan Africa,Africa,2002,2000,both,Not applicable,Number,2
GIN,Sub-Saharan Africa,Africa,2003,2000,both,Not applicable,Number,2
GIN,Sub-Saharan Africa,Africa,2004,2000,both,Not applicable,Number,2
GNB,Sub-Saharan Africa,Africa,1996,1990,both,Not applicable,Number,1
GNB,Sub-Saharan Africa,Africa,1997,1990,both,Not applicable,Number,1
GNB,Sub-Saharan Africa,Africa,1998,1990,both,Not applicable,Number,1
GUY,Latin America and the Caribbean,Americas,1996,1990,both,Not applicable,Number,2
GUY,Latin America and the Caribbean,Americas,1999,1990,both,Not applicable,Number,2
GUY,Latin America and the Caribbean,Americas,2000,2000,both,Not applicable,Number,2
GUY,Latin America and the Caribbean,Americas,2001,2000,both,Not applicable,Number,2
GUY,Latin America and the Caribbean,Americas,2002,2000,both,Not applicable,Number,2
GUY,Latin America and the Caribbean,Americas,2003,2000,both,Not applicable,Number,3
GUY,Latin America and the Caribbean,Americas,2004,2000,both,Not applicable,Number,3
HTI,Latin America and the Caribbean,Americas,1996,1990,both,Not applicable,Number,4
HTI,Latin America and the Caribbean,Americas,2001,2000,both,Not applicable,Number,2
HTI,Latin America and the Caribbean,Americas,2002,2000,both,Not applicable,Number,2
HTI,Latin America and the Caribbean,Americas,2003,2000,both,Not applicable,Number,2
HTI,Latin America and the Caribbean,Americas,2004,2000,both,Not applicable,Number,2
VAT,Southern Europe,Europe,1996,1990,both,Not applicable,Number,1
HND,Latin America and the Caribbean,Americas,1996,1990,both,Not applicable,Number,7
HKG,Eastern Asia,Asia,1996,1990,both,Not applicable,Number,52
HKG,Eastern Asia,Asia,1998,1990,both,Not applicable,Number,43
HKG,Eastern Asia,Asia,1999,1990,both,Not applicable,Number,48
HKG,Eastern Asia,Asia,2000,2000,both,Not applicable,Number,59
HKG,Eastern Asia,Asia,2001,2000,both,Not applicable,Number,52
HKG,Eastern Asia,Asia,2002,2000,both,Not applicable,Number,52
HKG,Eastern Asia,Asia,2003,2000,both,Not applicable,Number,52
HKG,Eastern Asia,Asia,2004,2000,both,Not applicable,Number,46
HUN,Eastern Europe,Europe,1996,1990,both,Not applicable,Number,40
HUN,Eastern Europe,Europe,1997,1990,both,Not applicable,Number,43
HUN,Eastern Europe,Europe,1998,1990,both,Not applicable,Number,40
HUN,Eastern Europe,Europe,1999,1990,both,Not applicable,Number,39
HUN,Eastern Europe,Europe,2000,2000,both,Not applicable,Number,35
HUN,Eastern Europe,Europe,2001,2000,both,Not applicable,Number,35
HUN,Eastern Europe,Europe,2002,2000,both,Not applicable,Number,35
HUN,Eastern Europe,Europe,2003,2000,both,Not applicable,Number,35
HUN,Eastern Europe,Europe,2004,2000,both,Not applicable,Number,34
ISL,Northern Europe,Europe,1996,1990,both,Not applicable,Number,5
ISL,Northern Europe,Europe,2001,2000,both,Not applicable,Number,4
ISL,Northern Europe,Europe,1997,1990,both,Not applicable,Number,4
ISL,Northern Europe,Europe,2002,2000,both,Not applicable,Number,3
ISL,Northern Europe,Europe,1998,1990,both,Not applicable,Number,3
ISL,Northern Europe,Europe,2003,2000,both,Not applicable,Number,3
ISL,Northern Europe,Europe,1999,1990,both,Not applicable,Number,3
ISL,Northern Europe,Europe,2004,2000,both,Not applicable,Number,3
ISL,Northern Europe,Europe,2000,2000,both,Not applicable,Number,3
IND,Southern Asia,Asia,1996,1990,both,Not applicable,Number,4770
IND,Southern Asia,Asia,2000,2000,both,Not applicable,Number,1523
IND,Southern Asia,Asia,2001,2000,both,Not applicable,Number,1329
IND,Southern Asia,Asia,2002,2000,both,Not applicable,Number,1931
IND,Southern Asia,Asia,2003,2000,both,Not applicable,Number,1749
IND,Southern Asia,Asia,2004,2000,both,Not applicable,Number,1874
IDN,South-eastern Asia,Asia,1996,1990,both,Not applicable,Number,69
IDN,South-eastern Asia,Asia,2001,2000,both,Not applicable,Number,566
IDN,South-eastern Asia,Asia,2000,2000,both,Not applicable,Number,1050
IDN,South-eastern Asia,Asia,2002,2000,both,Not applicable,Number,680
IDN,South-eastern Asia,Asia,2005,2000,both,Not applicable,Number,863
IRN,Southern Asia,Asia,1996,1990,both,Not applicable,Number,32
IRN,Southern Asia,Asia,1999,1990,both,Not applicable,Number,105
IRN,Southern Asia,Asia,2000,2000,both,Not applicable,Number,112
IRN,Southern Asia,Asia,2001,2000,both,Not applicable,Number,117
IRN,Southern Asia,Asia,2002,2000,both,Not applicable,Number,121
IRN,Southern Asia,Asia,2003,2000,both,Not applicable,Number,130
IRN,Southern Asia,Asia,2004,2000,both,Not applicable,Number,172
IRQ,Western Asia,Asia,1996,1990,both,Not applicable,Number,4
IRL,Northern Europe,Europe,1996,1990,both,Not applicable,Number,6
IRL,Northern Europe,Europe,1997,1990,both,Not applicable,Number,6
IRL,Northern Europe,Europe,1998,1990,both,Not applicable,Number,6
IRL,Northern Europe,Europe,1999,1990,both,Not applicable,Number,6
IRL,Northern Europe,Europe,2000,2000,both,Not applicable,Number,6
IRL,Northern Europe,Europe,2001,2000,both,Not applicable,Number,6
IRL,Northern Europe,Europe,2002,2000,both,Not applicable,Number,6
IRL,Northern Europe,Europe,2003,2000,both,Not applicable,Number,7
IRL,Northern Europe,Europe,2004,2000,both,Not applicable,Number,7
ISR,Western Asia,Asia,1996,1990,both,Not applicable,Number,34
ITA,Southern Europe,Europe,1996,1990,both,Not applicable,Number,78
ITA,Southern Europe,Europe,1998,1990,both,Not applicable,Number,92
ITA,Southern Europe,Europe,1999,1990,both,Not applicable,Number,88
ITA,Southern Europe,Europe,2000,2000,both,Not applicable,Number,90
ITA,Southern Europe,Europe,2001,2000,both,Not applicable,Number,93
ITA,Southern Europe,Europe,2002,2000,both,Not applicable,Number,96
ITA,Southern Europe,Europe,2003,2000,both,Not applicable,Number,96
ITA,Southern Europe,Europe,2004,2000,both,Not applicable,Number,96
JAM,Latin America and the Caribbean,Americas,1996,1990,both,Not applicable,Number,3
JAM,Latin America and the Caribbean,Americas,2001,2000,both,Not applicable,Number,3
JAM,Latin America and the Caribbean,Americas,2002,2000,both,Not applicable,Number,3
JAM,Latin America and the Caribbean,Americas,2003,2000,both,Not applicable,Number,3
JAM,Latin America and the Caribbean,Americas,2004,2000,both,Not applicable,Number,3
JPN,Eastern Asia,Asia,1996,1990,both,Not applicable,Number,122
JPN,Eastern Asia,Asia,1997,1990,both,Not applicable,Number,109
JPN,Eastern Asia,Asia,1998,1990,both,Not applicable,Number,108
JPN,Eastern Asia,Asia,1999,1990,both,Not applicable,Number,109
JPN,Eastern Asia,Asia,2000,2000,both,Not applicable,Number,110
JPN,Eastern Asia,Asia,2001,2000,both,Not applicable,Number,111
JPN,Eastern Asia,Asia,2002,2000,both,Not applicable,Number,107
JPN,Eastern Asia,Asia,2003,2000,both,Not applicable,Number,106
JPN,Eastern Asia,Asia,2004,2000,both,Not applicable,Number,108
JOR,Western Asia,Asia,1996,1990,both,Not applicable,Number,4
JOR,Western Asia,Asia,1997,1990,both,Not applicable,Number,8
JOR,Western Asia,Asia,1998,1990,both,Not applicable,Number,8
JOR,Western Asia,Asia,1999,1990,both,Not applicable,Number,5
JOR,Western Asia,Asia,2000,2000,both,Not applicable,Number,5
JOR,Western Asia,Asia,2001,2000,both,Not applicable,Number,5
JOR,Western Asia,Asia,2002,2000,both,Not applicable,Number,5
JOR,Western Asia,Asia,2003,2000,both,Not applicable,Number,4
JOR,Western Asia,Asia,2004,2000,both,Not applicable,Number,4
KAZ,Central Asia,Asia,1996,1990,both,Not applicable,Number,3
KEN,Sub-Saharan Africa,Africa,1996,1990,both,Not applicable,Number,4
KEN,Sub-Saharan Africa,Africa,1997,1990,both,Not applicable,Number,4
KEN,Sub-Saharan Africa,Africa,1998,1990,both,Not applicable,Number,4
KEN,Sub-Saharan Africa,Africa,1999,1990,both,Not applicable,Number,4
KEN,Sub-Saharan Africa,Africa,2000,2000,both,Not applicable,Number,4
KEN,Sub-Saharan Africa,Africa,2001,2000,both,Not applicable,Number,5
KEN,Sub-Saharan Africa,Africa,2002,2000,both,Not applicable,Number,5
KEN,Sub-Saharan Africa,Africa,2003,2000,both,Not applicable,Number,5
KEN,Sub-Saharan Africa,Africa,2004,2000,both,Not applicable,Number,5
KWT,Western Asia,Asia,1996,1990,both,Not applicable,Number,8
KWT,Western Asia,Asia,2000,2000,both,Not applicable,Number,8
KWT,Western Asia,Asia,2001,2000,both,Not applicable,Number,8
KWT,Western Asia,Asia,2002,2000,both,Not applicable,Number,8
KWT,Western Asia,Asia,2003,2000,both,Not applicable,Number,8
KWT,Western Asia,Asia,2004,2000,both,Not applicable,Number,8
KGZ,Central Asia,Asia,1996,1990,both,Not applicable,Number,3
KGZ,Central Asia,Asia,1999,1990,both,Not applicable,Number,3
KGZ,Central Asia,Asia,2000,2000,both,Not applicable,Number,3
KGZ,Central Asia,Asia,2001,2000,both,Not applicable,Number,2
KGZ,Central Asia,Asia,2002,2000,both,Not applicable,Number,1
KGZ,Central Asia,Asia,2003,2000,both,Not applicable,Number,2
KGZ,Central Asia,Asia,2004,2000,both,Not applicable,Number,2
LAO,South-eastern Asia,Asia,1996,1990,both,Not applicable,Number,3
LAO,South-eastern Asia,Asia,2000,2000,both,Not applicable,Number,5
LAO,South-eastern Asia,Asia,2001,2000,both,Not applicable,Number,5
LAO,South-eastern Asia,Asia,2002,2000,both,Not applicable,Number,5
LAO,South-eastern Asia,Asia,2003,2000,both,Not applicable,Number,6
LAO,South-eastern Asia,Asia,2004,2000,both,Not applicable,Number,6
LVA,Northern Europe,Europe,1996,1990,both,Not applicable,Number,24
LVA,Northern Europe,Europe,1997,1990,both,Not applicable,Number,24
LVA,Northern Europe,Europe,1998,1990,both,Not applicable,Number,21
LVA,Northern Europe,Europe,1999,1990,both,Not applicable,Number,27
LVA,Northern Europe,Europe,2000,2000,both,Not applicable,Number,26
LVA,Northern Europe,Europe,2001,2000,both,Not applicable,Number,27
LVA,Northern Europe,Europe,2002,2000,both,Not applicable,Number,24
LVA,Northern Europe,Europe,2003,2000,both,Not applicable,Number,24
LVA,Northern Europe,Europe,2004,2000,both,Not applicable,Number,23
LBN,Western Asia,Asia,1996,1990,both,Not applicable,Number,15
LBN,Western Asia,Asia,1998,1990,both,Not applicable,Number,13
LBN,Western Asia,Asia,1999,1990,both,Not applicable,Number,14
LBN,Western Asia,Asia,2000,2000,both,Not applicable,Number,13
LBN,Western Asia,Asia,2001,2000,both,Not applicable,Number,13
LBN,Western Asia,Asia,2002,2000,both,Not applicable,Number,13
LBN,Western Asia,Asia,2003,2000,both,Not applicable,Number,14
LBN,Western Asia,Asia,2004,2000,both,Not applicable,Number,15
LSO,Sub-Saharan Africa,Africa,1996,1990,both,Not applicable,Number,2
LSO,Sub-Saharan Africa,Africa,1997,1990,both,Not applicable,Number,2
LSO,Sub-Saharan Africa,Africa,1998,1990,both,Not applicable,Number,2
LBR,Sub-Saharan Africa,Africa,1996,1990,both,Not applicable,Number,6
LBR,Sub-Saharan Africa,Africa,1997,1990,both,Not applicable,Number,6
LBR,Sub-Saharan Africa,Africa,1998,1990,both,Not applicable,Number,6
LBR,Sub-Saharan Africa,Africa,2000,2000,both,Not applicable,Number,2
LBR,Sub-Saharan Africa,Africa,2001,2000,both,Not applicable,Number,2
LBR,Sub-Saharan Africa,Africa,2002,2000,both,Not applicable,Number,3
LBR,Sub-Saharan Africa,Africa,2003,2000,both,Not applicable,Number,3
LBR,Sub-Saharan Africa,Africa,2004,2000,both,Not applicable,Number,3
libyan arab jamahiriya,libyan arab jamahiriya,libyan arab jamahiriya,1998,1990,both,Not applicable,Number,4
libyan arab jamahiriya,libyan arab jamahiriya,libyan arab jamahiriya,1996,1990,both,Not applicable,Number,4
libyan arab jamahiriya,libyan arab jamahiriya,libyan arab jamahiriya,2001,2000,both,Not applicable,Number,4
libyan arab jamahiriya,libyan arab jamahiriya,libyan arab jamahiriya,1997,1990,both,Not applicable,Number,4
libyan arab jamahiriya,libyan arab jamahiriya,libyan arab jamahiriya,2002,2000,both,Not applicable,Number,4
libyan arab jamahiriya,libyan arab jamahiriya,libyan arab jamahiriya,2003,2000,both,Not applicable,Number,4
libyan arab jamahiriya,libyan arab jamahiriya,libyan arab jamahiriya,2004,2000,both,Not applicable,Number,4
LIE,Western Europe,Europe,1996,1990,both,Not applicable,Number,2
LIE,Western Europe,Europe,2000,2000,both,Not applicable,Number,2
LIE,Western Europe,Europe,2001,2000,both,Not applicable,Number,2
LIE,Western Europe,Europe,2002,2000,both,Not applicable,Number,2
LIE,Western Europe,Europe,2003,2000,both,Not applicable,Number,2
LIE,Western Europe,Europe,2004,2000,both,Not applicable,Number,2
LTU,Northern Europe,Europe,1996,1990,both,Not applicable,Number,19
LTU,Northern Europe,Europe,2000,2000,both,Not applicable,Number,13
LTU,Northern Europe,Europe,2001,2000,both,Not applicable,Number,13
LTU,Northern Europe,Europe,2002,2000,both,Not applicable,Number,14
LTU,Northern Europe,Europe,2003,2000,both,Not applicable,Number,14
LTU,Northern Europe,Europe,2004,2000,both,Not applicable,Number,14
LUX,Western Europe,Europe,1996,1990,both,Not applicable,Number,5
LUX,Western Europe,Europe,1997,1990,both,Not applicable,Number,5
LUX,Western Europe,Europe,1998,1990,both,Not applicable,Number,5
LUX,Western Europe,Europe,1999,1990,both,Not applicable,Number,5
LUX,Western Europe,Europe,2000,2000,both,Not applicable,Number,5
LUX,Western Europe,Europe,2001,2000,both,Not applicable,Number,7
LUX,Western Europe,Europe,2002,2000,both,Not applicable,Number,6
LUX,Western Europe,Europe,2003,2000,both,Not applicable,Number,6
LUX,Western Europe,Europe,2004,2000,both,Not applicable,Number,6
MAC,Eastern Asia,Asia,1996,1990,both,Not applicable,Number,10
MAC,Eastern Asia,Asia,1999,1990,both,Not applicable,Number,10
MAC,Eastern Asia,Asia,2000,2000,both,Not applicable,Number,10
MAC,Eastern Asia,Asia,2001,2000,both,Not applicable,Number,11
MAC,Eastern Asia,Asia,2002,2000,both,Not applicable,Number,11
MAC,Eastern Asia,Asia,2003,2000,both,Not applicable,Number,11
MAC,Eastern Asia,Asia,2004,2000,both,Not applicable,Number,12
MDG,Sub-Saharan Africa,Africa,1997,1990,both,Not applicable,Number,5
MDG,Sub-Saharan Africa,Africa,1996,1990,both,Not applicable,Number,5
MDG,Sub-Saharan Africa,Africa,1998,1990,both,Not applicable,Number,5
MDG,Sub-Saharan Africa,Africa,2002,2000,both,Not applicable,Number,4
MDG,Sub-Saharan Africa,Africa,2003,2000,both,Not applicable,Number,6
MDG,Sub-Saharan Africa,Africa,2004,2000,both,Not applicable,Number,9
MWI,Sub-Saharan Africa,Africa,1996,1990,both,Not applicable,Number,5
MWI,Sub-Saharan Africa,Africa,1997,1990,both,Not applicable,Number,5
MWI,Sub-Saharan Africa,Africa,1998,1990,both,Not applicable,Number,5
MWI,Sub-Saharan Africa,Africa,2001,2000,both,Not applicable,Number,2
MWI,Sub-Saharan Africa,Africa,2002,2000,both,Not applicable,Number,2
MWI,Sub-Saharan Africa,Africa,2003,2000,both,Not applicable,Number,2
MWI,Sub-Saharan Africa,Africa,2004,2000,both,Not applicable,Number,2
MYS,South-eastern Asia,Asia,1996,1990,both,Not applicable,Number,42
MYS,South-eastern Asia,Asia,1997,1990,both,Not applicable,Number,33
MYS,South-eastern Asia,Asia,1998,1990,both,Not applicable,Number,33
MYS,South-eastern Asia,Asia,2000,2000,both,Not applicable,Number,31
MYS,South-eastern Asia,Asia,2001,2000,both,Not applicable,Number,34
MYS,South-eastern Asia,Asia,2002,2000,both,Not applicable,Number,33
MYS,South-eastern Asia,Asia,2003,2000,both,Not applicable,Number,33
MYS,South-eastern Asia,Asia,2004,2000,both,Not applicable,Number,35
MDV,Southern Asia,Asia,1996,1990,both,Not applicable,Number,2
MDV,Southern Asia,Asia,2001,2000,both,Not applicable,Number,3
MDV,Southern Asia,Asia,2002,2000,both,Not applicable,Number,3
MDV,Southern Asia,Asia,2003,2000,both,Not applicable,Number,3
MDV,Southern Asia,Asia,2004,2000,both,Not applicable,Number,3
MLI,Sub-Saharan Africa,Africa,1996,1990,both,Not applicable,Number,3
MLI,Sub-Saharan Africa,Africa,1997,1990,both,Not applicable,Number,3
MLI,Sub-Saharan Africa,Africa,1998,1990,both,Not applicable,Number,3
MLI,Sub-Saharan Africa,Africa,2001,2000,both,Not applicable,Number,8
MLI,Sub-Saharan Africa,Africa,2002,2000,both,Not applicable,Number,8
MLI,Sub-Saharan Africa,Africa,2003,2000,both,Not applicable,Number,9
MLI,Sub-Saharan Africa,Africa,2004,2000,both,Not applicable,Number,9
MLT,Southern Europe,Europe,1996,1990,both,Not applicable,Number,2
MLT,Southern Europe,Europe,1997,1990,both,Not applicable,Number,5
MLT,Southern Europe,Europe,1998,1990,both,Not applicable,Number,4
MLT,Southern Europe,Europe,2000,2000,both,Not applicable,Number,4
MLT,Southern Europe,Europe,2001,2000,both,Not applicable,Number,4
MLT,Southern Europe,Europe,2002,2000,both,Not applicable,Number,4
MLT,Southern Europe,Europe,2003,2000,both,Not applicable,Number,4
MLT,Southern Europe,Europe,2004,2000,both,Not applicable,Number,4
MHL,Micronesia,Oceania,1996,1990,both,Not applicable,Number,0
MHL,Micronesia,Oceania,2000,2000,both,Not applicable,Number,0
MHL,Micronesia,Oceania,2001,2000,both,Not applicable,Number,0
MHL,Micronesia,Oceania,2002,2000,both,Not applicable,Number,0
MHL,Micronesia,Oceania,2003,2000,both,Not applicable,Number,0
MHL,Micronesia,Oceania,2004,2000,both,Not applicable,Number,0
MTQ,Latin America and the Caribbean,Americas,1996,1990,both,Not applicable,Number,1
MRT,Sub-Saharan Africa,Africa,1996,1990,both,Not applicable,Number,2
MRT,Sub-Saharan Africa,Africa,2001,2000,both,Not applicable,Number,3
MRT,Sub-Saharan Africa,Africa,2002,2000,both,Not applicable,Number,3
MRT,Sub-Saharan Africa,Africa,2003,2000,both,Not applicable,Number,3
MRT,Sub-Saharan Africa,Africa,2004,2000,both,Not applicable,Number,3
MUS,Sub-Saharan Africa,Africa,1996,1990,both,Not applicable,Number,6
MUS,Sub-Saharan Africa,Africa,1997,1990,both,Not applicable,Number,8
MUS,Sub-Saharan Africa,Africa,1998,1990,both,Not applicable,Number,6
MUS,Sub-Saharan Africa,Africa,1999,1990,both,Not applicable,Number,6
MUS,Sub-Saharan Africa,Africa,2000,2000,both,Not applicable,Number,5
MUS,Sub-Saharan Africa,Africa,2003,2000,both,Not applicable,Number,9
MUS,Sub-Saharan Africa,Africa,2004,2000,both,Not applicable,Number,10
MEX,Latin America and the Caribbean,Americas,1996,1990,both,Not applicable,Number,295
MEX,Latin America and the Caribbean,Americas,1999,1990,both,Not applicable,Number,300
MEX,Latin America and the Caribbean,Americas,2000,2000,both,Not applicable,Number,311
MEX,Latin America and the Caribbean,Americas,2001,2000,both,Not applicable,Number,341
MEX,Latin America and the Caribbean,Americas,2002,2000,both,Not applicable,Number,300
MDA,Eastern Europe,Europe,1996,1990,both,Not applicable,Number,4
MDA,Eastern Europe,Europe,1997,1990,both,Not applicable,Number,5
MDA,Eastern Europe,Europe,1998,1990,both,Not applicable,Number,6
MDA,Eastern Europe,Europe,1999,1990,both,Not applicable,Number,6
MDA,Eastern Europe,Europe,2000,2000,both,Not applicable,Number,6
MCO,Western Europe,Europe,1996,1990,both,Not applicable,Number,1
MCO,Western Europe,Europe,2004,2000,both,Not applicable,Number,1
MNG,Eastern Asia,Asia,1996,1990,both,Not applicable,Number,4
MNG,Eastern Asia,Asia,1997,1990,both,Not applicable,Number,4
MNG,Eastern Asia,Asia,1998,1990,both,Not applicable,Number,5
MNG,Eastern Asia,Asia,1999,1990,both,Not applicable,Number,5
MNG,Eastern Asia,Asia,2000,2000,both,Not applicable,Number,5
MNG,Eastern Asia,Asia,2001,2000,both,Not applicable,Number,5
MNG,Eastern Asia,Asia,2002,2000,both,Not applicable,Number,5
MNG,Eastern Asia,Asia,2003,2000,both,Not applicable,Number,6
MNG,Eastern Asia,Asia,2004,2000,both,Not applicable,Number,6
MSR,Latin America and the Caribbean,Americas,1996,1990,both,Not applicable,Number,0
MAR,Northern Africa,Africa,1996,1990,both,Not applicable,Number,22
MAR,Northern Africa,Africa,1997,1990,both,Not applicable,Number,21
MAR,Northern Africa,Africa,1998,1990,both,Not applicable,Number,22
MAR,Northern Africa,Africa,1999,1990,both,Not applicable,Number,22
MAR,Northern Africa,Africa,2000,2000,both,Not applicable,Number,23
MAR,Northern Africa,Africa,2001,2000,both,Not applicable,Number,23
MAR,Northern Africa,Africa,2002,2000,both,Not applicable,Number,23
MAR,Northern Africa,Africa,2003,2000,both,Not applicable,Number,23
MAR,Northern Africa,Africa,2004,2000,both,Not applicable,Number,24
MOZ,Sub-Saharan Africa,Africa,1996,1990,both,Not applicable,Number,2
MOZ,Sub-Saharan Africa,Africa,2003,2000,both,Not applicable,Number,14
MOZ,Sub-Saharan Africa,Africa,1997,1990,both,Not applicable,Number,12
MOZ,Sub-Saharan Africa,Africa,2004,2000,both,Not applicable,Number,19
MOZ,Sub-Saharan Africa,Africa,1998,1990,both,Not applicable,Number,12
MOZ,Sub-Saharan Africa,Africa,2000,2000,both,Not applicable,Number,11
MOZ,Sub-Saharan Africa,Africa,2001,2000,both,Not applicable,Number,11
MOZ,Sub-Saharan Africa,Africa,2002,2000,both,Not applicable,Number,13
MMR,South-eastern Asia,Asia,1996,1990,both,Not applicable,Number,5
MMR,South-eastern Asia,Asia,1997,1990,both,Not applicable,Number,4
MMR,South-eastern Asia,Asia,1998,1990,both,Not applicable,Number,4
NAM,Sub-Saharan Africa,Africa,1996,1990,both,Not applicable,Number,4
NAM,Sub-Saharan Africa,Africa,1997,1990,both,Not applicable,Number,4
NAM,Sub-Saharan Africa,Africa,1998,1990,both,Not applicable,Number,4
NAM,Sub-Saharan Africa,Africa,2000,2000,both,Not applicable,Number,3
NAM,Sub-Saharan Africa,Africa,2001,2000,both,Not applicable,Number,3
NAM,Sub-Saharan Africa,Africa,2002,2000,both,Not applicable,Number,3
NAM,Sub-Saharan Africa,Africa,2003,2000,both,Not applicable,Number,3
NAM,Sub-Saharan Africa,Africa,2004,2000,both,Not applicable,Number,4
NPL,Southern Asia,Asia,1996,1990,both,Not applicable,Number,29
NLD,Western Europe,Europe,1996,1990,both,Not applicable,Number,38
NLD,Western Europe,Europe,1997,1990,both,Not applicable,Number,38
NLD,Western Europe,Europe,1998,1990,both,Not applicable,Number,35
NLD,Western Europe,Europe,1999,1990,both,Not applicable,Number,35
NLD,Western Europe,Europe,2000,2000,both,Not applicable,Number,38
NLD,Western Europe,Europe,2001,2000,both,Not applicable,Number,38
NLD,Western Europe,Europe,2002,2000,both,Not applicable,Number,38
NLD,Western Europe,Europe,2003,2000,both,Not applicable,Number,37
NLD,Western Europe,Europe,2004,2000,both,Not applicable,Number,37
ANT,ANT,ANT,1996,1990,both,Not applicable,Number,6
ANT,ANT,ANT,2001,2000,both,Not applicable,Number,5
ANT,ANT,ANT,2002,2000,both,Not applicable,Number,5
ANT,ANT,ANT,2003,2000,both,Not applicable,Number,5
ANT,ANT,ANT,2004,2000,both,Not applicable,Number,5
NCL,Melanesia,Oceania,1996,1990,both,Not applicable,Number,3
NCL,Melanesia,Oceania,2001,2000,both,Not applicable,Number,1
NCL,Melanesia,Oceania,2002,2000,both,Not applicable,Number,1
NCL,Melanesia,Oceania,2003,2000,both,Not applicable,Number,1
NCL,Melanesia,Oceania,2004,2000,both,Not applicable,Number,1
NZL,Australia and New Zealand,Oceania,1996,1990,both,Not applicable,Number,23
NZL,Australia and New Zealand,Oceania,1997,1990,both,Not applicable,Number,28
NZL,Australia and New Zealand,Oceania,1998,1990,both,Not applicable,Number,28
NZL,Australia and New Zealand,Oceania,1999,1990,both,Not applicable,Number,28
NZL,Australia and New Zealand,Oceania,2000,2000,both,Not applicable,Number,28
NZL,Australia and New Zealand,Oceania,2001,2000,both,Not applicable,Number,26
NZL,Australia and New Zealand,Oceania,2002,2000,both,Not applicable,Number,24
NZL,Australia and New Zealand,Oceania,2003,2000,both,Not applicable,Number,24
NZL,Australia and New Zealand,Oceania,2004,2000,both,Not applicable,Number,23
NIC,Latin America and the Caribbean,Americas,1996,1990,both,Not applicable,Number,4
NIC,Latin America and the Caribbean,Americas,2001,2000,both,Not applicable,Number,6
NIC,Latin America and the Caribbean,Americas,2002,2000,both,Not applicable,Number,6
NIC,Latin America and the Caribbean,Americas,2003,2000,both,Not applicable,Number,6
NIC,Latin America and the Caribbean,Americas,2004,2000,both,Not applicable,Number,6
NGA,Sub-Saharan Africa,Africa,1996,1990,both,Not applicable,Number,1
NGA,Sub-Saharan Africa,Africa,1997,1990,both,Not applicable,Number,1
NGA,Sub-Saharan Africa,Africa,1998,1990,both,Not applicable,Number,1
NGA,Sub-Saharan Africa,Africa,2000,2000,both,Not applicable,Number,1
NGA,Sub-Saharan Africa,Africa,2001,2000,both,Not applicable,Number,1
NGA,Sub-Saharan Africa,Africa,2002,2000,both,Not applicable,Number,1
NGA,Sub-Saharan Africa,Africa,2003,2000,both,Not applicable,Number,1
NGA,Sub-Saharan Africa,Africa,2004,2000,both,Not applicable,Number,1
NGA,Sub-Saharan Africa,Africa,1996,1990,both,Not applicable,Number,25
NGA,Sub-Saharan Africa,Africa,1997,1990,both,Not applicable,Number,25
NGA,Sub-Saharan Africa,Africa,1998,1990,both,Not applicable,Number,25
NGA,Sub-Saharan Africa,Africa,2000,2000,both,Not applicable,Number,80
NGA,Sub-Saharan Africa,Africa,2001,2000,both,Not applicable,Number,34
NGA,Sub-Saharan Africa,Africa,2002,2000,both,Not applicable,Number,35
NGA,Sub-Saharan Africa,Africa,2003,2000,both,Not applicable,Number,36
NGA,Sub-Saharan Africa,Africa,2004,2000,both,Not applicable,Number,38
NIU,Polynesia,Oceania,2002,2000,both,Not applicable,Number,1
NIU,Polynesia,Oceania,1996,1990,both,Not applicable,Number,0
NIU,Polynesia,Oceania,2003,2000,both,Not applicable,Number,1
NIU,Polynesia,Oceania,2000,2000,both,Not applicable,Number,1
NIU,Polynesia,Oceania,2004,2000,both,Not applicable,Number,1
NIU,Polynesia,Oceania,2001,2000,both,Not applicable,Number,1
NFK,Australia and New Zealand,Oceania,1996,1990,both,Not applicable,Number,0
NOR,Northern Europe,Europe,1996,1990,both,Not applicable,Number,83
NOR,Northern Europe,Europe,1997,1990,both,Not applicable,Number,83
NOR,Northern Europe,Europe,1998,1990,both,Not applicable,Number,81
NOR,Northern Europe,Europe,1999,1990,both,Not applicable,Number,82
NOR,Northern Europe,Europe,2000,2000,both,Not applicable,Number,81
NOR,Northern Europe,Europe,2001,2000,both,Not applicable,Number,78
NOR,Northern Europe,Europe,2002,2000,both,Not applicable,Number,76
NOR,Northern Europe,Europe,2003,2000,both,Not applicable,Number,74
NOR,Northern Europe,Europe,2004,2000,both,Not applicable,Number,74
PSE,Western Asia,Asia,1999,1990,both,Not applicable,Number,3
PSE,Western Asia,Asia,2000,2000,both,Not applicable,Number,3
PSE,Western Asia,Asia,2001,2000,both,Not applicable,Number,3
PSE,Western Asia,Asia,2002,2000,both,Not applicable,Number,3
PSE,Western Asia,Asia,2003,2000,both,Not applicable,Number,3
PSE,Western Asia,Asia,2004,2000,both,Not applicable,Number,3
OMN,Western Asia,Asia,1996,1990,both,Not applicable,Number,4
OMN,Western Asia,Asia,2002,2000,both,Not applicable,Number,5
OMN,Western Asia,Asia,1997,1990,both,Not applicable,Number,5
OMN,Western Asia,Asia,2003,2000,both,Not applicable,Number,5
OMN,Western Asia,Asia,1998,1990,both,Not applicable,Number,5
OMN,Western Asia,Asia,2004,2000,both,Not applicable,Number,6
OMN,Western Asia,Asia,2000,2000,both,Not applicable,Number,5
OMN,Western Asia,Asia,2001,2000,both,Not applicable,Number,5
PAK,Southern Asia,Asia,1996,1990,both,Not applicable,Number,264
PAK,Southern Asia,Asia,1997,1990,both,Not applicable,Number,359
PAK,Southern Asia,Asia,1998,1990,both,Not applicable,Number,303
PAK,Southern Asia,Asia,1999,1990,both,Not applicable,Number,352
PAK,Southern Asia,Asia,2000,2000,both,Not applicable,Number,153
PAK,Southern Asia,Asia,2001,2000,both,Not applicable,Number,168
PAK,Southern Asia,Asia,2002,2000,both,Not applicable,Number,169
PAK,Southern Asia,Asia,2003,2000,both,Not applicable,Number,204
PAK,Southern Asia,Asia,2004,2000,both,Not applicable,Number,291
PAN,Latin America and the Caribbean,Americas,1996,1990,both,Not applicable,Number,7
PAN,Latin America and the Caribbean,Americas,2004,2000,both,Not applicable,Number,8
PNG,Melanesia,Oceania,1996,1990,both,Not applicable,Number,2
PNG,Melanesia,Oceania,2001,2000,both,Not applicable,Number,2
PNG,Melanesia,Oceania,2002,2000,both,Not applicable,Number,2
PNG,Melanesia,Oceania,2003,2000,both,Not applicable,Number,2
PNG,Melanesia,Oceania,2004,2000,both,Not applicable,Number,2
PRY,Latin America and the Caribbean,Americas,1996,1990,both,Not applicable,Number,5
PER,Latin America and the Caribbean,Americas,1996,1990,both,Not applicable,Number,74
PER,Latin America and the Caribbean,Americas,2001,2000,both,Not applicable,Number,40
PER,Latin America and the Caribbean,Americas,1998,1990,both,Not applicable,Number,57
PER,Latin America and the Caribbean,Americas,2002,2000,both,Not applicable,Number,45
PER,Latin America and the Caribbean,Americas,2003,2000,both,Not applicable,Number,59
PER,Latin America and the Caribbean,Americas,2004,2000,both,Not applicable,Number,73
PHL,South-eastern Asia,Asia,1996,1990,both,Not applicable,Number,47
PHL,South-eastern Asia,Asia,1997,1990,both,Not applicable,Number,42
PHL,South-eastern Asia,Asia,2000,2000,both,Not applicable,Number,76
PHL,South-eastern Asia,Asia,2002,2000,both,Not applicable,Number,78
PHL,South-eastern Asia,Asia,2004,2000,both,Not applicable,Number,82
POL,Eastern Europe,Europe,1997,1990,both,Not applicable,Number,66
POL,Eastern Europe,Europe,1996,1990,both,Not applicable,Number,55
POL,Eastern Europe,Europe,1998,1990,both,Not applicable,Number,52
POL,Eastern Europe,Europe,1999,1990,both,Not applicable,Number,46
POL,Eastern Europe,Europe,2000,2000,both,Not applicable,Number,42
POL,Eastern Europe,Europe,2001,2000,both,Not applicable,Number,43
POL,Eastern Europe,Europe,2002,2000,both,Not applicable,Number,43
POL,Eastern Europe,Europe,2003,2000,both,Not applicable,Number,42
POL,Eastern Europe,Europe,2004,2000,both,Not applicable,Number,42
PRT,Southern Europe,Europe,1996,1990,both,Not applicable,Number,27
PRT,Southern Europe,Europe,1997,1990,both,Not applicable,Number,31
PRT,Southern Europe,Europe,1998,1990,both,Not applicable,Number,29
PRT,Southern Europe,Europe,1999,1990,both,Not applicable,Number,28
PRT,Southern Europe,Europe,2000,2000,both,Not applicable,Number,27
PRT,Southern Europe,Europe,2001,2000,both,Not applicable,Number,27
PRT,Southern Europe,Europe,2002,2000,both,Not applicable,Number,27
PRT,Southern Europe,Europe,2003,2000,both,Not applicable,Number,27
PRT,Southern Europe,Europe,2004,2000,both,Not applicable,Number,27
PRI,Latin America and the Caribbean,Americas,1996,1990,both,Not applicable,Number,3
PRI,Latin America and the Caribbean,Americas,2001,2000,both,Not applicable,Number,5
PRI,Latin America and the Caribbean,Americas,2002,2000,both,Not applicable,Number,5
PRI,Latin America and the Caribbean,Americas,2003,2000,both,Not applicable,Number,5
PRI,Latin America and the Caribbean,Americas,2004,2000,both,Not applicable,Number,5
QAT,Western Asia,Asia,1996,1990,both,Not applicable,Number,5
QAT,Western Asia,Asia,2000,2000,both,Not applicable,Number,5
QAT,Western Asia,Asia,2001,2000,both,Not applicable,Number,5
QAT,Western Asia,Asia,2002,2000,both,Not applicable,Number,5
QAT,Western Asia,Asia,2003,2000,both,Not applicable,Number,5
QAT,Western Asia,Asia,2004,2000,both,Not applicable,Number,5
PRK,Eastern Asia,Asia,1997,1990,both,Not applicable,Number,193
PRK,Eastern Asia,Asia,1996,1990,both,Not applicable,Number,60
PRK,Eastern Asia,Asia,1998,1990,both,Not applicable,Number,108
PRK,Eastern Asia,Asia,1999,1990,both,Not applicable,Number,112
PRK,Eastern Asia,Asia,2000,2000,both,Not applicable,Number,119
PRK,Eastern Asia,Asia,2001,2000,both,Not applicable,Number,123
PRK,Eastern Asia,Asia,2002,2000,both,Not applicable,Number,125
PRK,Eastern Asia,Asia,2003,2000,both,Not applicable,Number,134
PRK,Eastern Asia,Asia,2004,2000,both,Not applicable,Number,139
REU,Sub-Saharan Africa,Africa,1996,1990,both,Not applicable,Number,3
REU,Sub-Saharan Africa,Africa,1997,1990,both,Not applicable,Number,3
REU,Sub-Saharan Africa,Africa,1998,1990,both,Not applicable,Number,3
ROU,Eastern Europe,Europe,2004,2000,both,Not applicable,Number,163
ROU,Eastern Europe,Europe,1996,1990,both,Not applicable,Number,106
ROU,Eastern Europe,Europe,1997,1990,both,Not applicable,Number,74
ROU,Eastern Europe,Europe,1998,1990,both,Not applicable,Number,95
ROU,Eastern Europe,Europe,1999,1990,both,Not applicable,Number,139
ROU,Eastern Europe,Europe,2000,2000,both,Not applicable,Number,145
ROU,Eastern Europe,Europe,2001,2000,both,Not applicable,Number,118
ROU,Eastern Europe,Europe,2002,2000,both,Not applicable,Number,131
ROU,Eastern Europe,Europe,2003,2000,both,Not applicable,Number,140
RUS,Eastern Europe,Europe,1996,1990,both,Not applicable,Number,285
RUS,Eastern Europe,Europe,2004,2000,both,Not applicable,Number,250
RUS,Eastern Europe,Europe,1998,1990,both,Not applicable,Number,245
RUS,Eastern Europe,Europe,1999,1990,both,Not applicable,Number,268
RUS,Eastern Europe,Europe,2000,2000,both,Not applicable,Number,274
RUS,Eastern Europe,Europe,2001,2000,both,Not applicable,Number,236
RUS,Eastern Europe,Europe,2002,2000,both,Not applicable,Number,136
RUS,Eastern Europe,Europe,2003,2000,both,Not applicable,Number,249
RWA,Sub-Saharan Africa,Africa,1996,1990,both,Not applicable,Number,1
RWA,Sub-Saharan Africa,Africa,1997,1990,both,Not applicable,Number,1
RWA,Sub-Saharan Africa,Africa,1998,1990,both,Not applicable,Number,1
RWA,Sub-Saharan Africa,Africa,2000,2000,both,Not applicable,Number,0
RWA,Sub-Saharan Africa,Africa,2001,2000,both,Not applicable,Number,0
RWA,Sub-Saharan Africa,Africa,2002,2000,both,Not applicable,Number,0
RWA,Sub-Saharan Africa,Africa,2003,2000,both,Not applicable,Number,0
RWA,Sub-Saharan Africa,Africa,2004,2000,both,Not applicable,Number,0
SHN,Sub-Saharan Africa,Africa,1996,1990,both,Not applicable,Number,0
SHN,Sub-Saharan Africa,Africa,1999,1990,both,Not applicable,Number,0
KNA,Latin America and the Caribbean,Americas,1996,1990,both,Not applicable,Number,0
KNA,Latin America and the Caribbean,Americas,2001,2000,both,Not applicable,Number,1
KNA,Latin America and the Caribbean,Americas,2002,2000,both,Not applicable,Number,1
KNA,Latin America and the Caribbean,Americas,2003,2000,both,Not applicable,Number,1
KNA,Latin America and the Caribbean,Americas,2004,2000,both,Not applicable,Number,1
LCA,Latin America and the Caribbean,Americas,1996,1990,both,Not applicable,Number,0
SPM,Northern America,Americas,1996,1990,both,Not applicable,Number,0
VCT,Latin America and the Caribbean,Americas,1996,1990,both,Not applicable,Number,1
VCT,Latin America and the Caribbean,Americas,2000,2000,both,Not applicable,Number,0
VCT,Latin America and the Caribbean,Americas,2001,2000,both,Not applicable,Number,0
VCT,Latin America and the Caribbean,Americas,2002,2000,both,Not applicable,Number,0
VCT,Latin America and the Caribbean,Americas,2003,2000,both,Not applicable,Number,0
VCT,Latin America and the Caribbean,Americas,2004,2000,both,Not applicable,Number,0
VCT,Latin America and the Caribbean,Americas,2005,2000,both,Not applicable,Number,3
WSM,Polynesia,Oceania,2001,2000,both,Not applicable,Number,2
WSM,Polynesia,Oceania,2002,2000,both,Not applicable,Number,2
WSM,Polynesia,Oceania,2003,2000,both,Not applicable,Number,2
WSM,Polynesia,Oceania,2004,2000,both,Not applicable,Number,2
SMR,Southern Europe,Europe,1996,1990,both,Not applicable,Number,3
SMR,Southern Europe,Europe,1997,1990,both,Not applicable,Number,3
SMR,Southern Europe,Europe,1998,1990,both,Not applicable,Number,3
SMR,Southern Europe,Europe,2001,2000,both,Not applicable,Number,3
SMR,Southern Europe,Europe,2002,2000,both,Not applicable,Number,3
SMR,Southern Europe,Europe,2003,2000,both,Not applicable,Number,2
SMR,Southern Europe,Europe,2004,2000,both,Not applicable,Number,2
STP,Sub-Saharan Africa,Africa,2001,2000,both,Not applicable,Number,1
STP,Sub-Saharan Africa,Africa,2002,2000,both,Not applicable,Number,1
STP,Sub-Saharan Africa,Africa,2003,2000,both,Not applicable,Number,1
STP,Sub-Saharan Africa,Africa,2004,2000,both,Not applicable,Number,1
SAU,Western Asia,Asia,1996,1990,both,Not applicable,Number,13
SAU,Western Asia,Asia,2001,2000,both,Not applicable,Number,10
SAU,Western Asia,Asia,2002,2000,both,Not applicable,Number,10
SAU,Western Asia,Asia,2003,2000,both,Not applicable,Number,11
SAU,Western Asia,Asia,2004,2000,both,Not applicable,Number,12
SEN,Sub-Saharan Africa,Africa,1996,1990,both,Not applicable,Number,1
SEN,Sub-Saharan Africa,Africa,1997,1990,both,Not applicable,Number,4
SEN,Sub-Saharan Africa,Africa,1998,1990,both,Not applicable,Number,5
SEN,Sub-Saharan Africa,Africa,2000,2000,both,Not applicable,Number,8
SEN,Sub-Saharan Africa,Africa,2001,2000,both,Not applicable,Number,9
SEN,Sub-Saharan Africa,Africa,2002,2000,both,Not applicable,Number,10
SEN,Sub-Saharan Africa,Africa,2003,2000,both,Not applicable,Number,11
SEN,Sub-Saharan Africa,Africa,2004,2000,both,Not applicable,Number,13
SYC,Sub-Saharan Africa,Africa,1996,1990,both,Not applicable,Number,1
SYC,Sub-Saharan Africa,Africa,1997,1990,both,Not applicable,Number,4
SYC,Sub-Saharan Africa,Africa,1998,1990,both,Not applicable,Number,5
SYC,Sub-Saharan Africa,Africa,2001,2000,both,Not applicable,Number,1
SYC,Sub-Saharan Africa,Africa,2002,2000,both,Not applicable,Number,1
SYC,Sub-Saharan Africa,Africa,2003,2000,both,Not applicable,Number,1
SYC,Sub-Saharan Africa,Africa,2004,2000,both,Not applicable,Number,1
SLE,Sub-Saharan Africa,Africa,1996,1990,both,Not applicable,Number,1
SGP,South-eastern Asia,Asia,1996,1990,both,Not applicable,Number,8
SGP,South-eastern Asia,Asia,2003,2000,both,Not applicable,Number,11
SGP,South-eastern Asia,Asia,1997,1990,both,Not applicable,Number,8
SGP,South-eastern Asia,Asia,2004,2000,both,Not applicable,Number,11
SGP,South-eastern Asia,Asia,1998,1990,both,Not applicable,Number,8
SGP,South-eastern Asia,Asia,1999,1990,both,Not applicable,Number,8
SGP,South-eastern Asia,Asia,2000,2000,both,Not applicable,Number,11
SGP,South-eastern Asia,Asia,2001,2000,both,Not applicable,Number,10
SGP,South-eastern Asia,Asia,2002,2000,both,Not applicable,Number,10
SVK,Eastern Europe,Europe,1996,1990,both,Not applicable,Number,19
SVK,Eastern Europe,Europe,2003,2000,both,Not applicable,Number,21
SVK,Eastern Europe,Europe,1997,1990,both,Not applicable,Number,20
SVK,Eastern Europe,Europe,2004,2000,both,Not applicable,Number,13
SVK,Eastern Europe,Europe,1998,1990,both,Not applicable,Number,19
SVK,Eastern Europe,Europe,1999,1990,both,Not applicable,Number,24
SVK,Eastern Europe,Europe,2000,2000,both,Not applicable,Number,16
SVK,Eastern Europe,Europe,2001,2000,both,Not applicable,Number,16
SVK,Eastern Europe,Europe,2002,2000,both,Not applicable,Number,16
SVN,Southern Europe,Europe,1996,1990,both,Not applicable,Number,7
SVN,Southern Europe,Europe,1997,1990,both,Not applicable,Number,5
SVN,Southern Europe,Europe,1998,1990,both,Not applicable,Number,5
SVN,Southern Europe,Europe,1999,1990,both,Not applicable,Number,5
SVN,Southern Europe,Europe,2000,2000,both,Not applicable,Number,5
SVN,Southern Europe,Europe,2001,2000,both,Not applicable,Number,6
SVN,Southern Europe,Europe,2002,2000,both,Not applicable,Number,6
SVN,Southern Europe,Europe,2003,2000,both,Not applicable,Number,5
SVN,Southern Europe,Europe,2004,2000,both,Not applicable,Number,5
SLB,Melanesia,Oceania,2001,2000,both,Not applicable,Number,1
SLB,Melanesia,Oceania,2002,2000,both,Not applicable,Number,1
SLB,Melanesia,Oceania,2003,2000,both,Not applicable,Number,1
SLB,Melanesia,Oceania,2004,2000,both,Not applicable,Number,1
SOM,Sub-Saharan Africa,Africa,1996,1990,both,Not applicable,Number,2
ZAF,Sub-Saharan Africa,Africa,1996,1990,both,Not applicable,Number,17
ZAF,Sub-Saharan Africa,Africa,2003,2000,both,Not applicable,Number,18
ZAF,Sub-Saharan Africa,Africa,1997,1990,both,Not applicable,Number,17
ZAF,Sub-Saharan Africa,Africa,2004,2000,both,Not applicable,Number,18
ZAF,Sub-Saharan Africa,Africa,1998,1990,both,Not applicable,Number,17
ZAF,Sub-Saharan Africa,Africa,1999,1990,both,Not applicable,Number,18
ZAF,Sub-Saharan Africa,Africa,2000,2000,both,Not applicable,Number,16
ZAF,Sub-Saharan Africa,Africa,2001,2000,both,Not applicable,Number,17
ZAF,Sub-Saharan Africa,Africa,2002,2000,both,Not applicable,Number,18
ESP,Southern Europe,Europe,1996,1990,both,Not applicable,Number,87
ESP,Southern Europe,Europe,2000,2000,both,Not applicable,Number,139
ESP,Southern Europe,Europe,2001,2000,both,Not applicable,Number,142
ESP,Southern Europe,Europe,2002,2000,both,Not applicable,Number,136
ESP,Southern Europe,Europe,2003,2000,both,Not applicable,Number,145
ESP,Southern Europe,Europe,2004,2000,both,Not applicable,Number,151
LKA,Southern Asia,Asia,1996,1990,both,Not applicable,Number,9
LKA,Southern Asia,Asia,1997,1990,both,Not applicable,Number,9
LKA,Southern Asia,Asia,1998,1990,both,Not applicable,Number,9
LKA,Southern Asia,Asia,2000,2000,both,Not applicable,Number,13
LKA,Southern Asia,Asia,2001,2000,both,Not applicable,Number,13
LKA,Southern Asia,Asia,2002,2000,both,Not applicable,Number,13
LKA,Southern Asia,Asia,2003,2000,both,Not applicable,Number,13
LKA,Southern Asia,Asia,2004,2000,both,Not applicable,Number,12
SDN,Northern Africa,Africa,1996,1990,both,Not applicable,Number,5
SDN,Northern Africa,Africa,2000,2000,both,Not applicable,Number,14
SDN,Northern Africa,Africa,2001,2000,both,Not applicable,Number,22
SDN,Northern Africa,Africa,2002,2000,both,Not applicable,Number,25
SDN,Northern Africa,Africa,2003,2000,both,Not applicable,Number,15
SDN,Northern Africa,Africa,2004,2000,both,Not applicable,Number,22
SUR,Latin America and the Caribbean,Americas,1996,1990,both,Not applicable,Number,2
SUR,Latin America and the Caribbean,Americas,1997,1990,both,Not applicable,Number,2
SUR,Latin America and the Caribbean,Americas,1998,1990,both,Not applicable,Number,2
SUR,Latin America and the Caribbean,Americas,2000,2000,both,Not applicable,Number,2
SUR,Latin America and the Caribbean,Americas,2001,2000,both,Not applicable,Number,3
SUR,Latin America and the Caribbean,Americas,2002,2000,both,Not applicable,Number,3
SUR,Latin America and the Caribbean,Americas,2003,2000,both,Not applicable,Number,3
SUR,Latin America and the Caribbean,Americas,2004,2000,both,Not applicable,Number,3
SUR,Latin America and the Caribbean,Americas,2005,2000,both,Not applicable,Number,4
SWZ,Sub-Saharan Africa,Africa,1996,1990,both,Not applicable,Number,3
SWZ,Sub-Saharan Africa,Africa,2004,2000,both,Not applicable,Number,2
SWZ,Sub-Saharan Africa,Africa,2000,2000,both,Not applicable,Number,1
SWZ,Sub-Saharan Africa,Africa,2001,2000,both,Not applicable,Number,2
SWZ,Sub-Saharan Africa,Africa,2002,2000,both,Not applicable,Number,2
SWZ,Sub-Saharan Africa,Africa,2003,2000,both,Not applicable,Number,2
SWE,Northern Europe,Europe,1996,1990,both,Not applicable,Number,94
SWE,Northern Europe,Europe,1997,1990,both,Not applicable,Number,94
SWE,Northern Europe,Europe,1998,1990,both,Not applicable,Number,94
SWE,Northern Europe,Europe,1999,1990,both,Not applicable,Number,94
SWE,Northern Europe,Europe,2000,2000,both,Not applicable,Number,90
SWE,Northern Europe,Europe,2001,2000,both,Not applicable,Number,95
SWE,Northern Europe,Europe,2002,2000,both,Not applicable,Number,93
SWE,Northern Europe,Europe,2003,2000,both,Not applicable,Number,92
SWE,Northern Europe,Europe,2004,2000,both,Not applicable,Number,93
CHE,Western Europe,Europe,1997,1990,both,Not applicable,Number,78
CHE,Western Europe,Europe,1996,1990,both,Not applicable,Number,88
CHE,Western Europe,Europe,1998,1990,both,Not applicable,Number,74
CHE,Western Europe,Europe,1999,1990,both,Not applicable,Number,81
CHE,Western Europe,Europe,2000,2000,both,Not applicable,Number,108
CHE,Western Europe,Europe,2001,2000,both,Not applicable,Number,102
CHE,Western Europe,Europe,2002,2000,both,Not applicable,Number,102
CHE,Western Europe,Europe,2003,2000,both,Not applicable,Number,101
CHE,Western Europe,Europe,2004,2000,both,Not applicable,Number,96
SYR,Western Asia,Asia,1996,1990,both,Not applicable,Number,8
SYR,Western Asia,Asia,2001,2000,both,Not applicable,Number,4
SYR,Western Asia,Asia,2002,2000,both,Not applicable,Number,4
SYR,Western Asia,Asia,2003,2000,both,Not applicable,Number,4
SYR,Western Asia,Asia,2004,2000,both,Not applicable,Number,4
TJK,Central Asia,Asia,1996,1990,both,Not applicable,Number,2
THA,South-eastern Asia,Asia,1996,1990,both,Not applicable,Number,30
THA,South-eastern Asia,Asia,1998,1990,both,Not applicable,Number,34
MKD,Southern Europe,Europe,1996,1990,both,Not applicable,Number,3
MKD,Southern Europe,Europe,1997,1990,both,Not applicable,Number,4
MKD,Southern Europe,Europe,1998,1990,both,Not applicable,Number,4
MKD,Southern Europe,Europe,1999,1990,both,Not applicable,Number,5
MKD,Southern Europe,Europe,2000,2000,both,Not applicable,Number,6
MKD,Southern Europe,Europe,2001,2000,both,Not applicable,Number,8
MKD,Southern Europe,Europe,2002,2000,both,Not applicable,Number,9
MKD,Southern Europe,Europe,2003,2000,both,Not applicable,Number,9
MKD,Southern Europe,Europe,2004,2000,both,Not applicable,Number,10
TLS,South-eastern Asia,Asia,1999,1990,both,Not applicable,Number,2
TLS,South-eastern Asia,Asia,2000,2000,both,Not applicable,Number,1
TLS,South-eastern Asia,Asia,2001,2000,both,Not applicable,Number,2
TLS,South-eastern Asia,Asia,2002,2000,both,Not applicable,Number,2
TLS,South-eastern Asia,Asia,2003,2000,both,Not applicable,Number,2
TLS,South-eastern Asia,Asia,2004,2000,both,Not applicable,Number,2
TGO,Sub-Saharan Africa,Africa,1996,1990,both,Not applicable,Number,1
TGO,Sub-Saharan Africa,Africa,1999,1990,both,Not applicable,Number,1
TGO,Sub-Saharan Africa,Africa,2000,2000,both,Not applicable,Number,1
TGO,Sub-Saharan Africa,Africa,2001,2000,both,Not applicable,Number,1
TGO,Sub-Saharan Africa,Africa,2002,2000,both,Not applicable,Number,1
TGO,Sub-Saharan Africa,Africa,2003,2000,both,Not applicable,Number,1
TGO,Sub-Saharan Africa,Africa,2004,2000,both,Not applicable,Number,1
TKL,Polynesia,Oceania,2005,2000,both,Not applicable,Number,1
TON,Polynesia,Oceania,1996,1990,both,Not applicable,Number,1
TTO,Latin America and the Caribbean,Americas,1996,1990,both,Not applicable,Number,4
TTO,Latin America and the Caribbean,Americas,2000,2000,both,Not applicable,Number,3
TTO,Latin America and the Caribbean,Americas,2001,2000,both,Not applicable,Number,3
TTO,Latin America and the Caribbean,Americas,2002,2000,both,Not applicable,Number,3
TTO,Latin America and the Caribbean,Americas,2003,2000,both,Not applicable,Number,3
TTO,Latin America and the Caribbean,Americas,2004,2000,both,Not applicable,Number,3
TUN,Northern Africa,Africa,1996,1990,both,Not applicable,Number,8
TUN,Northern Africa,Africa,2000,2000,both,Not applicable,Number,7
TUN,Northern Africa,Africa,2001,2000,both,Not applicable,Number,8
TUN,Northern Africa,Africa,2002,2000,both,Not applicable,Number,7
TUN,Northern Africa,Africa,2003,2000,both,Not applicable,Number,8
TUN,Northern Africa,Africa,2004,2000,both,Not applicable,Number,10
TUR,Western Asia,Asia,1996,1990,both,Not applicable,Number,930
TUR,Western Asia,Asia,1997,1990,both,Not applicable,Number,980
TUR,Western Asia,Asia,1998,1990,both,Not applicable,Number,960
TUR,Western Asia,Asia,1999,1990,both,Not applicable,Number,560
TUR,Western Asia,Asia,2000,2000,both,Not applicable,Number,542
TUR,Western Asia,Asia,2004,2000,both,Not applicable,Number,588
TKM,Central Asia,Asia,1999,1990,both,Not applicable,Number,2
TKM,Central Asia,Asia,2002,2000,both,Not applicable,Number,2
TKM,Central Asia,Asia,2000,2000,both,Not applicable,Number,2
TKM,Central Asia,Asia,2003,2000,both,Not applicable,Number,2
TKM,Central Asia,Asia,2001,2000,both,Not applicable,Number,2
TKM,Central Asia,Asia,2004,2000,both,Not applicable,Number,2
TCA,Latin America and the Caribbean,Americas,1996,1990,both,Not applicable,Number,0
TUV,Polynesia,Oceania,1996,1990,both,Not applicable,Number,0
UGA,Sub-Saharan Africa,Africa,1996,1990,both,Not applicable,Number,2
UGA,Sub-Saharan Africa,Africa,1998,1990,both,Not applicable,Number,4
UGA,Sub-Saharan Africa,Africa,1999,1990,both,Not applicable,Number,4
UGA,Sub-Saharan Africa,Africa,2000,2000,both,Not applicable,Number,6
UGA,Sub-Saharan Africa,Africa,2001,2000,both,Not applicable,Number,6
UGA,Sub-Saharan Africa,Africa,2002,2000,both,Not applicable,Number,6
UGA,Sub-Saharan Africa,Africa,2003,2000,both,Not applicable,Number,7
UGA,Sub-Saharan Africa,Africa,2004,2000,both,Not applicable,Number,7
UKR,Eastern Europe,Europe,1996,1990,both,Not applicable,Number,44
UKR,Eastern Europe,Europe,1997,1990,both,Not applicable,Number,53
UKR,Eastern Europe,Europe,1998,1990,both,Not applicable,Number,41
UKR,Eastern Europe,Europe,1999,1990,both,Not applicable,Number,67
UKR,Eastern Europe,Europe,2000,2000,both,Not applicable,Number,61
UKR,Eastern Europe,Europe,2001,2000,both,Not applicable,Number,97
UKR,Eastern Europe,Europe,2002,2000,both,Not applicable,Number,66
UKR,Eastern Europe,Europe,2003,2000,both,Not applicable,Number,58
UKR,Eastern Europe,Europe,2004,2000,both,Not applicable,Number,55
ARE,Western Asia,Asia,1996,1990,both,Not applicable,Number,7
ARE,Western Asia,Asia,2000,2000,both,Not applicable,Number,8
ARE,Western Asia,Asia,2001,2000,both,Not applicable,Number,8
ARE,Western Asia,Asia,2002,2000,both,Not applicable,Number,9
ARE,Western Asia,Asia,2003,2000,both,Not applicable,Number,9
ARE,Western Asia,Asia,2004,2000,both,Not applicable,Number,9
GBR,Northern Europe,Europe,1996,1990,both,Not applicable,Number,99
GBR,Northern Europe,Europe,1997,1990,both,Not applicable,Number,99
GBR,Northern Europe,Europe,1998,1990,both,Not applicable,Number,98
GBR,Northern Europe,Europe,1999,1990,both,Not applicable,Number,106
GBR,Northern Europe,Europe,2000,2000,both,Not applicable,Number,108
GBR,Northern Europe,Europe,2001,2000,both,Not applicable,Number,108
GBR,Northern Europe,Europe,2002,2000,both,Not applicable,Number,107
GBR,Northern Europe,Europe,2003,2000,both,Not applicable,Number,107
GBR,Northern Europe,Europe,2004,2000,both,Not applicable,Number,109
TZA,Sub-Saharan Africa,Africa,1996,1990,both,Not applicable,Number,3
TZA,Sub-Saharan Africa,Africa,2000,2000,both,Not applicable,Number,9
TZA,Sub-Saharan Africa,Africa,2001,2000,both,Not applicable,Number,11
TZA,Sub-Saharan Africa,Africa,2002,2000,both,Not applicable,Number,12
TZA,Sub-Saharan Africa,Africa,2003,2000,both,Not applicable,Number,13
TZA,Sub-Saharan Africa,Africa,2004,2000,both,Not applicable,Number,14
USA,Northern America,Americas,1997,1990,both,Not applicable,Number,1509
USA,Northern America,Americas,1996,1990,both,Not applicable,Number,1520
USA,Northern America,Americas,1998,1990,both,Not applicable,Number,1489
USA,Northern America,Americas,1999,1990,both,Not applicable,Number,1483
USA,Northern America,Americas,2000,2000,both,Not applicable,Number,1494
USA,Northern America,Americas,2001,2000,both,Not applicable,Number,1487
USA,Northern America,Americas,2002,2000,both,Not applicable,Number,1477
USA,Northern America,Americas,2003,2000,both,Not applicable,Number,1484
USA,Northern America,Americas,2004,2000,both,Not applicable,Number,1486
VIR,Latin America and the Caribbean,Americas,2002,2000,both,Not applicable,Number,1
VIR,Latin America and the Caribbean,Americas,1996,1990,both,Not applicable,Number,3
VIR,Latin America and the Caribbean,Americas,2003,2000,both,Not applicable,Number,1
VIR,Latin America and the Caribbean,Americas,2001,2000,both,Not applicable,Number,1
VIR,Latin America and the Caribbean,Americas,2004,2000,both,Not applicable,Number,1
URY,Latin America and the Caribbean,Americas,1996,1990,both,Not applicable,Number,36
UZB,Central Asia,Asia,1996,1990,both,Not applicable,Number,3
UZB,Central Asia,Asia,2001,2000,both,Not applicable,Number,3
UZB,Central Asia,Asia,2002,2000,both,Not applicable,Number,3
UZB,Central Asia,Asia,2003,2000,both,Not applicable,Number,4
UZB,Central Asia,Asia,2004,2000,both,Not applicable,Number,5
VUT,Melanesia,Oceania,1996,1990,both,Not applicable,Number,0
VUT,Melanesia,Oceania,2001,2000,both,Not applicable,Number,1
VUT,Melanesia,Oceania,2002,2000,both,Not applicable,Number,1
VUT,Melanesia,Oceania,2003,2000,both,Not applicable,Number,1
VUT,Melanesia,Oceania,2004,2000,both,Not applicable,Number,1
VEN,Latin America and the Caribbean,Americas,1996,1990,both,Not applicable,Number,86
VEN,Latin America and the Caribbean,Americas,2004,2000,both,Not applicable,Number,92
VNM,South-eastern Asia,Asia,1996,1990,both,Not applicable,Number,10
VNM,South-eastern Asia,Asia,1999,1990,both,Not applicable,Number,5
YEM,Western Asia,Asia,1996,1990,both,Not applicable,Number,3
YEM,Western Asia,Asia,2000,2000,both,Not applicable,Number,3
YEM,Western Asia,Asia,2001,2000,both,Not applicable,Number,4
YEM,Western Asia,Asia,2002,2000,both,Not applicable,Number,4
YEM,Western Asia,Asia,2003,2000,both,Not applicable,Number,6
YEM,Western Asia,Asia,2004,2000,both,Not applicable,Number,6
ZMB,Sub-Saharan Africa,Africa,1996,1990,both,Not applicable,Number,3
ZMB,Sub-Saharan Africa,Africa,2000,2000,both,Not applicable,Number,3
ZMB,Sub-Saharan Africa,Africa,2001,2000,both,Not applicable,Number,3
ZMB,Sub-Saharan Africa,Africa,2002,2000,both,Not applicable,Number,3
ZMB,Sub-Saharan Africa,Africa,2003,2000,both,Not applicable,Number,3
ZMB,Sub-Saharan Africa,Africa,2004,2000,both,Not applicable,Number,3
ZWE,Sub-Saharan Africa,Africa,2003,2000,both,Not applicable,Number,3
ZWE,Sub-Saharan Africa,Africa,1996,1990,both,Not applicable,Number,2
ZWE,Sub-Saharan Africa,Africa,2004,2000,both,Not applicable,Number,3
ZWE,Sub-Saharan Africa,Africa,2000,2000,both,Not applicable,Number,3
ZWE,Sub-Saharan Africa,Africa,2001,2000,both,Not applicable,Number,3
ZWE,Sub-Saharan Africa,Africa,2002,2000,both,Not applicable,Number,3
,,,,,,,,
