Country,Sub-region Name,Region Name,Year,Decade,Sex,Age group,Units of measurement,Value
AFG,Southern Asia,Asia,1996,1990,both,Not applicable,Number,113200
ALB,Southern Europe,Europe,1996,1990,both,Not applicable,Number,116000
ALB,Southern Europe,Europe,2003,2000,both,Not applicable,Number,76000
DZA,Northern Africa,Africa,1996,1990,both,Not applicable,Number,1080000
ASM,Polynesia,Oceania,1996,1990,both,Not applicable,Number,5000
AND,Southern Europe,Europe,1996,1990,both,Not applicable,Number,4000
AGO,Sub-Saharan Africa,Africa,1996,1990,both,Not applicable,Number,128000
AGO,Sub-Saharan Africa,Africa,2004,2000,both,Not applicable,Number,35000
AGO,Sub-Saharan Africa,Africa,1997,1990,both,Not applicable,Number,129000
AGO,Sub-Saharan Africa,Africa,1998,1990,both,Not applicable,Number,133000
AGO,Sub-Saharan Africa,Africa,2000,2000,both,Not applicable,Number,35000
AGO,Sub-Saharan Africa,Africa,2001,2000,both,Not applicable,Number,35000
AGO,Sub-Saharan Africa,Africa,2002,2000,both,Not applicable,Number,35000
AGO,Sub-Saharan Africa,Africa,2003,2000,both,Not applicable,Number,35000
ATG,Latin America and the Caribbean,Americas,1996,1990,both,Not applicable,Number,6000
ARG,Latin America and the Caribbean,Americas,1996,1990,both,Not applicable,Number,4320000
ARG,Latin America and the Caribbean,Americas,1997,1990,both,Not applicable,Number,2335000
ARG,Latin America and the Caribbean,Americas,1998,1990,both,Not applicable,Number,2160000
ARG,Latin America and the Caribbean,Americas,1999,1990,both,Not applicable,Number,1944000
ARG,Latin America and the Caribbean,Americas,2000,2000,both,Not applicable,Number,2300000
ARG,Latin America and the Caribbean,Americas,2001,2000,both,Not applicable,Number,1954000
ARG,Latin America and the Caribbean,Americas,2002,2000,both,Not applicable,Number,1572000
ARG,Latin America and the Caribbean,Americas,2003,2000,both,Not applicable,Number,1579000
ARG,Latin America and the Caribbean,Americas,2004,2000,both,Not applicable,Number,1363000
ARM,Western Asia,Asia,1996,1990,both,Not applicable,Number,85000
ARM,Western Asia,Asia,1999,1990,both,Not applicable,Number,31000
ARM,Western Asia,Asia,2000,2000,both,Not applicable,Number,16000
ARM,Western Asia,Asia,2001,2000,both,Not applicable,Number,17000
ARM,Western Asia,Asia,2002,2000,both,Not applicable,Number,26000
ARM,Western Asia,Asia,2003,2000,both,Not applicable,Number,26000
ARM,Western Asia,Asia,2004,2000,both,Not applicable,Number,23000
ABW,Latin America and the Caribbean,Americas,1996,1990,both,Not applicable,Number,73000
AUS,Australia and New Zealand,Oceania,1996,1990,both,Not applicable,Number,5370000
AUS,Australia and New Zealand,Oceania,1997,1990,both,Not applicable,Number,3232000
AUS,Australia and New Zealand,Oceania,1998,1990,both,Not applicable,Number,3103000
AUS,Australia and New Zealand,Oceania,1999,1990,both,Not applicable,Number,3083000
AUS,Australia and New Zealand,Oceania,2000,2000,both,Not applicable,Number,3173000
AUS,Australia and New Zealand,Oceania,2003,2000,both,Not applicable,Number,3150000
AUS,Australia and New Zealand,Oceania,2004,2000,both,Not applicable,Number,3114000
AUT,Western Europe,Europe,1996,1990,both,Not applicable,Number,2382000
AUT,Western Europe,Europe,1997,1990,both,Not applicable,Number,2500000
AUT,Western Europe,Europe,1998,1990,both,Not applicable,Number,2669000
AUT,Western Europe,Europe,1999,1990,both,Not applicable,Number,2896000
AUT,Western Europe,Europe,2000,2000,both,Not applicable,Number,2503000
AUT,Western Europe,Europe,2001,2000,both,Not applicable,Number,2438000
AUT,Western Europe,Europe,2002,2000,both,Not applicable,Number,2553000
AUT,Western Europe,Europe,2003,2000,both,Not applicable,Number,2522000
AUT,Western Europe,Europe,2004,2000,both,Not applicable,Number,2570000
AZE,Western Asia,Asia,1999,1990,both,Not applicable,Number,80000
AZE,Western Asia,Asia,1996,1990,both,Not applicable,Number,200000
AZE,Western Asia,Asia,2001,2000,both,Not applicable,Number,132000
AZE,Western Asia,Asia,1998,1990,both,Not applicable,Number,95000
BHS,Latin America and the Caribbean,Americas,1996,1990,both,Not applicable,Number,28300
BHR,Western Asia,Asia,1996,1990,both,Not applicable,Number,66600
BGD,Southern Asia,Asia,1996,1990,both,Not applicable,Number,1117400
BRB,Latin America and the Caribbean,Americas,1996,1990,both,Not applicable,Number,52800
BLR,Eastern Europe,Europe,1996,1990,both,Not applicable,Number,2000000
BLR,Eastern Europe,Europe,2000,2000,both,Not applicable,Number,1101070
BLR,Eastern Europe,Europe,2001,2000,both,Not applicable,Number,1696910
BLR,Eastern Europe,Europe,2002,2000,both,Not applicable,Number,1401420
BLR,Eastern Europe,Europe,2003,2000,both,Not applicable,Number,814051
BLR,Eastern Europe,Europe,2004,2000,both,Not applicable,Number,800250
BEL,Western Europe,Europe,1996,1990,both,Not applicable,Number,1625000
BEL,Western Europe,Europe,1997,1990,both,Not applicable,Number,1605000
BEL,Western Europe,Europe,1998,1990,both,Not applicable,Number,1588000
BEL,Western Europe,Europe,1999,1990,both,Not applicable,Number,1564000
BEL,Western Europe,Europe,2000,2000,both,Not applicable,Number,1768000
BEL,Western Europe,Europe,2001,2000,both,Not applicable,Number,1851000
BEL,Western Europe,Europe,2002,2000,both,Not applicable,Number,1651000
BEL,Western Europe,Europe,2003,2000,both,Not applicable,Number,1678000
BEL,Western Europe,Europe,2004,2000,both,Not applicable,Number,1706000
BLZ,Latin America and the Caribbean,Americas,1996,1990,both,Not applicable,Number,0
BEN,Sub-Saharan Africa,Africa,1996,1990,both,Not applicable,Number,12000
BEN,Sub-Saharan Africa,Africa,2000,2000,both,Not applicable,Number,1500
BEN,Sub-Saharan Africa,Africa,2001,2000,both,Not applicable,Number,2000
BEN,Sub-Saharan Africa,Africa,2002,2000,both,Not applicable,Number,2000
BEN,Sub-Saharan Africa,Africa,2003,2000,both,Not applicable,Number,3000
BEN,Sub-Saharan Africa,Africa,2004,2000,both,Not applicable,Number,3000
BMU,Northern America,Americas,1996,1990,both,Not applicable,Number,17000
BMU,Northern America,Americas,1999,1990,both,Not applicable,Number,15000
BMU,Northern America,Americas,2000,2000,both,Not applicable,Number,15000
BMU,Northern America,Americas,2004,2000,both,Not applicable,Number,16708
BTN,Southern Asia,Asia,1996,1990,both,Not applicable,Number,0
BOL,Latin America and the Caribbean,Americas,1996,1990,both,Not applicable,Number,420000
BOL,Latin America and the Caribbean,Americas,1998,1990,both,Not applicable,Number,788440
BIH,Southern Europe,Europe,1996,1990,both,Not applicable,Number,540000
BWA,Sub-Saharan Africa,Africa,2000,2000,both,Not applicable,Number,50769
BWA,Sub-Saharan Africa,Africa,1996,1990,both,Not applicable,Number,40000
BWA,Sub-Saharan Africa,Africa,2001,2000,both,Not applicable,Number,50769
BWA,Sub-Saharan Africa,Africa,1997,1990,both,Not applicable,Number,40500
BWA,Sub-Saharan Africa,Africa,2002,2000,both,Not applicable,Number,50769
BWA,Sub-Saharan Africa,Africa,1998,1990,both,Not applicable,Number,41050
BWA,Sub-Saharan Africa,Africa,2003,2000,both,Not applicable,Number,62750
BWA,Sub-Saharan Africa,Africa,2004,2000,both,Not applicable,Number,75278
BRA,Latin America and the Caribbean,Americas,1996,1990,both,Not applicable,Number,6472000
BRA,Latin America and the Caribbean,Americas,1997,1990,both,Not applicable,Number,6892000
BRA,Latin America and the Caribbean,Americas,1998,1990,both,Not applicable,Number,7163000
BRA,Latin America and the Caribbean,Americas,1999,1990,both,Not applicable,Number,7245000
BRA,Latin America and the Caribbean,Americas,2000,2000,both,Not applicable,Number,7883000
BRA,Latin America and the Caribbean,Americas,2001,2000,both,Not applicable,Number,7670000
BRA,Latin America and the Caribbean,Americas,2002,2000,both,Not applicable,Number,6972000
BRA,Latin America and the Caribbean,Americas,2003,2000,both,Not applicable,Number,6470000
BRA,Latin America and the Caribbean,Americas,2004,2000,both,Not applicable,Number,6552000
VGB,Latin America and the Caribbean,Americas,1996,1990,both,Not applicable,Number,0
BRN,South-eastern Asia,Asia,1996,1990,both,Not applicable,Number,20800
BRN,South-eastern Asia,Asia,2002,2000,both,Not applicable,Number,30000
BRN,South-eastern Asia,Asia,2003,2000,both,Not applicable,Number,25000
BRN,South-eastern Asia,Asia,2004,2000,both,Not applicable,Number,25000
BGR,Eastern Europe,Europe,1996,1990,both,Not applicable,Number,2145000
BGR,Eastern Europe,Europe,2002,2000,both,Not applicable,Number,852600
BGR,Eastern Europe,Europe,1997,1990,both,Not applicable,Number,1267000
BGR,Eastern Europe,Europe,2003,2000,both,Not applicable,Number,667200
BGR,Eastern Europe,Europe,1998,1990,both,Not applicable,Number,1112000
BGR,Eastern Europe,Europe,2004,2000,both,Not applicable,Number,615600
BGR,Eastern Europe,Europe,1999,1990,both,Not applicable,Number,1350000
BGR,Eastern Europe,Europe,2000,2000,both,Not applicable,Number,1099600
BGR,Eastern Europe,Europe,2001,2000,both,Not applicable,Number,1009400
BFA,Sub-Saharan Africa,Africa,1996,1990,both,Not applicable,Number,14000
BFA,Sub-Saharan Africa,Africa,1997,1990,both,Not applicable,Number,14200
BFA,Sub-Saharan Africa,Africa,1998,1990,both,Not applicable,Number,14500
BDI,Sub-Saharan Africa,Africa,1996,1990,both,Not applicable,Number,20000
BDI,Sub-Saharan Africa,Africa,1997,1990,both,Not applicable,Number,15000
BDI,Sub-Saharan Africa,Africa,1998,1990,both,Not applicable,Number,15000
KHM,South-eastern Asia,Asia,1996,1990,both,Not applicable,Number,17000
CMR,Sub-Saharan Africa,Africa,1996,1990,both,Not applicable,Number,91000
CMR,Sub-Saharan Africa,Africa,1997,1990,both,Not applicable,Number,91600
CMR,Sub-Saharan Africa,Africa,1998,1990,both,Not applicable,Number,91750
CAN,Northern America,Americas,1996,1990,both,Not applicable,Number,4718000
CAN,Northern America,Americas,1997,1990,both,Not applicable,Number,4979000
CAN,Northern America,Americas,1998,1990,both,Not applicable,Number,5005000
CAN,Northern America,Americas,1999,1990,both,Not applicable,Number,5166000
CAN,Northern America,Americas,2000,2000,both,Not applicable,Number,5500000
CAN,Northern America,Americas,2001,2000,both,Not applicable,Number,5566000
CAN,Northern America,Americas,2002,2000,both,Not applicable,Number,5461000
CAN,Northern America,Americas,2003,2000,both,Not applicable,Number,5590000
CAN,Northern America,Americas,2004,2000,both,Not applicable,Number,5578000
CPV,Sub-Saharan Africa,Africa,1996,1990,both,Not applicable,Number,0
CYM,Latin America and the Caribbean,Americas,2000,2000,both,Not applicable,Number,14800
CYM,Latin America and the Caribbean,Americas,1996,1990,both,Not applicable,Number,8500
CYM,Latin America and the Caribbean,Americas,2001,2000,both,Not applicable,Number,14800
CYM,Latin America and the Caribbean,Americas,2002,2000,both,Not applicable,Number,12100
CYM,Latin America and the Caribbean,Americas,2003,2000,both,Not applicable,Number,12100
CYM,Latin America and the Caribbean,Americas,2004,2000,both,Not applicable,Number,15400
CAF,Sub-Saharan Africa,Africa,1996,1990,both,Not applicable,Number,6000
CAF,Sub-Saharan Africa,Africa,1997,1990,both,Not applicable,Number,6100
CAF,Sub-Saharan Africa,Africa,1998,1990,both,Not applicable,Number,6200
TCD,Sub-Saharan Africa,Africa,1996,1990,both,Not applicable,Number,1500
TCD,Sub-Saharan Africa,Africa,1997,1990,both,Not applicable,Number,1550
TCD,Sub-Saharan Africa,Africa,1998,1990,both,Not applicable,Number,1560
CHL,Latin America and the Caribbean,Americas,1996,1990,both,Not applicable,Number,1410000
CHL,Latin America and the Caribbean,Americas,2000,2000,both,Not applicable,Number,1303371
CHL,Latin America and the Caribbean,Americas,2001,2000,both,Not applicable,Number,1325843
CHL,Latin America and the Caribbean,Americas,2003,2000,both,Not applicable,Number,928294
CHL,Latin America and the Caribbean,Americas,2004,2000,both,Not applicable,Number,816000
CHN,Eastern Asia,Asia,1998,1990,both,Not applicable,Number,62989000
CHN,Eastern Asia,Asia,1996,1990,both,Not applicable,Number,42008000
CHN,Eastern Asia,Asia,1999,1990,both,Not applicable,Number,70090000
CHN,Eastern Asia,Asia,1997,1990,both,Not applicable,Number,43948000
CHN,Eastern Asia,Asia,2000,2000,both,Not applicable,Number,75602628
CHN,Eastern Asia,Asia,2001,2000,both,Not applicable,Number,82046851
CHN,Eastern Asia,Asia,2002,2000,both,Not applicable,Number,85470000
CHN,Eastern Asia,Asia,2003,2000,both,Not applicable,Number,88657000
CHN,Eastern Asia,Asia,2004,2000,both,Not applicable,Number,96704000
COL,Latin America and the Caribbean,Americas,1996,1990,both,Not applicable,Number,1800000
COL,Latin America and the Caribbean,Americas,1997,1990,both,Not applicable,Number,1151000
COL,Latin America and the Caribbean,Americas,1998,1990,both,Not applicable,Number,1072000
COL,Latin America and the Caribbean,Americas,1999,1990,both,Not applicable,Number,1093000
COL,Latin America and the Caribbean,Americas,2004,2000,both,Not applicable,Number,1004000
COG,Sub-Saharan Africa,Africa,1996,1990,both,Not applicable,Number,20000
COG,Sub-Saharan Africa,Africa,1997,1990,both,Not applicable,Number,20500
COG,Sub-Saharan Africa,Africa,1998,1990,both,Not applicable,Number,20600
COK,Polynesia,Oceania,1996,1990,both,Not applicable,Number,2000
CRI,Latin America and the Caribbean,Americas,1996,1990,both,Not applicable,Number,320000
CRI,Latin America and the Caribbean,Americas,1998,1990,both,Not applicable,Number,265000
CRI,Latin America and the Caribbean,Americas,1999,1990,both,Not applicable,Number,290000
CRI,Latin America and the Caribbean,Americas,2000,2000,both,Not applicable,Number,275000
CRI,Latin America and the Caribbean,Americas,2001,2000,both,Not applicable,Number,301000
CRI,Latin America and the Caribbean,Americas,2002,2000,both,Not applicable,Number,288000
CRI,Latin America and the Caribbean,Americas,2003,2000,both,Not applicable,Number,281000
CRI,Latin America and the Caribbean,Americas,2004,2000,both,Not applicable,Number,275200
CIV,Sub-Saharan Africa,Africa,1996,1990,both,Not applicable,Number,231000
CIV,Sub-Saharan Africa,Africa,1997,1990,both,Not applicable,Number,235000
CIV,Sub-Saharan Africa,Africa,1998,1990,both,Not applicable,Number,238000
HRV,Southern Europe,Europe,1999,1990,both,Not applicable,Number,536000
HRV,Southern Europe,Europe,1997,1990,both,Not applicable,Number,503000
HRV,Southern Europe,Europe,1998,1990,both,Not applicable,Number,510000
CUB,Latin America and the Caribbean,Americas,1996,1990,both,Not applicable,Number,1300000
CUB,Latin America and the Caribbean,Americas,2000,2000,both,Not applicable,Number,600000
CUB,Latin America and the Caribbean,Americas,2001,2000,both,Not applicable,Number,718500
CUB,Latin America and the Caribbean,Americas,2002,2000,both,Not applicable,Number,718900
CUB,Latin America and the Caribbean,Americas,2003,2000,both,Not applicable,Number,716800
CUB,Latin America and the Caribbean,Americas,2004,2000,both,Not applicable,Number,727600
CYP,Western Asia,Asia,1996,1990,both,Not applicable,Number,84000
CYP,Western Asia,Asia,1998,1990,both,Not applicable,Number,79000
CYP,Western Asia,Asia,1999,1990,both,Not applicable,Number,86000
CZE,Eastern Europe,Europe,1996,1990,both,Not applicable,Number,2620000
CZE,Eastern Europe,Europe,2000,2000,both,Not applicable,Number,1900000
CZE,Eastern Europe,Europe,2001,2000,both,Not applicable,Number,1927000
CZE,Eastern Europe,Europe,2002,2000,both,Not applicable,Number,1890000
CZE,Eastern Europe,Europe,2003,2000,both,Not applicable,Number,1867000
CZE,Eastern Europe,Europe,2004,2000,both,Not applicable,Number,1861000
PRK,Eastern Asia,Asia,1996,1990,both,Not applicable,Number,4500000
COD,Sub-Saharan Africa,Africa,1996,1990,both,Not applicable,Number,124000
COD,Sub-Saharan Africa,Africa,1997,1990,both,Not applicable,Number,129000
COD,Sub-Saharan Africa,Africa,1998,1990,both,Not applicable,Number,129000
DNK,Northern Europe,Europe,1996,1990,both,Not applicable,Number,1628000
DNK,Northern Europe,Europe,1997,1990,both,Not applicable,Number,1617000
DNK,Northern Europe,Europe,1998,1990,both,Not applicable,Number,1613000
DNK,Northern Europe,Europe,1999,1990,both,Not applicable,Number,1558000
DNK,Northern Europe,Europe,2000,2000,both,Not applicable,Number,1507000
DNK,Northern Europe,Europe,2001,2000,both,Not applicable,Number,1736000
DNK,Northern Europe,Europe,2002,2000,both,Not applicable,Number,1806000
DNK,Northern Europe,Europe,2003,2000,both,Not applicable,Number,1911000
DNK,Northern Europe,Europe,2004,2000,both,Not applicable,Number,1906000
DMA,Latin America and the Caribbean,Americas,1996,1990,both,Not applicable,Number,0
DOM,Latin America and the Caribbean,Americas,1996,1990,both,Not applicable,Number,416000
DOM,Latin America and the Caribbean,Americas,1997,1990,both,Not applicable,Number,126300
DOM,Latin America and the Caribbean,Americas,1998,1990,both,Not applicable,Number,126300
DOM,Latin America and the Caribbean,Americas,1999,1990,both,Not applicable,Number,230000
DOM,Latin America and the Caribbean,Americas,2000,2000,both,Not applicable,Number,230000
DOM,Latin America and the Caribbean,Americas,2001,2000,both,Not applicable,Number,242000
DOM,Latin America and the Caribbean,Americas,2002,2000,both,Not applicable,Number,486000
DOM,Latin America and the Caribbean,Americas,2003,2000,both,Not applicable,Number,466000
DOM,Latin America and the Caribbean,Americas,2004,2000,both,Not applicable,Number,365000
ECU,Latin America and the Caribbean,Americas,1996,1990,both,Not applicable,Number,820000
ECU,Latin America and the Caribbean,Americas,1999,1990,both,Not applicable,Number,1220000
ECU,Latin America and the Caribbean,Americas,2000,2000,both,Not applicable,Number,1220000
EGY,Northern Africa,Africa,1996,1990,both,Not applicable,Number,2400000
EGY,Northern Africa,Africa,1997,1990,both,Not applicable,Number,2100000
EGY,Northern Africa,Africa,1998,1990,both,Not applicable,Number,2332000
EGY,Northern Africa,Africa,1999,1990,both,Not applicable,Number,2080000
SLV,Latin America and the Caribbean,Americas,1996,1990,both,Not applicable,Number,278000
SLV,Latin America and the Caribbean,Americas,2002,2000,both,Not applicable,Number,250000
SLV,Latin America and the Caribbean,Americas,2003,2000,both,Not applicable,Number,250000
SLV,Latin America and the Caribbean,Americas,2004,2000,both,Not applicable,Number,250000
GNQ,Sub-Saharan Africa,Africa,1996,1990,both,Not applicable,Number,2000
GNQ,Sub-Saharan Africa,Africa,1997,1990,both,Not applicable,Number,2000
GNQ,Sub-Saharan Africa,Africa,1998,1990,both,Not applicable,Number,2000
EST,Northern Europe,Europe,1996,1990,both,Not applicable,Number,255000
EST,Northern Europe,Europe,1997,1990,both,Not applicable,Number,260000
EST,Northern Europe,Europe,1998,1990,both,Not applicable,Number,254000
EST,Northern Europe,Europe,1999,1990,both,Not applicable,Number,273000
EST,Northern Europe,Europe,2000,2000,both,Not applicable,Number,262000
EST,Northern Europe,Europe,2001,2000,both,Not applicable,Number,258300
EST,Northern Europe,Europe,2002,2000,both,Not applicable,Number,255000
EST,Northern Europe,Europe,2003,2000,both,Not applicable,Number,251000
EST,Northern Europe,Europe,2004,2000,both,Not applicable,Number,257000
ETH,Sub-Saharan Africa,Africa,1996,1990,both,Not applicable,Number,86000
ETH,Sub-Saharan Africa,Africa,1997,1990,both,Not applicable,Number,23000
ETH,Sub-Saharan Africa,Africa,1998,1990,both,Not applicable,Number,23000
ETH,Sub-Saharan Africa,Africa,2000,2000,both,Not applicable,Number,338000
ETH,Sub-Saharan Africa,Africa,2001,2000,both,Not applicable,Number,342000
ETH,Sub-Saharan Africa,Africa,2002,2000,both,Not applicable,Number,350000
ETH,Sub-Saharan Africa,Africa,2003,2000,both,Not applicable,Number,354000
ETH,Sub-Saharan Africa,Africa,2004,2000,both,Not applicable,Number,358000
faeroe islands,faeroe islands,faeroe islands,1996,1990,both,Not applicable,Number,6400
FJI,Melanesia,Oceania,1996,1990,both,Not applicable,Number,40000
FJI,Melanesia,Oceania,2000,2000,both,Not applicable,Number,53000
FJI,Melanesia,Oceania,2001,2000,both,Not applicable,Number,48000
FJI,Melanesia,Oceania,2002,2000,both,Not applicable,Number,44000
FJI,Melanesia,Oceania,2003,2000,both,Not applicable,Number,50000
FJI,Melanesia,Oceania,2004,2000,both,Not applicable,Number,44000
FIN,Northern Europe,Europe,1996,1990,both,Not applicable,Number,2332000
FIN,Northern Europe,Europe,2004,2000,both,Not applicable,Number,2255000
FIN,Northern Europe,Europe,1997,1990,both,Not applicable,Number,2323000
FIN,Northern Europe,Europe,1998,1990,both,Not applicable,Number,2343000
FIN,Northern Europe,Europe,1999,1990,both,Not applicable,Number,2331000
FIN,Northern Europe,Europe,2000,2000,both,Not applicable,Number,2304000
FIN,Northern Europe,Europe,2001,2000,both,Not applicable,Number,2307000
FIN,Northern Europe,Europe,2002,2000,both,Not applicable,Number,2268000
FIN,Northern Europe,Europe,2003,2000,both,Not applicable,Number,2243000
FRA,Western Europe,Europe,1996,1990,both,Not applicable,Number,12700000
FRA,Western Europe,Europe,1997,1990,both,Not applicable,Number,8506000
FRA,Western Europe,Europe,1998,1990,both,Not applicable,Number,9568106
FRA,Western Europe,Europe,1999,1990,both,Not applicable,Number,9617940
FRA,Western Europe,Europe,2000,2000,both,Not applicable,Number,9740864
FRA,Western Europe,Europe,2001,2000,both,Not applicable,Number,9345515
FRA,Western Europe,Europe,2002,2000,both,Not applicable,Number,9637874
FRA,Western Europe,Europe,2003,2000,both,Not applicable,Number,9677741
FRA,Western Europe,Europe,2004,2000,both,Not applicable,Number,9890365
FRA,Western Europe,Europe,2005,2000,both,Not applicable,Number,9973422
GUF,Latin America and the Caribbean,Americas,1996,1990,both,Not applicable,Number,1600
PYF,Polynesia,Oceania,1996,1990,both,Not applicable,Number,24000
GAB,Sub-Saharan Africa,Africa,1996,1990,both,Not applicable,Number,33000
GAB,Sub-Saharan Africa,Africa,1997,1990,both,Not applicable,Number,33900
GAB,Sub-Saharan Africa,Africa,1998,1990,both,Not applicable,Number,34800
GMB,Sub-Saharan Africa,Africa,1996,1990,both,Not applicable,Number,2000
GMB,Sub-Saharan Africa,Africa,1997,1990,both,Not applicable,Number,2050
GMB,Sub-Saharan Africa,Africa,1998,1990,both,Not applicable,Number,2100
GEO,Western Asia,Asia,1996,1990,both,Not applicable,Number,1000
GEO,Western Asia,Asia,2002,2000,both,Not applicable,Number,16225
GEO,Western Asia,Asia,2003,2000,both,Not applicable,Number,12062
GEO,Western Asia,Asia,2004,2000,both,Not applicable,Number,17631
DEU,Western Europe,Europe,1996,1990,both,Not applicable,Number,25500000
DEU,Western Europe,Europe,1997,1990,both,Not applicable,Number,25038000
DEU,Western Europe,Europe,1998,1990,both,Not applicable,Number,25016000
DEU,Western Europe,Europe,1999,1990,both,Not applicable,Number,24565000
DEU,Western Europe,Europe,2000,2000,both,Not applicable,Number,23900000
DEU,Western Europe,Europe,2001,2000,both,Not applicable,Number,23800000
DEU,Western Europe,Europe,2002,2000,both,Not applicable,Number,23200000
DEU,Western Europe,Europe,2003,2000,both,Not applicable,Number,22600000
DEU,Western Europe,Europe,2004,2000,both,Not applicable,Number,22100000
GHA,Sub-Saharan Africa,Africa,1996,1990,both,Not applicable,Number,250000
GHA,Sub-Saharan Africa,Africa,1997,1990,both,Not applicable,Number,255500
GHA,Sub-Saharan Africa,Africa,1998,1990,both,Not applicable,Number,260000
GIB,Southern Europe,Europe,1996,1990,both,Not applicable,Number,6000
GIB,Southern Europe,Europe,1998,1990,both,Not applicable,Number,6000
GIB,Southern Europe,Europe,1999,1990,both,Not applicable,Number,4000
GIB,Southern Europe,Europe,2000,2000,both,Not applicable,Number,6000
GIB,Southern Europe,Europe,2001,2000,both,Not applicable,Number,6000
GIB,Southern Europe,Europe,2002,2000,both,Not applicable,Number,6000
GIB,Southern Europe,Europe,2003,2000,both,Not applicable,Number,6000
GIB,Southern Europe,Europe,2004,2000,both,Not applicable,Number,6000
GRC,Southern Europe,Europe,1996,1990,both,Not applicable,Number,1650000
GRL,Northern America,Americas,1996,1990,both,Not applicable,Number,1000
GRD,Latin America and the Caribbean,Americas,1996,1990,both,Not applicable,Number,0
GLP,Latin America and the Caribbean,Americas,1996,1990,both,Not applicable,Number,35000
GUM,Micronesia,Oceania,1996,1990,both,Not applicable,Number,27500
GTM,Latin America and the Caribbean,Americas,1996,1990,both,Not applicable,Number,338000
GIN,Sub-Saharan Africa,Africa,1996,1990,both,Not applicable,Number,0
GNB,Sub-Saharan Africa,Africa,1998,1990,both,Not applicable,Number,6200
GNB,Sub-Saharan Africa,Africa,1996,1990,both,Not applicable,Number,6000
GNB,Sub-Saharan Africa,Africa,1997,1990,both,Not applicable,Number,6050
GUY,Latin America and the Caribbean,Americas,1996,1990,both,Not applicable,Number,42100
GUY,Latin America and the Caribbean,Americas,2000,2000,both,Not applicable,Number,56750
HTI,Latin America and the Caribbean,Americas,1996,1990,both,Not applicable,Number,19500
VAT,Southern Europe,Europe,1996,1990,both,Not applicable,Number,70000
HND,Latin America and the Caribbean,Americas,1996,1990,both,Not applicable,Number,320000
HKG,Eastern Asia,Asia,1996,1990,both,Not applicable,Number,5000000
HKG,Eastern Asia,Asia,1998,1990,both,Not applicable,Number,1583000
HKG,Eastern Asia,Asia,1999,1990,both,Not applicable,Number,1528000
HKG,Eastern Asia,Asia,2000,2000,both,Not applicable,Number,1481000
HUN,Eastern Europe,Europe,1997,1990,both,Not applicable,Number,1742000
HUN,Eastern Europe,Europe,1998,1990,both,Not applicable,Number,1700000
HUN,Eastern Europe,Europe,1999,1990,both,Not applicable,Number,1659000
HUN,Eastern Europe,Europe,2000,2000,both,Not applicable,Number,1782000
HUN,Eastern Europe,Europe,2001,2000,both,Not applicable,Number,2104000
HUN,Eastern Europe,Europe,2002,2000,both,Not applicable,Number,2078000
HUN,Eastern Europe,Europe,2003,2000,both,Not applicable,Number,2120000
HUN,Eastern Europe,Europe,2004,2000,both,Not applicable,Number,2195000
ISL,Northern Europe,Europe,1996,1990,both,Not applicable,Number,145000
ISL,Northern Europe,Europe,1997,1990,both,Not applicable,Number,100000
ISL,Northern Europe,Europe,1998,1990,both,Not applicable,Number,94000
ISL,Northern Europe,Europe,1999,1990,both,Not applicable,Number,93000
ISL,Northern Europe,Europe,2000,2000,both,Not applicable,Number,90951
ISL,Northern Europe,Europe,2001,2000,both,Not applicable,Number,148836
ISL,Northern Europe,Europe,2002,2000,both,Not applicable,Number,161878
ISL,Northern Europe,Europe,2003,2000,both,Not applicable,Number,168317
ISL,Northern Europe,Europe,2004,2000,both,Not applicable,Number,161571
IND,Southern Asia,Asia,1996,1990,both,Not applicable,Number,40755000
IND,Southern Asia,Asia,2000,2000,both,Not applicable,Number,59913327
IND,Southern Asia,Asia,2001,2000,both,Not applicable,Number,58359937
IND,Southern Asia,Asia,2002,2000,both,Not applicable,Number,73486348
IND,Southern Asia,Asia,2003,2000,both,Not applicable,Number,74713887
IND,Southern Asia,Asia,2004,2000,both,Not applicable,Number,79243139
IDN,South-eastern Asia,Asia,1996,1990,both,Not applicable,Number,4665177
IRN,Southern Asia,Asia,1996,1990,both,Not applicable,Number,1651000
IRQ,Western Asia,Asia,1996,1990,both,Not applicable,Number,407000
IRL,Northern Europe,Europe,1996,1990,both,Not applicable,Number,543000
IRL,Northern Europe,Europe,2003,2000,both,Not applicable,Number,772000
IRL,Northern Europe,Europe,1997,1990,both,Not applicable,Number,552000
IRL,Northern Europe,Europe,2004,2000,both,Not applicable,Number,742000
IRL,Northern Europe,Europe,1998,1990,both,Not applicable,Number,557000
IRL,Northern Europe,Europe,1999,1990,both,Not applicable,Number,567000
IRL,Northern Europe,Europe,2000,2000,both,Not applicable,Number,574000
IRL,Northern Europe,Europe,2001,2000,both,Not applicable,Number,588000
IRL,Northern Europe,Europe,2002,2000,both,Not applicable,Number,591000
ISR,Western Asia,Asia,1996,1990,both,Not applicable,Number,1650000
ITA,Southern Europe,Europe,2002,2000,both,Not applicable,Number,7811000
ITA,Southern Europe,Europe,1996,1990,both,Not applicable,Number,5960000
ITA,Southern Europe,Europe,2003,2000,both,Not applicable,Number,7876000
ITA,Southern Europe,Europe,1997,1990,both,Not applicable,Number,5920000
ITA,Southern Europe,Europe,2004,2000,both,Not applicable,Number,8017000
ITA,Southern Europe,Europe,1998,1990,both,Not applicable,Number,5881000
ITA,Southern Europe,Europe,1999,1990,both,Not applicable,Number,5914000
ITA,Southern Europe,Europe,2000,2000,both,Not applicable,Number,7123000
ITA,Southern Europe,Europe,2001,2000,both,Not applicable,Number,7786000
JAM,Latin America and the Caribbean,Americas,1996,1990,both,Not applicable,Number,158000
JPN,Eastern Asia,Asia,1996,1990,both,Not applicable,Number,72705000
JPN,Eastern Asia,Asia,1997,1990,both,Not applicable,Number,72699000
JPN,Eastern Asia,Asia,1998,1990,both,Not applicable,Number,72410000
JPN,Eastern Asia,Asia,1999,1990,both,Not applicable,Number,72218000
JPN,Eastern Asia,Asia,2000,2000,both,Not applicable,Number,71896329
JPN,Eastern Asia,Asia,2001,2000,both,Not applicable,Number,71694148
JPN,Eastern Asia,Asia,2002,2000,both,Not applicable,Number,70892000
JPN,Eastern Asia,Asia,2003,2000,both,Not applicable,Number,70419000
JPN,Eastern Asia,Asia,2004,2000,both,Not applicable,Number,70446000
KAZ,Central Asia,Asia,1996,1990,both,Not applicable,Number,500000
KEN,Sub-Saharan Africa,Africa,1996,1990,both,Not applicable,Number,263100
KEN,Sub-Saharan Africa,Africa,1997,1990,both,Not applicable,Number,264500
KEN,Sub-Saharan Africa,Africa,1998,1990,both,Not applicable,Number,267500
KEN,Sub-Saharan Africa,Africa,1999,1990,both,Not applicable,Number,250000
KWT,Western Asia,Asia,1996,1990,both,Not applicable,Number,635000
KGZ,Central Asia,Asia,2000,2000,both,Not applicable,Number,13525
KGZ,Central Asia,Asia,2001,2000,both,Not applicable,Number,7870
KGZ,Central Asia,Asia,2002,2000,both,Not applicable,Number,9040
KGZ,Central Asia,Asia,2003,2000,both,Not applicable,Number,13450
KGZ,Central Asia,Asia,2004,2000,both,Not applicable,Number,4923
LAO,South-eastern Asia,Asia,2000,2000,both,Not applicable,Number,12058
LAO,South-eastern Asia,Asia,1996,1990,both,Not applicable,Number,17900
LAO,South-eastern Asia,Asia,2001,2000,both,Not applicable,Number,12058
LAO,South-eastern Asia,Asia,2002,2000,both,Not applicable,Number,12058
LAO,South-eastern Asia,Asia,2003,2000,both,Not applicable,Number,14558
LAO,South-eastern Asia,Asia,2004,2000,both,Not applicable,Number,14558
LVA,Northern Europe,Europe,1996,1990,both,Not applicable,Number,616000
LVA,Northern Europe,Europe,1997,1990,both,Not applicable,Number,284000
LVA,Northern Europe,Europe,1998,1990,both,Not applicable,Number,260000
LVA,Northern Europe,Europe,1999,1990,both,Not applicable,Number,354000
LVA,Northern Europe,Europe,2000,2000,both,Not applicable,Number,327000
LVA,Northern Europe,Europe,2001,2000,both,Not applicable,Number,412000
LVA,Northern Europe,Europe,2002,2000,both,Not applicable,Number,373000
LVA,Northern Europe,Europe,2003,2000,both,Not applicable,Number,343000
LVA,Northern Europe,Europe,2004,2000,both,Not applicable,Number,356800
LBN,Western Asia,Asia,1996,1990,both,Not applicable,Number,435000
LBN,Western Asia,Asia,1998,1990,both,Not applicable,Number,213000
LBN,Western Asia,Asia,1999,1990,both,Not applicable,Number,225000
LBN,Western Asia,Asia,2000,2000,both,Not applicable,Number,215000
LBN,Western Asia,Asia,2001,2000,both,Not applicable,Number,215000
LBN,Western Asia,Asia,2002,2000,both,Not applicable,Number,215000
LBN,Western Asia,Asia,2003,2000,both,Not applicable,Number,215000
LBN,Western Asia,Asia,2004,2000,both,Not applicable,Number,215000
LSO,Sub-Saharan Africa,Africa,1996,1990,both,Not applicable,Number,15000
LSO,Sub-Saharan Africa,Africa,1997,1990,both,Not applicable,Number,15500
LSO,Sub-Saharan Africa,Africa,1998,1990,both,Not applicable,Number,15750
LBR,Sub-Saharan Africa,Africa,1996,1990,both,Not applicable,Number,35000
LBR,Sub-Saharan Africa,Africa,1997,1990,both,Not applicable,Number,35850
LBR,Sub-Saharan Africa,Africa,1998,1990,both,Not applicable,Number,36600
libyan arab jamahiriya,libyan arab jamahiriya,libyan arab jamahiriya,1996,1990,both,Not applicable,Number,71000
libyan arab jamahiriya,libyan arab jamahiriya,libyan arab jamahiriya,1997,1990,both,Not applicable,Number,71050
libyan arab jamahiriya,libyan arab jamahiriya,libyan arab jamahiriya,1998,1990,both,Not applicable,Number,71100
LIE,Western Europe,Europe,1996,1990,both,Not applicable,Number,18800
LIE,Western Europe,Europe,2000,2000,both,Not applicable,Number,17135
LIE,Western Europe,Europe,2001,2000,both,Not applicable,Number,17525
LIE,Western Europe,Europe,2002,2000,both,Not applicable,Number,17674
LIE,Western Europe,Europe,2003,2000,both,Not applicable,Number,17614
LIE,Western Europe,Europe,2004,2000,both,Not applicable,Number,18387
LTU,Northern Europe,Europe,2000,2000,both,Not applicable,Number,287000
LTU,Northern Europe,Europe,2001,2000,both,Not applicable,Number,304000
LTU,Northern Europe,Europe,2002,2000,both,Not applicable,Number,315000
LTU,Northern Europe,Europe,2003,2000,both,Not applicable,Number,304000
LTU,Northern Europe,Europe,2004,2000,both,Not applicable,Number,371000
LUX,Western Europe,Europe,1996,1990,both,Not applicable,Number,135000
LUX,Western Europe,Europe,2004,2000,both,Not applicable,Number,115142
LUX,Western Europe,Europe,1997,1990,both,Not applicable,Number,121000
LUX,Western Europe,Europe,1998,1990,both,Not applicable,Number,124000
LUX,Western Europe,Europe,1999,1990,both,Not applicable,Number,124000
LUX,Western Europe,Europe,2000,2000,both,Not applicable,Number,120274
LUX,Western Europe,Europe,2001,2000,both,Not applicable,Number,119525
LUX,Western Europe,Europe,2002,2000,both,Not applicable,Number,118000
LUX,Western Europe,Europe,2003,2000,both,Not applicable,Number,115162
MAC,Eastern Asia,Asia,1996,1990,both,Not applicable,Number,200000
MAC,Eastern Asia,Asia,1999,1990,both,Not applicable,Number,157500
MAC,Eastern Asia,Asia,2000,2000,both,Not applicable,Number,167300
MDG,Sub-Saharan Africa,Africa,1996,1990,both,Not applicable,Number,65500
MDG,Sub-Saharan Africa,Africa,1997,1990,both,Not applicable,Number,67500
MDG,Sub-Saharan Africa,Africa,1998,1990,both,Not applicable,Number,68000
MWI,Sub-Saharan Africa,Africa,1996,1990,both,Not applicable,Number,25000
MWI,Sub-Saharan Africa,Africa,1997,1990,both,Not applicable,Number,25500
MWI,Sub-Saharan Africa,Africa,1998,1990,both,Not applicable,Number,26000
MYS,South-eastern Asia,Asia,1996,1990,both,Not applicable,Number,3345000
MYS,South-eastern Asia,Asia,1997,1990,both,Not applicable,Number,2257000
MYS,South-eastern Asia,Asia,1998,1990,both,Not applicable,Number,2487000
MYS,South-eastern Asia,Asia,2000,2000,both,Not applicable,Number,2191100
MYS,South-eastern Asia,Asia,2001,2000,both,Not applicable,Number,2399000
MYS,South-eastern Asia,Asia,2002,2000,both,Not applicable,Number,2474000
MYS,South-eastern Asia,Asia,2003,2000,both,Not applicable,Number,2572457
MYS,South-eastern Asia,Asia,2004,2000,both,Not applicable,Number,2753000
MDV,Southern Asia,Asia,1996,1990,both,Not applicable,Number,4800
MLI,Sub-Saharan Africa,Africa,1996,1990,both,Not applicable,Number,12000
MLI,Sub-Saharan Africa,Africa,1997,1990,both,Not applicable,Number,12350
MLI,Sub-Saharan Africa,Africa,1998,1990,both,Not applicable,Number,12600
MLT,Southern Europe,Europe,1996,1990,both,Not applicable,Number,48000
MHL,Micronesia,Oceania,1996,1990,both,Not applicable,Number,0
MHL,Micronesia,Oceania,2000,2000,both,Not applicable,Number,0
MHL,Micronesia,Oceania,2001,2000,both,Not applicable,Number,0
MHL,Micronesia,Oceania,2002,2000,both,Not applicable,Number,0
MHL,Micronesia,Oceania,2003,2000,both,Not applicable,Number,0
MHL,Micronesia,Oceania,2004,2000,both,Not applicable,Number,0
MTQ,Latin America and the Caribbean,Americas,1996,1990,both,Not applicable,Number,30000
MRT,Sub-Saharan Africa,Africa,1996,1990,both,Not applicable,Number,1300
MUS,Sub-Saharan Africa,Africa,1996,1990,both,Not applicable,Number,85000
MUS,Sub-Saharan Africa,Africa,2000,2000,both,Not applicable,Number,138000
MUS,Sub-Saharan Africa,Africa,2004,2000,both,Not applicable,Number,95000
MEX,Latin America and the Caribbean,Americas,1999,1990,both,Not applicable,Number,9332000
MEX,Latin America and the Caribbean,Americas,2000,2000,both,Not applicable,Number,9251000
MCO,Western Europe,Europe,1996,1990,both,Not applicable,Number,8500
MCO,Western Europe,Europe,2004,2000,both,Not applicable,Number,8000
MNG,Eastern Asia,Asia,1996,1990,both,Not applicable,Number,68000
MNG,Eastern Asia,Asia,1997,1990,both,Not applicable,Number,59000
MNG,Eastern Asia,Asia,1998,1990,both,Not applicable,Number,50000
MNG,Eastern Asia,Asia,1999,1990,both,Not applicable,Number,40000
MNG,Eastern Asia,Asia,2000,2000,both,Not applicable,Number,44000
MNG,Eastern Asia,Asia,2001,2000,both,Not applicable,Number,39000
MNG,Eastern Asia,Asia,2002,2000,both,Not applicable,Number,42000
MNG,Eastern Asia,Asia,2003,2000,both,Not applicable,Number,38000
MNG,Eastern Asia,Asia,2004,2000,both,Not applicable,Number,50000
MSR,Latin America and the Caribbean,Americas,1996,1990,both,Not applicable,Number,0
MAR,Northern Africa,Africa,2000,2000,both,Not applicable,Number,846000
MAR,Northern Africa,Africa,2003,2000,both,Not applicable,Number,350000
MOZ,Sub-Saharan Africa,Africa,1996,1990,both,Not applicable,Number,49000
MOZ,Sub-Saharan Africa,Africa,2000,2000,both,Not applicable,Number,51300
MOZ,Sub-Saharan Africa,Africa,2001,2000,both,Not applicable,Number,51300
MOZ,Sub-Saharan Africa,Africa,2002,2000,both,Not applicable,Number,52400
MOZ,Sub-Saharan Africa,Africa,2003,2000,both,Not applicable,Number,52900
MOZ,Sub-Saharan Africa,Africa,2004,2000,both,Not applicable,Number,54900
MMR,South-eastern Asia,Asia,1996,1990,both,Not applicable,Number,449000
NAM,Sub-Saharan Africa,Africa,1998,1990,both,Not applicable,Number,31000
NAM,Sub-Saharan Africa,Africa,1996,1990,both,Not applicable,Number,30000
NAM,Sub-Saharan Africa,Africa,2000,2000,both,Not applicable,Number,35500
NAM,Sub-Saharan Africa,Africa,2001,2000,both,Not applicable,Number,36800
NAM,Sub-Saharan Africa,Africa,2002,2000,both,Not applicable,Number,39800
NAM,Sub-Saharan Africa,Africa,2003,2000,both,Not applicable,Number,44300
NAM,Sub-Saharan Africa,Africa,2004,2000,both,Not applicable,Number,55800
NPL,Southern Asia,Asia,1996,1990,both,Not applicable,Number,250000
NLD,Western Europe,Europe,1996,1990,both,Not applicable,Number,4753000
NLD,Western Europe,Europe,1997,1990,both,Not applicable,Number,4753000
NLD,Western Europe,Europe,1998,1990,both,Not applicable,Number,4522000
NLD,Western Europe,Europe,1999,1990,both,Not applicable,Number,4482000
NLD,Western Europe,Europe,2000,2000,both,Not applicable,Number,4992000
NLD,Western Europe,Europe,2001,2000,both,Not applicable,Number,5115000
NLD,Western Europe,Europe,2002,2000,both,Not applicable,Number,5062000
NLD,Western Europe,Europe,2003,2000,both,Not applicable,Number,5007000
NLD,Western Europe,Europe,2004,2000,both,Not applicable,Number,5001000
ANT,ANT,ANT,1996,1990,both,Not applicable,Number,69500
NCL,Melanesia,Oceania,1996,1990,both,Not applicable,Number,24000
NCL,Melanesia,Oceania,2001,2000,both,Not applicable,Number,19000
NZL,Australia and New Zealand,Oceania,1997,1990,both,Not applicable,Number,824000
NZL,Australia and New Zealand,Oceania,1996,1990,both,Not applicable,Number,804000
NZL,Australia and New Zealand,Oceania,1998,1990,both,Not applicable,Number,785826
NZL,Australia and New Zealand,Oceania,1999,1990,both,Not applicable,Number,774000
NZL,Australia and New Zealand,Oceania,2000,2000,both,Not applicable,Number,765000
NZL,Australia and New Zealand,Oceania,2001,2000,both,Not applicable,Number,763947
NZL,Australia and New Zealand,Oceania,2002,2000,both,Not applicable,Number,745000
NZL,Australia and New Zealand,Oceania,2003,2000,both,Not applicable,Number,738547
NZL,Australia and New Zealand,Oceania,2004,2000,both,Not applicable,Number,739000
NIC,Latin America and the Caribbean,Americas,1996,1990,both,Not applicable,Number,135000
NGA,Sub-Saharan Africa,Africa,1996,1990,both,Not applicable,Number,2000
NGA,Sub-Saharan Africa,Africa,1997,1990,both,Not applicable,Number,2000
NGA,Sub-Saharan Africa,Africa,1998,1990,both,Not applicable,Number,2000
NGA,Sub-Saharan Africa,Africa,2000,2000,both,Not applicable,Number,2500
NGA,Sub-Saharan Africa,Africa,2001,2000,both,Not applicable,Number,2500
NGA,Sub-Saharan Africa,Africa,2002,2000,both,Not applicable,Number,2500
NGA,Sub-Saharan Africa,Africa,2003,2000,both,Not applicable,Number,2500
NGA,Sub-Saharan Africa,Africa,2004,2000,both,Not applicable,Number,2500
NGA,Sub-Saharan Africa,Africa,1996,1990,both,Not applicable,Number,2740000
NGA,Sub-Saharan Africa,Africa,1997,1990,both,Not applicable,Number,2750000
NGA,Sub-Saharan Africa,Africa,1998,1990,both,Not applicable,Number,2760000
NIU,Polynesia,Oceania,1996,1990,both,Not applicable,Number,0
NFK,Australia and New Zealand,Oceania,1996,1990,both,Not applicable,Number,0
NOR,Northern Europe,Europe,1999,1990,both,Not applicable,Number,2591000
NOR,Northern Europe,Europe,1996,1990,both,Not applicable,Number,2578000
NOR,Northern Europe,Europe,2000,2000,both,Not applicable,Number,2545000
NOR,Northern Europe,Europe,1997,1990,both,Not applicable,Number,2603000
NOR,Northern Europe,Europe,2001,2000,both,Not applicable,Number,2507000
NOR,Northern Europe,Europe,1998,1990,both,Not applicable,Number,2592000
NOR,Northern Europe,Europe,2002,2000,both,Not applicable,Number,2475000
NOR,Northern Europe,Europe,2003,2000,both,Not applicable,Number,2421000
NOR,Northern Europe,Europe,2004,2000,both,Not applicable,Number,2378000
PSE,Western Asia,Asia,2003,2000,both,Not applicable,Number,35000
PSE,Western Asia,Asia,2004,2000,both,Not applicable,Number,35000
OMN,Western Asia,Asia,1996,1990,both,Not applicable,Number,62500
PAK,Southern Asia,Asia,1996,1990,both,Not applicable,Number,2850000
PAK,Southern Asia,Asia,1997,1990,both,Not applicable,Number,3915486
PAK,Southern Asia,Asia,1999,1990,both,Not applicable,Number,5558750
PAK,Southern Asia,Asia,2000,2000,both,Not applicable,Number,5699783
PAK,Southern Asia,Asia,2001,2000,both,Not applicable,Number,5726494
PAK,Southern Asia,Asia,2002,2000,both,Not applicable,Number,6009135
PAK,Southern Asia,Asia,2003,2000,both,Not applicable,Number,6245775
PAK,Southern Asia,Asia,2004,2000,both,Not applicable,Number,7817958
PAN,Latin America and the Caribbean,Americas,1996,1990,both,Not applicable,Number,165500
PAN,Latin America and the Caribbean,Americas,2004,2000,both,Not applicable,Number,206754
PNG,Melanesia,Oceania,1996,1990,both,Not applicable,Number,65000
PNG,Melanesia,Oceania,2004,2000,both,Not applicable,Number,51000
PRY,Latin America and the Caribbean,Americas,1996,1990,both,Not applicable,Number,213000
PER,Latin America and the Caribbean,Americas,1996,1990,both,Not applicable,Number,2000000
PER,Latin America and the Caribbean,Americas,1998,1990,both,Not applicable,Number,570000
PHL,South-eastern Asia,Asia,1996,1990,both,Not applicable,Number,5700000
PHL,South-eastern Asia,Asia,1997,1990,both,Not applicable,Number,4712000
PHL,South-eastern Asia,Asia,2000,2000,both,Not applicable,Number,5511307
PHL,South-eastern Asia,Asia,2002,2000,both,Not applicable,Number,5720562
PHL,South-eastern Asia,Asia,2004,2000,both,Not applicable,Number,6514102
POL,Eastern Europe,Europe,2000,2000,both,Not applicable,Number,3928000
POL,Eastern Europe,Europe,2001,2000,both,Not applicable,Number,3836000
POL,Eastern Europe,Europe,2002,2000,both,Not applicable,Number,3463000
POL,Eastern Europe,Europe,2003,2000,both,Not applicable,Number,3992000
POL,Eastern Europe,Europe,2004,2000,both,Not applicable,Number,4345000
PRT,Southern Europe,Europe,1998,1990,both,Not applicable,Number,673000
PRT,Southern Europe,Europe,1999,1990,both,Not applicable,Number,686000
PRI,Latin America and the Caribbean,Americas,1996,1990,both,Not applicable,Number,475000
QAT,Western Asia,Asia,1996,1990,both,Not applicable,Number,90000
PRK,Eastern Asia,Asia,1996,1990,both,Not applicable,Number,17500000
REU,Sub-Saharan Africa,Africa,1996,1990,both,Not applicable,Number,55000
REU,Sub-Saharan Africa,Africa,1997,1990,both,Not applicable,Number,55000
REU,Sub-Saharan Africa,Africa,1998,1990,both,Not applicable,Number,55000
ROU,Eastern Europe,Europe,1996,1990,both,Not applicable,Number,7000000
ROU,Eastern Europe,Europe,2001,2000,both,Not applicable,Number,842987
ROU,Eastern Europe,Europe,2002,2000,both,Not applicable,Number,1300292
ROU,Eastern Europe,Europe,2003,2000,both,Not applicable,Number,1367375
ROU,Eastern Europe,Europe,2004,2000,both,Not applicable,Number,1527894
RUS,Eastern Europe,Europe,2000,2000,both,Not applicable,Number,14334000
RUS,Eastern Europe,Europe,2001,2000,both,Not applicable,Number,9260940
RUS,Eastern Europe,Europe,2002,2000,both,Not applicable,Number,11168000
RUS,Eastern Europe,Europe,2003,2000,both,Not applicable,Number,13900000
RUS,Eastern Europe,Europe,2004,2000,both,Not applicable,Number,13280000
RWA,Sub-Saharan Africa,Africa,1996,1990,both,Not applicable,Number,500
RWA,Sub-Saharan Africa,Africa,1997,1990,both,Not applicable,Number,550
RWA,Sub-Saharan Africa,Africa,1998,1990,both,Not applicable,Number,600
SHN,Sub-Saharan Africa,Africa,1996,1990,both,Not applicable,Number,0
SHN,Sub-Saharan Africa,Africa,1999,1990,both,Not applicable,Number,0
KNA,Latin America and the Caribbean,Americas,1996,1990,both,Not applicable,Number,0
LCA,Latin America and the Caribbean,Americas,1996,1990,both,Not applicable,Number,0
SPM,Northern America,Americas,1996,1990,both,Not applicable,Number,0
SAU,Western Asia,Asia,1996,1990,both,Not applicable,Number,1105000
SEN,Sub-Saharan Africa,Africa,1996,1990,both,Not applicable,Number,45000
SEN,Sub-Saharan Africa,Africa,2004,2000,both,Not applicable,Number,100000
SYC,Sub-Saharan Africa,Africa,1996,1990,both,Not applicable,Number,3400
SLE,Sub-Saharan Africa,Africa,1996,1990,both,Not applicable,Number,20000
SGP,South-eastern Asia,Asia,1996,1990,both,Not applicable,Number,1095000
SGP,South-eastern Asia,Asia,1997,1990,both,Not applicable,Number,1027000
SGP,South-eastern Asia,Asia,1998,1990,both,Not applicable,Number,1062000
SGP,South-eastern Asia,Asia,1999,1990,both,Not applicable,Number,1078000
SGP,South-eastern Asia,Asia,2000,2000,both,Not applicable,Number,1334000
SGP,South-eastern Asia,Asia,2001,2000,both,Not applicable,Number,1300000
SGP,South-eastern Asia,Asia,2002,2000,both,Not applicable,Number,1325000
SGP,South-eastern Asia,Asia,2003,2000,both,Not applicable,Number,1496000
SGP,South-eastern Asia,Asia,2004,2000,both,Not applicable,Number,1542000
SVK,Eastern Europe,Europe,1996,1990,both,Not applicable,Number,988800
SVK,Eastern Europe,Europe,1997,1990,both,Not applicable,Number,1012000
SVK,Eastern Europe,Europe,2000,2000,both,Not applicable,Number,705457
SVK,Eastern Europe,Europe,2001,2000,both,Not applicable,Number,622507
SVK,Eastern Europe,Europe,2002,2000,both,Not applicable,Number,653220
SVK,Eastern Europe,Europe,2003,2000,both,Not applicable,Number,755796
SVK,Eastern Europe,Europe,2004,2000,both,Not applicable,Number,677075
SVN,Southern Europe,Europe,2002,2000,both,Not applicable,Number,344000
SVN,Southern Europe,Europe,2000,2000,both,Not applicable,Number,335000
SLB,Melanesia,Oceania,2002,2000,both,Not applicable,Number,5000
SLB,Melanesia,Oceania,2003,2000,both,Not applicable,Number,5000
SLB,Melanesia,Oceania,2004,2000,both,Not applicable,Number,5000
SOM,Sub-Saharan Africa,Africa,1996,1990,both,Not applicable,Number,10000
ZAF,Sub-Saharan Africa,Africa,1996,1990,both,Not applicable,Number,1288000
ZAF,Sub-Saharan Africa,Africa,1997,1990,both,Not applicable,Number,1204000
ZAF,Sub-Saharan Africa,Africa,1998,1990,both,Not applicable,Number,1149000
ZAF,Sub-Saharan Africa,Africa,2000,2000,both,Not applicable,Number,1118000
ZAF,Sub-Saharan Africa,Africa,2001,2000,both,Not applicable,Number,1169000
ZAF,Sub-Saharan Africa,Africa,2002,2000,both,Not applicable,Number,1137000
ZAF,Sub-Saharan Africa,Africa,2003,2000,both,Not applicable,Number,1286000
ZAF,Sub-Saharan Africa,Africa,2004,2000,both,Not applicable,Number,1408000
ESP,Southern Europe,Europe,1996,1990,both,Not applicable,Number,3931000
ESP,Southern Europe,Europe,2000,2000,both,Not applicable,Number,4401000
ESP,Southern Europe,Europe,2001,2000,both,Not applicable,Number,5548000
ESP,Southern Europe,Europe,2002,2000,both,Not applicable,Number,5340000
ESP,Southern Europe,Europe,2003,2000,both,Not applicable,Number,5905000
ESP,Southern Europe,Europe,2004,2000,both,Not applicable,Number,6183000
LKA,Southern Asia,Asia,1996,1990,both,Not applicable,Number,530000
LKA,Southern Asia,Asia,1997,1990,both,Not applicable,Number,528000
LKA,Southern Asia,Asia,1998,1990,both,Not applicable,Number,524000
LKA,Southern Asia,Asia,2001,2000,both,Not applicable,Number,497000
LKA,Southern Asia,Asia,2002,2000,both,Not applicable,Number,493000
SDN,Northern Africa,Africa,1996,1990,both,Not applicable,Number,737000
SUR,Latin America and the Caribbean,Americas,2000,2000,both,Not applicable,Number,39748
SUR,Latin America and the Caribbean,Americas,2005,2000,both,Not applicable,Number,36264
SWZ,Sub-Saharan Africa,Africa,1996,1990,both,Not applicable,Number,24000
SWZ,Sub-Saharan Africa,Africa,2000,2000,both,Not applicable,Number,20000
SWZ,Sub-Saharan Africa,Africa,2001,2000,both,Not applicable,Number,25000
SWZ,Sub-Saharan Africa,Africa,2002,2000,both,Not applicable,Number,25000
SWZ,Sub-Saharan Africa,Africa,2003,2000,both,Not applicable,Number,25000
SWZ,Sub-Saharan Africa,Africa,2004,2000,both,Not applicable,Number,27000
SWE,Northern Europe,Europe,1996,1990,both,Not applicable,Number,3933200
SWE,Northern Europe,Europe,1997,1990,both,Not applicable,Number,3880800
SWE,Northern Europe,Europe,1998,1990,both,Not applicable,Number,3819800
SWE,Northern Europe,Europe,1999,1990,both,Not applicable,Number,3750200
SWE,Northern Europe,Europe,2000,2000,both,Not applicable,Number,3627100
SWE,Northern Europe,Europe,2001,2000,both,Not applicable,Number,4062000
SWE,Northern Europe,Europe,2002,2000,both,Not applicable,Number,4251000
SWE,Northern Europe,Europe,2003,2000,both,Not applicable,Number,4264000
SWE,Northern Europe,Europe,2004,2000,both,Not applicable,Number,4324000
CHE,Western Europe,Europe,1996,1990,both,Not applicable,Number,2382800
CHE,Western Europe,Europe,1997,1990,both,Not applicable,Number,2679500
CHE,Western Europe,Europe,1998,1990,both,Not applicable,Number,2620100
CHE,Western Europe,Europe,1999,1990,both,Not applicable,Number,2676000
CHE,Western Europe,Europe,2000,2000,both,Not applicable,Number,3311000
CHE,Western Europe,Europe,2001,2000,both,Not applicable,Number,3396000
CHE,Western Europe,Europe,2002,2000,both,Not applicable,Number,3364000
CHE,Western Europe,Europe,2003,2000,both,Not applicable,Number,3289000
CHE,Western Europe,Europe,2004,2000,both,Not applicable,Number,3105000
SYR,Western Asia,Asia,1996,1990,both,Not applicable,Number,287100
TJK,Central Asia,Asia,1996,1990,both,Not applicable,Number,120000
THA,South-eastern Asia,Asia,1996,1990,both,Not applicable,Number,3800000
THA,South-eastern Asia,Asia,1997,1990,both,Not applicable,Number,4392000
THA,South-eastern Asia,Asia,1998,1990,both,Not applicable,Number,11753000
MKD,Southern Europe,Europe,2001,2000,both,Not applicable,Number,104244
MKD,Southern Europe,Europe,2002,2000,both,Not applicable,Number,151410
MKD,Southern Europe,Europe,2003,2000,both,Not applicable,Number,141516
MKD,Southern Europe,Europe,2004,2000,both,Not applicable,Number,180191
TGO,Sub-Saharan Africa,Africa,1996,1990,both,Not applicable,Number,15000
TGO,Sub-Saharan Africa,Africa,2000,2000,both,Not applicable,Number,10000
TKL,Polynesia,Oceania,2005,2000,both,Not applicable,Number,1
TON,Polynesia,Oceania,1996,1990,both,Not applicable,Number,7000
TTO,Latin America and the Caribbean,Americas,1996,1990,both,Not applicable,Number,156400
TTO,Latin America and the Caribbean,Americas,2000,2000,both,Not applicable,Number,166000
TTO,Latin America and the Caribbean,Americas,2001,2000,both,Not applicable,Number,191000
TTO,Latin America and the Caribbean,Americas,2002,2000,both,Not applicable,Number,187000
TTO,Latin America and the Caribbean,Americas,2003,2000,both,Not applicable,Number,196000
TUN,Northern Africa,Africa,2000,2000,both,Not applicable,Number,179963
TUN,Northern Africa,Africa,2001,2000,both,Not applicable,Number,219475
TUR,Western Asia,Asia,1996,1990,both,Not applicable,Number,6845000
TKM,Central Asia,Asia,1999,1990,both,Not applicable,Number,26498
TKM,Central Asia,Asia,2000,2000,both,Not applicable,Number,31512
TKM,Central Asia,Asia,2003,2000,both,Not applicable,Number,45000
TKM,Central Asia,Asia,2004,2000,both,Not applicable,Number,45000
TCA,Latin America and the Caribbean,Americas,1996,1990,both,Not applicable,Number,0
TUV,Polynesia,Oceania,1996,1990,both,Not applicable,Number,0
UGA,Sub-Saharan Africa,Africa,1996,1990,both,Not applicable,Number,40000
UKR,Eastern Europe,Europe,2003,2000,both,Not applicable,Number,10803100
UKR,Eastern Europe,Europe,2000,2000,both,Not applicable,Number,8683100
UKR,Eastern Europe,Europe,2004,2000,both,Not applicable,Number,6191600
UKR,Eastern Europe,Europe,2001,2000,both,Not applicable,Number,8458700
UKR,Eastern Europe,Europe,2002,2000,both,Not applicable,Number,9614400
ARE,Western Asia,Asia,1996,1990,both,Not applicable,Number,384000
GBR,Northern Europe,Europe,1996,1990,both,Not applicable,Number,19332000
GBR,Northern Europe,Europe,1997,1990,both,Not applicable,Number,18447000
GBR,Northern Europe,Europe,1998,1990,both,Not applicable,Number,18921000
GBR,Northern Europe,Europe,1999,1990,both,Not applicable,Number,18839000
GBR,Northern Europe,Europe,2000,2000,both,Not applicable,Number,19259000
GBR,Northern Europe,Europe,2001,2000,both,Not applicable,Number,19197000
GBR,Northern Europe,Europe,2002,2000,both,Not applicable,Number,19186000
GBR,Northern Europe,Europe,2003,2000,both,Not applicable,Number,18070000
GBR,Northern Europe,Europe,2004,2000,both,Not applicable,Number,17375000
TZA,Sub-Saharan Africa,Africa,1996,1990,both,Not applicable,Number,120000
TZA,Sub-Saharan Africa,Africa,2000,2000,both,Not applicable,Number,20000
TZA,Sub-Saharan Africa,Africa,2001,2000,both,Not applicable,Number,30000
TZA,Sub-Saharan Africa,Africa,2002,2000,both,Not applicable,Number,40000
TZA,Sub-Saharan Africa,Africa,2003,2000,both,Not applicable,Number,50000
TZA,Sub-Saharan Africa,Africa,2004,2000,both,Not applicable,Number,60000
USA,Northern America,Americas,1996,1990,both,Not applicable,Number,56990000
USA,Northern America,Americas,1997,1990,both,Not applicable,Number,56728000
USA,Northern America,Americas,1998,1990,both,Not applicable,Number,56182000
USA,Northern America,Americas,1999,1990,both,Not applicable,Number,55979000
USA,Northern America,Americas,2000,2000,both,Not applicable,Number,56141000
USA,Northern America,Americas,2001,2000,both,Not applicable,Number,57031000
USA,Northern America,Americas,2002,2000,both,Not applicable,Number,56712000
USA,Northern America,Americas,2003,2000,both,Not applicable,Number,57497000
USA,Northern America,Americas,2004,2000,both,Not applicable,Number,57347000
VIR,Latin America and the Caribbean,Americas,1996,1990,both,Not applicable,Number,42000
URY,Latin America and the Caribbean,Americas,1996,1990,both,Not applicable,Number,950000
VUT,Melanesia,Oceania,1996,1990,both,Not applicable,Number,0
VUT,Melanesia,Oceania,2003,2000,both,Not applicable,Number,3000
VUT,Melanesia,Oceania,2004,2000,both,Not applicable,Number,3000
VEN,Latin America and the Caribbean,Americas,2004,2000,both,Not applicable,Number,2450000
VEN,Latin America and the Caribbean,Americas,1996,1990,both,Not applicable,Number,4600000
VNM,South-eastern Asia,Asia,1999,1990,both,Not applicable,Number,450000
YEM,Western Asia,Asia,1996,1990,both,Not applicable,Number,230000
YEM,Western Asia,Asia,2000,2000,both,Not applicable,Number,50000
YEM,Western Asia,Asia,2001,2000,both,Not applicable,Number,72000
YEM,Western Asia,Asia,2002,2000,both,Not applicable,Number,72000
YEM,Western Asia,Asia,2003,2000,both,Not applicable,Number,101000
YEM,Western Asia,Asia,2004,2000,both,Not applicable,Number,83300
ZMB,Sub-Saharan Africa,Africa,1996,1990,both,Not applicable,Number,114000
ZMB,Sub-Saharan Africa,Africa,2002,2000,both,Not applicable,Number,56000
ZMB,Sub-Saharan Africa,Africa,2003,2000,both,Not applicable,Number,55000
ZMB,Sub-Saharan Africa,Africa,2004,2000,both,Not applicable,Number,55000
ZWE,Sub-Saharan Africa,Africa,1996,1990,both,Not applicable,Number,209000
,,,,,,,,
