Country,Sub-region Name,Region Name,Year,Decade,Sex,Age group,Units of measurement,Value
AFG,Southern Asia,Asia,1996,1990,both,Not applicable,Number,0.632152143006301
AFG,Southern Asia,Asia,2005,2000,both,Not applicable,Number,0.757956337486362
ALB,Southern Europe,Europe,1996,1990,both,Not applicable,Number,1.60152054766878
ALB,Southern Europe,Europe,2000,2000,both,Not applicable,Number,5.19469387993634
ALB,Southern Europe,Europe,2001,2000,both,Not applicable,Number,5.18583773643369
ALB,Southern Europe,Europe,2002,2000,both,Not applicable,Number,5.81085474122165
ALB,Southern Europe,Europe,2003,2000,both,Not applicable,Number,6.09955762155776
ALB,Southern Europe,Europe,2004,2000,both,Not applicable,Number,6.69984258560325
DZA,Northern Africa,Africa,1996,1990,both,Not applicable,Number,0.173853244009391
DZA,Northern Africa,Africa,1997,1990,both,Not applicable,Number,0.616107219633393
DZA,Northern Africa,Africa,1998,1990,both,Not applicable,Number,0.809541171290715
DZA,Northern Africa,Africa,2001,2000,both,Not applicable,Number,0.452280878313959
DZA,Northern Africa,Africa,2002,2000,both,Not applicable,Number,0.477494916509536
DZA,Northern Africa,Africa,2003,2000,both,Not applicable,Number,0.501800743329986
DZA,Northern Africa,Africa,2004,2000,both,Not applicable,Number,0.525246157384079
AND,Southern Europe,Europe,1999,1990,both,Not applicable,Number,30.3163511239787
AGO,Sub-Saharan Africa,Africa,1996,1990,both,Not applicable,Number,0.395444479595065
AGO,Sub-Saharan Africa,Africa,1997,1990,both,Not applicable,Number,0.386022645014811
AGO,Sub-Saharan Africa,Africa,1998,1990,both,Not applicable,Number,0.377156420118761
AGO,Sub-Saharan Africa,Africa,2000,2000,both,Not applicable,Number,0.0717874780527733
AGO,Sub-Saharan Africa,Africa,2001,2000,both,Not applicable,Number,0.0698419177082017
AGO,Sub-Saharan Africa,Africa,2002,2000,both,Not applicable,Number,0.0678557343659709
AGO,Sub-Saharan Africa,Africa,2003,2000,both,Not applicable,Number,0.0658757188687822
AGO,Sub-Saharan Africa,Africa,2004,2000,both,Not applicable,Number,0.0639569472530427
AIA,Latin America and the Caribbean,Americas,2000,2000,both,Not applicable,Number,0.0
AIA,Latin America and the Caribbean,Americas,2001,2000,both,Not applicable,Number,0.0
AIA,Latin America and the Caribbean,Americas,2002,2000,both,Not applicable,Number,0.0
AIA,Latin America and the Caribbean,Americas,2003,2000,both,Not applicable,Number,0.0
AIA,Latin America and the Caribbean,Americas,2004,2000,both,Not applicable,Number,0.0
ATG,Latin America and the Caribbean,Americas,2001,2000,both,Not applicable,Number,26.0125380433369
ATG,Latin America and the Caribbean,Americas,2002,2000,both,Not applicable,Number,25.5359354451552
ATG,Latin America and the Caribbean,Americas,2003,2000,both,Not applicable,Number,25.0686253619283
ATG,Latin America and the Caribbean,Americas,2004,2000,both,Not applicable,Number,24.6105382324711
ARG,Latin America and the Caribbean,Americas,1996,1990,both,Not applicable,Number,5.13244442987574
ARG,Latin America and the Caribbean,Americas,1997,1990,both,Not applicable,Number,2.83003329968489
ARG,Latin America and the Caribbean,Americas,1998,1990,both,Not applicable,Number,2.76993225244298
ARG,Latin America and the Caribbean,Americas,1999,1990,both,Not applicable,Number,2.7941779740703
ARG,Latin America and the Caribbean,Americas,2000,2000,both,Not applicable,Number,2.95427284341335
ARG,Latin America and the Caribbean,Americas,2001,2000,both,Not applicable,Number,3.05839949447339
ARG,Latin America and the Caribbean,Americas,2002,2000,both,Not applicable,Number,3.26761148280118
ARG,Latin America and the Caribbean,Americas,2003,2000,both,Not applicable,Number,4.78882568048292
ARG,Latin America and the Caribbean,Americas,2004,2000,both,Not applicable,Number,4.79522199910251
ARM,Western Asia,Asia,1996,1990,both,Not applicable,Number,3.4612876997163
ARM,Western Asia,Asia,1997,1990,both,Not applicable,Number,2.54533155966146
ARM,Western Asia,Asia,1998,1990,both,Not applicable,Number,2.24437239652802
ARM,Western Asia,Asia,1999,1990,both,Not applicable,Number,2.25807107181924
ARM,Western Asia,Asia,2000,2000,both,Not applicable,Number,1.94678780012979
ARM,Western Asia,Asia,2001,2000,both,Not applicable,Number,1.95770380920219
ARM,Western Asia,Asia,2002,2000,both,Not applicable,Number,1.96711250178679
ARM,Western Asia,Asia,2003,2000,both,Not applicable,Number,2.30443570953575
ARM,Western Asia,Asia,2004,2000,both,Not applicable,Number,1.65186594777461
ABW,Latin America and the Caribbean,Americas,1996,1990,both,Not applicable,Number,150.01500150015
ABW,Latin America and the Caribbean,Americas,2000,2000,both,Not applicable,Number,87.8493383846703
ABW,Latin America and the Caribbean,Americas,2001,2000,both,Not applicable,Number,86.3576502083378
ABW,Latin America and the Caribbean,Americas,2002,2000,both,Not applicable,Number,85.1408016006471
ABW,Latin America and the Caribbean,Americas,2003,2000,both,Not applicable,Number,83.2431532506451
ABW,Latin America and the Caribbean,Americas,2004,2000,both,Not applicable,Number,90.8081929169609
AUS,Australia and New Zealand,Oceania,1999,1990,both,Not applicable,Number,2.53698166095238
AUS,Australia and New Zealand,Oceania,2000,2000,both,Not applicable,Number,2.56025280667714
AUS,Australia and New Zealand,Oceania,2001,2000,both,Not applicable,Number,2.633298472248
AUS,Australia and New Zealand,Oceania,2002,2000,both,Not applicable,Number,2.55051603060538
AUS,Australia and New Zealand,Oceania,2003,2000,both,Not applicable,Number,2.46927354425868
AUS,Australia and New Zealand,Oceania,2004,2000,both,Not applicable,Number,2.44013052606774
AUS,Australia and New Zealand,Oceania,1996,1990,both,Not applicable,Number,3.5536390931791
AUS,Australia and New Zealand,Oceania,1997,1990,both,Not applicable,Number,2.64835332146475
AUS,Australia and New Zealand,Oceania,1998,1990,both,Not applicable,Number,2.56554760330819
AUT,Western Europe,Europe,1996,1990,both,Not applicable,Number,2.10507024743243
AUT,Western Europe,Europe,1997,1990,both,Not applicable,Number,2.10175849187701
AUT,Western Europe,Europe,1998,1990,both,Not applicable,Number,2.10084293233185
AUT,Western Europe,Europe,1999,1990,both,Not applicable,Number,2.09952644563511
AUT,Western Europe,Europe,2000,2000,both,Not applicable,Number,1.97253053970408
AUT,Western Europe,Europe,2001,2000,both,Not applicable,Number,1.84338864973993
AUT,Western Europe,Europe,2002,2000,both,Not applicable,Number,1.83559347918878
AUT,Western Europe,Europe,2003,2000,both,Not applicable,Number,1.94834783756527
AUT,Western Europe,Europe,2004,2000,both,Not applicable,Number,2.05976193271582
AZE,Western Asia,Asia,1996,1990,both,Not applicable,Number,0.761254771164278
AZE,Western Asia,Asia,1998,1990,both,Not applicable,Number,1.74353974934374
AZE,Western Asia,Asia,1999,1990,both,Not applicable,Number,1.85418423248701
AZE,Western Asia,Asia,2001,2000,both,Not applicable,Number,2.6864441053555
AZE,Western Asia,Asia,2002,2000,both,Not applicable,Number,2.67348648765244
AZE,Western Asia,Asia,2003,2000,both,Not applicable,Number,2.90340937685092
BHS,Latin America and the Caribbean,Americas,2000,2000,both,Not applicable,Number,13.1947880587168
BHS,Latin America and the Caribbean,Americas,2001,2000,both,Not applicable,Number,13.0151984980461
BHS,Latin America and the Caribbean,Americas,2002,2000,both,Not applicable,Number,12.8453801590258
BHS,Latin America and the Caribbean,Americas,2003,2000,both,Not applicable,Number,12.6830320056313
BHS,Latin America and the Caribbean,Americas,2004,2000,both,Not applicable,Number,12.5261875608694
BHS,Latin America and the Caribbean,Americas,1996,1990,both,Not applicable,Number,10.5185652676975
BHR,Western Asia,Asia,1996,1990,both,Not applicable,Number,6.74541943861247
BHR,Western Asia,Asia,2001,2000,both,Not applicable,Number,9.02410338012832
BHR,Western Asia,Asia,2002,2000,both,Not applicable,Number,8.82364619531729
BHR,Western Asia,Asia,2003,2000,both,Not applicable,Number,8.63070921414516
BHR,Western Asia,Asia,2004,2000,both,Not applicable,Number,8.44839579044599
BGD,Southern Asia,Asia,1996,1990,both,Not applicable,Number,0.286997906567459
BGD,Southern Asia,Asia,2001,2000,both,Not applicable,Number,0.140679999285346
BGD,Southern Asia,Asia,2002,2000,both,Not applicable,Number,0.137985110371703
BGD,Southern Asia,Asia,2003,2000,both,Not applicable,Number,0.135371830035929
BGD,Southern Asia,Asia,2004,2000,both,Not applicable,Number,0.132865420296904
BRB,Latin America and the Caribbean,Americas,1996,1990,both,Not applicable,Number,7.10807833102321
BRB,Latin America and the Caribbean,Americas,2000,2000,both,Not applicable,Number,6.98233817558486
BRB,Latin America and the Caribbean,Americas,2001,2000,both,Not applicable,Number,6.95412710058102
BRB,Latin America and the Caribbean,Americas,2002,2000,both,Not applicable,Number,6.92688671076785
BRB,Latin America and the Caribbean,Americas,2003,2000,both,Not applicable,Number,6.90043024182558
BRB,Latin America and the Caribbean,Americas,2004,2000,both,Not applicable,Number,6.8751912162557
BLR,Eastern Europe,Europe,1996,1990,both,Not applicable,Number,0.781496430856957
BLR,Eastern Europe,Europe,1997,1990,both,Not applicable,Number,1.86312667368837
BLR,Eastern Europe,Europe,1998,1990,both,Not applicable,Number,1.97001363446436
BLR,Eastern Europe,Europe,2000,2000,both,Not applicable,Number,0.994808492401553
BLR,Eastern Europe,Europe,2001,2000,both,Not applicable,Number,1.39980304771119
BLR,Eastern Europe,Europe,2002,2000,both,Not applicable,Number,1.50746072461828
BLR,Eastern Europe,Europe,2003,2000,both,Not applicable,Number,2.12132718714136
BLR,Eastern Europe,Europe,2004,2000,both,Not applicable,Number,1.32008898212102
BEL,Western Europe,Europe,1996,1990,both,Not applicable,Number,2.96839461204715
BEL,Western Europe,Europe,1997,1990,both,Not applicable,Number,2.96290941111879
BEL,Western Europe,Europe,1998,1990,both,Not applicable,Number,2.85904644688552
BEL,Western Europe,Europe,1999,1990,both,Not applicable,Number,2.75457106311293
BEL,Western Europe,Europe,2000,2000,both,Not applicable,Number,2.84506353026863
BEL,Western Europe,Europe,2001,2000,both,Not applicable,Number,2.73731467279851
BEL,Western Europe,Europe,2002,2000,both,Not applicable,Number,2.82344758332846
BEL,Western Europe,Europe,2003,2000,both,Not applicable,Number,2.81110117424543
BEL,Western Europe,Europe,2004,2000,both,Not applicable,Number,2.79931534538339
BLZ,Latin America and the Caribbean,Americas,1996,1990,both,Not applicable,Number,0.0
BEN,Sub-Saharan Africa,Africa,1996,1990,both,Not applicable,Number,0.156007870909103
BEN,Sub-Saharan Africa,Africa,1999,1990,both,Not applicable,Number,1.85475155246272
BEN,Sub-Saharan Africa,Africa,2000,2000,both,Not applicable,Number,2.49058455264743
BEN,Sub-Saharan Africa,Africa,2001,2000,both,Not applicable,Number,3.21712885190859
BEN,Sub-Saharan Africa,Africa,2002,2000,both,Not applicable,Number,3.50391971819142
BEN,Sub-Saharan Africa,Africa,2003,2000,both,Not applicable,Number,3.89369264496532
BEN,Sub-Saharan Africa,Africa,2004,2000,both,Not applicable,Number,4.13419298607409
BMU,Northern America,Americas,2000,2000,both,Not applicable,Number,16.0950250277639
BMU,Northern America,Americas,2001,2000,both,Not applicable,Number,16.0115283003763
BMU,Northern America,Americas,2002,2000,both,Not applicable,Number,15.9352391879402
BMU,Northern America,Americas,2003,2000,both,Not applicable,Number,15.8624409124076
BMU,Northern America,Americas,2004,2000,both,Not applicable,Number,15.7927984838913
BTN,Southern Asia,Asia,1996,1990,both,Not applicable,Number,0.0
BOL,Latin America and the Caribbean,Americas,1996,1990,both,Not applicable,Number,2.35367250713065
BOL,Latin America and the Caribbean,Americas,1998,1990,both,Not applicable,Number,3.63428696605589
BOL,Latin America and the Caribbean,Americas,2000,2000,both,Not applicable,Number,2.04409276429638
BOL,Latin America and the Caribbean,Americas,2001,2000,both,Not applicable,Number,2.00277112838128
BOL,Latin America and the Caribbean,Americas,2002,2000,both,Not applicable,Number,2.19365721335106
BOL,Latin America and the Caribbean,Americas,2003,2000,both,Not applicable,Number,2.15047702673688
BOL,Latin America and the Caribbean,Americas,2004,2000,both,Not applicable,Number,2.10899227687028
BIH,Southern Europe,Europe,1996,1990,both,Not applicable,Number,0.881929096428364
BIH,Southern Europe,Europe,2001,2000,both,Not applicable,Number,1.8199322621212
BIH,Southern Europe,Europe,2002,2000,both,Not applicable,Number,1.80376481792798
BIH,Southern Europe,Europe,2003,2000,both,Not applicable,Number,1.79642685565762
BIH,Southern Europe,Europe,2004,2000,both,Not applicable,Number,1.79242444610884
BWA,Sub-Saharan Africa,Africa,1996,1990,both,Not applicable,Number,0.623917892405359
BWA,Sub-Saharan Africa,Africa,1997,1990,both,Not applicable,Number,0.610584854809027
BWA,Sub-Saharan Africa,Africa,1998,1990,both,Not applicable,Number,0.59852750263801
BWA,Sub-Saharan Africa,Africa,2000,2000,both,Not applicable,Number,0.578411819961223
BWA,Sub-Saharan Africa,Africa,2001,2000,both,Not applicable,Number,0.570317918020221
BWA,Sub-Saharan Africa,Africa,2002,2000,both,Not applicable,Number,0.563332676111878
BWA,Sub-Saharan Africa,Africa,2003,2000,both,Not applicable,Number,0.557039446748422
BWA,Sub-Saharan Africa,Africa,2004,2000,both,Not applicable,Number,1.10186887980704
BRA,Latin America and the Caribbean,Americas,1997,1990,both,Not applicable,Number,2.40145109603639
BRA,Latin America and the Caribbean,Americas,1998,1990,both,Not applicable,Number,2.20005650833313
BRA,Latin America and the Caribbean,Americas,1999,1990,both,Not applicable,Number,2.70944767623608
BRA,Latin America and the Caribbean,Americas,2000,2000,both,Not applicable,Number,2.66994944511015
BRA,Latin America and the Caribbean,Americas,2001,2000,both,Not applicable,Number,2.7786930990291
BRA,Latin America and the Caribbean,Americas,2002,2000,both,Not applicable,Number,2.91777625615777
BRA,Latin America and the Caribbean,Americas,2003,2000,both,Not applicable,Number,2.90999523899475
BRA,Latin America and the Caribbean,Americas,2004,2000,both,Not applicable,Number,2.8863208482107
BRA,Latin America and the Caribbean,Americas,1996,1990,both,Not applicable,Number,2.31604044264945
VGB,Latin America and the Caribbean,Americas,2001,2000,both,Not applicable,Number,48.4331864193345
VGB,Latin America and the Caribbean,Americas,2002,2000,both,Not applicable,Number,47.6508148289336
VGB,Latin America and the Caribbean,Americas,2003,2000,both,Not applicable,Number,46.5397682319542
VGB,Latin America and the Caribbean,Americas,2004,2000,both,Not applicable,Number,46.0914454277286
BRN,South-eastern Asia,Asia,1996,1990,both,Not applicable,Number,3.30426679971848
BRN,South-eastern Asia,Asia,2001,2000,both,Not applicable,Number,5.85795627621435
BRN,South-eastern Asia,Asia,2002,2000,both,Not applicable,Number,5.72324668337855
BRN,South-eastern Asia,Asia,2003,2000,both,Not applicable,Number,5.59340425769932
BRN,South-eastern Asia,Asia,2004,2000,both,Not applicable,Number,5.4690084961047
BGR,Eastern Europe,Europe,1996,1990,both,Not applicable,Number,2.05509988752559
BGR,Eastern Europe,Europe,1997,1990,both,Not applicable,Number,4.02646927694129
BGR,Eastern Europe,Europe,1998,1990,both,Not applicable,Number,4.06066435668187
BGR,Eastern Europe,Europe,1999,1990,both,Not applicable,Number,4.46489088860879
BGR,Eastern Europe,Europe,2000,2000,both,Not applicable,Number,7.24771787483416
BGR,Eastern Europe,Europe,2001,2000,both,Not applicable,Number,7.55102985979248
BGR,Eastern Europe,Europe,2002,2000,both,Not applicable,Number,7.47438029469581
BGR,Eastern Europe,Europe,2003,2000,both,Not applicable,Number,7.90415472969321
BGR,Eastern Europe,Europe,2004,2000,both,Not applicable,Number,7.44082077897953
BFA,Sub-Saharan Africa,Africa,1996,1990,both,Not applicable,Number,0.378404063832603
BFA,Sub-Saharan Africa,Africa,1997,1990,both,Not applicable,Number,0.367782374342325
BFA,Sub-Saharan Africa,Africa,1998,1990,both,Not applicable,Number,0.357393383522682
BFA,Sub-Saharan Africa,Africa,2001,2000,both,Not applicable,Number,0.407765485913741
BFA,Sub-Saharan Africa,Africa,2002,2000,both,Not applicable,Number,0.394819993273847
BFA,Sub-Saharan Africa,Africa,2003,2000,both,Not applicable,Number,0.382207185342202
BFA,Sub-Saharan Africa,Africa,2004,2000,both,Not applicable,Number,0.370175657974276
BDI,Sub-Saharan Africa,Africa,1996,1990,both,Not applicable,Number,0.158359371573004
BDI,Sub-Saharan Africa,Africa,1997,1990,both,Not applicable,Number,0.15678554512531
BDI,Sub-Saharan Africa,Africa,1998,1990,both,Not applicable,Number,0.155119878969266
BDI,Sub-Saharan Africa,Africa,2001,2000,both,Not applicable,Number,0.146215739276282
BDI,Sub-Saharan Africa,Africa,2002,2000,both,Not applicable,Number,0.141861518190619
BDI,Sub-Saharan Africa,Africa,2003,2000,both,Not applicable,Number,0.137102989160501
BDI,Sub-Saharan Africa,Africa,2004,2000,both,Not applicable,Number,0.132173973728572
KHM,South-eastern Asia,Asia,1996,1990,both,Not applicable,Number,0.170941529706176
CMR,Sub-Saharan Africa,Africa,1996,1990,both,Not applicable,Number,0.138719371889782
CMR,Sub-Saharan Africa,Africa,1997,1990,both,Not applicable,Number,0.1353765169531
CMR,Sub-Saharan Africa,Africa,1998,1990,both,Not applicable,Number,0.132189104445255
CMR,Sub-Saharan Africa,Africa,2000,2000,both,Not applicable,Number,0.630486095953175
CMR,Sub-Saharan Africa,Africa,2001,2000,both,Not applicable,Number,0.738911342215212
CMR,Sub-Saharan Africa,Africa,2002,2000,both,Not applicable,Number,0.601417806393504
CMR,Sub-Saharan Africa,Africa,2003,2000,both,Not applicable,Number,0.587581730415269
CMR,Sub-Saharan Africa,Africa,2004,2000,both,Not applicable,Number,0.574401245577613
CAN,Northern America,Americas,1998,1990,both,Not applicable,Number,3.48520507212184
CAN,Northern America,Americas,1999,1990,both,Not applicable,Number,3.4866215535116
CAN,Northern America,Americas,2000,2000,both,Not applicable,Number,3.48658719680866
CAN,Northern America,Americas,2001,2000,both,Not applicable,Number,3.45251233837564
CAN,Northern America,Americas,2002,2000,both,Not applicable,Number,3.32181005941185
CAN,Northern America,Americas,2003,2000,both,Not applicable,Number,3.31940594899508
CAN,Northern America,Americas,2004,2000,both,Not applicable,Number,3.22327870658275
CAN,Northern America,Americas,1996,1990,both,Not applicable,Number,3.61658420854671
CAN,Northern America,Americas,1997,1990,both,Not applicable,Number,3.51657655578789
CPV,Sub-Saharan Africa,Africa,1996,1990,both,Not applicable,Number,0.0
CYM,Latin America and the Caribbean,Americas,2000,2000,both,Not applicable,Number,49.0172050389687
CYM,Latin America and the Caribbean,Americas,2001,2000,both,Not applicable,Number,47.7304185957711
CYM,Latin America and the Caribbean,Americas,2002,2000,both,Not applicable,Number,46.504057479015
CYM,Latin America and the Caribbean,Americas,2003,2000,both,Not applicable,Number,45.3031916098489
CYM,Latin America and the Caribbean,Americas,2004,2000,both,Not applicable,Number,45.2079566003617
CAF,Sub-Saharan Africa,Africa,1996,1990,both,Not applicable,Number,0.847850656194015
CAF,Sub-Saharan Africa,Africa,1997,1990,both,Not applicable,Number,0.827564062423709
CAF,Sub-Saharan Africa,Africa,1998,1990,both,Not applicable,Number,0.808845970922527
TCD,Sub-Saharan Africa,Africa,1996,1990,both,Not applicable,Number,0.135368462803115
TCD,Sub-Saharan Africa,Africa,1997,1990,both,Not applicable,Number,0.262006411034872
TCD,Sub-Saharan Africa,Africa,1998,1990,both,Not applicable,Number,0.253394183412538
CHL,Latin America and the Caribbean,Americas,1996,1990,both,Not applicable,Number,3.55751370840018
CHL,Latin America and the Caribbean,Americas,1999,1990,both,Not applicable,Number,3.35027917679305
CHL,Latin America and the Caribbean,Americas,2000,2000,both,Not applicable,Number,3.43891672825356
CHL,Latin America and the Caribbean,Americas,2001,2000,both,Not applicable,Number,3.26999859005355
CHL,Latin America and the Caribbean,Americas,2002,2000,both,Not applicable,Number,2.97927067834127
CHL,Latin America and the Caribbean,Americas,2003,2000,both,Not applicable,Number,3.38536153372927
CHL,Latin America and the Caribbean,Americas,2004,2000,both,Not applicable,Number,3.65918409001642
CHN,Eastern Asia,Asia,1996,1990,both,Not applicable,Number,0.0318190795723734
CHN,Eastern Asia,Asia,1997,1990,both,Not applicable,Number,0.560839302448796
CHN,Eastern Asia,Asia,1998,1990,both,Not applicable,Number,0.592544122839227
CHN,Eastern Asia,Asia,1999,1990,both,Not applicable,Number,0.639020528639266
CHN,Eastern Asia,Asia,2000,2000,both,Not applicable,Number,0.715769611104441
CHN,Eastern Asia,Asia,2001,2000,both,Not applicable,Number,0.762025034055798
CHN,Eastern Asia,Asia,2002,2000,both,Not applicable,Number,0.781589063736339
CHN,Eastern Asia,Asia,2003,2000,both,Not applicable,Number,0.798094804122605
CHN,Eastern Asia,Asia,2004,2000,both,Not applicable,Number,0.737940463156539
COL,Latin America and the Caribbean,Americas,1996,1990,both,Not applicable,Number,0.950063604190561
COL,Latin America and the Caribbean,Americas,1997,1990,both,Not applicable,Number,0.630792233918148
COL,Latin America and the Caribbean,Americas,1998,1990,both,Not applicable,Number,0.570434244308554
COL,Latin America and the Caribbean,Americas,1999,1990,both,Not applicable,Number,0.585304924843433
COL,Latin America and the Caribbean,Americas,2000,2000,both,Not applicable,Number,0.575779904676758
COL,Latin America and the Caribbean,Americas,2001,2000,both,Not applicable,Number,0.543035594472162
COL,Latin America and the Caribbean,Americas,2002,2000,both,Not applicable,Number,0.534643641068247
COL,Latin America and the Caribbean,Americas,2003,2000,both,Not applicable,Number,0.52662256820867
COL,Latin America and the Caribbean,Americas,2004,2000,both,Not applicable,Number,0.518984170170487
COM,Sub-Saharan Africa,Africa,2001,2000,both,Not applicable,Number,2.78424728570693
COM,Sub-Saharan Africa,Africa,2002,2000,both,Not applicable,Number,2.71057435715341
COM,Sub-Saharan Africa,Africa,2003,2000,both,Not applicable,Number,2.63988764638177
COM,Sub-Saharan Africa,Africa,2004,2000,both,Not applicable,Number,1.28596854006564
COG,Sub-Saharan Africa,Africa,1996,1990,both,Not applicable,Number,2.08837007588441
COG,Sub-Saharan Africa,Africa,1997,1990,both,Not applicable,Number,2.03073242764923
COG,Sub-Saharan Africa,Africa,1998,1990,both,Not applicable,Number,1.97548489099768
COK,Polynesia,Oceania,2001,2000,both,Not applicable,Number,51.0568773613806
COK,Polynesia,Oceania,2002,2000,both,Not applicable,Number,50.8026823816298
COK,Polynesia,Oceania,2003,2000,both,Not applicable,Number,50.5484506899864
COK,Polynesia,Oceania,2004,2000,both,Not applicable,Number,50.2967508298964
CRI,Latin America and the Caribbean,Americas,1996,1990,both,Not applicable,Number,1.6837761711435
CRI,Latin America and the Caribbean,Americas,1997,1990,both,Not applicable,Number,1.64158866384532
CRI,Latin America and the Caribbean,Americas,1998,1990,both,Not applicable,Number,1.60089564775173
CRI,Latin America and the Caribbean,Americas,1999,1990,both,Not applicable,Number,1.56259440674541
CRI,Latin America and the Caribbean,Americas,2000,2000,both,Not applicable,Number,1.52718503908448
CRI,Latin America and the Caribbean,Americas,2001,2000,both,Not applicable,Number,1.4946070839892
CRI,Latin America and the Caribbean,Americas,2002,2000,both,Not applicable,Number,1.46450694200699
CRI,Latin America and the Caribbean,Americas,2003,2000,both,Not applicable,Number,1.67609590333428
CRI,Latin America and the Caribbean,Americas,2004,2000,both,Not applicable,Number,1.64588269511881
CIV,Sub-Saharan Africa,Africa,1996,1990,both,Not applicable,Number,0.778121152555645
CIV,Sub-Saharan Africa,Africa,1997,1990,both,Not applicable,Number,0.756823234473298
CIV,Sub-Saharan Africa,Africa,1998,1990,both,Not applicable,Number,0.737150725700318
CIV,Sub-Saharan Africa,Africa,2001,2000,both,Not applicable,Number,1.1504283418606
CIV,Sub-Saharan Africa,Africa,2002,2000,both,Not applicable,Number,1.13048945897714
CIV,Sub-Saharan Africa,Africa,2003,2000,both,Not applicable,Number,1.11221325265487
CIV,Sub-Saharan Africa,Africa,2004,2000,both,Not applicable,Number,1.14908691365104
HRV,Southern Europe,Europe,1996,1990,both,Not applicable,Number,2.14884905495767
HRV,Southern Europe,Europe,1997,1990,both,Not applicable,Number,2.3819438264022
HRV,Southern Europe,Europe,1998,1990,both,Not applicable,Number,2.18700273025421
HRV,Southern Europe,Europe,1999,1990,both,Not applicable,Number,2.42745817103385
HRV,Southern Europe,Europe,2000,2000,both,Not applicable,Number,3.10727328335358
HRV,Southern Europe,Europe,2001,2000,both,Not applicable,Number,3.11236228074797
HRV,Southern Europe,Europe,2002,2000,both,Not applicable,Number,2.88524002200772
HRV,Southern Europe,Europe,2003,2000,both,Not applicable,Number,2.65341140259327
HRV,Southern Europe,Europe,2004,2000,both,Not applicable,Number,2.86351181088487
CUB,Latin America and the Caribbean,Americas,1996,1990,both,Not applicable,Number,1.54828057977097
CUB,Latin America and the Caribbean,Americas,1999,1990,both,Not applicable,Number,0.18006527906562
CUB,Latin America and the Caribbean,Americas,2000,2000,both,Not applicable,Number,0.179499940091895
CUB,Latin America and the Caribbean,Americas,2001,2000,both,Not applicable,Number,0.17898900032048
CUB,Latin America and the Caribbean,Americas,2002,2000,both,Not applicable,Number,0.178530015983792
CUB,Latin America and the Caribbean,Americas,2003,2000,both,Not applicable,Number,0.178137123901317
CUB,Latin America and the Caribbean,Americas,2004,2000,both,Not applicable,Number,0.177830431392619
CYP,Western Asia,Asia,1996,1990,both,Not applicable,Number,13.507165551325
CYP,Western Asia,Asia,1997,1990,both,Not applicable,Number,11.8480780195938
CYP,Western Asia,Asia,1998,1990,both,Not applicable,Number,10.2509731102331
CYP,Western Asia,Asia,1999,1990,both,Not applicable,Number,11.5858577227707
CYP,Western Asia,Asia,2000,2000,both,Not applicable,Number,11.4687283617352
CYP,Western Asia,Asia,2001,2000,both,Not applicable,Number,11.3388487383405
CYP,Western Asia,Asia,2002,2000,both,Not applicable,Number,9.78832057588885
CYP,Western Asia,Asia,2003,2000,both,Not applicable,Number,9.58422272638276
CYP,Western Asia,Asia,2004,2000,both,Not applicable,Number,10.6784129208796
CZE,Eastern Europe,Europe,1996,1990,both,Not applicable,Number,2.03941133265916
CZE,Eastern Europe,Europe,1997,1990,both,Not applicable,Number,9.63166189948047
CZE,Eastern Europe,Europe,1998,1990,both,Not applicable,Number,10.0417943380074
CZE,Eastern Europe,Europe,1999,1990,both,Not applicable,Number,10.159473450121
CZE,Eastern Europe,Europe,2000,2000,both,Not applicable,Number,7.43609362433246
CZE,Eastern Europe,Europe,2001,2000,both,Not applicable,Number,6.5628296413825
CZE,Eastern Europe,Europe,2002,2000,both,Not applicable,Number,7.25372358627623
CZE,Eastern Europe,Europe,2003,2000,both,Not applicable,Number,6.47225071537983
CZE,Eastern Europe,Europe,2004,2000,both,Not applicable,Number,7.94545221443186
PRK,Eastern Asia,Asia,1996,1990,both,Not applicable,Number,0.13636258265277
PRK,Eastern Asia,Asia,2004,2000,both,Not applicable,Number,0.637923831809425
COD,Sub-Saharan Africa,Africa,1996,1990,both,Not applicable,Number,0.193512543579831
COD,Sub-Saharan Africa,Africa,1997,1990,both,Not applicable,Number,0.189344563177044
COD,Sub-Saharan Africa,Africa,1998,1990,both,Not applicable,Number,0.185587604793588
COD,Sub-Saharan Africa,Africa,2000,2000,both,Not applicable,Number,0.236739052130768
COD,Sub-Saharan Africa,Africa,2001,2000,both,Not applicable,Number,0.230609715368229
COD,Sub-Saharan Africa,Africa,2002,2000,both,Not applicable,Number,0.224145079845521
COD,Sub-Saharan Africa,Africa,2003,2000,both,Not applicable,Number,0.217489970721863
COD,Sub-Saharan Africa,Africa,2004,2000,both,Not applicable,Number,0.210829773809345
DNK,Northern Europe,Europe,1996,1990,both,Not applicable,Number,7.04850514540876
DNK,Northern Europe,Europe,1997,1990,both,Not applicable,Number,7.20868380815795
DNK,Northern Europe,Europe,1998,1990,both,Not applicable,Number,6.80075102960537
DNK,Northern Europe,Europe,1999,1990,both,Not applicable,Number,6.20881369325638
DNK,Northern Europe,Europe,2000,2000,both,Not applicable,Number,6.18512066139557
DNK,Northern Europe,Europe,2001,2000,both,Not applicable,Number,5.97648254120038
DNK,Northern Europe,Europe,2002,2000,both,Not applicable,Number,6.14318536447519
DNK,Northern Europe,Europe,2003,2000,both,Not applicable,Number,6.49601330383525
DNK,Northern Europe,Europe,2004,2000,both,Not applicable,Number,6.47799056434403
DOM,Latin America and the Caribbean,Americas,1996,1990,both,Not applicable,Number,1.47073891393775
DOM,Latin America and the Caribbean,Americas,1997,1990,both,Not applicable,Number,1.20404636638071
DOM,Latin America and the Caribbean,Americas,1998,1990,both,Not applicable,Number,1.18319951346836
DOM,Latin America and the Caribbean,Americas,1999,1990,both,Not applicable,Number,1.16306996970784
DOM,Latin America and the Caribbean,Americas,2000,2000,both,Not applicable,Number,1.0292792197789
DOM,Latin America and the Caribbean,Americas,2001,2000,both,Not applicable,Number,1.23739697123468
DOM,Latin America and the Caribbean,Americas,2002,2000,both,Not applicable,Number,1.43887503879428
DOM,Latin America and the Caribbean,Americas,2003,2000,both,Not applicable,Number,1.30722414547575
DOM,Latin America and the Caribbean,Americas,2004,2000,both,Not applicable,Number,1.17967134570794
ECU,Latin America and the Caribbean,Americas,1996,1990,both,Not applicable,Number,2.50080004042673
ECU,Latin America and the Caribbean,Americas,1999,1990,both,Not applicable,Number,2.96560051680532
ECU,Latin America and the Caribbean,Americas,2000,2000,both,Not applicable,Number,2.92551064788359
EGY,Northern Africa,Africa,1996,1990,both,Not applicable,Number,0.275154267263134
EGY,Northern Africa,Africa,1997,1990,both,Not applicable,Number,0.222431470214504
EGY,Northern Africa,Africa,1998,1990,both,Not applicable,Number,0.233939415773739
EGY,Northern Africa,Africa,1999,1990,both,Not applicable,Number,0.244963541922953
SLV,Latin America and the Caribbean,Americas,1996,1990,both,Not applicable,Number,0.870156924099692
SLV,Latin America and the Caribbean,Americas,1997,1990,both,Not applicable,Number,0.682403808359174
SLV,Latin America and the Caribbean,Americas,1998,1990,both,Not applicable,Number,0.669293644220231
SLV,Latin America and the Caribbean,Americas,2001,2000,both,Not applicable,Number,0.794086154536154
SLV,Latin America and the Caribbean,Americas,2002,2000,both,Not applicable,Number,0.782175411283475
SLV,Latin America and the Caribbean,Americas,2003,2000,both,Not applicable,Number,0.771047356803398
SLV,Latin America and the Caribbean,Americas,2004,2000,both,Not applicable,Number,0.760339707615928
GNQ,Sub-Saharan Africa,Africa,1997,1990,both,Not applicable,Number,2.49489170922536
GNQ,Sub-Saharan Africa,Africa,1996,1990,both,Not applicable,Number,2.5555382346853
GNQ,Sub-Saharan Africa,Africa,1998,1990,both,Not applicable,Number,2.43572724726285
EST,Northern Europe,Europe,1996,1990,both,Not applicable,Number,10.5815626851773
EST,Northern Europe,Europe,1997,1990,both,Not applicable,Number,12.1320422937267
EST,Northern Europe,Europe,1998,1990,both,Not applicable,Number,11.5207953957141
EST,Northern Europe,Europe,1999,1990,both,Not applicable,Number,12.3301700402979
EST,Northern Europe,Europe,2000,2000,both,Not applicable,Number,11.6793947737628
EST,Northern Europe,Europe,2001,2000,both,Not applicable,Number,10.2752519822062
EST,Northern Europe,Europe,2002,2000,both,Not applicable,Number,9.58121256878205
EST,Northern Europe,Europe,2003,2000,both,Not applicable,Number,10.3524567858875
EST,Northern Europe,Europe,2004,2000,both,Not applicable,Number,9.64144933232963
ETH,Sub-Saharan Africa,Africa,1996,1990,both,Not applicable,Number,0.0643889307765712
ETH,Sub-Saharan Africa,Africa,1997,1990,both,Not applicable,Number,0.0312823249061409
ETH,Sub-Saharan Africa,Africa,1998,1990,both,Not applicable,Number,0.0304238600461061
ETH,Sub-Saharan Africa,Africa,2000,2000,both,Not applicable,Number,0.0576464923111037
ETH,Sub-Saharan Africa,Africa,2001,2000,both,Not applicable,Number,0.0421054014408974
ETH,Sub-Saharan Africa,Africa,2002,2000,both,Not applicable,Number,0.0410208066008713
ETH,Sub-Saharan Africa,Africa,2003,2000,both,Not applicable,Number,0.0399752627743917
ETH,Sub-Saharan Africa,Africa,2004,2000,both,Not applicable,Number,0.0389633666426826
FJI,Melanesia,Oceania,1996,1990,both,Not applicable,Number,1.28873950966039
FJI,Melanesia,Oceania,2000,2000,both,Not applicable,Number,3.74213683497551
FJI,Melanesia,Oceania,2001,2000,both,Not applicable,Number,3.71594798168285
FJI,Melanesia,Oceania,2002,2000,both,Not applicable,Number,3.69159890531787
FJI,Melanesia,Oceania,2003,2000,both,Not applicable,Number,3.66841446235718
FJI,Melanesia,Oceania,2004,2000,both,Not applicable,Number,3.64569218934753
FIN,Northern Europe,Europe,1996,1990,both,Not applicable,Number,10.9258166316293
FIN,Northern Europe,Europe,1997,1990,both,Not applicable,Number,10.8952023560097
FIN,Northern Europe,Europe,1998,1990,both,Not applicable,Number,10.8694280836907
FIN,Northern Europe,Europe,1999,1990,both,Not applicable,Number,10.8450207798345
FIN,Northern Europe,Europe,2000,2000,both,Not applicable,Number,10.6262308314871
FIN,Northern Europe,Europe,2001,2000,both,Not applicable,Number,10.4067758131884
FIN,Northern Europe,Europe,2002,2000,both,Not applicable,Number,10.1873864010309
FIN,Northern Europe,Europe,2003,2000,both,Not applicable,Number,10.1598099770484
FIN,Northern Europe,Europe,2004,2000,both,Not applicable,Number,10.1315844306986
FRA,Western Europe,Europe,1996,1990,both,Not applicable,Number,2.00304555372422
FRA,Western Europe,Europe,1997,1990,both,Not applicable,Number,1.4338117422593
FRA,Western Europe,Europe,1998,1990,both,Not applicable,Number,1.56594595876241
FRA,Western Europe,Europe,1999,1990,both,Not applicable,Number,1.57780157374001
FRA,Western Europe,Europe,2000,2000,both,Not applicable,Number,1.53750503617378
FRA,Western Europe,Europe,2001,2000,both,Not applicable,Number,1.58003861244573
FRA,Western Europe,Europe,2002,2000,both,Not applicable,Number,1.62075596903955
FRA,Western Europe,Europe,2003,2000,both,Not applicable,Number,1.62693819180462
FRA,Western Europe,Europe,2004,2000,both,Not applicable,Number,1.66600969251449
FRA,Western Europe,Europe,2005,2000,both,Not applicable,Number,1.68878637973782
GUF,Latin America and the Caribbean,Americas,1996,1990,both,Not applicable,Number,6.96199447217639
PYF,Polynesia,Oceania,1996,1990,both,Not applicable,Number,18.1922373723132
PYF,Polynesia,Oceania,2000,2000,both,Not applicable,Number,8.47012586607037
PYF,Polynesia,Oceania,2001,2000,both,Not applicable,Number,8.32861378552154
PYF,Polynesia,Oceania,2002,2000,both,Not applicable,Number,8.19275923938423
PYF,Polynesia,Oceania,2003,2000,both,Not applicable,Number,8.06295555698897
PYF,Polynesia,Oceania,2004,2000,both,Not applicable,Number,7.93978467303967
GAB,Sub-Saharan Africa,Africa,1996,1990,both,Not applicable,Number,1.84744535256647
GAB,Sub-Saharan Africa,Africa,1997,1990,both,Not applicable,Number,1.80413091856424
GAB,Sub-Saharan Africa,Africa,1998,1990,both,Not applicable,Number,1.76384885931894
GAB,Sub-Saharan Africa,Africa,2001,2000,both,Not applicable,Number,0.829666208690919
GAB,Sub-Saharan Africa,Africa,2002,2000,both,Not applicable,Number,0.814624796038317
GAB,Sub-Saharan Africa,Africa,2003,2000,both,Not applicable,Number,0.800554624243676
GAB,Sub-Saharan Africa,Africa,2004,2000,both,Not applicable,Number,0.787317883532065
GMB,Sub-Saharan Africa,Africa,1996,1990,both,Not applicable,Number,0.831654776775541
GMB,Sub-Saharan Africa,Africa,1997,1990,both,Not applicable,Number,0.802082205405232
GMB,Sub-Saharan Africa,Africa,1998,1990,both,Not applicable,Number,0.773983025004296
GMB,Sub-Saharan Africa,Africa,2001,2000,both,Not applicable,Number,1.39799722916949
GMB,Sub-Saharan Africa,Africa,2002,2000,both,Not applicable,Number,1.35380558133427
GMB,Sub-Saharan Africa,Africa,2003,2000,both,Not applicable,Number,1.31228171013928
GMB,Sub-Saharan Africa,Africa,2004,2000,both,Not applicable,Number,1.27333870682268
GEO,Western Asia,Asia,1996,1990,both,Not applicable,Number,0.201871347390308
GEO,Western Asia,Asia,2001,2000,both,Not applicable,Number,3.64352364743293
GEO,Western Asia,Asia,2002,2000,both,Not applicable,Number,4.11822603295404
GEO,Western Asia,Asia,2003,2000,both,Not applicable,Number,3.28670017055783
GEO,Western Asia,Asia,2004,2000,both,Not applicable,Number,1.99248037904947
DEU,Western Europe,Europe,1996,1990,both,Not applicable,Number,4.57814991639016
DEU,Western Europe,Europe,1997,1990,both,Not applicable,Number,4.89825621225913
DEU,Western Europe,Europe,1998,1990,both,Not applicable,Number,4.7587351116552
DEU,Western Europe,Europe,1999,1990,both,Not applicable,Number,4.7060449865311
DEU,Western Europe,Europe,2000,2000,both,Not applicable,Number,4.31302601528602
DEU,Western Europe,Europe,2001,2000,both,Not applicable,Number,4.32062640344504
DEU,Western Europe,Europe,2002,2000,both,Not applicable,Number,4.2310616981297
DEU,Western Europe,Europe,2003,2000,both,Not applicable,Number,4.22681562562418
DEU,Western Europe,Europe,2004,2000,both,Not applicable,Number,4.19956583750737
GHA,Sub-Saharan Africa,Africa,1996,1990,both,Not applicable,Number,0.218085765280397
GHA,Sub-Saharan Africa,Africa,1997,1990,both,Not applicable,Number,0.212878318699812
GHA,Sub-Saharan Africa,Africa,1998,1990,both,Not applicable,Number,0.207932813581007
GRC,Southern Europe,Europe,1996,1990,both,Not applicable,Number,14.5257320549944
GRD,Latin America and the Caribbean,Americas,1996,1990,both,Not applicable,Number,0.0
GLP,Latin America and the Caribbean,Americas,1996,1990,both,Not applicable,Number,2.4466507797476
GLP,Latin America and the Caribbean,Americas,2001,2000,both,Not applicable,Number,2.35460324935248
GLP,Latin America and the Caribbean,Americas,2002,2000,both,Not applicable,Number,2.33577187917519
GLP,Latin America and the Caribbean,Americas,2003,2000,both,Not applicable,Number,2.3169923585592
GLP,Latin America and the Caribbean,Americas,2004,2000,both,Not applicable,Number,2.29865505692619
GUM,Micronesia,Oceania,1996,1990,both,Not applicable,Number,6.77998277884374
GUM,Micronesia,Oceania,2000,2000,both,Not applicable,Number,6.44512619557091
GUM,Micronesia,Oceania,2001,2000,both,Not applicable,Number,6.34493610649341
GUM,Micronesia,Oceania,2002,2000,both,Not applicable,Number,6.23841993299937
GUM,Micronesia,Oceania,2003,2000,both,Not applicable,Number,6.13026819923372
GUM,Micronesia,Oceania,2004,2000,both,Not applicable,Number,6.02700096432015
GTM,Latin America and the Caribbean,Americas,1996,1990,both,Not applicable,Number,0.683902374303873
GIN,Sub-Saharan Africa,Africa,1996,1990,both,Not applicable,Number,0.0
GIN,Sub-Saharan Africa,Africa,2001,2000,both,Not applicable,Number,0.239275206685924
GIN,Sub-Saharan Africa,Africa,2002,2000,both,Not applicable,Number,0.234918331229444
GIN,Sub-Saharan Africa,Africa,2003,2000,both,Not applicable,Number,0.230663560243613
GIN,Sub-Saharan Africa,Africa,2004,2000,both,Not applicable,Number,0.22642953456277
GNB,Sub-Saharan Africa,Africa,1996,1990,both,Not applicable,Number,0.815542943637012
GNB,Sub-Saharan Africa,Africa,1997,1990,both,Not applicable,Number,0.793240952492006
GNB,Sub-Saharan Africa,Africa,1998,1990,both,Not applicable,Number,0.771940279612208
GUY,Latin America and the Caribbean,Americas,1996,1990,both,Not applicable,Number,2.70627205611726
GUY,Latin America and the Caribbean,Americas,1999,1990,both,Not applicable,Number,2.72141056152225
GUY,Latin America and the Caribbean,Americas,2000,2000,both,Not applicable,Number,2.72332267152507
GUY,Latin America and the Caribbean,Americas,2001,2000,both,Not applicable,Number,2.72137723459088
GUY,Latin America and the Caribbean,Americas,2002,2000,both,Not applicable,Number,2.71675271980907
GUY,Latin America and the Caribbean,Americas,2003,2000,both,Not applicable,Number,4.06647879534632
GUY,Latin America and the Caribbean,Americas,2004,2000,both,Not applicable,Number,4.05957287880551
HTI,Latin America and the Caribbean,Americas,1996,1990,both,Not applicable,Number,0.501080454730513
HTI,Latin America and the Caribbean,Americas,2001,2000,both,Not applicable,Number,0.229421362616064
HTI,Latin America and the Caribbean,Americas,2002,2000,both,Not applicable,Number,0.225704389544109
HTI,Latin America and the Caribbean,Americas,2003,2000,both,Not applicable,Number,0.2221096619813
HTI,Latin America and the Caribbean,Americas,2004,2000,both,Not applicable,Number,0.218596722710494
HND,Latin America and the Caribbean,Americas,1996,1990,both,Not applicable,Number,1.22824320689388
HKG,Eastern Asia,Asia,1996,1990,both,Not applicable,Number,8.24787006686168
HKG,Eastern Asia,Asia,1998,1990,both,Not applicable,Number,6.62646406329845
HKG,Eastern Asia,Asia,1999,1990,both,Not applicable,Number,7.29865297277177
HKG,Eastern Asia,Asia,2000,2000,both,Not applicable,Number,8.85597335402729
HKG,Eastern Asia,Asia,2001,2000,both,Not applicable,Number,7.70868179910553
HKG,Eastern Asia,Asia,2002,2000,both,Not applicable,Number,7.61752746191895
HKG,Eastern Asia,Asia,2003,2000,both,Not applicable,Number,7.53097875351584
HKG,Eastern Asia,Asia,2004,2000,both,Not applicable,Number,6.58868244827992
HUN,Eastern Europe,Europe,1996,1990,both,Not applicable,Number,3.87828769719881
HUN,Eastern Europe,Europe,1997,1990,both,Not applicable,Number,4.1777153473814
HUN,Eastern Europe,Europe,1998,1990,both,Not applicable,Number,3.89586963796852
HUN,Eastern Europe,Europe,1999,1990,both,Not applicable,Number,3.8084241561118
HUN,Eastern Europe,Europe,2000,2000,both,Not applicable,Number,3.42655890563149
HUN,Eastern Europe,Europe,2001,2000,both,Not applicable,Number,3.43501568624449
HUN,Eastern Europe,Europe,2002,2000,both,Not applicable,Number,3.44345739651205
HUN,Eastern Europe,Europe,2003,2000,both,Not applicable,Number,3.45199074827028
HUN,Eastern Europe,Europe,2004,2000,both,Not applicable,Number,3.36191887254689
ISL,Northern Europe,Europe,1996,1990,both,Not applicable,Number,18.511936496653
ISL,Northern Europe,Europe,1997,1990,both,Not applicable,Number,14.6652832416142
ISL,Northern Europe,Europe,1998,1990,both,Not applicable,Number,10.8906362309686
ISL,Northern Europe,Europe,1999,1990,both,Not applicable,Number,10.7819424028637
ISL,Northern Europe,Europe,2000,2000,both,Not applicable,Number,10.6729281178291
ISL,Northern Europe,Europe,2001,2000,both,Not applicable,Number,14.0845070422535
ISL,Northern Europe,Europe,2002,2000,both,Not applicable,Number,10.4536901526239
ISL,Northern Europe,Europe,2003,2000,both,Not applicable,Number,10.3458978515019
ISL,Northern Europe,Europe,2004,2000,both,Not applicable,Number,10.2422986449439
IND,Southern Asia,Asia,1996,1990,both,Not applicable,Number,4.90252264883755
IND,Southern Asia,Asia,2000,2000,both,Not applicable,Number,1.45569535186266
IND,Southern Asia,Asia,2001,2000,both,Not applicable,Number,1.24887678615457
IND,Southern Asia,Asia,2002,2000,both,Not applicable,Number,1.7848243790395
IND,Southern Asia,Asia,2003,2000,both,Not applicable,Number,1.59073158323961
IND,Southern Asia,Asia,2004,2000,both,Not applicable,Number,1.67773046198879
IDN,South-eastern Asia,Asia,1996,1990,both,Not applicable,Number,0.344533195418859
IDN,South-eastern Asia,Asia,2000,2000,both,Not applicable,Number,4.96001582443449
IDN,South-eastern Asia,Asia,2001,2000,both,Not applicable,Number,2.6377752541197
IDN,South-eastern Asia,Asia,2002,2000,both,Not applicable,Number,3.12692652299773
IDN,South-eastern Asia,Asia,2005,2000,both,Not applicable,Number,3.81751915186987
IRN,Southern Asia,Asia,1996,1990,both,Not applicable,Number,0.507270678936783
IRN,Southern Asia,Asia,1999,1990,both,Not applicable,Number,1.60463749405138
IRN,Southern Asia,Asia,2000,2000,both,Not applicable,Number,1.69375553920443
IRN,Southern Asia,Asia,2001,2000,both,Not applicable,Number,1.75229695053153
IRN,Southern Asia,Asia,2002,2000,both,Not applicable,Number,1.79571479525631
IRN,Southern Asia,Asia,2003,2000,both,Not applicable,Number,1.91174915886346
IRN,Southern Asia,Asia,2004,2000,both,Not applicable,Number,2.50476473239996
IRQ,Western Asia,Asia,1996,1990,both,Not applicable,Number,0.179235857495484
IRL,Northern Europe,Europe,1996,1990,both,Not applicable,Number,1.64893602403049
IRL,Northern Europe,Europe,1997,1990,both,Not applicable,Number,1.6340403281153
IRL,Northern Europe,Europe,1998,1990,both,Not applicable,Number,1.61746953361344
IRL,Northern Europe,Europe,1999,1990,both,Not applicable,Number,1.59866138753151
IRL,Northern Europe,Europe,2000,2000,both,Not applicable,Number,1.57736087545632
IRL,Northern Europe,Europe,2001,2000,both,Not applicable,Number,1.55377538933727
IRL,Northern Europe,Europe,2002,2000,both,Not applicable,Number,1.52845836632256
IRL,Northern Europe,Europe,2003,2000,both,Not applicable,Number,1.75231700115478
IRL,Northern Europe,Europe,2004,2000,both,Not applicable,Number,1.72085855108135
ISR,Western Asia,Asia,1996,1990,both,Not applicable,Number,6.14376037888932
ITA,Southern Europe,Europe,1998,1990,both,Not applicable,Number,1.60009185918656
ITA,Southern Europe,Europe,1996,1990,both,Not applicable,Number,1.35931841265279
ITA,Southern Europe,Europe,1999,1990,both,Not applicable,Number,1.52844851724254
ITA,Southern Europe,Europe,2000,2000,both,Not applicable,Number,1.56000410177078
ITA,Southern Europe,Europe,2001,2000,both,Not applicable,Number,1.60745082842485
ITA,Southern Europe,Europe,2002,2000,both,Not applicable,Number,1.65360405587735
ITA,Southern Europe,Europe,2003,2000,both,Not applicable,Number,1.64748165696497
ITA,Southern Europe,Europe,2004,2000,both,Not applicable,Number,1.64173414051473
JAM,Latin America and the Caribbean,Americas,1996,1990,both,Not applicable,Number,1.19639883949313
JAM,Latin America and the Caribbean,Americas,2001,2000,both,Not applicable,Number,1.14994562673762
JAM,Latin America and the Caribbean,Americas,2002,2000,both,Not applicable,Number,1.14144479516393
JAM,Latin America and the Caribbean,Americas,2003,2000,both,Not applicable,Number,1.13328958835522
JAM,Latin America and the Caribbean,Americas,2004,2000,both,Not applicable,Number,1.12557854737335
JPN,Eastern Asia,Asia,1996,1990,both,Not applicable,Number,0.969667543442179
JPN,Eastern Asia,Asia,1997,1990,both,Not applicable,Number,0.864049445570386
JPN,Eastern Asia,Asia,1998,1990,both,Not applicable,Number,0.853964624467989
JPN,Eastern Asia,Asia,1999,1990,both,Not applicable,Number,0.859855490477467
JPN,Eastern Asia,Asia,2000,2000,both,Not applicable,Number,0.865909518532424
JPN,Eastern Asia,Asia,2001,2000,both,Not applicable,Number,0.87213911068242
JPN,Eastern Asia,Asia,2002,2000,both,Not applicable,Number,0.839328847552074
JPN,Eastern Asia,Asia,2003,2000,both,Not applicable,Number,0.830336575520882
JPN,Eastern Asia,Asia,2004,2000,both,Not applicable,Number,0.845083098781693
JOR,Western Asia,Asia,1996,1990,both,Not applicable,Number,0.900694593152875
JOR,Western Asia,Asia,1997,1990,both,Not applicable,Number,1.76165317056832
JOR,Western Asia,Asia,1998,1990,both,Not applicable,Number,1.73164296119605
JOR,Western Asia,Asia,1999,1990,both,Not applicable,Number,1.06380556868173
JOR,Western Asia,Asia,2000,2000,both,Not applicable,Number,1.0419436500203
JOR,Western Asia,Asia,2001,2000,both,Not applicable,Number,1.01653082426418
JOR,Western Asia,Asia,2002,2000,both,Not applicable,Number,0.989127314731014
JOR,Western Asia,Asia,2003,2000,both,Not applicable,Number,0.768251691546178
JOR,Western Asia,Asia,2004,2000,both,Not applicable,Number,0.744780207912843
KAZ,Central Asia,Asia,1996,1990,both,Not applicable,Number,0.191030980831378
KEN,Sub-Saharan Africa,Africa,1996,1990,both,Not applicable,Number,0.142096010650949
KEN,Sub-Saharan Africa,Africa,1997,1990,both,Not applicable,Number,0.138343283155187
KEN,Sub-Saharan Africa,Africa,1998,1990,both,Not applicable,Number,0.134778364056174
KEN,Sub-Saharan Africa,Africa,1999,1990,both,Not applicable,Number,0.131341366390204
KEN,Sub-Saharan Africa,Africa,2000,2000,both,Not applicable,Number,0.127992373702405
KEN,Sub-Saharan Africa,Africa,2001,2000,both,Not applicable,Number,0.155902877371567
KEN,Sub-Saharan Africa,Africa,2002,2000,both,Not applicable,Number,0.151915744125395
KEN,Sub-Saharan Africa,Africa,2003,2000,both,Not applicable,Number,0.148016880200259
KEN,Sub-Saharan Africa,Africa,2004,2000,both,Not applicable,Number,0.144197329315496
KWT,Western Asia,Asia,1996,1990,both,Not applicable,Number,4.56354276952284
KWT,Western Asia,Asia,2000,2000,both,Not applicable,Number,3.59008096530097
KWT,Western Asia,Asia,2001,2000,both,Not applicable,Number,3.42071551106345
KWT,Western Asia,Asia,2002,2000,both,Not applicable,Number,3.27966704820127
KWT,Western Asia,Asia,2003,2000,both,Not applicable,Number,3.16090216889253
KWT,Western Asia,Asia,2004,2000,both,Not applicable,Number,3.05693308602745
KGZ,Central Asia,Asia,1996,1990,both,Not applicable,Number,0.644870751779575
KGZ,Central Asia,Asia,2004,2000,both,Not applicable,Number,0.388160484175862
KGZ,Central Asia,Asia,1999,1990,both,Not applicable,Number,0.615000980926565
KGZ,Central Asia,Asia,2000,2000,both,Not applicable,Number,0.606496057977788
KGZ,Central Asia,Asia,2001,2000,both,Not applicable,Number,0.399561122063525
KGZ,Central Asia,Asia,2002,2000,both,Not applicable,Number,0.197732795763773
KGZ,Central Asia,Asia,2003,2000,both,Not applicable,Number,0.39178474405878
LAO,South-eastern Asia,Asia,1996,1990,both,Not applicable,Number,0.624013798193106
LAO,South-eastern Asia,Asia,2000,2000,both,Not applicable,Number,0.957126476606872
LAO,South-eastern Asia,Asia,2001,2000,both,Not applicable,Number,0.940636080693031
LAO,South-eastern Asia,Asia,2002,2000,both,Not applicable,Number,0.925510303243451
LAO,South-eastern Asia,Asia,2003,2000,both,Not applicable,Number,1.09344847588773
LAO,South-eastern Asia,Asia,2004,2000,both,Not applicable,Number,1.07651626418714
LVA,Northern Europe,Europe,1996,1990,both,Not applicable,Number,9.75833483774329
LVA,Northern Europe,Europe,1997,1990,both,Not applicable,Number,9.8569550469458
LVA,Northern Europe,Europe,1998,1990,both,Not applicable,Number,8.69674691969507
LVA,Northern Europe,Europe,1999,1990,both,Not applicable,Number,11.2658707954831
LVA,Northern Europe,Europe,2000,2000,both,Not applicable,Number,10.929637098215
LVA,Northern Europe,Europe,2001,2000,both,Not applicable,Number,11.4339726194469
LVA,Northern Europe,Europe,2002,2000,both,Not applicable,Number,10.2344499260348
LVA,Northern Europe,Europe,2003,2000,both,Not applicable,Number,10.3018926723067
LVA,Northern Europe,Europe,2004,2000,both,Not applicable,Number,9.93399079075862
LBN,Western Asia,Asia,1998,1990,both,Not applicable,Number,3.53192054700212
LBN,Western Asia,Asia,1996,1990,both,Not applicable,Number,4.20249998319
LBN,Western Asia,Asia,1999,1990,both,Not applicable,Number,3.75749855805993
LBN,Western Asia,Asia,2004,2000,both,Not applicable,Number,3.78320710032309
LBN,Western Asia,Asia,2000,2000,both,Not applicable,Number,3.44618895241953
LBN,Western Asia,Asia,2001,2000,both,Not applicable,Number,3.40250005234615
LBN,Western Asia,Asia,2002,2000,both,Not applicable,Number,3.35985117409999
LBN,Western Asia,Asia,2003,2000,both,Not applicable,Number,3.57367214468063
LSO,Sub-Saharan Africa,Africa,1996,1990,both,Not applicable,Number,1.140571437696
LSO,Sub-Saharan Africa,Africa,1997,1990,both,Not applicable,Number,1.11876407894671
LSO,Sub-Saharan Africa,Africa,1998,1990,both,Not applicable,Number,1.09723294310244
LBR,Sub-Saharan Africa,Africa,2000,2000,both,Not applicable,Number,0.651236910545121
LBR,Sub-Saharan Africa,Africa,1996,1990,both,Not applicable,Number,2.62945462481627
LBR,Sub-Saharan Africa,Africa,2001,2000,both,Not applicable,Number,0.628723220320334
LBR,Sub-Saharan Africa,Africa,1997,1990,both,Not applicable,Number,2.42278875099183
LBR,Sub-Saharan Africa,Africa,2002,2000,both,Not applicable,Number,0.923929496787959
LBR,Sub-Saharan Africa,Africa,1998,1990,both,Not applicable,Number,2.22363299382164
LBR,Sub-Saharan Africa,Africa,2003,2000,both,Not applicable,Number,0.911430800527901
LBR,Sub-Saharan Africa,Africa,2004,2000,both,Not applicable,Number,0.895928899082569
libyan arab jamahiriya,libyan arab jamahiriya,libyan arab jamahiriya,1996,1990,both,Not applicable,Number,0.811323808662261
libyan arab jamahiriya,libyan arab jamahiriya,libyan arab jamahiriya,1997,1990,both,Not applicable,Number,0.79517645959609
libyan arab jamahiriya,libyan arab jamahiriya,libyan arab jamahiriya,1998,1990,both,Not applicable,Number,0.779269407655893
libyan arab jamahiriya,libyan arab jamahiriya,libyan arab jamahiriya,2001,2000,both,Not applicable,Number,0.733195211575393
libyan arab jamahiriya,libyan arab jamahiriya,libyan arab jamahiriya,2002,2000,both,Not applicable,Number,0.718398674985484
libyan arab jamahiriya,libyan arab jamahiriya,libyan arab jamahiriya,2003,2000,both,Not applicable,Number,0.703897444957859
libyan arab jamahiriya,libyan arab jamahiriya,libyan arab jamahiriya,2004,2000,both,Not applicable,Number,0.689716533401937
LIE,Western Europe,Europe,2002,2000,both,Not applicable,Number,59.0615125653368
LIE,Western Europe,Europe,2003,2000,both,Not applicable,Number,58.3192395171167
LTU,Northern Europe,Europe,1996,1990,both,Not applicable,Number,5.27079543793236
LTU,Northern Europe,Europe,2000,2000,both,Not applicable,Number,3.71148937215018
LTU,Northern Europe,Europe,2003,2000,both,Not applicable,Number,4.05348750483523
LTU,Northern Europe,Europe,2001,2000,both,Not applicable,Number,3.73203527404909
LTU,Northern Europe,Europe,2004,2000,both,Not applicable,Number,4.06958052508053
LTU,Northern Europe,Europe,2002,2000,both,Not applicable,Number,4.03745722097782
LUX,Western Europe,Europe,1996,1990,both,Not applicable,Number,12.0705013844865
LUX,Western Europe,Europe,1997,1990,both,Not applicable,Number,11.8972269943322
LUX,Western Europe,Europe,1998,1990,both,Not applicable,Number,11.7319117384816
LUX,Western Europe,Europe,1999,1990,both,Not applicable,Number,11.5807490891741
LUX,Western Europe,Europe,2000,2000,both,Not applicable,Number,11.4469388596102
LUX,Western Europe,Europe,2001,2000,both,Not applicable,Number,15.865388974008
LUX,Western Europe,Europe,2002,2000,both,Not applicable,Number,13.4809951670632
LUX,Western Europe,Europe,2003,2000,both,Not applicable,Number,13.3728873623986
LUX,Western Europe,Europe,2004,2000,both,Not applicable,Number,13.2619838601656
MAC,Eastern Asia,Asia,1996,1990,both,Not applicable,Number,23.9354126824178
MAC,Eastern Asia,Asia,1999,1990,both,Not applicable,Number,22.9880829777843
MAC,Eastern Asia,Asia,2000,2000,both,Not applicable,Number,22.6724980331608
MAC,Eastern Asia,Asia,2001,2000,both,Not applicable,Number,24.5777102511395
MAC,Eastern Asia,Asia,2002,2000,both,Not applicable,Number,24.2065212368212
MAC,Eastern Asia,Asia,2003,2000,both,Not applicable,Number,23.8461705217976
MAC,Eastern Asia,Asia,2004,2000,both,Not applicable,Number,25.6612036815274
MDG,Sub-Saharan Africa,Africa,1996,1990,both,Not applicable,Number,0.347913507032167
MDG,Sub-Saharan Africa,Africa,1997,1990,both,Not applicable,Number,0.337627140252205
MDG,Sub-Saharan Africa,Africa,1998,1990,both,Not applicable,Number,0.32767398849825
MDG,Sub-Saharan Africa,Africa,2002,2000,both,Not applicable,Number,0.233304796268336
MDG,Sub-Saharan Africa,Africa,2003,2000,both,Not applicable,Number,0.340220511656493
MDG,Sub-Saharan Africa,Africa,2004,2000,both,Not applicable,Number,0.496285988660968
MWI,Sub-Saharan Africa,Africa,1996,1990,both,Not applicable,Number,0.484608541942772
MWI,Sub-Saharan Africa,Africa,1997,1990,both,Not applicable,Number,0.471370955083345
MWI,Sub-Saharan Africa,Africa,1998,1990,both,Not applicable,Number,0.456986385004632
MWI,Sub-Saharan Africa,Africa,2001,2000,both,Not applicable,Number,0.167440296650625
MWI,Sub-Saharan Africa,Africa,2002,2000,both,Not applicable,Number,0.163134119656103
MWI,Sub-Saharan Africa,Africa,2003,2000,both,Not applicable,Number,0.159062498359668
MWI,Sub-Saharan Africa,Africa,2004,2000,both,Not applicable,Number,0.155112564412431
MYS,South-eastern Asia,Asia,1997,1990,both,Not applicable,Number,1.52298221701352
MYS,South-eastern Asia,Asia,1998,1990,both,Not applicable,Number,1.48552852133732
MYS,South-eastern Asia,Asia,2000,2000,both,Not applicable,Number,1.3319804422304
MYS,South-eastern Asia,Asia,2001,2000,both,Not applicable,Number,1.43008280978633
MYS,South-eastern Asia,Asia,2002,2000,both,Not applicable,Number,1.36035947128021
MYS,South-eastern Asia,Asia,2003,2000,both,Not applicable,Number,1.33450829374663
MYS,South-eastern Asia,Asia,2004,2000,both,Not applicable,Number,1.38936055474388
MYS,South-eastern Asia,Asia,1996,1990,both,Not applicable,Number,1.98815965717311
MDV,Southern Asia,Asia,1996,1990,both,Not applicable,Number,7.89122732258548
MDV,Southern Asia,Asia,2001,2000,both,Not applicable,Number,10.8133436660839
MDV,Southern Asia,Asia,2002,2000,both,Not applicable,Number,10.6467926537131
MDV,Southern Asia,Asia,2003,2000,both,Not applicable,Number,10.4853310219004
MDV,Southern Asia,Asia,2004,2000,both,Not applicable,Number,10.3239305268302
MLI,Sub-Saharan Africa,Africa,1996,1990,both,Not applicable,Number,0.334448868955241
MLI,Sub-Saharan Africa,Africa,1997,1990,both,Not applicable,Number,0.325681978062062
MLI,Sub-Saharan Africa,Africa,1998,1990,both,Not applicable,Number,0.317042827413298
MLI,Sub-Saharan Africa,Africa,2001,2000,both,Not applicable,Number,0.776852815814704
MLI,Sub-Saharan Africa,Africa,2002,2000,both,Not applicable,Number,0.754238466633197
MLI,Sub-Saharan Africa,Africa,2003,2000,both,Not applicable,Number,0.823457561055947
MLI,Sub-Saharan Africa,Africa,2004,2000,both,Not applicable,Number,0.798954328574761
MLT,Southern Europe,Europe,1996,1990,both,Not applicable,Number,5.25759591169342
MLT,Southern Europe,Europe,1997,1990,both,Not applicable,Number,13.0682738901115
MLT,Southern Europe,Europe,1998,1990,both,Not applicable,Number,10.4009027983629
MLT,Southern Europe,Europe,2000,2000,both,Not applicable,Number,10.285261734198
MLT,Southern Europe,Europe,2001,2000,both,Not applicable,Number,10.2165917449939
MLT,Southern Europe,Europe,2002,2000,both,Not applicable,Number,10.1425278729344
MLT,Southern Europe,Europe,2003,2000,both,Not applicable,Number,10.0673759132998
MLT,Southern Europe,Europe,2004,2000,both,Not applicable,Number,9.99690096070218
MHL,Micronesia,Oceania,2000,2000,both,Not applicable,Number,0.0
MHL,Micronesia,Oceania,2001,2000,both,Not applicable,Number,0.0
MHL,Micronesia,Oceania,2002,2000,both,Not applicable,Number,0.0
MHL,Micronesia,Oceania,2003,2000,both,Not applicable,Number,0.0
MHL,Micronesia,Oceania,2004,2000,both,Not applicable,Number,0.0
MTQ,Latin America and the Caribbean,Americas,1996,1990,both,Not applicable,Number,2.6475828892013
MRT,Sub-Saharan Africa,Africa,1996,1990,both,Not applicable,Number,0.873888304840205
MRT,Sub-Saharan Africa,Africa,2001,2000,both,Not applicable,Number,1.13537577342744
MRT,Sub-Saharan Africa,Africa,2002,2000,both,Not applicable,Number,1.10257554296333
MRT,Sub-Saharan Africa,Africa,2003,2000,both,Not applicable,Number,1.07097034911491
MRT,Sub-Saharan Africa,Africa,2004,2000,both,Not applicable,Number,1.04087516784112
MUS,Sub-Saharan Africa,Africa,1996,1990,both,Not applicable,Number,5.27317693090556
MUS,Sub-Saharan Africa,Africa,1997,1990,both,Not applicable,Number,6.95421173140748
MUS,Sub-Saharan Africa,Africa,1998,1990,both,Not applicable,Number,5.16161000939413
MUS,Sub-Saharan Africa,Africa,1999,1990,both,Not applicable,Number,5.10989684821562
MUS,Sub-Saharan Africa,Africa,2000,2000,both,Not applicable,Number,4.21640620520068
MUS,Sub-Saharan Africa,Africa,2003,2000,both,Not applicable,Number,7.3786216734714
MUS,Sub-Saharan Africa,Africa,2004,2000,both,Not applicable,Number,8.12626922167406
MEX,Latin America and the Caribbean,Americas,1996,1990,both,Not applicable,Number,3.15517243942542
MEX,Latin America and the Caribbean,Americas,1999,1990,both,Not applicable,Number,3.04873900140729
MEX,Latin America and the Caribbean,Americas,2000,2000,both,Not applicable,Number,3.11827506007517
MEX,Latin America and the Caribbean,Americas,2001,2000,both,Not applicable,Number,3.3817846210994
MEX,Latin America and the Caribbean,Americas,2002,2000,both,Not applicable,Number,2.94886668123603
MDA,Eastern Europe,Europe,1996,1990,both,Not applicable,Number,0.920139695608587
MDA,Eastern Europe,Europe,1997,1990,both,Not applicable,Number,1.16144288372331
MDA,Eastern Europe,Europe,1998,1990,both,Not applicable,Number,1.64358390043826
MDA,Eastern Europe,Europe,1999,1990,both,Not applicable,Number,1.64387885270407
MDA,Eastern Europe,Europe,2000,2000,both,Not applicable,Number,1.64651063234241
MNG,Eastern Asia,Asia,1996,1990,both,Not applicable,Number,1.66015608787538
MNG,Eastern Asia,Asia,1997,1990,both,Not applicable,Number,1.6491261486679
MNG,Eastern Asia,Asia,1998,1990,both,Not applicable,Number,2.04962973438848
MNG,Eastern Asia,Asia,1999,1990,both,Not applicable,Number,2.0378618427488
MNG,Eastern Asia,Asia,2000,2000,both,Not applicable,Number,2.02468905837786
MNG,Eastern Asia,Asia,2001,2000,both,Not applicable,Number,2.00947507688252
MNG,Eastern Asia,Asia,2002,2000,both,Not applicable,Number,1.99245735344281
MNG,Eastern Asia,Asia,2003,2000,both,Not applicable,Number,2.36905820460134
MNG,Eastern Asia,Asia,2004,2000,both,Not applicable,Number,2.34681002025297
MAR,Northern Africa,Africa,1996,1990,both,Not applicable,Number,0.804508936156145
MAR,Northern Africa,Africa,1997,1990,both,Not applicable,Number,0.757232107506766
MAR,Northern Africa,Africa,1998,1990,both,Not applicable,Number,0.782654275209846
MAR,Northern Africa,Africa,1999,1990,both,Not applicable,Number,0.772619570516936
MAR,Northern Africa,Africa,2000,2000,both,Not applicable,Number,0.797859931526273
MAR,Northern Africa,Africa,2001,2000,both,Not applicable,Number,0.788576962128626
MAR,Northern Africa,Africa,2002,2000,both,Not applicable,Number,0.779783112481239
MAR,Northern Africa,Africa,2003,2000,both,Not applicable,Number,0.771274414272413
MAR,Northern Africa,Africa,2004,2000,both,Not applicable,Number,0.795972643746856
MOZ,Sub-Saharan Africa,Africa,1996,1990,both,Not applicable,Number,0.121759648523728
MOZ,Sub-Saharan Africa,Africa,1997,1990,both,Not applicable,Number,0.710978647889247
MOZ,Sub-Saharan Africa,Africa,1998,1990,both,Not applicable,Number,0.69320253679779
MOZ,Sub-Saharan Africa,Africa,2000,2000,both,Not applicable,Number,0.604588408303395
MOZ,Sub-Saharan Africa,Africa,2001,2000,both,Not applicable,Number,0.589491099300687
MOZ,Sub-Saharan Africa,Africa,2002,2000,both,Not applicable,Number,0.679413402830008
MOZ,Sub-Saharan Africa,Africa,2003,2000,both,Not applicable,Number,0.713927366457591
MOZ,Sub-Saharan Africa,Africa,2004,2000,both,Not applicable,Number,0.946302606456055
MMR,South-eastern Asia,Asia,1996,1990,both,Not applicable,Number,0.114382090674481
MMR,South-eastern Asia,Asia,1997,1990,both,Not applicable,Number,0.0903171318999974
MMR,South-eastern Asia,Asia,1998,1990,both,Not applicable,Number,0.0891859673461188
NAM,Sub-Saharan Africa,Africa,1997,1990,both,Not applicable,Number,2.2836616001731
NAM,Sub-Saharan Africa,Africa,1996,1990,both,Not applicable,Number,2.34722912535788
NAM,Sub-Saharan Africa,Africa,1998,1990,both,Not applicable,Number,2.22493416976025
NAM,Sub-Saharan Africa,Africa,2000,2000,both,Not applicable,Number,1.59620486331698
NAM,Sub-Saharan Africa,Africa,2001,2000,both,Not applicable,Number,1.56820352354422
NAM,Sub-Saharan Africa,Africa,2002,2000,both,Not applicable,Number,1.54460351572355
NAM,Sub-Saharan Africa,Africa,2003,2000,both,Not applicable,Number,1.5239929835363
NAM,Sub-Saharan Africa,Africa,2004,2000,both,Not applicable,Number,2.00618607476153
NPL,Southern Asia,Asia,1996,1990,both,Not applicable,Number,1.3053876544448
NLD,Western Europe,Europe,1996,1990,both,Not applicable,Number,2.44273694275144
NLD,Western Europe,Europe,1997,1990,both,Not applicable,Number,2.42800532908833
NLD,Western Europe,Europe,1998,1990,both,Not applicable,Number,2.22324505610645
NLD,Western Europe,Europe,1999,1990,both,Not applicable,Number,2.21048475867601
NLD,Western Europe,Europe,2000,2000,both,Not applicable,Number,2.38635202573342
NLD,Western Europe,Europe,2001,2000,both,Not applicable,Number,2.37290828134999
NLD,Western Europe,Europe,2002,2000,both,Not applicable,Number,2.35979099952115
NLD,Western Europe,Europe,2003,2000,both,Not applicable,Number,2.28568618677676
NLD,Western Europe,Europe,2004,2000,both,Not applicable,Number,2.2750281534734
ANT,ANT,ANT,2001,2000,both,Not applicable,Number,27.7149572081061
ANT,ANT,ANT,2002,2000,both,Not applicable,Number,27.6198841069663
ANT,ANT,ANT,2003,2000,both,Not applicable,Number,27.4142345671567
ANT,ANT,ANT,2004,2000,both,Not applicable,Number,27.1386622810588
ANT,ANT,ANT,1996,1990,both,Not applicable,Number,31.7687236915257
NCL,Melanesia,Oceania,2004,2000,both,Not applicable,Number,4.3395432196807
NCL,Melanesia,Oceania,1996,1990,both,Not applicable,Number,15.1807265495727
NCL,Melanesia,Oceania,2001,2000,both,Not applicable,Number,4.56523029304213
NCL,Melanesia,Oceania,2002,2000,both,Not applicable,Number,4.48575324768535
NCL,Melanesia,Oceania,2003,2000,both,Not applicable,Number,4.41097981094541
NZL,Australia and New Zealand,Oceania,1996,1990,both,Not applicable,Number,6.19176043594301
NZL,Australia and New Zealand,Oceania,1997,1990,both,Not applicable,Number,7.46741340800747
NZL,Australia and New Zealand,Oceania,1998,1990,both,Not applicable,Number,7.40418717362078
NZL,Australia and New Zealand,Oceania,1999,1990,both,Not applicable,Number,7.33875702423887
NZL,Australia and New Zealand,Oceania,2000,2000,both,Not applicable,Number,7.26510740163953
NZL,Australia and New Zealand,Oceania,2001,2000,both,Not applicable,Number,6.66875621027922
NZL,Australia and New Zealand,Oceania,2002,2000,both,Not applicable,Number,6.07881949325441
NZL,Australia and New Zealand,Oceania,2003,2000,both,Not applicable,Number,6.00032101717442
NZL,Australia and New Zealand,Oceania,2004,2000,both,Not applicable,Number,5.67862395584302
NIC,Latin America and the Caribbean,Americas,1996,1990,both,Not applicable,Number,0.840030299892917
NIC,Latin America and the Caribbean,Americas,2001,2000,both,Not applicable,Number,1.15737592785381
NIC,Latin America and the Caribbean,Americas,2002,2000,both,Not applicable,Number,1.14154534417878
NIC,Latin America and the Caribbean,Americas,2003,2000,both,Not applicable,Number,1.12670724315018
NIC,Latin America and the Caribbean,Americas,2004,2000,both,Not applicable,Number,1.11243078362962
NGA,Sub-Saharan Africa,Africa,1996,1990,both,Not applicable,Number,0.103887091353633
NGA,Sub-Saharan Africa,Africa,1997,1990,both,Not applicable,Number,0.100192118387007
NGA,Sub-Saharan Africa,Africa,1998,1990,both,Not applicable,Number,0.096617648025
NGA,Sub-Saharan Africa,Africa,2000,2000,both,Not applicable,Number,0.0898961169462181
NGA,Sub-Saharan Africa,Africa,2001,2000,both,Not applicable,Number,0.0867544367086477
NGA,Sub-Saharan Africa,Africa,2002,2000,both,Not applicable,Number,0.0837464265399795
NGA,Sub-Saharan Africa,Africa,2003,2000,both,Not applicable,Number,0.0808587588309894
NGA,Sub-Saharan Africa,Africa,2004,2000,both,Not applicable,Number,0.0780768241595928
NGA,Sub-Saharan Africa,Africa,1996,1990,both,Not applicable,Number,0.223056039403759
NGA,Sub-Saharan Africa,Africa,1997,1990,both,Not applicable,Number,0.217027449336635
NGA,Sub-Saharan Africa,Africa,1998,1990,both,Not applicable,Number,0.211242212534711
NGA,Sub-Saharan Africa,Africa,2000,2000,both,Not applicable,Number,0.641166373962195
NGA,Sub-Saharan Africa,Africa,2001,2000,both,Not applicable,Number,0.265544875982811
NGA,Sub-Saharan Africa,Africa,2002,2000,both,Not applicable,Number,0.266491636989904
NGA,Sub-Saharan Africa,Africa,2003,2000,both,Not applicable,Number,0.267341206155597
NGA,Sub-Saharan Africa,Africa,2004,2000,both,Not applicable,Number,0.275360147885211
NIU,Polynesia,Oceania,2000,2000,both,Not applicable,Number,496.524329692155
NIU,Polynesia,Oceania,2001,2000,both,Not applicable,Number,559.284116331096
NIU,Polynesia,Oceania,2002,2000,both,Not applicable,Number,581.395348837209
NIU,Polynesia,Oceania,2003,2000,both,Not applicable,Number,605.326876513317
NIU,Polynesia,Oceania,2004,2000,both,Not applicable,Number,627.746390458255
NOR,Northern Europe,Europe,1996,1990,both,Not applicable,Number,18.9321405932694
NOR,Northern Europe,Europe,1997,1990,both,Not applicable,Number,18.8244643646086
NOR,Northern Europe,Europe,1998,1990,both,Not applicable,Number,18.2650214016442
NOR,Northern Europe,Europe,1999,1990,both,Not applicable,Number,18.3809560742223
NOR,Northern Europe,Europe,2000,2000,both,Not applicable,Number,18.0452052441594
NOR,Northern Europe,Europe,2001,2000,both,Not applicable,Number,17.2659577293937
NOR,Northern Europe,Europe,2002,2000,both,Not applicable,Number,16.7127219438479
NOR,Northern Europe,Europe,2003,2000,both,Not applicable,Number,16.1644474773414
NOR,Northern Europe,Europe,2004,2000,both,Not applicable,Number,16.0571077546934
PSE,Western Asia,Asia,1999,1990,both,Not applicable,Number,0.988030667154534
PSE,Western Asia,Asia,2000,2000,both,Not applicable,Number,0.952548177505448
PSE,Western Asia,Asia,2001,2000,both,Not applicable,Number,0.918427700759111
PSE,Western Asia,Asia,2002,2000,both,Not applicable,Number,0.885740377095108
PSE,Western Asia,Asia,2003,2000,both,Not applicable,Number,0.85461003716699
PSE,Western Asia,Asia,2004,2000,both,Not applicable,Number,0.825169654881044
OMN,Western Asia,Asia,1996,1990,both,Not applicable,Number,1.79495671013154
OMN,Western Asia,Asia,1997,1990,both,Not applicable,Number,2.19188747375763
OMN,Western Asia,Asia,1998,1990,both,Not applicable,Number,2.14726732318649
OMN,Western Asia,Asia,2000,2000,both,Not applicable,Number,2.08143922363982
OMN,Western Asia,Asia,2001,2000,both,Not applicable,Number,2.06040955997069
OMN,Western Asia,Asia,2002,2000,both,Not applicable,Number,2.04574615727042
OMN,Western Asia,Asia,2003,2000,both,Not applicable,Number,2.03316168026987
OMN,Western Asia,Asia,2004,2000,both,Not applicable,Number,2.420675473353
PAK,Southern Asia,Asia,1996,1990,both,Not applicable,Number,2.01525482252197
PAK,Southern Asia,Asia,1997,1990,both,Not applicable,Number,2.67123551614621
PAK,Southern Asia,Asia,1998,1990,both,Not applicable,Number,2.19811685225459
PAK,Southern Asia,Asia,1999,1990,both,Not applicable,Number,2.4928858208578
PAK,Southern Asia,Asia,2000,2000,both,Not applicable,Number,1.05984709232717
PAK,Southern Asia,Asia,2001,2000,both,Not applicable,Number,1.14061582500172
PAK,Southern Asia,Asia,2002,2000,both,Not applicable,Number,1.12639414686677
PAK,Southern Asia,Asia,2003,2000,both,Not applicable,Number,1.33613072823559
PAK,Southern Asia,Asia,2004,2000,both,Not applicable,Number,1.87339819625874
PAN,Latin America and the Caribbean,Americas,1996,1990,both,Not applicable,Number,2.56865651925025
PAN,Latin America and the Caribbean,Americas,2004,2000,both,Not applicable,Number,2.51940175545616
PNG,Melanesia,Oceania,1996,1990,both,Not applicable,Number,0.413481737441991
PNG,Melanesia,Oceania,2001,2000,both,Not applicable,Number,0.362307945087159
PNG,Melanesia,Oceania,2002,2000,both,Not applicable,Number,0.353395414305764
PNG,Melanesia,Oceania,2003,2000,both,Not applicable,Number,0.344947366206127
PNG,Melanesia,Oceania,2004,2000,both,Not applicable,Number,0.336983652586029
PRY,Latin America and the Caribbean,Americas,1996,1990,both,Not applicable,Number,1.01852721372307
PER,Latin America and the Caribbean,Americas,1996,1990,both,Not applicable,Number,3.0525843963271
PER,Latin America and the Caribbean,Americas,1998,1990,both,Not applicable,Number,2.28248809462219
PER,Latin America and the Caribbean,Americas,2001,2000,both,Not applicable,Number,1.53873839300779
PER,Latin America and the Caribbean,Americas,2002,2000,both,Not applicable,Number,1.70965940849128
PER,Latin America and the Caribbean,Americas,2003,2000,both,Not applicable,Number,2.21459375998796
PER,Latin America and the Caribbean,Americas,2004,2000,both,Not applicable,Number,2.70786067099823
PHL,South-eastern Asia,Asia,1996,1990,both,Not applicable,Number,0.670653602448645
PHL,South-eastern Asia,Asia,1997,1990,both,Not applicable,Number,0.586763700618072
PHL,South-eastern Asia,Asia,2000,2000,both,Not applicable,Number,0.997204416145999
PHL,South-eastern Asia,Asia,2002,2000,both,Not applicable,Number,0.981256380289382
PHL,South-eastern Asia,Asia,2004,2000,both,Not applicable,Number,0.989526382142997
POL,Eastern Europe,Europe,1996,1990,both,Not applicable,Number,1.42473054006535
POL,Eastern Europe,Europe,1997,1990,both,Not applicable,Number,1.71065193411751
POL,Eastern Europe,Europe,1998,1990,both,Not applicable,Number,1.34931514082867
POL,Eastern Europe,Europe,1999,1990,both,Not applicable,Number,1.19526221961389
POL,Eastern Europe,Europe,2000,2000,both,Not applicable,Number,1.09281430620901
POL,Eastern Europe,Europe,2001,2000,both,Not applicable,Number,1.12024720469014
POL,Eastern Europe,Europe,2002,2000,both,Not applicable,Number,1.12159053431843
POL,Eastern Europe,Europe,2003,2000,both,Not applicable,Number,1.09678913414138
POL,Eastern Europe,Europe,2004,2000,both,Not applicable,Number,1.09813315272355
PRT,Southern Europe,Europe,1996,1990,both,Not applicable,Number,2.68458698076732
PRT,Southern Europe,Europe,2001,2000,both,Not applicable,Number,2.62531069822861
PRT,Southern Europe,Europe,1997,1990,both,Not applicable,Number,3.07213603339075
PRT,Southern Europe,Europe,2002,2000,both,Not applicable,Number,2.60961216813828
PRT,Southern Europe,Europe,1998,1990,both,Not applicable,Number,2.86271400884895
PRT,Southern Europe,Europe,2003,2000,both,Not applicable,Number,2.59366044066483
PRT,Southern Europe,Europe,1999,1990,both,Not applicable,Number,2.7515880102304
PRT,Southern Europe,Europe,2004,2000,both,Not applicable,Number,2.57840549112513
PRT,Southern Europe,Europe,2000,2000,both,Not applicable,Number,2.63998289291085
PRI,Latin America and the Caribbean,Americas,1996,1990,both,Not applicable,Number,0.804943857849061
PRI,Latin America and the Caribbean,Americas,2002,2000,both,Not applicable,Number,1.28833040624665
PRI,Latin America and the Caribbean,Americas,2001,2000,both,Not applicable,Number,1.29598578770146
PRI,Latin America and the Caribbean,Americas,2003,2000,both,Not applicable,Number,1.28101169179371
PRI,Latin America and the Caribbean,Americas,2004,2000,both,Not applicable,Number,1.27388502576178
QAT,Western Asia,Asia,1996,1990,both,Not applicable,Number,9.28327543663886
QAT,Western Asia,Asia,2001,2000,both,Not applicable,Number,7.7013716142845
QAT,Western Asia,Asia,2000,2000,both,Not applicable,Number,8.10742007299921
QAT,Western Asia,Asia,2002,2000,both,Not applicable,Number,7.27789325368407
QAT,Western Asia,Asia,2003,2000,both,Not applicable,Number,6.87910252476821
QAT,Western Asia,Asia,2004,2000,both,Not applicable,Number,6.54205362913883
PRK,Eastern Asia,Asia,1996,1990,both,Not applicable,Number,1.32144517208355
PRK,Eastern Asia,Asia,1997,1990,both,Not applicable,Number,4.21524840557137
PRK,Eastern Asia,Asia,1998,1990,both,Not applicable,Number,2.34038772423298
PRK,Eastern Asia,Asia,1999,1990,both,Not applicable,Number,2.40969698211056
PRK,Eastern Asia,Asia,2000,2000,both,Not applicable,Number,2.54380876919715
PRK,Eastern Asia,Asia,2001,2000,both,Not applicable,Number,2.61439481106821
PRK,Eastern Asia,Asia,2002,2000,both,Not applicable,Number,2.64373690900795
PRK,Eastern Asia,Asia,2003,2000,both,Not applicable,Number,2.82162360939228
PRK,Eastern Asia,Asia,2004,2000,both,Not applicable,Number,2.91502537456189
REU,Sub-Saharan Africa,Africa,1996,1990,both,Not applicable,Number,4.43926858610775
REU,Sub-Saharan Africa,Africa,1997,1990,both,Not applicable,Number,4.36154282308128
REU,Sub-Saharan Africa,Africa,1998,1990,both,Not applicable,Number,4.28663284989641
ROU,Eastern Europe,Europe,1996,1990,both,Not applicable,Number,4.69839079228875
ROU,Eastern Europe,Europe,1997,1990,both,Not applicable,Number,3.29628648827669
ROU,Eastern Europe,Europe,1998,1990,both,Not applicable,Number,4.2515423700657
ROU,Eastern Europe,Europe,1999,1990,both,Not applicable,Number,6.24943743823061
ROU,Eastern Europe,Europe,2000,2000,both,Not applicable,Number,6.54996200344456
ROU,Eastern Europe,Europe,2001,2000,both,Not applicable,Number,5.35582732395135
ROU,Eastern Europe,Europe,2002,2000,both,Not applicable,Number,5.97405617892982
ROU,Eastern Europe,Europe,2003,2000,both,Not applicable,Number,6.41437435635762
ROU,Eastern Europe,Europe,2004,2000,both,Not applicable,Number,7.50260577465901
RUS,Eastern Europe,Europe,1996,1990,both,Not applicable,Number,1.91369870183745
RUS,Eastern Europe,Europe,1998,1990,both,Not applicable,Number,1.65162250912321
RUS,Eastern Europe,Europe,1999,1990,both,Not applicable,Number,1.81170350322955
RUS,Eastern Europe,Europe,2000,2000,both,Not applicable,Number,1.85859690300641
RUS,Eastern Europe,Europe,2001,2000,both,Not applicable,Number,1.60731812487107
RUS,Eastern Europe,Europe,2002,2000,both,Not applicable,Number,0.93049228132022
RUS,Eastern Europe,Europe,2003,2000,both,Not applicable,Number,1.71206565135077
RUS,Eastern Europe,Europe,2004,2000,both,Not applicable,Number,1.72776554757818
RWA,Sub-Saharan Africa,Africa,1996,1990,both,Not applicable,Number,0.170385123197815
RWA,Sub-Saharan Africa,Africa,1997,1990,both,Not applicable,Number,0.157150496902014
RWA,Sub-Saharan Africa,Africa,1998,1990,both,Not applicable,Number,0.142542815585517
RWA,Sub-Saharan Africa,Africa,2000,2000,both,Not applicable,Number,0.0
RWA,Sub-Saharan Africa,Africa,2001,2000,both,Not applicable,Number,0.0
RWA,Sub-Saharan Africa,Africa,2002,2000,both,Not applicable,Number,0.0
RWA,Sub-Saharan Africa,Africa,2003,2000,both,Not applicable,Number,0.0
RWA,Sub-Saharan Africa,Africa,2004,2000,both,Not applicable,Number,0.0
KNA,Latin America and the Caribbean,Americas,1996,1990,both,Not applicable,Number,0.0
KNA,Latin America and the Caribbean,Americas,2001,2000,both,Not applicable,Number,24.3985751232128
KNA,Latin America and the Caribbean,Americas,2002,2000,both,Not applicable,Number,24.062755666779
KNA,Latin America and the Caribbean,Americas,2003,2000,both,Not applicable,Number,23.7304224015187
KNA,Latin America and the Caribbean,Americas,2004,2000,both,Not applicable,Number,23.4027615258601
LCA,Latin America and the Caribbean,Americas,1996,1990,both,Not applicable,Number,0.0
VCT,Latin America and the Caribbean,Americas,1996,1990,both,Not applicable,Number,8.80328186347871
VCT,Latin America and the Caribbean,Americas,2000,2000,both,Not applicable,Number,0.0
VCT,Latin America and the Caribbean,Americas,2001,2000,both,Not applicable,Number,0.0
VCT,Latin America and the Caribbean,Americas,2002,2000,both,Not applicable,Number,0.0
VCT,Latin America and the Caribbean,Americas,2003,2000,both,Not applicable,Number,0.0
VCT,Latin America and the Caribbean,Americas,2004,2000,both,Not applicable,Number,0.0
VCT,Latin America and the Caribbean,Americas,2005,2000,both,Not applicable,Number,25.1810940345988
WSM,Polynesia,Oceania,2001,2000,both,Not applicable,Number,11.1781177167577
WSM,Polynesia,Oceania,2002,2000,both,Not applicable,Number,11.1008120243996
WSM,Polynesia,Oceania,2003,2000,both,Not applicable,Number,11.0304053122432
WSM,Polynesia,Oceania,2004,2000,both,Not applicable,Number,10.9584237403292
STP,Sub-Saharan Africa,Africa,2001,2000,both,Not applicable,Number,7.01218015693259
STP,Sub-Saharan Africa,Africa,2002,2000,both,Not applicable,Number,6.89151378991909
STP,Sub-Saharan Africa,Africa,2003,2000,both,Not applicable,Number,6.77470055823533
STP,Sub-Saharan Africa,Africa,2004,2000,both,Not applicable,Number,6.6613375965894
SAU,Western Asia,Asia,1996,1990,both,Not applicable,Number,0.695169582074207
SAU,Western Asia,Asia,2001,2000,both,Not applicable,Number,0.468223387692664
SAU,Western Asia,Asia,2002,2000,both,Not applicable,Number,0.456278358270314
SAU,Western Asia,Asia,2003,2000,both,Not applicable,Number,0.489306190955478
SAU,Western Asia,Asia,2004,2000,both,Not applicable,Number,0.520675752082497
SEN,Sub-Saharan Africa,Africa,1996,1990,both,Not applicable,Number,0.107541740982491
SEN,Sub-Saharan Africa,Africa,1997,1990,both,Not applicable,Number,0.418924626766959
SEN,Sub-Saharan Africa,Africa,1998,1990,both,Not applicable,Number,0.510022243090066
SEN,Sub-Saharan Africa,Africa,2000,2000,both,Not applicable,Number,0.774180537159359
SEN,Sub-Saharan Africa,Africa,2001,2000,both,Not applicable,Number,0.848346873577841
SEN,Sub-Saharan Africa,Africa,2002,2000,both,Not applicable,Number,0.918197592816463
SEN,Sub-Saharan Africa,Africa,2003,2000,both,Not applicable,Number,0.983985017665215
SEN,Sub-Saharan Africa,Africa,2004,2000,both,Not applicable,Number,1.13315079726747
SYC,Sub-Saharan Africa,Africa,1998,1990,both,Not applicable,Number,63.4147578824544
SYC,Sub-Saharan Africa,Africa,2001,2000,both,Not applicable,Number,12.3149676116352
SYC,Sub-Saharan Africa,Africa,2002,2000,both,Not applicable,Number,12.3730218631296
SYC,Sub-Saharan Africa,Africa,2003,2000,both,Not applicable,Number,12.0800666819681
SYC,Sub-Saharan Africa,Africa,2004,2000,both,Not applicable,Number,12.1250333438417
SLE,Sub-Saharan Africa,Africa,1996,1990,both,Not applicable,Number,0.239688424223583
SGP,South-eastern Asia,Asia,1996,1990,both,Not applicable,Number,2.22956367996174
SGP,South-eastern Asia,Asia,1997,1990,both,Not applicable,Number,2.16054350632445
SGP,South-eastern Asia,Asia,1998,1990,both,Not applicable,Number,2.0960422268667
SGP,South-eastern Asia,Asia,1999,1990,both,Not applicable,Number,2.03915587103563
SGP,South-eastern Asia,Asia,2000,2000,both,Not applicable,Number,2.73807159111331
SGP,South-eastern Asia,Asia,2001,2000,both,Not applicable,Number,2.44072932897517
SGP,South-eastern Asia,Asia,2002,2000,both,Not applicable,Number,2.40167252474623
SGP,South-eastern Asia,Asia,2003,2000,both,Not applicable,Number,2.60607001088627
SGP,South-eastern Asia,Asia,2004,2000,both,Not applicable,Number,2.57363099793478
SVK,Eastern Europe,Europe,1996,1990,both,Not applicable,Number,3.53504485320726
SVK,Eastern Europe,Europe,1997,1990,both,Not applicable,Number,3.71639035923744
SVK,Eastern Europe,Europe,1998,1990,both,Not applicable,Number,3.52827485186817
SVK,Eastern Europe,Europe,1999,1990,both,Not applicable,Number,4.45543286201042
SVK,Eastern Europe,Europe,2000,2000,both,Not applicable,Number,2.96981608857031
SVK,Eastern Europe,Europe,2001,2000,both,Not applicable,Number,2.96964576580483
SVK,Eastern Europe,Europe,2002,2000,both,Not applicable,Number,2.96982931834064
SVK,Eastern Europe,Europe,2003,2000,both,Not applicable,Number,3.89828737097829
SVK,Eastern Europe,Europe,2004,2000,both,Not applicable,Number,2.41335140252845
SVN,Southern Europe,Europe,1996,1990,both,Not applicable,Number,3.55450838610086
SVN,Southern Europe,Europe,1997,1990,both,Not applicable,Number,2.53357878644616
SVN,Southern Europe,Europe,1998,1990,both,Not applicable,Number,2.52908702993124
SVN,Southern Europe,Europe,1999,1990,both,Not applicable,Number,2.5249043944951
SVN,Southern Europe,Europe,2000,2000,both,Not applicable,Number,2.52063390918055
SVN,Southern Europe,Europe,2001,2000,both,Not applicable,Number,3.0193616566231
SVN,Southern Europe,Europe,2002,2000,both,Not applicable,Number,3.01387588457257
SVN,Southern Europe,Europe,2003,2000,both,Not applicable,Number,2.50721325252752
SVN,Southern Europe,Europe,2004,2000,both,Not applicable,Number,2.50349738584803
SLB,Melanesia,Oceania,2001,2000,both,Not applicable,Number,2.34400088134433
SLB,Melanesia,Oceania,2002,2000,both,Not applicable,Number,2.28341260580763
SLB,Melanesia,Oceania,2003,2000,both,Not applicable,Number,2.22537731272337
SLB,Melanesia,Oceania,2004,2000,both,Not applicable,Number,2.16985635550927
SOM,Sub-Saharan Africa,Africa,1996,1990,both,Not applicable,Number,0.317455983934188
ZAF,Sub-Saharan Africa,Africa,1996,1990,both,Not applicable,Number,0.400932616434369
ZAF,Sub-Saharan Africa,Africa,1997,1990,both,Not applicable,Number,0.393192814701988
ZAF,Sub-Saharan Africa,Africa,1998,1990,both,Not applicable,Number,0.386281648083831
ZAF,Sub-Saharan Africa,Africa,1999,1990,both,Not applicable,Number,0.402427559294515
ZAF,Sub-Saharan Africa,Africa,2000,2000,both,Not applicable,Number,0.352436259699707
ZAF,Sub-Saharan Africa,Africa,2001,2000,both,Not applicable,Number,0.369427477159549
ZAF,Sub-Saharan Africa,Africa,2002,2000,both,Not applicable,Number,0.3864252750983
ZAF,Sub-Saharan Africa,Africa,2003,2000,both,Not applicable,Number,0.382256778612546
ZAF,Sub-Saharan Africa,Africa,2004,2000,both,Not applicable,Number,0.378621156403667
ESP,Southern Europe,Europe,1996,1990,both,Not applicable,Number,2.20404780726631
ESP,Southern Europe,Europe,2000,2000,both,Not applicable,Number,3.4551820260735
ESP,Southern Europe,Europe,2001,2000,both,Not applicable,Number,3.48534578999191
ESP,Southern Europe,Europe,2002,2000,both,Not applicable,Number,3.2859527934223
ESP,Southern Europe,Europe,2003,2000,both,Not applicable,Number,3.4439088546008
ESP,Southern Europe,Europe,2004,2000,both,Not applicable,Number,3.5284127304477
LKA,Southern Asia,Asia,1996,1990,both,Not applicable,Number,0.493575998693449
LKA,Southern Asia,Asia,2003,2000,both,Not applicable,Number,0.685525544712006
LKA,Southern Asia,Asia,1997,1990,both,Not applicable,Number,0.489840143934628
LKA,Southern Asia,Asia,2004,2000,both,Not applicable,Number,0.63024905551927
LKA,Southern Asia,Asia,1998,1990,both,Not applicable,Number,0.486526565756011
LKA,Southern Asia,Asia,2000,2000,both,Not applicable,Number,0.694677822052505
LKA,Southern Asia,Asia,2001,2000,both,Not applicable,Number,0.691293446197801
LKA,Southern Asia,Asia,2002,2000,both,Not applicable,Number,0.688298439426243
SUR,Latin America and the Caribbean,Americas,1996,1990,both,Not applicable,Number,4.76676231969722
SUR,Latin America and the Caribbean,Americas,1997,1990,both,Not applicable,Number,4.72020957730523
SUR,Latin America and the Caribbean,Americas,1998,1990,both,Not applicable,Number,4.67189295758856
SUR,Latin America and the Caribbean,Americas,2000,2000,both,Not applicable,Number,4.58249989116563
SUR,Latin America and the Caribbean,Americas,2001,2000,both,Not applicable,Number,6.81638477128757
SUR,Latin America and the Caribbean,Americas,2002,2000,both,Not applicable,Number,6.76461834023324
SUR,Latin America and the Caribbean,Americas,2003,2000,both,Not applicable,Number,6.71730018271056
SUR,Latin America and the Caribbean,Americas,2004,2000,both,Not applicable,Number,6.67290954426252
SUR,Latin America and the Caribbean,Americas,2005,2000,both,Not applicable,Number,8.84040418327926
SWZ,Sub-Saharan Africa,Africa,1996,1990,both,Not applicable,Number,3.06667879708502
SWZ,Sub-Saharan Africa,Africa,2000,2000,both,Not applicable,Number,0.945014340592618
SWZ,Sub-Saharan Africa,Africa,2001,2000,both,Not applicable,Number,1.86121999248067
SWZ,Sub-Saharan Africa,Africa,2002,2000,both,Not applicable,Number,1.83604318006351
SWZ,Sub-Saharan Africa,Africa,2003,2000,both,Not applicable,Number,1.8141609777602
SWZ,Sub-Saharan Africa,Africa,2004,2000,both,Not applicable,Number,1.79511620684765
SWE,Northern Europe,Europe,1996,1990,both,Not applicable,Number,10.6236584805727
SWE,Northern Europe,Europe,1997,1990,both,Not applicable,Number,10.6149704056884
SWE,Northern Europe,Europe,1998,1990,both,Not applicable,Number,10.6152065544158
SWE,Northern Europe,Europe,1999,1990,both,Not applicable,Number,10.6130408529814
SWE,Northern Europe,Europe,2000,2000,both,Not applicable,Number,10.1492068733135
SWE,Northern Europe,Europe,2001,2000,both,Not applicable,Number,10.6869696591307
SWE,Northern Europe,Europe,2002,2000,both,Not applicable,Number,10.4260452026235
SWE,Northern Europe,Europe,2003,2000,both,Not applicable,Number,10.2708707722389
SWE,Northern Europe,Europe,2004,2000,both,Not applicable,Number,10.3359873852052
CHE,Western Europe,Europe,1996,1990,both,Not applicable,Number,12.2729778037618
CHE,Western Europe,Europe,1997,1990,both,Not applicable,Number,10.8372829208867
CHE,Western Europe,Europe,1998,1990,both,Not applicable,Number,10.251285324163
CHE,Western Europe,Europe,1999,1990,both,Not applicable,Number,11.1889812018209
CHE,Western Europe,Europe,2000,2000,both,Not applicable,Number,14.8694094118405
CHE,Western Europe,Europe,2001,2000,both,Not applicable,Number,13.9883559279567
CHE,Western Europe,Europe,2002,2000,both,Not applicable,Number,13.92717154302
CHE,Western Europe,Europe,2003,2000,both,Not applicable,Number,13.7265654570301
CHE,Western Europe,Europe,2004,2000,both,Not applicable,Number,12.9868952757057
SYR,Western Asia,Asia,1996,1990,both,Not applicable,Number,0.534134249836488
SYR,Western Asia,Asia,2001,2000,both,Not applicable,Number,0.235997362021487
SYR,Western Asia,Asia,2002,2000,both,Not applicable,Number,0.229735148685163
SYR,Western Asia,Asia,2003,2000,both,Not applicable,Number,0.223547811064544
SYR,Western Asia,Asia,2004,2000,both,Not applicable,Number,0.217518682815616
TJK,Central Asia,Asia,1996,1990,both,Not applicable,Number,0.341586169039381
THA,South-eastern Asia,Asia,1996,1990,both,Not applicable,Number,0.515688073485963
THA,South-eastern Asia,Asia,1998,1990,both,Not applicable,Number,0.571665779099499
MKD,Southern Europe,Europe,1996,1990,both,Not applicable,Number,1.52021428940623
MKD,Southern Europe,Europe,1997,1990,both,Not applicable,Number,2.01689349995563
MKD,Southern Europe,Europe,1998,1990,both,Not applicable,Number,2.00727436228894
MKD,Southern Europe,Europe,1999,1990,both,Not applicable,Number,2.49809894670156
MKD,Southern Europe,Europe,2000,2000,both,Not applicable,Number,2.98616806950207
MKD,Southern Europe,Europe,2001,2000,both,Not applicable,Number,3.96843309891468
MKD,Southern Europe,Europe,2002,2000,both,Not applicable,Number,4.45199634936299
MKD,Southern Europe,Europe,2003,2000,both,Not applicable,Number,4.44154482851195
MKD,Southern Europe,Europe,2004,2000,both,Not applicable,Number,4.92536107822064
TLS,South-eastern Asia,Asia,2004,2000,both,Not applicable,Number,1.9736264300157
TLS,South-eastern Asia,Asia,1999,1990,both,Not applicable,Number,2.47284201259666
TLS,South-eastern Asia,Asia,2000,2000,both,Not applicable,Number,1.22171276799797
TLS,South-eastern Asia,Asia,2001,2000,both,Not applicable,Number,2.35687021776302
TLS,South-eastern Asia,Asia,2002,2000,both,Not applicable,Number,2.23258139991784
TLS,South-eastern Asia,Asia,2003,2000,both,Not applicable,Number,2.09663165641239
TGO,Sub-Saharan Africa,Africa,1996,1990,both,Not applicable,Number,0.214071887052247
TGO,Sub-Saharan Africa,Africa,1999,1990,both,Not applicable,Number,0.191532831504546
TGO,Sub-Saharan Africa,Africa,2000,2000,both,Not applicable,Number,0.185081025696835
TGO,Sub-Saharan Africa,Africa,2001,2000,both,Not applicable,Number,0.179325588739357
TGO,Sub-Saharan Africa,Africa,2002,2000,both,Not applicable,Number,0.174108499193442
TGO,Sub-Saharan Africa,Africa,2003,2000,both,Not applicable,Number,0.169293738688004
TGO,Sub-Saharan Africa,Africa,2004,2000,both,Not applicable,Number,0.164721769283113
TON,Polynesia,Oceania,1996,1990,both,Not applicable,Number,10.2355192990716
TTO,Latin America and the Caribbean,Americas,1996,1990,both,Not applicable,Number,3.13130174476133
TTO,Latin America and the Caribbean,Americas,2000,2000,both,Not applicable,Number,2.30672525748821
TTO,Latin America and the Caribbean,Americas,2001,2000,both,Not applicable,Number,2.298029975503
TTO,Latin America and the Caribbean,Americas,2002,2000,both,Not applicable,Number,2.2898595858102
TTO,Latin America and the Caribbean,Americas,2003,2000,both,Not applicable,Number,2.28200049291211
TTO,Latin America and the Caribbean,Americas,2004,2000,both,Not applicable,Number,2.27420378230412
TUN,Northern Africa,Africa,1996,1990,both,Not applicable,Number,0.878705859584122
TUN,Northern Africa,Africa,2000,2000,both,Not applicable,Number,0.731949600041826
TUN,Northern Africa,Africa,2001,2000,both,Not applicable,Number,0.827090351970367
TUN,Northern Africa,Africa,2002,2000,both,Not applicable,Number,0.715726588762213
TUN,Northern Africa,Africa,2003,2000,both,Not applicable,Number,0.809081944830725
TUN,Northern Africa,Africa,2004,2000,both,Not applicable,Number,1.00043038515169
TUR,Western Asia,Asia,1996,1990,both,Not applicable,Number,14.5684505384499
TUR,Western Asia,Asia,1997,1990,both,Not applicable,Number,15.0905649476357
TUR,Western Asia,Asia,1998,1990,both,Not applicable,Number,14.5368674416523
TUR,Western Asia,Asia,1999,1990,both,Not applicable,Number,8.34390961126157
TUR,Western Asia,Asia,2000,2000,both,Not applicable,Number,7.95206320241146
TUR,Western Asia,Asia,2004,2000,both,Not applicable,Number,8.16385716593254
TKM,Central Asia,Asia,1999,1990,both,Not applicable,Number,0.449987692836601
TKM,Central Asia,Asia,2000,2000,both,Not applicable,Number,0.444233186884459
TKM,Central Asia,Asia,2001,2000,both,Not applicable,Number,0.438176764012017
TKM,Central Asia,Asia,2002,2000,both,Not applicable,Number,0.431973653062952
TKM,Central Asia,Asia,2003,2000,both,Not applicable,Number,0.425734455796417
TKM,Central Asia,Asia,2004,2000,both,Not applicable,Number,0.419638582074802
UGA,Sub-Saharan Africa,Africa,1996,1990,both,Not applicable,Number,0.0912924486492529
UGA,Sub-Saharan Africa,Africa,1998,1990,both,Not applicable,Number,0.172025704596858
UGA,Sub-Saharan Africa,Africa,1999,1990,both,Not applicable,Number,0.166995431965205
UGA,Sub-Saharan Africa,Africa,2000,2000,both,Not applicable,Number,0.243016761473581
UGA,Sub-Saharan Africa,Africa,2001,2000,both,Not applicable,Number,0.235594431254428
UGA,Sub-Saharan Africa,Africa,2002,2000,both,Not applicable,Number,0.228271492873878
UGA,Sub-Saharan Africa,Africa,2003,2000,both,Not applicable,Number,0.257930173732922
UGA,Sub-Saharan Africa,Africa,2004,2000,both,Not applicable,Number,0.249753894296517
UKR,Eastern Europe,Europe,1996,1990,both,Not applicable,Number,0.868231743839116
UKR,Eastern Europe,Europe,1997,1990,both,Not applicable,Number,1.05452650128561
UKR,Eastern Europe,Europe,1998,1990,both,Not applicable,Number,0.82344180559017
UKR,Eastern Europe,Europe,1999,1990,both,Not applicable,Number,1.35867931341595
UKR,Eastern Europe,Europe,2000,2000,both,Not applicable,Number,1.24860741893462
UKR,Eastern Europe,Europe,2001,2000,both,Not applicable,Number,2.0029921812271
UKR,Eastern Europe,Europe,2002,2000,both,Not applicable,Number,1.37421683954904
UKR,Eastern Europe,Europe,2003,2000,both,Not applicable,Number,1.21723321002551
UKR,Eastern Europe,Europe,2004,2000,both,Not applicable,Number,1.1632383107927
ARE,Western Asia,Asia,1996,1990,both,Not applicable,Number,2.71635158281807
ARE,Western Asia,Asia,2000,2000,both,Not applicable,Number,2.46364658497009
ARE,Western Asia,Asia,2001,2000,both,Not applicable,Number,2.33619887593791
ARE,Western Asia,Asia,2002,2000,both,Not applicable,Number,2.49796693246885
ARE,Western Asia,Asia,2003,2000,both,Not applicable,Number,2.38168452841852
ARE,Western Asia,Asia,2004,2000,both,Not applicable,Number,2.28013829798823
GBR,Northern Europe,Europe,1999,1990,both,Not applicable,Number,1.80739178224653
GBR,Northern Europe,Europe,2000,2000,both,Not applicable,Number,1.83462590372525
GBR,Northern Europe,Europe,2001,2000,both,Not applicable,Number,1.82693023044796
GBR,Northern Europe,Europe,2002,2000,both,Not applicable,Number,1.80170068083911
GBR,Northern Europe,Europe,2003,2000,both,Not applicable,Number,1.79301333418772
GBR,Northern Europe,Europe,2004,2000,both,Not applicable,Number,1.81772858370527
GBR,Northern Europe,Europe,1996,1990,both,Not applicable,Number,1.70344575243651
GBR,Northern Europe,Europe,1997,1990,both,Not applicable,Number,1.6987025670124
GBR,Northern Europe,Europe,1998,1990,both,Not applicable,Number,1.67653633341641
TZA,Sub-Saharan Africa,Africa,1996,1990,both,Not applicable,Number,0.0976705921888465
TZA,Sub-Saharan Africa,Africa,2000,2000,both,Not applicable,Number,0.265888672471922
TZA,Sub-Saharan Africa,Africa,2001,2000,both,Not applicable,Number,0.316891577102544
TZA,Sub-Saharan Africa,Africa,2002,2000,both,Not applicable,Number,0.336935586563862
TZA,Sub-Saharan Africa,Africa,2003,2000,both,Not applicable,Number,0.355668299366555
TZA,Sub-Saharan Africa,Africa,2004,2000,both,Not applicable,Number,0.373253695924771
USA,Northern America,Americas,1996,1990,both,Not applicable,Number,5.56494678971784
USA,Northern America,Americas,1997,1990,both,Not applicable,Number,5.4665444653074
USA,Northern America,Americas,1998,1990,both,Not applicable,Number,5.33766489320331
USA,Northern America,Americas,1999,1990,both,Not applicable,Number,5.26076656761633
USA,Northern America,Americas,2000,2000,both,Not applicable,Number,5.24473558086331
USA,Northern America,Americas,2001,2000,both,Not applicable,Number,5.16612257760834
USA,Northern America,Americas,2002,2000,both,Not applicable,Number,5.07853282238915
USA,Northern America,Americas,2003,2000,both,Not applicable,Number,5.05042017556009
USA,Northern America,Americas,2004,2000,both,Not applicable,Number,5.0059984393143
URY,Latin America and the Caribbean,Americas,1996,1990,both,Not applicable,Number,11.1051609384601
UZB,Central Asia,Asia,1996,1990,both,Not applicable,Number,0.128645265440423
UZB,Central Asia,Asia,2001,2000,both,Not applicable,Number,0.119601773933511
UZB,Central Asia,Asia,2002,2000,both,Not applicable,Number,0.117871013749654
UZB,Central Asia,Asia,2003,2000,both,Not applicable,Number,0.154872829660563
UZB,Central Asia,Asia,2004,2000,both,Not applicable,Number,0.190775471768664
VUT,Melanesia,Oceania,1996,1990,both,Not applicable,Number,0.0
VUT,Melanesia,Oceania,2001,2000,both,Not applicable,Number,5.1495692385332
VUT,Melanesia,Oceania,2002,2000,both,Not applicable,Number,5.02131548423056
VUT,Melanesia,Oceania,2003,2000,both,Not applicable,Number,4.89093221167955
VUT,Melanesia,Oceania,2004,2000,both,Not applicable,Number,4.76376489867472
VEN,Latin America and the Caribbean,Americas,1996,1990,both,Not applicable,Number,3.81479456288864
VEN,Latin America and the Caribbean,Americas,2004,2000,both,Not applicable,Number,3.50338510778012
VNM,South-eastern Asia,Asia,1996,1990,both,Not applicable,Number,0.134093550794811
VNM,South-eastern Asia,Asia,1999,1990,both,Not applicable,Number,0.0641317621427848
YEM,Western Asia,Asia,2000,2000,both,Not applicable,Number,0.165000773028622
YEM,Western Asia,Asia,1996,1990,both,Not applicable,Number,0.186343262551259
YEM,Western Asia,Asia,2001,2000,both,Not applicable,Number,0.213563993836757
YEM,Western Asia,Asia,2002,2000,both,Not applicable,Number,0.207311535803765
YEM,Western Asia,Asia,2003,2000,both,Not applicable,Number,0.301848839232743
YEM,Western Asia,Asia,2004,2000,both,Not applicable,Number,0.292998507660934
ZMB,Sub-Saharan Africa,Africa,1996,1990,both,Not applicable,Number,0.315846126505217
ZMB,Sub-Saharan Africa,Africa,2000,2000,both,Not applicable,Number,0.287057166477847
ZMB,Sub-Saharan Africa,Africa,2001,2000,both,Not applicable,Number,0.281283165043178
ZMB,Sub-Saharan Africa,Africa,2002,2000,both,Not applicable,Number,0.275997771042001
ZMB,Sub-Saharan Africa,Africa,2003,2000,both,Not applicable,Number,0.271034832673936
ZMB,Sub-Saharan Africa,Africa,2004,2000,both,Not applicable,Number,0.266198276011232
ZWE,Sub-Saharan Africa,Africa,1996,1990,both,Not applicable,Number,0.166646696837496
ZWE,Sub-Saharan Africa,Africa,2000,2000,both,Not applicable,Number,0.237032654566624
ZWE,Sub-Saharan Africa,Africa,2001,2000,both,Not applicable,Number,0.234974773108359
ZWE,Sub-Saharan Africa,Africa,2002,2000,both,Not applicable,Number,0.233293828911638
ZWE,Sub-Saharan Africa,Africa,2003,2000,both,Not applicable,Number,0.231814912174216
ZWE,Sub-Saharan Africa,Africa,2004,2000,both,Not applicable,Number,0.230322157743961
,,,,,,,,
