Country,Sub-region Name,Region Name,Year,Decade,Sex,Age group,Units of measurement,Value
AFG,Southern Asia,Asia,1996,1990,both,Not applicable,Number,5.96330188235944
ALB,Southern Europe,Europe,1996,1990,both,Not applicable,Number,37.1552767059157
ALB,Southern Europe,Europe,2003,2000,both,Not applicable,Number,24.3982304862311
DZA,Northern Africa,Africa,1996,1990,both,Not applicable,Number,37.5523007060285
AGO,Sub-Saharan Africa,Africa,1996,1990,both,Not applicable,Number,10.1233786776337
AGO,Sub-Saharan Africa,Africa,1997,1990,both,Not applicable,Number,9.95938424138212
AGO,Sub-Saharan Africa,Africa,1998,1990,both,Not applicable,Number,10.032360775159
AGO,Sub-Saharan Africa,Africa,2000,2000,both,Not applicable,Number,2.51256173184706
AGO,Sub-Saharan Africa,Africa,2001,2000,both,Not applicable,Number,2.44446711978706
AGO,Sub-Saharan Africa,Africa,2002,2000,both,Not applicable,Number,2.37495070280898
AGO,Sub-Saharan Africa,Africa,2003,2000,both,Not applicable,Number,2.30565016040738
AGO,Sub-Saharan Africa,Africa,2004,2000,both,Not applicable,Number,2.2384931538565
ARG,Latin America and the Caribbean,Americas,2002,2000,both,Not applicable,Number,41.76166870702
ARG,Latin America and the Caribbean,Americas,1996,1990,both,Not applicable,Number,122.498121199244
ARG,Latin America and the Caribbean,Americas,2003,2000,both,Not applicable,Number,41.5470096125414
ARG,Latin America and the Caribbean,Americas,1997,1990,both,Not applicable,Number,65.4270074729131
ARG,Latin America and the Caribbean,Americas,2004,2000,both,Not applicable,Number,35.5211281781344
ARG,Latin America and the Caribbean,Americas,1998,1990,both,Not applicable,Number,59.8305366527684
ARG,Latin America and the Caribbean,Americas,1999,1990,both,Not applicable,Number,53.2537449175752
ARG,Latin America and the Caribbean,Americas,2000,2000,both,Not applicable,Number,62.3378673380798
ARG,Latin America and the Caribbean,Americas,2001,2000,both,Not applicable,Number,52.4220404579036
ARM,Western Asia,Asia,1999,1990,both,Not applicable,Number,10.0000290323424
ARM,Western Asia,Asia,1996,1990,both,Not applicable,Number,26.7463140432623
ARM,Western Asia,Asia,2000,2000,both,Not applicable,Number,5.19143413367943
ARM,Western Asia,Asia,2001,2000,both,Not applicable,Number,5.5468274594062
ARM,Western Asia,Asia,2002,2000,both,Not applicable,Number,8.52415417440944
ARM,Western Asia,Asia,2003,2000,both,Not applicable,Number,8.55933263541852
ARM,Western Asia,Asia,2004,2000,both,Not applicable,Number,7.59858335976319
ABW,Latin America and the Caribbean,Americas,1996,1990,both,Not applicable,Number,842.391931500842
AUS,Australia and New Zealand,Oceania,1996,1990,both,Not applicable,Number,293.585260467258
AUS,Australia and New Zealand,Oceania,1997,1990,both,Not applicable,Number,174.683223162736
AUS,Australia and New Zealand,Oceania,1998,1990,both,Not applicable,Number,165.851962772194
AUS,Australia and New Zealand,Oceania,1999,1990,both,Not applicable,Number,162.948217931587
AUS,Australia and New Zealand,Oceania,2000,2000,both,Not applicable,Number,165.789431746665
AUS,Australia and New Zealand,Oceania,2003,2000,both,Not applicable,Number,158.739013559487
AUS,Australia and New Zealand,Oceania,2004,2000,both,Not applicable,Number,155.072784860713
AUT,Western Europe,Europe,1996,1990,both,Not applicable,Number,294.957489963768
AUT,Western Europe,Europe,1997,1990,both,Not applicable,Number,309.082131158384
AUT,Western Europe,Europe,1998,1990,both,Not applicable,Number,329.8323403761
AUT,Western Europe,Europe,1999,1990,both,Not applicable,Number,357.660505091722
AUT,Western Europe,Europe,2000,2000,both,Not applicable,Number,308.577746304957
AUT,Western Europe,Europe,2001,2000,both,Not applicable,Number,299.612101871064
AUT,Western Europe,Europe,2002,2000,both,Not applicable,Number,312.41801015793
AUT,Western Europe,Europe,2003,2000,both,Not applicable,Number,307.108327896225
AUT,Western Europe,Europe,2004,2000,both,Not applicable,Number,311.387539239979
AZE,Western Asia,Asia,1996,1990,both,Not applicable,Number,25.3751590388093
AZE,Western Asia,Asia,1998,1990,both,Not applicable,Number,11.8311625848325
AZE,Western Asia,Asia,1999,1990,both,Not applicable,Number,9.88898257326407
AZE,Western Asia,Asia,2001,2000,both,Not applicable,Number,16.118664632133
BHS,Latin America and the Caribbean,Americas,1996,1990,both,Not applicable,Number,99.225132358613
BHR,Western Asia,Asia,1996,1990,both,Not applicable,Number,112.311233652898
BGD,Southern Asia,Asia,1996,1990,both,Not applicable,Number,8.66733677833727
BRB,Latin America and the Caribbean,Americas,1996,1990,both,Not applicable,Number,187.653267939013
BLR,Eastern Europe,Europe,1996,1990,both,Not applicable,Number,195.374107714239
BLR,Eastern Europe,Europe,2000,2000,both,Not applicable,Number,109.535378672858
BLR,Eastern Europe,Europe,2001,2000,both,Not applicable,Number,169.667127835114
BLR,Eastern Europe,Europe,2002,2000,both,Not applicable,Number,140.839040579637
BLR,Eastern Europe,Europe,2003,2000,both,Not applicable,Number,82.2318341914102
BLR,Eastern Europe,Europe,2004,2000,both,Not applicable,Number,81.2616313801804
BEL,Western Europe,Europe,1996,1990,both,Not applicable,Number,160.788041485887
BEL,Western Europe,Europe,1997,1990,both,Not applicable,Number,158.515653494855
BEL,Western Europe,Europe,1998,1990,both,Not applicable,Number,156.557439919111
BEL,Western Europe,Europe,1999,1990,both,Not applicable,Number,153.862469382451
BEL,Western Europe,Europe,2000,2000,both,Not applicable,Number,173.450769707412
BEL,Western Europe,Europe,2001,2000,both,Not applicable,Number,180.956052119645
BEL,Western Europe,Europe,2002,2000,both,Not applicable,Number,160.741791726734
BEL,Western Europe,Europe,2003,2000,both,Not applicable,Number,162.656130013235
BEL,Western Europe,Europe,2004,2000,both,Not applicable,Number,164.67696480083
BLZ,Latin America and the Caribbean,Americas,1996,1990,both,Not applicable,Number,0.0
BEN,Sub-Saharan Africa,Africa,1996,1990,both,Not applicable,Number,1.87209445090924
BEN,Sub-Saharan Africa,Africa,2000,2000,both,Not applicable,Number,0.207548712720619
BEN,Sub-Saharan Africa,Africa,2001,2000,both,Not applicable,Number,0.268094070992382
BEN,Sub-Saharan Africa,Africa,2002,2000,both,Not applicable,Number,0.25954960875492
BEN,Sub-Saharan Africa,Africa,2003,2000,both,Not applicable,Number,0.376808965641805
BEN,Sub-Saharan Africa,Africa,2004,2000,both,Not applicable,Number,0.364781734065361
BMU,Northern America,Americas,2000,2000,both,Not applicable,Number,241.425375416459
BMU,Northern America,Americas,2004,2000,both,Not applicable,Number,263.866077068857
BTN,Southern Asia,Asia,1996,1990,both,Not applicable,Number,0.0
BOL,Latin America and the Caribbean,Americas,1996,1990,both,Not applicable,Number,54.9190251663818
BOL,Latin America and the Caribbean,Americas,1998,1990,both,Not applicable,Number,98.8074901902449
BIH,Southern Europe,Europe,1996,1990,both,Not applicable,Number,158.747237357105
BWA,Sub-Saharan Africa,Africa,1996,1990,both,Not applicable,Number,24.9567156962144
BWA,Sub-Saharan Africa,Africa,1997,1990,both,Not applicable,Number,24.7286866197656
BWA,Sub-Saharan Africa,Africa,1998,1990,both,Not applicable,Number,24.5695539832903
BWA,Sub-Saharan Africa,Africa,2000,2000,both,Not applicable,Number,29.3653896876113
BWA,Sub-Saharan Africa,Africa,2001,2000,both,Not applicable,Number,28.9544703799686
BWA,Sub-Saharan Africa,Africa,2002,2000,both,Not applicable,Number,28.5998366335239
BWA,Sub-Saharan Africa,Africa,2003,2000,both,Not applicable,Number,34.9542252834635
BWA,Sub-Saharan Africa,Africa,2004,2000,both,Not applicable,Number,41.4732427670572
BRA,Latin America and the Caribbean,Americas,1996,1990,both,Not applicable,Number,39.4458256442822
BRA,Latin America and the Caribbean,Americas,1997,1990,both,Not applicable,Number,41.377002384707
BRA,Latin America and the Caribbean,Americas,1998,1990,both,Not applicable,Number,42.3629160462103
BRA,Latin America and the Caribbean,Americas,1999,1990,both,Not applicable,Number,42.214942826517
BRA,Latin America and the Caribbean,Americas,2000,2000,both,Not applicable,Number,45.2628203780716
BRA,Latin America and the Caribbean,Americas,2001,2000,both,Not applicable,Number,43.4064685734281
BRA,Latin America and the Caribbean,Americas,2002,2000,both,Not applicable,Number,38.8962448526424
BRA,Latin America and the Caribbean,Americas,2003,2000,both,Not applicable,Number,35.591057081845
BRA,Latin America and the Caribbean,Americas,2004,2000,both,Not applicable,Number,35.5473199200687
BRN,South-eastern Asia,Asia,1996,1990,both,Not applicable,Number,68.7287494341443
BRN,South-eastern Asia,Asia,2002,2000,both,Not applicable,Number,85.8487002506782
BRN,South-eastern Asia,Asia,2003,2000,both,Not applicable,Number,69.9175532212415
BRN,South-eastern Asia,Asia,2004,2000,both,Not applicable,Number,68.3626062013087
BGR,Eastern Europe,Europe,1996,1990,both,Not applicable,Number,259.305250514259
BGR,Eastern Europe,Europe,2004,2000,both,Not applicable,Number,78.9753322679275
BGR,Eastern Europe,Europe,1997,1990,both,Not applicable,Number,154.592017390443
BGR,Eastern Europe,Europe,1998,1990,both,Not applicable,Number,136.832083776674
BGR,Eastern Europe,Europe,1999,1990,both,Not applicable,Number,167.433408322829
BGR,Eastern Europe,Europe,2000,2000,both,Not applicable,Number,137.406734054615
BGR,Eastern Europe,Europe,2001,2000,both,Not applicable,Number,127.033492341242
BGR,Eastern Europe,Europe,2002,2000,both,Not applicable,Number,108.011129478943
BGR,Eastern Europe,Europe,2003,2000,both,Not applicable,Number,85.0589038008275
BFA,Sub-Saharan Africa,Africa,1996,1990,both,Not applicable,Number,1.32441422341411
BFA,Sub-Saharan Africa,Africa,1997,1990,both,Not applicable,Number,1.30562742891525
BFA,Sub-Saharan Africa,Africa,1998,1990,both,Not applicable,Number,1.29555101526972
BDI,Sub-Saharan Africa,Africa,1996,1990,both,Not applicable,Number,3.16718743146008
BDI,Sub-Saharan Africa,Africa,1997,1990,both,Not applicable,Number,2.35178317687965
BDI,Sub-Saharan Africa,Africa,1998,1990,both,Not applicable,Number,2.32679818453898
KHM,South-eastern Asia,Asia,1996,1990,both,Not applicable,Number,1.4530030025025
CMR,Sub-Saharan Africa,Africa,1996,1990,both,Not applicable,Number,6.31173142098506
CMR,Sub-Saharan Africa,Africa,1997,1990,both,Not applicable,Number,6.20024447645197
CMR,Sub-Saharan Africa,Africa,1998,1990,both,Not applicable,Number,6.06417516642608
CAN,Northern America,Americas,1996,1990,both,Not applicable,Number,159.467703700219
CAN,Northern America,Americas,2000,2000,both,Not applicable,Number,179.21709890138
CAN,Northern America,Americas,1997,1990,both,Not applicable,Number,166.752711154932
CAN,Northern America,Americas,2001,2000,both,Not applicable,Number,179.595174536437
CAN,Northern America,Americas,1998,1990,both,Not applicable,Number,166.128108437808
CAN,Northern America,Americas,2002,2000,both,Not applicable,Number,174.426968600463
CAN,Northern America,Americas,1999,1990,both,Not applicable,Number,169.923461749443
CAN,Northern America,Americas,2003,2000,both,Not applicable,Number,176.7188500465
CAN,Northern America,Americas,2004,2000,both,Not applicable,Number,174.55775364387
CPV,Sub-Saharan Africa,Africa,1996,1990,both,Not applicable,Number,0.0
CYM,Latin America and the Caribbean,Americas,2000,2000,both,Not applicable,Number,362.727317288368
CYM,Latin America and the Caribbean,Americas,2001,2000,both,Not applicable,Number,353.205097608706
CYM,Latin America and the Caribbean,Americas,2002,2000,both,Not applicable,Number,281.349547748041
CYM,Latin America and the Caribbean,Americas,2003,2000,both,Not applicable,Number,274.084309239586
CYM,Latin America and the Caribbean,Americas,2004,2000,both,Not applicable,Number,348.101265822785
CAF,Sub-Saharan Africa,Africa,1996,1990,both,Not applicable,Number,1.69570131238803
CAF,Sub-Saharan Africa,Africa,1997,1990,both,Not applicable,Number,1.68271359359487
CAF,Sub-Saharan Africa,Africa,1998,1990,both,Not applicable,Number,1.67161500657322
TCD,Sub-Saharan Africa,Africa,1996,1990,both,Not applicable,Number,0.203052694204673
TCD,Sub-Saharan Africa,Africa,1997,1990,both,Not applicable,Number,0.203054968552026
TCD,Sub-Saharan Africa,Africa,1998,1990,both,Not applicable,Number,0.19764746306178
CHL,Latin America and the Caribbean,Americas,1996,1990,both,Not applicable,Number,96.4633524777741
CHL,Latin America and the Caribbean,Americas,2000,2000,both,Not applicable,Number,84.569515755105
CHL,Latin America and the Caribbean,Americas,2001,2000,both,Not applicable,Number,85.0098968751445
CHL,Latin America and the Caribbean,Americas,2003,2000,both,Not applicable,Number,58.1964962887347
CHL,Latin America and the Caribbean,Americas,2004,2000,both,Not applicable,Number,50.6083765670068
CHN,Eastern Asia,Asia,2000,2000,both,Not applicable,Number,59.5314231485519
CHN,Eastern Asia,Asia,1996,1990,both,Not applicable,Number,34.2732280686221
CHN,Eastern Asia,Asia,2001,2000,both,Not applicable,Number,64.124876335842
CHN,Eastern Asia,Asia,1997,1990,both,Not applicable,Number,35.5155124841782
CHN,Eastern Asia,Asia,2002,2000,both,Not applicable,Number,66.3380509210972
CHN,Eastern Asia,Asia,1998,1990,both,Not applicable,Number,50.4375158831352
CHN,Eastern Asia,Asia,2003,2000,both,Not applicable,Number,68.3639527044423
CHN,Eastern Asia,Asia,1999,1990,both,Not applicable,Number,55.6384457792872
CHN,Eastern Asia,Asia,2004,2000,both,Not applicable,Number,74.1036288152543
COL,Latin America and the Caribbean,Americas,1996,1990,both,Not applicable,Number,46.2193104741354
COL,Latin America and the Caribbean,Americas,1997,1990,both,Not applicable,Number,29.0416744495915
COL,Latin America and the Caribbean,Americas,1998,1990,both,Not applicable,Number,26.5871960825552
COL,Latin America and the Caribbean,Americas,1999,1990,both,Not applicable,Number,26.655761785578
COL,Latin America and the Caribbean,Americas,2004,2000,both,Not applicable,Number,22.6547872543986
COG,Sub-Saharan Africa,Africa,1996,1990,both,Not applicable,Number,6.96123358628136
COG,Sub-Saharan Africa,Africa,1997,1990,both,Not applicable,Number,6.93833579446822
COG,Sub-Saharan Africa,Africa,1998,1990,both,Not applicable,Number,6.78249812575871
CRI,Latin America and the Caribbean,Americas,1996,1990,both,Not applicable,Number,89.80139579432
CRI,Latin America and the Caribbean,Americas,1998,1990,both,Not applicable,Number,70.706224442368
CRI,Latin America and the Caribbean,Americas,1999,1990,both,Not applicable,Number,75.525396326028
CRI,Latin America and the Caribbean,Americas,2000,2000,both,Not applicable,Number,69.9959809580388
CRI,Latin America and the Caribbean,Americas,2001,2000,both,Not applicable,Number,74.9794553801247
CRI,Latin America and the Caribbean,Americas,2002,2000,both,Not applicable,Number,70.2963332163355
CRI,Latin America and the Caribbean,Americas,2003,2000,both,Not applicable,Number,67.2832784052762
CRI,Latin America and the Caribbean,Americas,2004,2000,both,Not applicable,Number,64.7067025280993
CIV,Sub-Saharan Africa,Africa,1996,1990,both,Not applicable,Number,14.9788321866962
CIV,Sub-Saharan Africa,Africa,1997,1990,both,Not applicable,Number,14.8211216751021
CIV,Sub-Saharan Africa,Africa,1998,1990,both,Not applicable,Number,14.620156059723
HRV,Southern Europe,Europe,1997,1990,both,Not applicable,Number,108.919794970937
HRV,Southern Europe,Europe,1998,1990,both,Not applicable,Number,111.537139242965
HRV,Southern Europe,Europe,1999,1990,both,Not applicable,Number,118.283416334013
CUB,Latin America and the Caribbean,Americas,1996,1990,both,Not applicable,Number,118.397926688368
CUB,Latin America and the Caribbean,Americas,2000,2000,both,Not applicable,Number,53.8499820275685
CUB,Latin America and the Caribbean,Americas,2001,2000,both,Not applicable,Number,64.3017983651324
CUB,Latin America and the Caribbean,Americas,2002,2000,both,Not applicable,Number,64.1726142453741
CUB,Latin America and the Caribbean,Americas,2003,2000,both,Not applicable,Number,63.844345206232
CUB,Latin America and the Caribbean,Americas,2004,2000,both,Not applicable,Number,64.694710940635
CYP,Western Asia,Asia,1996,1990,both,Not applicable,Number,126.066878479033
CYP,Western Asia,Asia,1998,1990,both,Not applicable,Number,115.689553672631
CYP,Western Asia,Asia,1999,1990,both,Not applicable,Number,124.547970519785
CZE,Eastern Europe,Europe,2001,2000,both,Not applicable,Number,188.754816700658
CZE,Eastern Europe,Europe,1996,1990,both,Not applicable,Number,254.440842455572
CZE,Eastern Europe,Europe,2002,2000,both,Not applicable,Number,185.264021325163
CZE,Eastern Europe,Europe,2000,2000,both,Not applicable,Number,185.902340608312
CZE,Eastern Europe,Europe,2003,2000,both,Not applicable,Number,183.086243721426
CZE,Eastern Europe,Europe,2004,2000,both,Not applicable,Number,182.549216926638
PRK,Eastern Asia,Asia,1996,1990,both,Not applicable,Number,204.543873979156
COD,Sub-Saharan Africa,Africa,1996,1990,both,Not applicable,Number,2.66617282265545
COD,Sub-Saharan Africa,Africa,1997,1990,both,Not applicable,Number,2.71393873887096
COD,Sub-Saharan Africa,Africa,1998,1990,both,Not applicable,Number,2.66008900204142
DNK,Northern Europe,Europe,1996,1990,both,Not applicable,Number,310.134226397985
DNK,Northern Europe,Europe,1997,1990,both,Not applicable,Number,306.748466257669
DNK,Northern Europe,Europe,1998,1990,both,Not applicable,Number,304.711428076485
DNK,Northern Europe,Europe,1999,1990,both,Not applicable,Number,293.131264669498
DNK,Northern Europe,Europe,2000,2000,both,Not applicable,Number,282.453843537064
DNK,Northern Europe,Europe,2001,2000,both,Not applicable,Number,324.22417786012
DNK,Northern Europe,Europe,2002,2000,both,Not applicable,Number,336.199780855824
DNK,Northern Europe,Europe,2003,2000,both,Not applicable,Number,354.682326389404
DNK,Northern Europe,Europe,2004,2000,both,Not applicable,Number,352.772857589706
DOM,Latin America and the Caribbean,Americas,2004,2000,both,Not applicable,Number,39.1436401075817
DOM,Latin America and the Caribbean,Americas,1996,1990,both,Not applicable,Number,50.9856156831754
DOM,Latin America and the Caribbean,Americas,1997,1990,both,Not applicable,Number,15.2071056073884
DOM,Latin America and the Caribbean,Americas,1998,1990,both,Not applicable,Number,14.9438098551054
DOM,Latin America and the Caribbean,Americas,1999,1990,both,Not applicable,Number,26.7506093032804
DOM,Latin America and the Caribbean,Americas,2000,2000,both,Not applicable,Number,26.3038022832387
DOM,Latin America and the Caribbean,Americas,2001,2000,both,Not applicable,Number,27.222733367163
DOM,Latin America and the Caribbean,Americas,2002,2000,both,Not applicable,Number,53.7917899118479
DOM,Latin America and the Caribbean,Americas,2003,2000,both,Not applicable,Number,50.7638709826415
ECU,Latin America and the Caribbean,Americas,1996,1990,both,Not applicable,Number,70.7122770051695
ECU,Latin America and the Caribbean,Americas,1999,1990,both,Not applicable,Number,100.500906402847
ECU,Latin America and the Caribbean,Americas,2000,2000,both,Not applicable,Number,99.1423052893883
EGY,Northern Africa,Africa,1996,1990,both,Not applicable,Number,38.8453083195013
EGY,Northern Africa,Africa,1997,1990,both,Not applicable,Number,33.3647205321756
EGY,Northern Africa,Africa,1998,1990,both,Not applicable,Number,36.3697811722907
EGY,Northern Africa,Africa,1999,1990,both,Not applicable,Number,31.8452604499839
SLV,Latin America and the Caribbean,Americas,1996,1990,both,Not applicable,Number,48.3807249799429
SLV,Latin America and the Caribbean,Americas,2002,2000,both,Not applicable,Number,39.1087705641737
SLV,Latin America and the Caribbean,Americas,2003,2000,both,Not applicable,Number,38.5523678401699
SLV,Latin America and the Caribbean,Americas,2004,2000,both,Not applicable,Number,38.0169853807964
GNQ,Sub-Saharan Africa,Africa,1996,1990,both,Not applicable,Number,5.1110764693706
GNQ,Sub-Saharan Africa,Africa,1997,1990,both,Not applicable,Number,4.98978341845072
GNQ,Sub-Saharan Africa,Africa,1998,1990,both,Not applicable,Number,4.8714544945257
EST,Northern Europe,Europe,1996,1990,both,Not applicable,Number,179.886565648015
EST,Northern Europe,Europe,1997,1990,both,Not applicable,Number,185.54888213935
EST,Northern Europe,Europe,1998,1990,both,Not applicable,Number,182.892626906962
EST,Northern Europe,Europe,1999,1990,both,Not applicable,Number,198.008024764784
EST,Northern Europe,Europe,2000,2000,both,Not applicable,Number,191.250089420366
EST,Northern Europe,Europe,2001,2000,both,Not applicable,Number,189.578399071704
EST,Northern Europe,Europe,2002,2000,both,Not applicable,Number,187.939169618417
EST,Northern Europe,Europe,2003,2000,both,Not applicable,Number,185.604760946984
EST,Northern Europe,Europe,2004,2000,both,Not applicable,Number,190.60403680067
ETH,Sub-Saharan Africa,Africa,2004,2000,both,Not applicable,Number,4.64962841936012
ETH,Sub-Saharan Africa,Africa,1996,1990,both,Not applicable,Number,1.38436201169628
ETH,Sub-Saharan Africa,Africa,1997,1990,both,Not applicable,Number,0.35974673642062
ETH,Sub-Saharan Africa,Africa,1998,1990,both,Not applicable,Number,0.349874390530221
ETH,Sub-Saharan Africa,Africa,2000,2000,both,Not applicable,Number,4.87112860028826
ETH,Sub-Saharan Africa,Africa,2001,2000,both,Not applicable,Number,4.8000157642623
ETH,Sub-Saharan Africa,Africa,2002,2000,both,Not applicable,Number,4.78576077010165
ETH,Sub-Saharan Africa,Africa,2003,2000,both,Not applicable,Number,4.71708100737822
FJI,Melanesia,Oceania,1996,1990,both,Not applicable,Number,51.5495803864157
FJI,Melanesia,Oceania,2000,2000,both,Not applicable,Number,66.1110840845673
FJI,Melanesia,Oceania,2001,2000,both,Not applicable,Number,59.4551677069257
FJI,Melanesia,Oceania,2002,2000,both,Not applicable,Number,54.1434506113288
FJI,Melanesia,Oceania,2003,2000,both,Not applicable,Number,61.1402410392863
FJI,Melanesia,Oceania,2004,2000,both,Not applicable,Number,53.4701521104304
FIN,Northern Europe,Europe,1996,1990,both,Not applicable,Number,454.98222115999
FIN,Northern Europe,Europe,1997,1990,both,Not applicable,Number,451.956340589473
FIN,Northern Europe,Europe,1998,1990,both,Not applicable,Number,454.769107144417
FIN,Northern Europe,Europe,1999,1990,both,Not applicable,Number,451.423989960609
FIN,Northern Europe,Europe,2000,2000,both,Not applicable,Number,445.142469740842
FIN,Northern Europe,Europe,2001,2000,both,Not applicable,Number,444.60058890788
FIN,Northern Europe,Europe,2002,2000,both,Not applicable,Number,435.94325202902
FIN,Northern Europe,Europe,2003,2000,both,Not applicable,Number,429.970826009804
FIN,Northern Europe,Europe,2004,2000,both,Not applicable,Number,431.070243230668
FRA,Western Europe,Europe,1996,1990,both,Not applicable,Number,217.424602840151
FRA,Western Europe,Europe,1997,1990,both,Not applicable,Number,145.190508091162
FRA,Western Europe,Europe,1998,1990,both,Not applicable,Number,162.860183953374
FRA,Western Europe,Europe,1999,1990,both,Not applicable,Number,163.174202883193
FRA,Western Europe,Europe,2000,2000,both,Not applicable,Number,164.578323699822
FRA,Western Europe,Europe,2001,2000,both,Not applicable,Number,157.088027161603
FRA,Western Europe,Europe,2002,2000,both,Not applicable,Number,161.037544477846
FRA,Western Europe,Europe,2003,2000,both,Not applicable,Number,160.664147380546
FRA,Western Europe,Europe,2004,2000,both,Not applicable,Number,163.143009430753
FRA,Western Europe,Europe,2005,2000,both,Not applicable,Number,163.524070223082
GUF,Latin America and the Caribbean,Americas,1996,1990,both,Not applicable,Number,11.1391911554822
PYF,Polynesia,Oceania,1996,1990,both,Not applicable,Number,109.153424233879
GAB,Sub-Saharan Africa,Africa,1996,1990,both,Not applicable,Number,30.4828483173468
GAB,Sub-Saharan Africa,Africa,1997,1990,both,Not applicable,Number,30.5800190696638
GAB,Sub-Saharan Africa,Africa,1998,1990,both,Not applicable,Number,30.6909701521496
GMB,Sub-Saharan Africa,Africa,1996,1990,both,Not applicable,Number,1.66330955355108
GMB,Sub-Saharan Africa,Africa,1997,1990,both,Not applicable,Number,1.64426852108073
GMB,Sub-Saharan Africa,Africa,1998,1990,both,Not applicable,Number,1.62536435250902
GEO,Western Asia,Asia,1996,1990,both,Not applicable,Number,0.201871347390308
GEO,Western Asia,Asia,2002,2000,both,Not applicable,Number,3.51674828340418
GEO,Western Asia,Asia,2003,2000,both,Not applicable,Number,2.6429451638179
GEO,Western Asia,Asia,2004,2000,both,Not applicable,Number,3.90326906255791
DEU,Western Europe,Europe,1996,1990,both,Not applicable,Number,311.314194314531
DEU,Western Europe,Europe,1997,1990,both,Not applicable,Number,305.080942891901
DEU,Western Europe,Europe,1998,1990,both,Not applicable,Number,304.461681721653
DEU,Western Europe,Europe,1999,1990,both,Not applicable,Number,298.71833357658
DEU,Western Europe,Europe,2000,2000,both,Not applicable,Number,290.369920465735
DEU,Western Europe,Europe,2001,2000,both,Not applicable,Number,288.85086629773
DEU,Western Europe,Europe,2002,2000,both,Not applicable,Number,281.262554145012
DEU,Western Europe,Europe,2003,2000,both,Not applicable,Number,273.713562003171
DEU,Western Europe,Europe,2004,2000,both,Not applicable,Number,267.465144117905
GHA,Sub-Saharan Africa,Africa,1996,1990,both,Not applicable,Number,13.6303603300248
GHA,Sub-Saharan Africa,Africa,1997,1990,both,Not applicable,Number,13.5976026069505
GHA,Sub-Saharan Africa,Africa,1998,1990,both,Not applicable,Number,13.5156328827655
GRC,Southern Europe,Europe,1996,1990,both,Not applicable,Number,153.637550581672
GRD,Latin America and the Caribbean,Americas,1996,1990,both,Not applicable,Number,0.0
GLP,Latin America and the Caribbean,Americas,1996,1990,both,Not applicable,Number,85.6327772911661
GUM,Micronesia,Oceania,1996,1990,both,Not applicable,Number,186.449526418203
GTM,Latin America and the Caribbean,Americas,1996,1990,both,Not applicable,Number,33.0227146449584
GIN,Sub-Saharan Africa,Africa,1996,1990,both,Not applicable,Number,0.0
GNB,Sub-Saharan Africa,Africa,1996,1990,both,Not applicable,Number,4.89325766182207
GNB,Sub-Saharan Africa,Africa,1997,1990,both,Not applicable,Number,4.79910776257664
GNB,Sub-Saharan Africa,Africa,1998,1990,both,Not applicable,Number,4.78602973359569
GUY,Latin America and the Caribbean,Americas,1996,1990,both,Not applicable,Number,56.9670267812683
GUY,Latin America and the Caribbean,Americas,2000,2000,both,Not applicable,Number,77.274280804524
HTI,Latin America and the Caribbean,Americas,1996,1990,both,Not applicable,Number,2.44276721681125
HND,Latin America and the Caribbean,Americas,1996,1990,both,Not applicable,Number,56.1482608865775
HKG,Eastern Asia,Asia,1998,1990,both,Not applicable,Number,243.946339818638
HKG,Eastern Asia,Asia,1996,1990,both,Not applicable,Number,793.06442950593
HKG,Eastern Asia,Asia,1999,1990,both,Not applicable,Number,232.340452966568
HKG,Eastern Asia,Asia,2000,2000,both,Not applicable,Number,222.299941310414
HUN,Eastern Europe,Europe,1998,1990,both,Not applicable,Number,165.574459613662
HUN,Eastern Europe,Europe,1997,1990,both,Not applicable,Number,169.246049654381
HUN,Eastern Europe,Europe,1999,1990,both,Not applicable,Number,162.00450448691
HUN,Eastern Europe,Europe,2000,2000,both,Not applicable,Number,174.460799138152
HUN,Eastern Europe,Europe,2001,2000,both,Not applicable,Number,206.493514395954
HUN,Eastern Europe,Europe,2002,2000,both,Not applicable,Number,204.442984855773
HUN,Eastern Europe,Europe,2003,2000,both,Not applicable,Number,209.092011038086
HUN,Eastern Europe,Europe,2004,2000,both,Not applicable,Number,217.041527212953
ISL,Northern Europe,Europe,1996,1990,both,Not applicable,Number,536.846158402938
ISL,Northern Europe,Europe,1997,1990,both,Not applicable,Number,366.632081040355
ISL,Northern Europe,Europe,1998,1990,both,Not applicable,Number,341.239935237017
ISL,Northern Europe,Europe,1999,1990,both,Not applicable,Number,334.240214488774
ISL,Northern Europe,Europe,2000,2000,both,Not applicable,Number,323.571161748226
ISL,Northern Europe,Europe,2001,2000,both,Not applicable,Number,524.070422535211
ISL,Northern Europe,Europe,2002,2000,both,Not applicable,Number,564.074151508816
ISL,Northern Europe,Europe,2003,2000,both,Not applicable,Number,580.463496223747
ISL,Northern Europe,Europe,2004,2000,both,Not applicable,Number,551.619478120743
IND,Southern Asia,Asia,1996,1990,both,Not applicable,Number,41.8872768455711
IND,Southern Asia,Asia,2000,2000,both,Not applicable,Number,57.2656281211607
IND,Southern Asia,Asia,2001,2000,both,Not applicable,Number,54.8415128372787
IND,Southern Asia,Asia,2002,2000,both,Not applicable,Number,67.9234725204455
IND,Southern Asia,Asia,2003,2000,both,Not applicable,Number,67.9529672712952
IND,Southern Asia,Asia,2004,2000,both,Not applicable,Number,70.943771720337
IDN,South-eastern Asia,Asia,1996,1990,both,Not applicable,Number,23.2943237536894
IRN,Southern Asia,Asia,1996,1990,both,Not applicable,Number,26.1719965913947
IRQ,Western Asia,Asia,1996,1990,both,Not applicable,Number,18.2372485001655
IRL,Northern Europe,Europe,1996,1990,both,Not applicable,Number,149.22871017476
IRL,Northern Europe,Europe,1997,1990,both,Not applicable,Number,150.331710186607
IRL,Northern Europe,Europe,1998,1990,both,Not applicable,Number,150.155088370448
IRL,Northern Europe,Europe,1999,1990,both,Not applicable,Number,151.073501121727
IRL,Northern Europe,Europe,2000,2000,both,Not applicable,Number,150.900857085321
IRL,Northern Europe,Europe,2001,2000,both,Not applicable,Number,152.269988155052
IRL,Northern Europe,Europe,2002,2000,both,Not applicable,Number,150.553149082772
IRL,Northern Europe,Europe,2003,2000,both,Not applicable,Number,193.255532127355
IRL,Northern Europe,Europe,2004,2000,both,Not applicable,Number,182.411006414623
ISR,Western Asia,Asia,1996,1990,both,Not applicable,Number,298.153077210805
ITA,Southern Europe,Europe,2002,2000,both,Not applicable,Number,134.54480500477
ITA,Southern Europe,Europe,1996,1990,both,Not applicable,Number,103.865868453982
ITA,Southern Europe,Europe,2003,2000,both,Not applicable,Number,135.162140940168
ITA,Southern Europe,Europe,1997,1990,both,Not applicable,Number,103.062376658099
ITA,Southern Europe,Europe,2004,2000,both,Not applicable,Number,137.101902130277
ITA,Southern Europe,Europe,1998,1990,both,Not applicable,Number,102.284132868219
ITA,Southern Europe,Europe,1999,1990,both,Not applicable,Number,102.718687851959
ITA,Southern Europe,Europe,2000,2000,both,Not applicable,Number,123.465657965703
ITA,Southern Europe,Europe,2001,2000,both,Not applicable,Number,134.576474732429
JAM,Latin America and the Caribbean,Americas,1996,1990,both,Not applicable,Number,63.0103388799713
JPN,Eastern Asia,Asia,1996,1990,both,Not applicable,Number,577.86621922921
JPN,Eastern Asia,Asia,1997,1990,both,Not applicable,Number,576.289271958913
JPN,Eastern Asia,Asia,1998,1990,both,Not applicable,Number,572.551652386362
JPN,Eastern Asia,Asia,1999,1990,both,Not applicable,Number,569.69764964497
JPN,Eastern Asia,Asia,2000,2000,both,Not applicable,Number,565.961051169443
JPN,Eastern Asia,Asia,2001,2000,both,Not applicable,Number,563.308743043728
JPN,Eastern Asia,Asia,2002,2000,both,Not applicable,Number,556.090660380015
JPN,Eastern Asia,Asia,2003,2000,both,Not applicable,Number,551.617653883066
JPN,Eastern Asia,Asia,2004,2000,both,Not applicable,Number,551.228925710881
KAZ,Central Asia,Asia,1996,1990,both,Not applicable,Number,31.8384968052297
KEN,Sub-Saharan Africa,Africa,1996,1990,both,Not applicable,Number,9.34636510056614
KEN,Sub-Saharan Africa,Africa,1997,1990,both,Not applicable,Number,9.14794959863674
KEN,Sub-Saharan Africa,Africa,1998,1990,both,Not applicable,Number,9.01330309625662
KEN,Sub-Saharan Africa,Africa,1999,1990,both,Not applicable,Number,8.20883539938775
KWT,Western Asia,Asia,1996,1990,both,Not applicable,Number,362.231207330875
KGZ,Central Asia,Asia,2000,2000,both,Not applicable,Number,2.73428639471653
KGZ,Central Asia,Asia,2001,2000,both,Not applicable,Number,1.57227301531997
KGZ,Central Asia,Asia,2002,2000,both,Not applicable,Number,1.7875044737045
KGZ,Central Asia,Asia,2003,2000,both,Not applicable,Number,2.6347524037953
KGZ,Central Asia,Asia,2004,2000,both,Not applicable,Number,0.955457031798883
LAO,South-eastern Asia,Asia,1996,1990,both,Not applicable,Number,3.72328232921886
LAO,South-eastern Asia,Asia,2000,2000,both,Not applicable,Number,2.30820621098513
LAO,South-eastern Asia,Asia,2001,2000,both,Not applicable,Number,2.26843797219931
LAO,South-eastern Asia,Asia,2002,2000,both,Not applicable,Number,2.23196064730191
LAO,South-eastern Asia,Asia,2003,2000,both,Not applicable,Number,2.65307048532893
LAO,South-eastern Asia,Asia,2004,2000,both,Not applicable,Number,2.61198729567273
LVA,Northern Europe,Europe,1996,1990,both,Not applicable,Number,250.463927502078
LVA,Northern Europe,Europe,1997,1990,both,Not applicable,Number,116.640634722192
LVA,Northern Europe,Europe,1998,1990,both,Not applicable,Number,107.674009481939
LVA,Northern Europe,Europe,1999,1990,both,Not applicable,Number,147.708083763001
LVA,Northern Europe,Europe,2000,2000,both,Not applicable,Number,137.461205042935
LVA,Northern Europe,Europe,2001,2000,both,Not applicable,Number,174.473952563412
LVA,Northern Europe,Europe,2002,2000,both,Not applicable,Number,159.060409267124
LVA,Northern Europe,Europe,2003,2000,both,Not applicable,Number,147.231216108383
LVA,Northern Europe,Europe,2004,2000,both,Not applicable,Number,154.106431049682
LBN,Western Asia,Asia,1996,1990,both,Not applicable,Number,121.87249951251
LBN,Western Asia,Asia,1998,1990,both,Not applicable,Number,57.8691597316501
LBN,Western Asia,Asia,1999,1990,both,Not applicable,Number,60.388369683106
LBN,Western Asia,Asia,2000,2000,both,Not applicable,Number,56.9946634438614
LBN,Western Asia,Asia,2001,2000,both,Not applicable,Number,56.2721162503402
LBN,Western Asia,Asia,2002,2000,both,Not applicable,Number,55.5667694178076
LBN,Western Asia,Asia,2003,2000,both,Not applicable,Number,54.8813936504525
LBN,Western Asia,Asia,2004,2000,both,Not applicable,Number,54.2259684379642
LSO,Sub-Saharan Africa,Africa,1996,1990,both,Not applicable,Number,8.55428578272
LSO,Sub-Saharan Africa,Africa,1997,1990,both,Not applicable,Number,8.67042161183697
LSO,Sub-Saharan Africa,Africa,1998,1990,both,Not applicable,Number,8.64070942693169
LBR,Sub-Saharan Africa,Africa,1996,1990,both,Not applicable,Number,15.3384853114282
LBR,Sub-Saharan Africa,Africa,1997,1990,both,Not applicable,Number,14.4761627871762
LBR,Sub-Saharan Africa,Africa,1998,1990,both,Not applicable,Number,13.564161262312
libyan arab jamahiriya,libyan arab jamahiriya,libyan arab jamahiriya,1996,1990,both,Not applicable,Number,14.4009976037551
libyan arab jamahiriya,libyan arab jamahiriya,libyan arab jamahiriya,1997,1990,both,Not applicable,Number,14.1243218635756
libyan arab jamahiriya,libyan arab jamahiriya,libyan arab jamahiriya,1998,1990,both,Not applicable,Number,13.8515137210835
LIE,Western Europe,Europe,2002,2000,both,Not applicable,Number,521.926586539881
LIE,Western Europe,Europe,2003,2000,both,Not applicable,Number,513.617542427247
LTU,Northern Europe,Europe,2000,2000,both,Not applicable,Number,81.9382653697771
LTU,Northern Europe,Europe,2001,2000,both,Not applicable,Number,87.2722094854557
LTU,Northern Europe,Europe,2002,2000,both,Not applicable,Number,90.842787472001
LTU,Northern Europe,Europe,2003,2000,both,Not applicable,Number,88.0185858192793
LTU,Northern Europe,Europe,2004,2000,both,Not applicable,Number,107.843883914634
LUX,Western Europe,Europe,1996,1990,both,Not applicable,Number,325.903537381136
LUX,Western Europe,Europe,1997,1990,both,Not applicable,Number,287.912893262838
LUX,Western Europe,Europe,1998,1990,both,Not applicable,Number,290.951411114344
LUX,Western Europe,Europe,1999,1990,both,Not applicable,Number,287.202577411517
LUX,Western Europe,Europe,2000,2000,both,Not applicable,Number,275.353824880151
LUX,Western Europe,Europe,2001,2000,both,Not applicable,Number,270.901516731186
LUX,Western Europe,Europe,2002,2000,both,Not applicable,Number,265.126238285577
LUX,Western Europe,Europe,2003,2000,both,Not applicable,Number,256.674742404757
LUX,Western Europe,Europe,2004,2000,both,Not applicable,Number,254.501890937865
MAC,Eastern Asia,Asia,1996,1990,both,Not applicable,Number,478.708253648355
MAC,Eastern Asia,Asia,1999,1990,both,Not applicable,Number,362.062306900103
MAC,Eastern Asia,Asia,2000,2000,both,Not applicable,Number,379.31089209478
MDG,Sub-Saharan Africa,Africa,1996,1990,both,Not applicable,Number,4.55766694212139
MDG,Sub-Saharan Africa,Africa,1997,1990,both,Not applicable,Number,4.55796639340476
MDG,Sub-Saharan Africa,Africa,1998,1990,both,Not applicable,Number,4.4563662435762
MWI,Sub-Saharan Africa,Africa,1996,1990,both,Not applicable,Number,2.42304270971386
MWI,Sub-Saharan Africa,Africa,1997,1990,both,Not applicable,Number,2.40399187092506
MWI,Sub-Saharan Africa,Africa,1998,1990,both,Not applicable,Number,2.37632920202408
MYS,South-eastern Asia,Asia,1996,1990,both,Not applicable,Number,158.34271555343
MYS,South-eastern Asia,Asia,1997,1990,both,Not applicable,Number,104.16275344847
MYS,South-eastern Asia,Asia,1998,1990,both,Not applicable,Number,111.954831289876
MYS,South-eastern Asia,Asia,2000,2000,both,Not applicable,Number,94.1452369990652
MYS,South-eastern Asia,Asia,2001,2000,both,Not applicable,Number,100.904960608159
MYS,South-eastern Asia,Asia,2002,2000,both,Not applicable,Number,101.985737331735
MYS,South-eastern Asia,Asia,2003,2000,both,Not applicable,Number,104.029248539593
MYS,South-eastern Asia,Asia,2004,2000,both,Not applicable,Number,109.283131634569
MDV,Southern Asia,Asia,1996,1990,both,Not applicable,Number,18.9389455742052
MLI,Sub-Saharan Africa,Africa,1996,1990,both,Not applicable,Number,1.33779547582096
MLI,Sub-Saharan Africa,Africa,1997,1990,both,Not applicable,Number,1.34072414302216
MLI,Sub-Saharan Africa,Africa,1998,1990,both,Not applicable,Number,1.33157987513585
MLT,Southern Europe,Europe,1996,1990,both,Not applicable,Number,126.182301880642
MHL,Micronesia,Oceania,2000,2000,both,Not applicable,Number,0.0
MHL,Micronesia,Oceania,2001,2000,both,Not applicable,Number,0.0
MHL,Micronesia,Oceania,2002,2000,both,Not applicable,Number,0.0
MHL,Micronesia,Oceania,2003,2000,both,Not applicable,Number,0.0
MHL,Micronesia,Oceania,2004,2000,both,Not applicable,Number,0.0
MTQ,Latin America and the Caribbean,Americas,1996,1990,both,Not applicable,Number,79.4274866760391
MRT,Sub-Saharan Africa,Africa,1996,1990,both,Not applicable,Number,0.568027398146133
MUS,Sub-Saharan Africa,Africa,1996,1990,both,Not applicable,Number,74.7033398544955
MUS,Sub-Saharan Africa,Africa,2000,2000,both,Not applicable,Number,116.372811263539
MUS,Sub-Saharan Africa,Africa,2004,2000,both,Not applicable,Number,77.1995576059036
MEX,Latin America and the Caribbean,Americas,1999,1990,both,Not applicable,Number,94.8361078704427
MEX,Latin America and the Caribbean,Americas,2000,2000,both,Not applicable,Number,92.7561497773486
MNG,Eastern Asia,Asia,1996,1990,both,Not applicable,Number,28.2226534938815
MNG,Eastern Asia,Asia,1997,1990,both,Not applicable,Number,24.3246106928515
MNG,Eastern Asia,Asia,1998,1990,both,Not applicable,Number,20.4962973438848
MNG,Eastern Asia,Asia,1999,1990,both,Not applicable,Number,16.3028947419904
MNG,Eastern Asia,Asia,2000,2000,both,Not applicable,Number,17.8172637137252
MNG,Eastern Asia,Asia,2001,2000,both,Not applicable,Number,15.6739055996836
MNG,Eastern Asia,Asia,2002,2000,both,Not applicable,Number,16.7366417689196
MNG,Eastern Asia,Asia,2003,2000,both,Not applicable,Number,15.0040352958085
MNG,Eastern Asia,Asia,2004,2000,both,Not applicable,Number,19.5567501687748
MAR,Northern Africa,Africa,2000,2000,both,Not applicable,Number,29.3473696552707
MAR,Northern Africa,Africa,2003,2000,both,Not applicable,Number,11.736784565015
MOZ,Sub-Saharan Africa,Africa,1996,1990,both,Not applicable,Number,2.98311138883134
MOZ,Sub-Saharan Africa,Africa,2000,2000,both,Not applicable,Number,2.81958048599674
MOZ,Sub-Saharan Africa,Africa,2001,2000,both,Not applicable,Number,2.74917212673866
MOZ,Sub-Saharan Africa,Africa,2002,2000,both,Not applicable,Number,2.73855863909942
MOZ,Sub-Saharan Africa,Africa,2003,2000,both,Not applicable,Number,2.6976255489719
MOZ,Sub-Saharan Africa,Africa,2004,2000,both,Not applicable,Number,2.7343164786546
MMR,South-eastern Asia,Asia,1996,1990,both,Not applicable,Number,10.2715117425684
NAM,Sub-Saharan Africa,Africa,1996,1990,both,Not applicable,Number,17.6042184401841
NAM,Sub-Saharan Africa,Africa,1998,1990,both,Not applicable,Number,17.243239815642
NAM,Sub-Saharan Africa,Africa,2000,2000,both,Not applicable,Number,18.8884242159176
NAM,Sub-Saharan Africa,Africa,2001,2000,both,Not applicable,Number,19.2366298888091
NAM,Sub-Saharan Africa,Africa,2002,2000,both,Not applicable,Number,20.4917399752657
NAM,Sub-Saharan Africa,Africa,2003,2000,both,Not applicable,Number,22.5042963902194
NAM,Sub-Saharan Africa,Africa,2004,2000,both,Not applicable,Number,27.9862957429233
NPL,Southern Asia,Asia,1996,1990,both,Not applicable,Number,11.2533418486621
NLD,Western Europe,Europe,1996,1990,both,Not applicable,Number,305.534965497305
NLD,Western Europe,Europe,1997,1990,both,Not applicable,Number,303.692350767285
NLD,Western Europe,Europe,1998,1990,both,Not applicable,Number,287.243261248953
NLD,Western Europe,Europe,1999,1990,both,Not applicable,Number,283.068362525311
NLD,Western Europe,Europe,2000,2000,both,Not applicable,Number,313.491297696348
NLD,Western Europe,Europe,2001,2000,both,Not applicable,Number,319.405943660663
NLD,Western Europe,Europe,2002,2000,both,Not applicable,Number,314.349001041475
NLD,Western Europe,Europe,2003,2000,both,Not applicable,Number,309.308938843007
NLD,Western Europe,Europe,2004,2000,both,Not applicable,Number,307.497724203256
ANT,ANT,ANT,1996,1990,both,Not applicable,Number,367.987716093506
NCL,Melanesia,Oceania,1996,1990,both,Not applicable,Number,121.445812396581
NCL,Melanesia,Oceania,2001,2000,both,Not applicable,Number,86.7393755678005
NZL,Australia and New Zealand,Oceania,1996,1990,both,Not applicable,Number,216.442408282529
NZL,Australia and New Zealand,Oceania,1997,1990,both,Not applicable,Number,219.75530886422
NZL,Australia and New Zealand,Oceania,1998,1990,both,Not applicable,Number,207.800099639205
NZL,Australia and New Zealand,Oceania,1999,1990,both,Not applicable,Number,202.864212027174
NZL,Australia and New Zealand,Oceania,2000,2000,both,Not applicable,Number,198.493112937651
NZL,Australia and New Zealand,Oceania,2001,2000,both,Not applicable,Number,195.945242329776
NZL,Australia and New Zealand,Oceania,2002,2000,both,Not applicable,Number,188.696688436439
NZL,Australia and New Zealand,Oceania,2003,2000,both,Not applicable,Number,184.64662859463
NZL,Australia and New Zealand,Oceania,2004,2000,both,Not applicable,Number,182.456656668174
NIC,Latin America and the Caribbean,Americas,1996,1990,both,Not applicable,Number,28.351022621386
NGA,Sub-Saharan Africa,Africa,1996,1990,both,Not applicable,Number,0.207774182707266
NGA,Sub-Saharan Africa,Africa,1997,1990,both,Not applicable,Number,0.200384236774014
NGA,Sub-Saharan Africa,Africa,1998,1990,both,Not applicable,Number,0.19323529605
NGA,Sub-Saharan Africa,Africa,2000,2000,both,Not applicable,Number,0.224740292365545
NGA,Sub-Saharan Africa,Africa,2001,2000,both,Not applicable,Number,0.216886091771619
NGA,Sub-Saharan Africa,Africa,2002,2000,both,Not applicable,Number,0.209366066349949
NGA,Sub-Saharan Africa,Africa,2003,2000,both,Not applicable,Number,0.202146897077473
NGA,Sub-Saharan Africa,Africa,2004,2000,both,Not applicable,Number,0.195192060398982
NGA,Sub-Saharan Africa,Africa,1996,1990,both,Not applicable,Number,24.446941918652
NGA,Sub-Saharan Africa,Africa,1997,1990,both,Not applicable,Number,23.8730194270298
NGA,Sub-Saharan Africa,Africa,1998,1990,both,Not applicable,Number,23.3211402638321
NOR,Northern Europe,Europe,1996,1990,both,Not applicable,Number,588.036848788537
NOR,Northern Europe,Europe,2000,2000,both,Not applicable,Number,566.975893165256
NOR,Northern Europe,Europe,1997,1990,both,Not applicable,Number,590.362418567182
NOR,Northern Europe,Europe,2001,2000,both,Not applicable,Number,554.945590097309
NOR,Northern Europe,Europe,1998,1990,both,Not applicable,Number,584.480684852615
NOR,Northern Europe,Europe,2002,2000,both,Not applicable,Number,544.262984355573
NOR,Northern Europe,Europe,1999,1990,both,Not applicable,Number,580.793380345244
NOR,Northern Europe,Europe,2003,2000,both,Not applicable,Number,528.839558684371
NOR,Northern Europe,Europe,2004,2000,both,Not applicable,Number,515.997327576499
PSE,Western Asia,Asia,2003,2000,both,Not applicable,Number,9.97045043361489
PSE,Western Asia,Asia,2004,2000,both,Not applicable,Number,9.62697930694551
OMN,Western Asia,Asia,1996,1990,both,Not applicable,Number,28.0461985958054
PAK,Southern Asia,Asia,1996,1990,both,Not applicable,Number,21.7555918340439
PAK,Southern Asia,Asia,1997,1990,both,Not applicable,Number,29.13422079714
PAK,Southern Asia,Asia,1999,1990,both,Not applicable,Number,39.3674120928786
PAK,Southern Asia,Asia,2000,2000,both,Not applicable,Number,39.4829963362471
PAK,Southern Asia,Asia,2001,2000,both,Not applicable,Number,38.8793433224846
PAK,Southern Asia,Asia,2002,2000,both,Not applicable,Number,40.0512100102501
PAK,Southern Asia,Asia,2003,2000,both,Not applicable,Number,40.9077053879688
PAK,Southern Asia,Asia,2004,2000,both,Not applicable,Number,50.3304069265518
PAN,Latin America and the Caribbean,Americas,1996,1990,both,Not applicable,Number,60.7303791337022
PAN,Latin America and the Caribbean,Americas,2004,2000,both,Not applicable,Number,65.1120488184478
PNG,Melanesia,Oceania,1996,1990,both,Not applicable,Number,13.4381564668647
PNG,Melanesia,Oceania,2004,2000,both,Not applicable,Number,8.59308314094375
PRY,Latin America and the Caribbean,Americas,1996,1990,both,Not applicable,Number,43.3892593046026
PER,Latin America and the Caribbean,Americas,1996,1990,both,Not applicable,Number,82.5022809818134
PER,Latin America and the Caribbean,Americas,1998,1990,both,Not applicable,Number,22.8248809462219
PHL,South-eastern Asia,Asia,2002,2000,both,Not applicable,Number,71.9658712992435
PHL,South-eastern Asia,Asia,1996,1990,both,Not applicable,Number,81.3345858288782
PHL,South-eastern Asia,Asia,2004,2000,both,Not applicable,Number,78.6082412801276
PHL,South-eastern Asia,Asia,1997,1990,both,Not applicable,Number,65.8292989836275
PHL,South-eastern Asia,Asia,2000,2000,both,Not applicable,Number,72.3144694623205
POL,Eastern Europe,Europe,2000,2000,both,Not applicable,Number,102.204157018786
POL,Eastern Europe,Europe,2001,2000,both,Not applicable,Number,99.9364715625898
POL,Eastern Europe,Europe,2002,2000,both,Not applicable,Number,90.3271632638305
POL,Eastern Europe,Europe,2003,2000,both,Not applicable,Number,104.247195797438
POL,Eastern Europe,Europe,2004,2000,both,Not applicable,Number,113.604489251996
PRT,Southern Europe,Europe,1998,1990,both,Not applicable,Number,66.434707860529
PRT,Southern Europe,Europe,1999,1990,both,Not applicable,Number,67.4139062506449
PRI,Latin America and the Caribbean,Americas,1996,1990,both,Not applicable,Number,127.449444159435
QAT,Western Asia,Asia,1996,1990,both,Not applicable,Number,167.098957859499
PRK,Eastern Asia,Asia,1996,1990,both,Not applicable,Number,385.421508524367
REU,Sub-Saharan Africa,Africa,1996,1990,both,Not applicable,Number,81.3865907453088
REU,Sub-Saharan Africa,Africa,1997,1990,both,Not applicable,Number,79.9616184231569
REU,Sub-Saharan Africa,Africa,1998,1990,both,Not applicable,Number,78.5882689147675
ROU,Eastern Europe,Europe,1996,1990,both,Not applicable,Number,310.271090056804
ROU,Eastern Europe,Europe,2001,2000,both,Not applicable,Number,38.2618034604727
ROU,Eastern Europe,Europe,2002,2000,both,Not applicable,Number,59.2978431833055
ROU,Eastern Europe,Europe,2003,2000,both,Not applicable,Number,62.6489652537465
ROU,Eastern Europe,Europe,2004,2000,both,Not applicable,Number,70.3262966102261
RUS,Eastern Europe,Europe,2000,2000,both,Not applicable,Number,97.230394188664
RUS,Eastern Europe,Europe,2001,2000,both,Not applicable,Number,63.0732064209471
RUS,Eastern Europe,Europe,2002,2000,both,Not applicable,Number,76.4098367484133
RUS,Eastern Europe,Europe,2003,2000,both,Not applicable,Number,95.5731427862478
RUS,Eastern Europe,Europe,2004,2000,both,Not applicable,Number,91.7789058873528
RWA,Sub-Saharan Africa,Africa,1997,1990,both,Not applicable,Number,0.0864327732961075
RWA,Sub-Saharan Africa,Africa,1996,1990,both,Not applicable,Number,0.0851925615989076
RWA,Sub-Saharan Africa,Africa,1998,1990,both,Not applicable,Number,0.0855256893513105
KNA,Latin America and the Caribbean,Americas,1996,1990,both,Not applicable,Number,0.0
LCA,Latin America and the Caribbean,Americas,1996,1990,both,Not applicable,Number,0.0
SAU,Western Asia,Asia,1996,1990,both,Not applicable,Number,59.0894144763076
SEN,Sub-Saharan Africa,Africa,1996,1990,both,Not applicable,Number,4.83937834421208
SEN,Sub-Saharan Africa,Africa,2004,2000,both,Not applicable,Number,8.71654459436514
SLE,Sub-Saharan Africa,Africa,1996,1990,both,Not applicable,Number,4.79376848447167
SGP,South-eastern Asia,Asia,1996,1990,both,Not applicable,Number,305.171528694763
SGP,South-eastern Asia,Asia,1997,1990,both,Not applicable,Number,277.359772624401
SGP,South-eastern Asia,Asia,1998,1990,both,Not applicable,Number,278.249605616555
SGP,South-eastern Asia,Asia,1999,1990,both,Not applicable,Number,274.776253622051
SGP,South-eastern Asia,Asia,2000,2000,both,Not applicable,Number,332.053409322287
SGP,South-eastern Asia,Asia,2001,2000,both,Not applicable,Number,317.294812766772
SGP,South-eastern Asia,Asia,2002,2000,both,Not applicable,Number,318.221609528876
SGP,South-eastern Asia,Asia,2003,2000,both,Not applicable,Number,354.425521480532
SGP,South-eastern Asia,Asia,2004,2000,both,Not applicable,Number,360.776272619584
SVK,Eastern Europe,Europe,1996,1990,both,Not applicable,Number,183.971176360597
SVK,Eastern Europe,Europe,1997,1990,both,Not applicable,Number,188.049352177415
SVK,Eastern Europe,Europe,2000,2000,both,Not applicable,Number,130.942346774659
SVK,Eastern Europe,Europe,2001,2000,both,Not applicable,Number,115.539079795867
SVK,Eastern Europe,Europe,2002,2000,both,Not applicable,Number,121.246994207905
SVK,Eastern Europe,Europe,2003,2000,both,Not applicable,Number,140.3004762779
SVK,Eastern Europe,Europe,2004,2000,both,Not applicable,Number,125.693838528227
SVN,Southern Europe,Europe,2000,2000,both,Not applicable,Number,168.882471915097
SVN,Southern Europe,Europe,2002,2000,both,Not applicable,Number,172.795550715494
SLB,Melanesia,Oceania,2002,2000,both,Not applicable,Number,11.4170630290382
SLB,Melanesia,Oceania,2003,2000,both,Not applicable,Number,11.1268865636169
SLB,Melanesia,Oceania,2004,2000,both,Not applicable,Number,10.8492817775463
SOM,Sub-Saharan Africa,Africa,1996,1990,both,Not applicable,Number,1.58727991967094
ZAF,Sub-Saharan Africa,Africa,1996,1990,both,Not applicable,Number,30.3765417627922
ZAF,Sub-Saharan Africa,Africa,1997,1990,both,Not applicable,Number,27.8473028765408
ZAF,Sub-Saharan Africa,Africa,1998,1990,both,Not applicable,Number,26.1080949204895
ZAF,Sub-Saharan Africa,Africa,2000,2000,both,Not applicable,Number,24.626483646517
ZAF,Sub-Saharan Africa,Africa,2001,2000,both,Not applicable,Number,25.403571811736
ZAF,Sub-Saharan Africa,Africa,2002,2000,both,Not applicable,Number,24.4091965437093
ZAF,Sub-Saharan Africa,Africa,2003,2000,both,Not applicable,Number,27.3101231830964
ZAF,Sub-Saharan Africa,Africa,2004,2000,both,Not applicable,Number,29.6165882342424
ESP,Southern Europe,Europe,1996,1990,both,Not applicable,Number,99.587493452458
ESP,Southern Europe,Europe,2000,2000,both,Not applicable,Number,109.397525875895
ESP,Southern Europe,Europe,2001,2000,both,Not applicable,Number,136.173932696304
ESP,Southern Europe,Europe,2002,2000,both,Not applicable,Number,129.021969977022
ESP,Southern Europe,Europe,2003,2000,both,Not applicable,Number,140.250219216674
ESP,Southern Europe,Europe,2004,2000,both,Not applicable,Number,144.477986174557
LKA,Southern Asia,Asia,1996,1990,both,Not applicable,Number,29.0661421452809
LKA,Southern Asia,Asia,1997,1990,both,Not applicable,Number,28.7372884441648
LKA,Southern Asia,Asia,1998,1990,both,Not applicable,Number,28.3266578284611
LKA,Southern Asia,Asia,2001,2000,both,Not applicable,Number,26.4286802123313
LKA,Southern Asia,Asia,2002,2000,both,Not applicable,Number,26.1023946643952
SUR,Latin America and the Caribbean,Americas,2000,2000,both,Not applicable,Number,91.0726028370257
SUR,Latin America and the Caribbean,Americas,2005,2000,both,Not applicable,Number,80.1471043256098
SWZ,Sub-Saharan Africa,Africa,2001,2000,both,Not applicable,Number,23.2652499060084
SWZ,Sub-Saharan Africa,Africa,1996,1990,both,Not applicable,Number,24.5334303766802
SWZ,Sub-Saharan Africa,Africa,2002,2000,both,Not applicable,Number,22.9505397507939
SWZ,Sub-Saharan Africa,Africa,2000,2000,both,Not applicable,Number,18.9002868118524
SWZ,Sub-Saharan Africa,Africa,2003,2000,both,Not applicable,Number,22.6770122220025
SWZ,Sub-Saharan Africa,Africa,2004,2000,both,Not applicable,Number,24.2340687924433
SWE,Northern Europe,Europe,1996,1990,both,Not applicable,Number,444.520995061581
SWE,Northern Europe,Europe,1997,1990,both,Not applicable,Number,438.240182451015
SWE,Northern Europe,Europe,1998,1990,both,Not applicable,Number,431.361340388907
SWE,Northern Europe,Europe,1999,1990,both,Not applicable,Number,423.415168157987
SWE,Northern Europe,Europe,2000,2000,both,Not applicable,Number,409.024313891062
SWE,Northern Europe,Europe,2001,2000,both,Not applicable,Number,456.952323740934
SWE,Northern Europe,Europe,2002,2000,both,Not applicable,Number,476.571162971531
SWE,Northern Europe,Europe,2003,2000,both,Not applicable,Number,476.032532313332
SWE,Northern Europe,Europe,2004,2000,both,Not applicable,Number,480.567843587392
CHE,Western Europe,Europe,1996,1990,both,Not applicable,Number,332.318767168222
CHE,Western Europe,Europe,1997,1990,both,Not applicable,Number,372.288456237384
CHE,Western Europe,Europe,1998,1990,both,Not applicable,Number,362.964765916748
CHE,Western Europe,Europe,1999,1990,both,Not applicable,Number,369.650786371268
CHE,Western Europe,Europe,2000,2000,both,Not applicable,Number,455.857542246333
CHE,Western Europe,Europe,2001,2000,both,Not applicable,Number,465.729967954322
CHE,Western Europe,Europe,2002,2000,both,Not applicable,Number,459.323579124699
CHE,Western Europe,Europe,2003,2000,both,Not applicable,Number,446.99677017992
CHE,Western Europe,Europe,2004,2000,both,Not applicable,Number,420.044894073606
SYR,Western Asia,Asia,1996,1990,both,Not applicable,Number,19.168742891007
TJK,Central Asia,Asia,1996,1990,both,Not applicable,Number,20.4951701423629
THA,South-eastern Asia,Asia,1996,1990,both,Not applicable,Number,65.320489308222
THA,South-eastern Asia,Asia,1997,1990,both,Not applicable,Number,74.6556241615584
THA,South-eastern Asia,Asia,1998,1990,both,Not applicable,Number,197.611408875189
MKD,Southern Europe,Europe,2001,2000,both,Not applicable,Number,51.7106674954078
MKD,Southern Europe,Europe,2002,2000,both,Not applicable,Number,74.8974185841168
MKD,Southern Europe,Europe,2003,2000,both,Not applicable,Number,69.838850883522
MKD,Southern Europe,Europe,2004,2000,both,Not applicable,Number,88.7505738045656
TGO,Sub-Saharan Africa,Africa,1996,1990,both,Not applicable,Number,3.21107830578371
TGO,Sub-Saharan Africa,Africa,2000,2000,both,Not applicable,Number,1.85081025696835
TON,Polynesia,Oceania,1996,1990,both,Not applicable,Number,71.6486350935015
TTO,Latin America and the Caribbean,Americas,1996,1990,both,Not applicable,Number,122.433898220168
TTO,Latin America and the Caribbean,Americas,2000,2000,both,Not applicable,Number,127.638797581014
TTO,Latin America and the Caribbean,Americas,2001,2000,both,Not applicable,Number,146.307908440358
TTO,Latin America and the Caribbean,Americas,2002,2000,both,Not applicable,Number,142.734580848836
TTO,Latin America and the Caribbean,Americas,2003,2000,both,Not applicable,Number,149.090698870258
TUN,Northern Africa,Africa,2000,2000,both,Not applicable,Number,18.8176922674753
TUN,Northern Africa,Africa,2001,2000,both,Not applicable,Number,22.690706874837
TUR,Western Asia,Asia,1996,1990,both,Not applicable,Number,107.226928963107
TKM,Central Asia,Asia,1999,1990,both,Not applicable,Number,5.96188694239213
TKM,Central Asia,Asia,2000,2000,both,Not applicable,Number,6.99933809255154
TKM,Central Asia,Asia,2003,2000,both,Not applicable,Number,9.57902525541939
TKM,Central Asia,Asia,2004,2000,both,Not applicable,Number,9.44186809668305
UGA,Sub-Saharan Africa,Africa,1996,1990,both,Not applicable,Number,1.82584897298506
UKR,Eastern Europe,Europe,2000,2000,both,Not applicable,Number,177.734148841823
UKR,Eastern Europe,Europe,2001,2000,both,Not applicable,Number,174.667113024182
UKR,Eastern Europe,Europe,2002,2000,both,Not applicable,Number,200.185914881217
UKR,Eastern Europe,Europe,2003,2000,both,Not applicable,Number,226.722277434941
UKR,Eastern Europe,Europe,2004,2000,both,Not applicable,Number,130.951024092802
ARE,Western Asia,Asia,1996,1990,both,Not applicable,Number,149.011286828877
GBR,Northern Europe,Europe,1996,1990,both,Not applicable,Number,332.63649783942
GBR,Northern Europe,Europe,1997,1990,both,Not applicable,Number,316.524911653311
GBR,Northern Europe,Europe,1998,1990,both,Not applicable,Number,323.691264944611
GBR,Northern Europe,Europe,1999,1990,both,Not applicable,Number,321.221262129645
GBR,Northern Europe,Europe,2000,2000,both,Not applicable,Number,327.157965554117
GBR,Northern Europe,Europe,2001,2000,both,Not applicable,Number,324.736848462126
GBR,Northern Europe,Europe,2002,2000,both,Not applicable,Number,323.060086566161
GBR,Northern Europe,Europe,2003,2000,both,Not applicable,Number,302.801410736188
GBR,Northern Europe,Europe,2004,2000,both,Not applicable,Number,289.75260680623
TZA,Sub-Saharan Africa,Africa,1996,1990,both,Not applicable,Number,3.90682368755386
TZA,Sub-Saharan Africa,Africa,2004,2000,both,Not applicable,Number,1.59965869682045
TZA,Sub-Saharan Africa,Africa,2000,2000,both,Not applicable,Number,0.590863716604272
TZA,Sub-Saharan Africa,Africa,2001,2000,both,Not applicable,Number,0.864249755734211
TZA,Sub-Saharan Africa,Africa,2002,2000,both,Not applicable,Number,1.12311862187954
TZA,Sub-Saharan Africa,Africa,2003,2000,both,Not applicable,Number,1.36795499756367
USA,Northern America,Americas,1996,1990,both,Not applicable,Number,208.648893122381
USA,Northern America,Americas,1997,1990,both,Not applicable,Number,205.504396572537
USA,Northern America,Americas,1998,1990,both,Not applicable,Number,201.397373425083
USA,Northern America,Americas,1999,1990,both,Not applicable,Number,198.578861556706
USA,Northern America,Americas,2000,2000,both,Not applicable,Number,197.084806054382
USA,Northern America,Americas,2001,2000,both,Not applicable,Number,198.136608422045
USA,Northern America,Americas,2002,2000,both,Not applicable,Number,194.999156007673
USA,Northern America,Americas,2003,2000,both,Not applicable,Number,195.67655581818
USA,Northern America,Americas,2004,2000,both,Not applicable,Number,193.189093202797
URY,Latin America and the Caribbean,Americas,1996,1990,both,Not applicable,Number,293.052858098254
VUT,Melanesia,Oceania,1996,1990,both,Not applicable,Number,0.0
VUT,Melanesia,Oceania,2003,2000,both,Not applicable,Number,14.6727966350386
VUT,Melanesia,Oceania,2004,2000,both,Not applicable,Number,14.2912946960242
VEN,Latin America and the Caribbean,Americas,1996,1990,both,Not applicable,Number,204.04715103823
VEN,Latin America and the Caribbean,Americas,2004,2000,both,Not applicable,Number,93.296668631101
VNM,South-eastern Asia,Asia,1999,1990,both,Not applicable,Number,5.77185859285063
YEM,Western Asia,Asia,1996,1990,both,Not applicable,Number,14.2863167955965
YEM,Western Asia,Asia,2000,2000,both,Not applicable,Number,2.75001288381036
YEM,Western Asia,Asia,2001,2000,both,Not applicable,Number,3.84415188906162
YEM,Western Asia,Asia,2002,2000,both,Not applicable,Number,3.73160764446776
YEM,Western Asia,Asia,2003,2000,both,Not applicable,Number,5.0811221270845
YEM,Western Asia,Asia,2004,2000,both,Not applicable,Number,4.06779594802597
ZMB,Sub-Saharan Africa,Africa,1996,1990,both,Not applicable,Number,12.0021528071983
ZMB,Sub-Saharan Africa,Africa,2002,2000,both,Not applicable,Number,5.15195839278402
ZMB,Sub-Saharan Africa,Africa,2003,2000,both,Not applicable,Number,4.96897193235549
ZMB,Sub-Saharan Africa,Africa,2004,2000,both,Not applicable,Number,4.88030172687258
ZWE,Sub-Saharan Africa,Africa,1996,1990,both,Not applicable,Number,17.4145798195183
,,,,,,,,
