Country,Sub-region Name,Region Name,Sex,Age group,Year,Decade,Source,Unit,Value
AFG,Southern Asia,Asia,both,15+ yr,2000,2000,UNESCO_UIS Database_Sep2007,Ratio,0.29
ALB,Southern Europe,Europe,both,15+ yr,2001,2000,UNESCO_UIS Database_Sep2007,Ratio,0.99
DZA,Northern Africa,Africa,both,15+ yr,2002,2000,UNESCO_UIS Database_Sep2007,Ratio,0.76
DZA,Northern Africa,Africa,both,15+ yr,1987,1980,UNESCO_UIS Database_Sep2007,Ratio,0.57
AGO,Sub-Saharan Africa,Africa,both,15+ yr,2001,2000,UNESCO_UIS Database_Sep2007,Ratio,0.65
ARG,Latin America and the Caribbean,Americas,both,15+ yr,2001,2000,UNESCO_UIS Database_Sep2007,Ratio,1.0
ARG,Latin America and the Caribbean,Americas,both,15+ yr,1991,1990,UNESCO_UIS Database_Sep2007,Ratio,1.0
ARM,Western Asia,Asia,both,15+ yr,2001,2000,UNESCO_UIS Database_Sep2007,Ratio,0.99
ARM,Western Asia,Asia,both,15+ yr,1989,1980,UNESCO_UIS Database_Sep2007,Ratio,0.99
ABW,Latin America and the Caribbean,Americas,both,15+ yr,2000,2000,UNESCO_UIS Database_Sep2007,Ratio,1.0
AZE,Western Asia,Asia,both,15+ yr,1999,1990,UNESCO_UIS Database_Sep2007,Ratio,0.99
BHR,Western Asia,Asia,both,15+ yr,2001,2000,UNESCO_UIS Database_Sep2007,Ratio,0.94
BHR,Western Asia,Asia,both,15+ yr,1991,1990,UNESCO_UIS Database_Sep2007,Ratio,0.87
BGD,Southern Asia,Asia,both,15+ yr,2001,2000,UNESCO_UIS Database_Sep2007,Ratio,0.76
BGD,Southern Asia,Asia,both,15+ yr,1991,1990,UNESCO_UIS Database_Sep2007,Ratio,0.58
BLR,Eastern Europe,Europe,both,15+ yr,1999,1990,UNESCO_UIS Database_Sep2007,Ratio,1.0
BLR,Eastern Europe,Europe,both,15+ yr,1989,1980,UNESCO_UIS Database_Sep2007,Ratio,0.97
BLZ,Latin America and the Caribbean,Americas,both,15+ yr,1991,1990,UNESCO_UIS Database_Sep2007,Ratio,1.0
BEN,Sub-Saharan Africa,Africa,both,15+ yr,2002,2000,UNESCO_UIS Database_Sep2007,Ratio,0.49
BEN,Sub-Saharan Africa,Africa,both,15+ yr,1992,1990,UNESCO_UIS Database_Sep2007,Ratio,0.42
BOL,Latin America and the Caribbean,Americas,both,15+ yr,2001,2000,UNESCO_UIS Database_Sep2007,Ratio,0.87
BOL,Latin America and the Caribbean,Americas,both,15+ yr,1992,1990,UNESCO_UIS Database_Sep2007,Ratio,0.82
BIH,Southern Europe,Europe,both,15+ yr,2000,2000,UNESCO_UIS Database_Sep2007,Ratio,0.95
BWA,Sub-Saharan Africa,Africa,both,15+ yr,2003,2000,UNESCO_UIS Database_Sep2007,Ratio,1.02
BWA,Sub-Saharan Africa,Africa,both,15+ yr,1991,1990,UNESCO_UIS Database_Sep2007,Ratio,1.09
BRA,Latin America and the Caribbean,Americas,both,15+ yr,2004,2000,UNESCO_UIS Database_Sep2007,Ratio,1.0
BRA,Latin America and the Caribbean,Americas,both,15+ yr,2000,2000,UNESCO_UIS Database_Sep2007,Ratio,1.0
BRN,South-eastern Asia,Asia,both,15+ yr,2001,2000,UNESCO_UIS Database_Sep2007,Ratio,0.95
BRN,South-eastern Asia,Asia,both,15+ yr,1991,1990,UNESCO_UIS Database_Sep2007,Ratio,0.89
BGR,Eastern Europe,Europe,both,15+ yr,2001,2000,UNESCO_UIS Database_Sep2007,Ratio,0.99
BFA,Sub-Saharan Africa,Africa,both,15+ yr,2005,2000,UNESCO_UIS Database_Sep2007,Ratio,0.53
BFA,Sub-Saharan Africa,Africa,both,15+ yr,2003,2000,UNESCO_UIS Database_Sep2007,Ratio,0.52
BFA,Sub-Saharan Africa,Africa,both,15+ yr,1996,1990,UNESCO_UIS Database_Sep2007,Ratio,0.44
BFA,Sub-Saharan Africa,Africa,both,15+ yr,1991,1990,UNESCO_UIS Database_Sep2007,Ratio,0.42
BDI,Sub-Saharan Africa,Africa,both,15+ yr,2000,2000,UNESCO_UIS Database_Sep2007,Ratio,0.78
BDI,Sub-Saharan Africa,Africa,both,15+ yr,1990,1990,UNESCO_UIS Database_Sep2007,Ratio,0.57
KHM,South-eastern Asia,Asia,both,15+ yr,2004,2000,UNESCO_UIS Database_Sep2007,Ratio,0.76
KHM,South-eastern Asia,Asia,both,15+ yr,1998,1990,UNESCO_UIS Database_Sep2007,Ratio,0.72
CPV,Sub-Saharan Africa,Africa,both,15+ yr,1990,1990,UNESCO_UIS Database_Sep2007,Ratio,0.71
CAF,Sub-Saharan Africa,Africa,both,15+ yr,2000,2000,UNESCO_UIS Database_Sep2007,Ratio,0.52
CAF,Sub-Saharan Africa,Africa,both,15+ yr,1988,1980,UNESCO_UIS Database_Sep2007,Ratio,0.42
TCD,Sub-Saharan Africa,Africa,both,15+ yr,2000,2000,UNESCO_UIS Database_Sep2007,Ratio,0.31
CHL,Latin America and the Caribbean,Americas,both,15+ yr,2002,2000,UNESCO_UIS Database_Sep2007,Ratio,1.0
CHL,Latin America and the Caribbean,Americas,both,15+ yr,1992,1990,UNESCO_UIS Database_Sep2007,Ratio,0.99
CHN,Eastern Asia,Asia,both,15+ yr,2000,2000,UNESCO_UIS Database_Sep2007,Ratio,0.91
CHN,Eastern Asia,Asia,both,15+ yr,1990,1990,UNESCO_UIS Database_Sep2007,Ratio,0.78
COL,Latin America and the Caribbean,Americas,both,15+ yr,2005,2000,UNESCO_UIS Database_Sep2007,Ratio,1.0
COL,Latin America and the Caribbean,Americas,both,15+ yr,2004,2000,UNESCO_UIS Database_Sep2007,Ratio,1.0
COL,Latin America and the Caribbean,Americas,both,15+ yr,1996,1990,UNESCO_UIS Database_Sep2007,Ratio,1.0
COL,Latin America and the Caribbean,Americas,both,15+ yr,1993,1990,UNESCO_UIS Database_Sep2007,Ratio,1.0
COD,Sub-Saharan Africa,Africa,both,15+ yr,2001,2000,UNESCO_UIS Database_Sep2007,Ratio,0.67
CRI,Latin America and the Caribbean,Americas,both,15+ yr,2000,2000,UNESCO_UIS Database_Sep2007,Ratio,1.0
CIV,Sub-Saharan Africa,Africa,both,15+ yr,2000,2000,UNESCO_UIS Database_Sep2007,Ratio,0.63
CIV,Sub-Saharan Africa,Africa,both,15+ yr,1988,1980,UNESCO_UIS Database_Sep2007,Ratio,0.53
HRV,Southern Europe,Europe,both,15+ yr,2001,2000,UNESCO_UIS Database_Sep2007,Ratio,0.98
HRV,Southern Europe,Europe,both,15+ yr,1991,1990,UNESCO_UIS Database_Sep2007,Ratio,0.96
CUB,Latin America and the Caribbean,Americas,both,15+ yr,2002,2000,UNESCO_UIS Database_Sep2007,Ratio,1.0
CYP,Western Asia,Asia,both,15+ yr,2001,2000,UNESCO_UIS Database_Sep2007,Ratio,0.96
CYP,Western Asia,Asia,both,15+ yr,1992,1990,UNESCO_UIS Database_Sep2007,Ratio,0.93
DOM,Latin America and the Caribbean,Americas,both,15+ yr,2002,2000,UNESCO_UIS Database_Sep2007,Ratio,1.0
ECU,Latin America and the Caribbean,Americas,both,15+ yr,2001,2000,UNESCO_UIS Database_Sep2007,Ratio,0.97
ECU,Latin America and the Caribbean,Americas,both,15+ yr,1990,1990,UNESCO_UIS Database_Sep2007,Ratio,0.95
EGY,Northern Africa,Africa,both,15+ yr,2005,2000,UNESCO_UIS Database_Sep2007,Ratio,0.71
EGY,Northern Africa,Africa,both,15+ yr,1996,1990,UNESCO_UIS Database_Sep2007,Ratio,0.65
EGY,Northern Africa,Africa,both,15+ yr,1986,1980,UNESCO_UIS Database_Sep2007,Ratio,0.55
SLV,Latin America and the Caribbean,Americas,both,15+ yr,1992,1990,UNESCO_UIS Database_Sep2007,Ratio,0.92
GNQ,Sub-Saharan Africa,Africa,both,15+ yr,2000,2000,UNESCO_UIS Database_Sep2007,Ratio,0.86
EST,Northern Europe,Europe,both,15+ yr,2000,2000,UNESCO_UIS Database_Sep2007,Ratio,1.0
EST,Northern Europe,Europe,both,15+ yr,1989,1980,UNESCO_UIS Database_Sep2007,Ratio,1.0
ETH,Sub-Saharan Africa,Africa,both,15+ yr,1994,1990,UNESCO_UIS Database_Sep2007,Ratio,0.51
GAB,Sub-Saharan Africa,Africa,both,15+ yr,1993,1990,UNESCO_UIS Database_Sep2007,Ratio,0.82
GHA,Sub-Saharan Africa,Africa,both,15+ yr,2000,2000,UNESCO_UIS Database_Sep2007,Ratio,0.75
GRC,Southern Europe,Europe,both,15+ yr,2001,2000,UNESCO_UIS Database_Sep2007,Ratio,0.96
GRC,Southern Europe,Europe,both,15+ yr,1991,1990,UNESCO_UIS Database_Sep2007,Ratio,0.93
GTM,Latin America and the Caribbean,Americas,both,15+ yr,2002,2000,UNESCO_UIS Database_Sep2007,Ratio,0.84
GTM,Latin America and the Caribbean,Americas,both,15+ yr,1994,1990,UNESCO_UIS Database_Sep2007,Ratio,0.8
GIN,Sub-Saharan Africa,Africa,both,15+ yr,2003,2000,UNESCO_UIS Database_Sep2007,Ratio,0.43
HND,Latin America and the Caribbean,Americas,both,15+ yr,2001,2000,UNESCO_UIS Database_Sep2007,Ratio,1.01
IND,Southern Asia,Asia,both,15+ yr,2001,2000,UNESCO_UIS Database_Sep2007,Ratio,0.65
IND,Southern Asia,Asia,both,15+ yr,1991,1990,UNESCO_UIS Database_Sep2007,Ratio,0.55
IDN,South-eastern Asia,Asia,both,15+ yr,2004,2000,UNESCO_UIS Database_Sep2007,Ratio,0.92
IDN,South-eastern Asia,Asia,both,15+ yr,1990,1990,UNESCO_UIS Database_Sep2007,Ratio,0.86
IRN,Southern Asia,Asia,both,15+ yr,2005,2000,UNESCO_UIS Database_Sep2007,Ratio,0.87
IRN,Southern Asia,Asia,both,15+ yr,1996,1990,UNESCO_UIS Database_Sep2007,Ratio,0.83
IRN,Southern Asia,Asia,both,15+ yr,1991,1990,UNESCO_UIS Database_Sep2007,Ratio,0.76
IRN,Southern Asia,Asia,both,15+ yr,1986,1980,UNESCO_UIS Database_Sep2007,Ratio,0.65
IRQ,Western Asia,Asia,both,15+ yr,2000,2000,UNESCO_UIS Database_Sep2007,Ratio,0.76
ITA,Southern Europe,Europe,both,15+ yr,2001,2000,UNESCO_UIS Database_Sep2007,Ratio,0.99
JOR,Western Asia,Asia,both,15+ yr,2005,2000,UNESCO_UIS Database_Sep2007,Ratio,0.91
JOR,Western Asia,Asia,both,15+ yr,2003,2000,UNESCO_UIS Database_Sep2007,Ratio,0.89
KAZ,Central Asia,Asia,both,15+ yr,1999,1990,UNESCO_UIS Database_Sep2007,Ratio,1.0
KAZ,Central Asia,Asia,both,15+ yr,1989,1980,UNESCO_UIS Database_Sep2007,Ratio,0.97
KEN,Sub-Saharan Africa,Africa,both,15+ yr,2000,2000,UNESCO_UIS Database_Sep2007,Ratio,0.9
KWT,Western Asia,Asia,both,15+ yr,2005,2000,UNESCO_UIS Database_Sep2007,Ratio,0.96
KWT,Western Asia,Asia,both,15+ yr,1995,1990,UNESCO_UIS Database_Sep2007,Ratio,0.91
KWT,Western Asia,Asia,both,15+ yr,1985,1980,UNESCO_UIS Database_Sep2007,Ratio,0.88
KGZ,Central Asia,Asia,both,15+ yr,1999,1990,UNESCO_UIS Database_Sep2007,Ratio,0.99
LAO,South-eastern Asia,Asia,both,15+ yr,2001,2000,UNESCO_UIS Database_Sep2007,Ratio,0.79
LAO,South-eastern Asia,Asia,both,15+ yr,1995,1990,UNESCO_UIS Database_Sep2007,Ratio,0.65
LVA,Northern Europe,Europe,both,15+ yr,2000,2000,UNESCO_UIS Database_Sep2007,Ratio,1.0
LVA,Northern Europe,Europe,both,15+ yr,1989,1980,UNESCO_UIS Database_Sep2007,Ratio,0.99
LTU,Northern Europe,Europe,both,15+ yr,2001,2000,UNESCO_UIS Database_Sep2007,Ratio,1.0
LTU,Northern Europe,Europe,both,15+ yr,1989,1980,UNESCO_UIS Database_Sep2007,Ratio,0.99
MAC,Eastern Asia,Asia,both,15+ yr,2001,2000,UNESCO_UIS Database_Sep2007,Ratio,0.92
MKD,Southern Europe,Europe,both,15+ yr,2002,2000,UNESCO_UIS Database_Sep2007,Ratio,0.96
MKD,Southern Europe,Europe,both,15+ yr,1994,1990,UNESCO_UIS Database_Sep2007,Ratio,0.94
MDG,Sub-Saharan Africa,Africa,both,15+ yr,2000,2000,UNESCO_UIS Database_Sep2007,Ratio,0.85
MWI,Sub-Saharan Africa,Africa,both,15+ yr,1998,1990,UNESCO_UIS Database_Sep2007,Ratio,0.72
MWI,Sub-Saharan Africa,Africa,both,15+ yr,1987,1980,UNESCO_UIS Database_Sep2007,Ratio,0.51
MYS,South-eastern Asia,Asia,both,15+ yr,2000,2000,UNESCO_UIS Database_Sep2007,Ratio,0.93
MYS,South-eastern Asia,Asia,both,15+ yr,1991,1990,UNESCO_UIS Database_Sep2007,Ratio,0.87
MDV,Southern Asia,Asia,both,15+ yr,2000,2000,UNESCO_UIS Database_Sep2007,Ratio,1.0
MDV,Southern Asia,Asia,both,15+ yr,1995,1990,UNESCO_UIS Database_Sep2007,Ratio,1.0
MDV,Southern Asia,Asia,both,15+ yr,1990,1990,UNESCO_UIS Database_Sep2007,Ratio,1.0
MDV,Southern Asia,Asia,both,15+ yr,1985,1980,UNESCO_UIS Database_Sep2007,Ratio,1.0
MLI,Sub-Saharan Africa,Africa,both,15+ yr,1998,1990,UNESCO_UIS Database_Sep2007,Ratio,0.44
MLT,Southern Europe,Europe,both,15+ yr,1995,1990,UNESCO_UIS Database_Sep2007,Ratio,1.03
MRT,Sub-Saharan Africa,Africa,both,15+ yr,2000,2000,UNESCO_UIS Database_Sep2007,Ratio,0.73
MUS,Sub-Saharan Africa,Africa,both,15+ yr,2000,2000,UNESCO_UIS Database_Sep2007,Ratio,0.91
MUS,Sub-Saharan Africa,Africa,both,15+ yr,1990,1990,UNESCO_UIS Database_Sep2007,Ratio,0.88
MEX,Latin America and the Caribbean,Americas,both,15+ yr,2005,2000,UNESCO_UIS Database_Sep2007,Ratio,0.97
MEX,Latin America and the Caribbean,Americas,both,15+ yr,2004,2000,UNESCO_UIS Database_Sep2007,Ratio,0.97
MEX,Latin America and the Caribbean,Americas,both,15+ yr,2002,2000,UNESCO_UIS Database_Sep2007,Ratio,0.96
MEX,Latin America and the Caribbean,Americas,both,15+ yr,2000,2000,UNESCO_UIS Database_Sep2007,Ratio,0.96
MEX,Latin America and the Caribbean,Americas,both,15+ yr,1990,1990,UNESCO_UIS Database_Sep2007,Ratio,0.94
MNG,Eastern Asia,Asia,both,15+ yr,2000,2000,UNESCO_UIS Database_Sep2007,Ratio,1.0
MAR,Northern Africa,Africa,both,15+ yr,2004,2000,UNESCO_UIS Database_Sep2007,Ratio,0.6
MAR,Northern Africa,Africa,both,15+ yr,1994,1990,UNESCO_UIS Database_Sep2007,Ratio,0.52
MOZ,Sub-Saharan Africa,Africa,both,15+ yr,1997,1990,UNESCO_UIS Database_Sep2007,Ratio,0.46
MMR,South-eastern Asia,Asia,both,15+ yr,2000,2000,UNESCO_UIS Database_Sep2007,Ratio,0.92
NAM,Sub-Saharan Africa,Africa,both,15+ yr,2001,2000,UNESCO_UIS Database_Sep2007,Ratio,0.96
NAM,Sub-Saharan Africa,Africa,both,15+ yr,1991,1990,UNESCO_UIS Database_Sep2007,Ratio,0.95
NPL,Southern Asia,Asia,both,15+ yr,2001,2000,UNESCO_UIS Database_Sep2007,Ratio,0.56
NPL,Southern Asia,Asia,both,15+ yr,1991,1990,UNESCO_UIS Database_Sep2007,Ratio,0.35
ANT,ANT,ANT,both,15+ yr,1992,1990,UNESCO_UIS Database_Sep2007,Ratio,1.0
NIC,Latin America and the Caribbean,Americas,both,15+ yr,2001,2000,UNESCO_UIS Database_Sep2007,Ratio,1.0
NGA,Sub-Saharan Africa,Africa,both,15+ yr,2005,2000,UNESCO_UIS Database_Sep2007,Ratio,0.35
NGA,Sub-Saharan Africa,Africa,both,15+ yr,1991,1990,UNESCO_UIS Database_Sep2007,Ratio,0.65
OMN,Western Asia,Asia,both,15+ yr,2003,2000,UNESCO_UIS Database_Sep2007,Ratio,0.85
PAK,Southern Asia,Asia,both,15+ yr,2005,2000,UNESCO_UIS Database_Sep2007,Ratio,0.55
PAK,Southern Asia,Asia,both,15+ yr,1998,1990,UNESCO_UIS Database_Sep2007,Ratio,0.53
PSE,Western Asia,Asia,both,15+ yr,2004,2000,UNESCO_UIS Database_Sep2007,Ratio,0.91
PSE,Western Asia,Asia,both,15+ yr,1997,1990,UNESCO_UIS Database_Sep2007,Ratio,0.86
PAN,Latin America and the Caribbean,Americas,both,15+ yr,2000,2000,UNESCO_UIS Database_Sep2007,Ratio,0.99
PAN,Latin America and the Caribbean,Americas,both,15+ yr,1990,1990,UNESCO_UIS Database_Sep2007,Ratio,0.99
PNG,Melanesia,Oceania,both,15+ yr,2000,2000,UNESCO_UIS Database_Sep2007,Ratio,0.8
PRY,Latin America and the Caribbean,Americas,both,15+ yr,1992,1990,UNESCO_UIS Database_Sep2007,Ratio,0.96
PER,Latin America and the Caribbean,Americas,both,15+ yr,2005,2000,UNESCO_UIS Database_Sep2007,Ratio,0.88
PER,Latin America and the Caribbean,Americas,both,15+ yr,2004,2000,UNESCO_UIS Database_Sep2007,Ratio,0.88
PER,Latin America and the Caribbean,Americas,both,15+ yr,1993,1990,UNESCO_UIS Database_Sep2007,Ratio,0.88
PHL,South-eastern Asia,Asia,both,15+ yr,2003,2000,UNESCO_UIS Database_Sep2007,Ratio,1.02
PHL,South-eastern Asia,Asia,both,15+ yr,2000,2000,UNESCO_UIS Database_Sep2007,Ratio,1.0
PHL,South-eastern Asia,Asia,both,15+ yr,1990,1990,UNESCO_UIS Database_Sep2007,Ratio,0.99
PRT,Southern Europe,Europe,both,15+ yr,1991,1990,UNESCO_UIS Database_Sep2007,Ratio,0.92
QAT,Western Asia,Asia,both,15+ yr,2004,2000,UNESCO_UIS Database_Sep2007,Ratio,0.99
QAT,Western Asia,Asia,both,15+ yr,1997,1990,UNESCO_UIS Database_Sep2007,Ratio,0.96
QAT,Western Asia,Asia,both,15+ yr,1986,1980,UNESCO_UIS Database_Sep2007,Ratio,0.94
MDA,Eastern Europe,Europe,both,15+ yr,2004,2000,UNESCO_UIS Database_Sep2007,Ratio,0.99
MDA,Eastern Europe,Europe,both,15+ yr,1989,1980,UNESCO_UIS Database_Sep2007,Ratio,0.96
ROU,Eastern Europe,Europe,both,15+ yr,2002,2000,UNESCO_UIS Database_Sep2007,Ratio,0.98
ROU,Eastern Europe,Europe,both,15+ yr,1992,1990,UNESCO_UIS Database_Sep2007,Ratio,0.96
RUS,Eastern Europe,Europe,both,15+ yr,2002,2000,UNESCO_UIS Database_Sep2007,Ratio,1.0
RUS,Eastern Europe,Europe,both,15+ yr,1989,1980,UNESCO_UIS Database_Sep2007,Ratio,0.97
RWA,Sub-Saharan Africa,Africa,both,15+ yr,2000,2000,UNESCO_UIS Database_Sep2007,Ratio,0.84
STP,Sub-Saharan Africa,Africa,both,15+ yr,2001,2000,UNESCO_UIS Database_Sep2007,Ratio,0.85
STP,Sub-Saharan Africa,Africa,both,15+ yr,1991,1990,UNESCO_UIS Database_Sep2007,Ratio,0.73
SAU,Western Asia,Asia,both,15+ yr,2004,2000,UNESCO_UIS Database_Sep2007,Ratio,0.87
SAU,Western Asia,Asia,both,15+ yr,2000,2000,UNESCO_UIS Database_Sep2007,Ratio,0.8
SAU,Western Asia,Asia,both,15+ yr,1992,1990,UNESCO_UIS Database_Sep2007,Ratio,0.72
SEN,Sub-Saharan Africa,Africa,both,15+ yr,2002,2000,UNESCO_UIS Database_Sep2007,Ratio,0.57
SEN,Sub-Saharan Africa,Africa,both,15+ yr,1988,1980,UNESCO_UIS Database_Sep2007,Ratio,0.48
MNE,Southern Europe,Europe,both,15+ yr,2002,2000,UNESCO_UIS Database_Sep2007,Ratio,0.95
MNE,Southern Europe,Europe,both,15+ yr,1991,1990,UNESCO_UIS Database_Sep2007,Ratio,0.91
SYC,Sub-Saharan Africa,Africa,both,15+ yr,2002,2000,UNESCO_UIS Database_Sep2007,Ratio,1.01
SYC,Sub-Saharan Africa,Africa,both,15+ yr,1994,1990,UNESCO_UIS Database_Sep2007,Ratio,1.02
SYC,Sub-Saharan Africa,Africa,both,15+ yr,1987,1980,UNESCO_UIS Database_Sep2007,Ratio,1.03
SLE,Sub-Saharan Africa,Africa,both,15+ yr,2004,2000,UNESCO_UIS Database_Sep2007,Ratio,0.52
SGP,South-eastern Asia,Asia,both,15+ yr,1990,1990,UNESCO_UIS Database_Sep2007,Ratio,0.87
SVN,Southern Europe,Europe,both,15+ yr,1991,1990,UNESCO_UIS Database_Sep2007,Ratio,1.0
ZAF,Sub-Saharan Africa,Africa,both,15+ yr,1996,1990,UNESCO_UIS Database_Sep2007,Ratio,0.96
ESP,Southern Europe,Europe,both,15+ yr,1991,1990,UNESCO_UIS Database_Sep2007,Ratio,0.97
LKA,Southern Asia,Asia,both,15+ yr,2001,2000,UNESCO_UIS Database_Sep2007,Ratio,0.97
SDN,Northern Africa,Africa,both,15+ yr,2000,2000,UNESCO_UIS Database_Sep2007,Ratio,0.73
SUR,Latin America and the Caribbean,Americas,both,15+ yr,2004,2000,UNESCO_UIS Database_Sep2007,Ratio,0.95
SWZ,Sub-Saharan Africa,Africa,both,15+ yr,2000,2000,UNESCO_UIS Database_Sep2007,Ratio,0.97
SWZ,Sub-Saharan Africa,Africa,both,15+ yr,1986,1980,UNESCO_UIS Database_Sep2007,Ratio,0.94
SYR,Western Asia,Asia,both,15+ yr,2004,2000,UNESCO_UIS Database_Sep2007,Ratio,0.84
SYR,Western Asia,Asia,both,15+ yr,2002,2000,UNESCO_UIS Database_Sep2007,Ratio,0.82
TJK,Central Asia,Asia,both,15+ yr,2000,2000,UNESCO_UIS Database_Sep2007,Ratio,1.0
TJK,Central Asia,Asia,both,15+ yr,1989,1980,UNESCO_UIS Database_Sep2007,Ratio,0.98
TZA,Sub-Saharan Africa,Africa,both,15+ yr,2002,2000,UNESCO_UIS Database_Sep2007,Ratio,0.8
TZA,Sub-Saharan Africa,Africa,both,15+ yr,1988,1980,UNESCO_UIS Database_Sep2007,Ratio,0.67
THA,South-eastern Asia,Asia,both,15+ yr,2000,2000,UNESCO_UIS Database_Sep2007,Ratio,0.95
TGO,Sub-Saharan Africa,Africa,both,15+ yr,2000,2000,UNESCO_UIS Database_Sep2007,Ratio,0.56
TON,Polynesia,Oceania,both,15+ yr,1996,1990,UNESCO_UIS Database_Sep2007,Ratio,1.0
TUN,Northern Africa,Africa,both,15+ yr,2004,2000,UNESCO_UIS Database_Sep2007,Ratio,0.78
TUR,Western Asia,Asia,both,15+ yr,2004,2000,UNESCO_UIS Database_Sep2007,Ratio,0.84
TUR,Western Asia,Asia,both,15+ yr,1990,1990,UNESCO_UIS Database_Sep2007,Ratio,0.76
TUR,Western Asia,Asia,both,15+ yr,1985,1980,UNESCO_UIS Database_Sep2007,Ratio,0.73
TKM,Central Asia,Asia,both,15+ yr,1995,1990,UNESCO_UIS Database_Sep2007,Ratio,0.99
UGA,Sub-Saharan Africa,Africa,both,15+ yr,2002,2000,UNESCO_UIS Database_Sep2007,Ratio,0.75
UGA,Sub-Saharan Africa,Africa,both,15+ yr,1991,1990,UNESCO_UIS Database_Sep2007,Ratio,0.66
UKR,Eastern Europe,Europe,both,15+ yr,2001,2000,UNESCO_UIS Database_Sep2007,Ratio,0.99
URY,Latin America and the Caribbean,Americas,both,15+ yr,1996,1990,UNESCO_UIS Database_Sep2007,Ratio,1.01
URY,Latin America and the Caribbean,Americas,both,15+ yr,1985,1980,UNESCO_UIS Database_Sep2007,Ratio,1.01
VEN,Latin America and the Caribbean,Americas,both,15+ yr,2001,2000,UNESCO_UIS Database_Sep2007,Ratio,0.99
VEN,Latin America and the Caribbean,Americas,both,15+ yr,1990,1990,UNESCO_UIS Database_Sep2007,Ratio,0.98
VNM,South-eastern Asia,Asia,both,15+ yr,1999,1990,UNESCO_UIS Database_Sep2007,Ratio,0.93
VNM,South-eastern Asia,Asia,both,15+ yr,1989,1980,UNESCO_UIS Database_Sep2007,Ratio,0.89
YEM,Western Asia,Asia,both,15+ yr,1994,1990,UNESCO_UIS Database_Sep2007,Ratio,0.3
ZMB,Sub-Saharan Africa,Africa,both,15+ yr,1999,1990,UNESCO_UIS Database_Sep2007,Ratio,0.78
ZMB,Sub-Saharan Africa,Africa,both,15+ yr,1990,1990,UNESCO_UIS Database_Sep2007,Ratio,0.79
ZWE,Sub-Saharan Africa,Africa,both,15+ yr,1992,1990,UNESCO_UIS Database_Sep2007,Ratio,0.88
