Country,Sub-region Name,Region Name,Year,Decade,Value
BGR,Eastern Europe,Europe,2021,2020,53985.3385255025
BGR,Eastern Europe,Europe,2020,2020,48044.8997264786
BGR,Eastern Europe,Europe,2019,2010,54010.2563739884
BGR,Eastern Europe,Europe,2018,2010,55430.0385217763
BGR,Eastern Europe,Europe,2017,2010,59789.1578377935
BGR,Eastern Europe,Europe,2016,2010,57847.1363998934
BGR,Eastern Europe,Europe,2015,2010,60493.7604571174
BGR,Eastern Europe,Europe,2014,2010,57601.7760527337
BGR,Eastern Europe,Europe,2013,2010,54527.7458587035
BGR,Eastern Europe,Europe,2012,2010,59748.1586528068
BGR,Eastern Europe,Europe,2011,2010,64801.7312027005
BGR,Eastern Europe,Europe,2010,2010,59456.8527603264
BGR,Eastern Europe,Europe,2009,2000,56833.9497110045
BGR,Eastern Europe,Europe,2008,2000,65700.2921958791
BGR,Eastern Europe,Europe,2007,2000,67082.9591429564
BGR,Eastern Europe,Europe,2006,2000,63166.4144471642
BGR,Eastern Europe,Europe,2005,2000,62443.5790121613
BGR,Eastern Europe,Europe,2004,2000,61842.0787823199
BGR,Eastern Europe,Europe,2003,2000,62741.4908586471
BGR,Eastern Europe,Europe,2002,2000,57800.129220979
BGR,Eastern Europe,Europe,2001,2000,60350.0994746802
BGR,Eastern Europe,Europe,2000,2000,57463.3534446965
BGR,Eastern Europe,Europe,1999,1990,58360.1160976335
BGR,Eastern Europe,Europe,1998,1990,65441.7426977946
BGR,Eastern Europe,Europe,1997,1990,69473.7255325932
BGR,Eastern Europe,Europe,1996,1990,72682.2850340446
BGR,Eastern Europe,Europe,1995,1990,72236.4354760399
BGR,Eastern Europe,Europe,1994,1990,70669.1974823073
BGR,Eastern Europe,Europe,1993,1990,74753.3910253275
BGR,Eastern Europe,Europe,1992,1990,75413.1375945648
BGR,Eastern Europe,Europe,1991,1990,80931.6356503918
BGR,Eastern Europe,Europe,1990,1990,98999.5574466745
CYP,Western Asia,Asia,2021,2020,8675.23043813343
CYP,Western Asia,Asia,2020,2020,8508.01882775089
CYP,Western Asia,Asia,2019,2010,8896.58595255438
CYP,Western Asia,Asia,2018,2010,8826.24618151655
CYP,Western Asia,Asia,2017,2010,8971.32973170521
CYP,Western Asia,Asia,2016,2010,8794.05201939741
CYP,Western Asia,Asia,2015,2010,8347.08037279353
CYP,Western Asia,Asia,2014,2010,8298.26267567374
CYP,Western Asia,Asia,2013,2010,7923.91547957017
CYP,Western Asia,Asia,2012,2010,8629.3411976468
CYP,Western Asia,Asia,2011,2010,9163.34037685497
CYP,Western Asia,Asia,2010,2010,9469.00375329316
CYP,Western Asia,Asia,2009,2000,9803.60794715473
CYP,Western Asia,Asia,2008,2000,10041.0190859939
CYP,Western Asia,Asia,2007,2000,9821.80992239109
CYP,Western Asia,Asia,2006,2000,9488.16895507554
CYP,Western Asia,Asia,2005,2000,9238.55557641521
CYP,Western Asia,Asia,2004,2000,9091.27334604947
CYP,Western Asia,Asia,2003,2000,8885.19685849413
CYP,Western Asia,Asia,2002,2000,8491.52689085294
CYP,Western Asia,Asia,2001,2000,8254.90081894943
CYP,Western Asia,Asia,2000,2000,8314.04517319378
CYP,Western Asia,Asia,1999,1990,8039.93007093613
CYP,Western Asia,Asia,1998,1990,7760.6949617012
CYP,Western Asia,Asia,1997,1990,7444.9447332959
CYP,Western Asia,Asia,1996,1990,7351.00810248227
CYP,Western Asia,Asia,1995,1990,6978.05545491878
CYP,Western Asia,Asia,1994,1990,7062.52049007575
CYP,Western Asia,Asia,1993,1990,6805.31102392536
CYP,Western Asia,Asia,1992,1990,6518.41396447651
CYP,Western Asia,Asia,1991,1990,6080.87324153024
CYP,Western Asia,Asia,1990,1990,5576.93681168549
CZE,Eastern Europe,Europe,2021,2020,119035.638715618
CZE,Eastern Europe,Europe,2020,2020,113719.517794109
CZE,Eastern Europe,Europe,2019,2010,124109.591182905
CZE,Eastern Europe,Europe,2018,2010,129889.8533133
CZE,Eastern Europe,Europe,2017,2010,131682.835299064
CZE,Eastern Europe,Europe,2016,2010,130878.000560779
CZE,Eastern Europe,Europe,2015,2010,129312.279083979
CZE,Eastern Europe,Europe,2014,2010,127913.14047738
CZE,Eastern Europe,Europe,2013,2010,130079.364190734
CZE,Eastern Europe,Europe,2012,2010,135533.900152863
CZE,Eastern Europe,Europe,2011,2010,139535.683298706
CZE,Eastern Europe,Europe,2010,2010,141156.005341876
CZE,Eastern Europe,Europe,2009,2000,138263.063630286
CZE,Eastern Europe,Europe,2008,2000,147860.740317177
CZE,Eastern Europe,Europe,2007,2000,152951.018763339
CZE,Eastern Europe,Europe,2006,2000,151340.225797671
CZE,Eastern Europe,Europe,2005,2000,150064.009636597
CZE,Eastern Europe,Europe,2004,2000,152090.418887341
CZE,Eastern Europe,Europe,2003,2000,151274.670088643
CZE,Eastern Europe,Europe,2002,2000,148107.8679702
CZE,Eastern Europe,Europe,2001,2000,151937.439592144
CZE,Eastern Europe,Europe,2000,2000,152392.438981916
CZE,Eastern Europe,Europe,1999,1990,142387.887204041
CZE,Eastern Europe,Europe,1998,1990,152468.537119514
CZE,Eastern Europe,Europe,1997,1990,158687.398290092
CZE,Eastern Europe,Europe,1996,1990,163237.278668906
CZE,Eastern Europe,Europe,1995,1990,159914.112058229
CZE,Eastern Europe,Europe,1994,1990,160994.996193535
CZE,Eastern Europe,Europe,1993,1990,169978.91857594
CZE,Eastern Europe,Europe,1992,1990,176672.607377963
CZE,Eastern Europe,Europe,1991,1990,182629.007092437
CZE,Eastern Europe,Europe,1990,1990,200727.483928154
DNK,Northern Europe,Europe,2021,2020,45761.0013458001
DNK,Northern Europe,Europe,2020,2020,44725.3437103079
DNK,Northern Europe,Europe,2019,2010,47214.1419456564
DNK,Northern Europe,Europe,2018,2010,51012.1526561559
DNK,Northern Europe,Europe,2017,2010,51074.160684882
DNK,Northern Europe,Europe,2016,2010,53212.2719130726
DNK,Northern Europe,Europe,2015,2010,51152.7388733715
DNK,Northern Europe,Europe,2014,2010,53941.5597800498
DNK,Northern Europe,Europe,2013,2010,58143.8736633878
DNK,Northern Europe,Europe,2012,2010,56446.1947321725
DNK,Northern Europe,Europe,2011,2010,61079.467179679
DNK,Northern Europe,Europe,2010,2010,66348.390762322
DNK,Northern Europe,Europe,2009,2000,66055.995436626
DNK,Northern Europe,Europe,2008,2000,68866.3528865248
DNK,Northern Europe,Europe,2007,2000,72483.5893412328
DNK,Northern Europe,Europe,2006,2000,77144.3813287459
DNK,Northern Europe,Europe,2005,2000,69433.9206874275
DNK,Northern Europe,Europe,2004,2000,73772.9394504835
DNK,Northern Europe,Europe,2003,2000,79755.2867336954
DNK,Northern Europe,Europe,2002,2000,74641.5422610406
DNK,Northern Europe,Europe,2001,2000,75213.2927539156
DNK,Northern Europe,Europe,2000,2000,73501.2250685507
DNK,Northern Europe,Europe,1999,1990,77716.82903883
DNK,Northern Europe,Europe,1998,1990,80409.8556170316
DNK,Northern Europe,Europe,1997,1990,84395.1597026869
DNK,Northern Europe,Europe,1996,1990,93986.4032773085
DNK,Northern Europe,Europe,1995,1990,80807.9988740188
DNK,Northern Europe,Europe,1994,1990,83681.1998029034
DNK,Northern Europe,Europe,1993,1990,79795.8823230054
DNK,Northern Europe,Europe,1992,1990,77659.5921899124
DNK,Northern Europe,Europe,1991,1990,83604.4071192862
DNK,Northern Europe,Europe,1990,1990,72940.9913082427
european union,european union,european union,2021,2020,3471700.311817
european union,european union,european union,2020,2020,3303600.54329228
european union,european union,european union,2019,2010,3591293.6253531
european union,european union,european union,2018,2010,3750770.81015843
european union,european union,european union,2017,2010,3836066.44659652
european union,european union,european union,2016,2010,3814693.57230312
european union,european union,european union,2015,2010,3812415.62585652
european union,european union,european union,2014,2010,3767739.32618248
european union,european union,european union,2013,2010,3908576.75698441
european union,european union,european union,2012,2010,3995310.05733571
european union,european union,european union,2011,2010,4069866.1357657
european union,european union,european union,2010,2010,4180741.67268186
european union,european union,european union,2009,2000,4092959.2897481
european union,european union,european union,2008,2000,4408412.25575369
european union,european union,european union,2007,2000,4502767.65156946
european union,european union,european union,2006,2000,4538039.03394451
european union,european union,european union,2005,2000,4541881.89834786
european union,european union,european union,2004,2000,4568722.10311894
european union,european union,european union,2003,2000,4566353.96585343
european union,european union,european union,2002,2000,4485727.99168587
european union,european union,european union,2001,2000,4500256.33936492
european union,european union,european union,2000,2000,4452021.62429543
european union,european union,european union,1999,1990,4464183.33890091
european union,european union,european union,1998,1990,4540461.70645991
european union,european union,european union,1997,1990,4579674.03965868
european union,european union,european union,1996,1990,4650978.34251638
european union,european union,european union,1995,1990,4560147.85956455
european union,european union,european union,1994,1990,4509714.05572418
european union,european union,european union,1993,1990,4533165.14753016
european union,european union,european union,1992,1990,4611658.68218854
european union,european union,european union,1991,1990,4761867.85835277
european union,european union,european union,1990,1990,4866997.59775075
FIN,Northern Europe,Europe,2021,2020,47856.0524590425
FIN,Northern Europe,Europe,2020,2020,47822.2291139538
FIN,Northern Europe,Europe,2019,2010,52779.4426851836
FIN,Northern Europe,Europe,2018,2010,56003.2721814818
FIN,Northern Europe,Europe,2017,2010,55084.2461951353
FIN,Northern Europe,Europe,2016,2010,57888.4964960182
FIN,Northern Europe,Europe,2015,2010,55064.1761560255
FIN,Northern Europe,Europe,2014,2010,58575.8691084699
FIN,Northern Europe,Europe,2013,2010,62760.6717911185
FIN,Northern Europe,Europe,2012,2010,62317.555286501
FIN,Northern Europe,Europe,2011,2010,67883.2198059778
FIN,Northern Europe,Europe,2010,2010,75625.8278799718
FIN,Northern Europe,Europe,2009,2000,67764.7695485361
FIN,Northern Europe,Europe,2008,2000,71389.8983547647
FIN,Northern Europe,Europe,2007,2000,79529.9496439403
FIN,Northern Europe,Europe,2006,2000,81201.519275956
FIN,Northern Europe,Europe,2005,2000,69792.8036058287
FIN,Northern Europe,Europe,2004,2000,81834.6496220179
FIN,Northern Europe,Europe,2003,2000,85588.4809542991
FIN,Northern Europe,Europe,2002,2000,77983.9781706819
FIN,Northern Europe,Europe,2001,2000,75582.7376077119
FIN,Northern Europe,Europe,2000,2000,70244.9068547617
FIN,Northern Europe,Europe,1999,1990,72158.5749174246
FIN,Northern Europe,Europe,1998,1990,72842.2544799953
FIN,Northern Europe,Europe,1997,1990,76527.5624890878
FIN,Northern Europe,Europe,1996,1990,77848.9209132258
FIN,Northern Europe,Europe,1995,1990,71877.0652650056
FIN,Northern Europe,Europe,1994,1990,75635.1548480631
FIN,Northern Europe,Europe,1993,1990,70058.4840016732
FIN,Northern Europe,Europe,1992,1990,67831.2302372143
FIN,Northern Europe,Europe,1991,1990,69197.1952522843
FIN,Northern Europe,Europe,1990,1990,71254.0985658935
FRA,Western Europe,Europe,2021,2020,421077.313913464
FRA,Western Europe,Europe,2020,2020,399196.904803903
FRA,Western Europe,Europe,2019,2010,438467.012295634
FRA,Western Europe,Europe,2018,2010,447907.209012999
FRA,Western Europe,Europe,2017,2010,466153.168081026
FRA,Western Europe,Europe,2016,2010,463485.053226157
FRA,Western Europe,Europe,2015,2010,461134.636256296
FRA,Western Europe,Europe,2014,2010,457690.628859187
FRA,Western Europe,Europe,2013,2010,488814.149754449
FRA,Western Europe,Europe,2012,2010,489106.249342352
FRA,Western Europe,Europe,2011,2010,487270.686117932
FRA,Western Europe,Europe,2010,2010,512178.510297857
FRA,Western Europe,Europe,2009,2000,507813.510458683
FRA,Western Europe,Europe,2008,2000,529153.340492366
FRA,Western Europe,Europe,2007,2000,534696.385046011
FRA,Western Europe,Europe,2006,2000,544542.278454954
FRA,Western Europe,Europe,2005,2000,555173.237098831
FRA,Western Europe,Europe,2004,2000,553496.667038031
FRA,Western Europe,Europe,2003,2000,553944.844007985
FRA,Western Europe,Europe,2002,2000,549694.025683827
FRA,Western Europe,Europe,2001,2000,555770.210888986
FRA,Western Europe,Europe,2000,2000,550260.380824694
FRA,Western Europe,Europe,1999,1990,555854.190246371
FRA,Western Europe,Europe,1998,1990,560815.717325253
FRA,Western Europe,Europe,1997,1990,546448.177517097
FRA,Western Europe,Europe,1996,1990,554024.325388745
FRA,Western Europe,Europe,1995,1990,535688.545982701
FRA,Western Europe,Europe,1994,1990,529594.423219373
FRA,Western Europe,Europe,1993,1990,537749.134630898
FRA,Western Europe,Europe,1992,1990,558874.667995712
FRA,Western Europe,Europe,1991,1990,568514.884564135
FRA,Western Europe,Europe,1990,1990,542501.841152196
JPN,Eastern Asia,Asia,2021,2020,1169966.13434233
JPN,Eastern Asia,Asia,2020,2020,1146799.17969423
JPN,Eastern Asia,Asia,2019,2010,1209748.75888633
JPN,Eastern Asia,Asia,2018,2010,1244778.81844425
JPN,Eastern Asia,Asia,2017,2010,1288847.60008092
JPN,Eastern Asia,Asia,2016,2010,1302294.00385233
JPN,Eastern Asia,Asia,2015,2010,1320021.27888262
JPN,Eastern Asia,Asia,2014,2010,1358719.03871153
JPN,Eastern Asia,Asia,2013,2010,1407629.47229939
JPN,Eastern Asia,Asia,2012,2010,1395866.41835961
JPN,Eastern Asia,Asia,2011,2010,1353083.8791661
JPN,Eastern Asia,Asia,2010,2010,1302476.78503857
JPN,Eastern Asia,Asia,2009,2000,1249050.97023609
JPN,Eastern Asia,Asia,2008,2000,1321218.34254556
JPN,Eastern Asia,Asia,2007,2000,1394309.42216722
JPN,Eastern Asia,Asia,2006,2000,1359241.83839794
JPN,Eastern Asia,Asia,2005,2000,1380703.88249325
JPN,Eastern Asia,Asia,2004,2000,1373165.31686902
JPN,Eastern Asia,Asia,2003,2000,1381864.31123557
JPN,Eastern Asia,Asia,2002,2000,1375166.4228988
JPN,Eastern Asia,Asia,2001,2000,1351355.7897589
JPN,Eastern Asia,Asia,2000,2000,1377536.17131445
JPN,Eastern Asia,Asia,1999,1990,1357824.09060097
JPN,Eastern Asia,Asia,1998,1990,1334471.05065373
JPN,Eastern Asia,Asia,1997,1990,1383356.92637536
JPN,Eastern Asia,Asia,1996,1990,1391465.47589065
JPN,Eastern Asia,Asia,1995,1990,1378501.68009988
JPN,Eastern Asia,Asia,1994,1990,1357211.62500886
JPN,Eastern Asia,Asia,1993,1990,1296183.46680024
JPN,Eastern Asia,Asia,1992,1990,1300636.62501495
JPN,Eastern Asia,Asia,1991,1990,1289097.86290837
JPN,Eastern Asia,Asia,1990,1990,1274815.54202668
LVA,Northern Europe,Europe,2021,2020,10738.1187421114
LVA,Northern Europe,Europe,2020,2020,10496.243293863
LVA,Northern Europe,Europe,2019,2010,11144.5417341574
LVA,Northern Europe,Europe,2018,2010,11284.1340069969
LVA,Northern Europe,Europe,2017,2010,10795.2243286253
LVA,Northern Europe,Europe,2016,2010,10759.8788032026
LVA,Northern Europe,Europe,2015,2010,10761.8240818575
LVA,Northern Europe,Europe,2014,2010,10733.1566559305
LVA,Northern Europe,Europe,2013,2010,10815.9235978314
LVA,Northern Europe,Europe,2012,2010,10896.9451474957
LVA,Northern Europe,Europe,2011,2010,11077.239932357
LVA,Northern Europe,Europe,2010,2010,11874.1533951024
LVA,Northern Europe,Europe,2009,2000,10807.480504734
LVA,Northern Europe,Europe,2008,2000,11493.254268848
LVA,Northern Europe,Europe,2007,2000,11954.288680061
LVA,Northern Europe,Europe,2006,2000,11506.0040908402
LVA,Northern Europe,Europe,2005,2000,11041.7220215894
LVA,Northern Europe,Europe,2004,2000,10882.1751539054
LVA,Northern Europe,Europe,2003,2000,10941.0441628562
LVA,Northern Europe,Europe,2002,2000,10752.9920555417
LVA,Northern Europe,Europe,2001,2000,10784.2041805366
LVA,Northern Europe,Europe,2000,2000,10192.5663838414
LVA,Northern Europe,Europe,1999,1990,10817.0791459993
LVA,Northern Europe,Europe,1998,1990,11603.7776956352
LVA,Northern Europe,Europe,1997,1990,12109.3393985146
LVA,Northern Europe,Europe,1996,1990,12670.1028723996
LVA,Northern Europe,Europe,1995,1990,12621.8658185244
LVA,Northern Europe,Europe,1994,1990,13991.2934954762
LVA,Northern Europe,Europe,1993,1990,15938.9516161131
LVA,Northern Europe,Europe,1992,1990,19397.5564939799
LVA,Northern Europe,Europe,1991,1990,24171.1278879159
LVA,Northern Europe,Europe,1990,1990,26063.1134321676
LTU,Northern Europe,Europe,2021,2020,20291.7768416113
LTU,Northern Europe,Europe,2020,2020,20203.496265238
LTU,Northern Europe,Europe,2019,2010,20286.331680194
LTU,Northern Europe,Europe,2018,2010,20051.4265221439
LTU,Northern Europe,Europe,2017,2010,20380.9354451715
LTU,Northern Europe,Europe,2016,2010,20255.7854680523
LTU,Northern Europe,Europe,2015,2010,20190.0453838355
LTU,Northern Europe,Europe,2014,2010,19889.2278328044
LTU,Northern Europe,Europe,2013,2010,19982.0375118861
LTU,Northern Europe,Europe,2012,2010,21115.698158483
LTU,Northern Europe,Europe,2011,2010,21136.2761917963
LTU,Northern Europe,Europe,2010,2010,20774.1480600815
LTU,Northern Europe,Europe,2009,2000,19857.7284704868
LTU,Northern Europe,Europe,2008,2000,23871.4302046638
LTU,Northern Europe,Europe,2007,2000,24775.0577679694
LTU,Northern Europe,Europe,2006,2000,22795.2149007345
LTU,Northern Europe,Europe,2005,2000,22477.9109719204
LTU,Northern Europe,Europe,2004,2000,21628.2204198752
LTU,Northern Europe,Europe,2003,2000,20828.441717333
LTU,Northern Europe,Europe,2002,2000,20661.5240236867
LTU,Northern Europe,Europe,2001,2000,20301.5733188266
LTU,Northern Europe,Europe,2000,2000,19528.9950013065
LTU,Northern Europe,Europe,1999,1990,21133.5413740131
LTU,Northern Europe,Europe,1998,1990,23947.9076619531
LTU,Northern Europe,Europe,1997,1990,23056.6550180255
LTU,Northern Europe,Europe,1996,1990,23504.1926642807
LTU,Northern Europe,Europe,1995,1990,22521.0573381303
LTU,Northern Europe,Europe,1994,1990,23550.7085535395
LTU,Northern Europe,Europe,1993,1990,24936.6856081389
LTU,Northern Europe,Europe,1992,1990,31061.7248867367
LTU,Northern Europe,Europe,1991,1990,50135.3196643266
LTU,Northern Europe,Europe,1990,1990,48168.888919166
MCO,Western Europe,Europe,2021,2020,73.8680046117128
MCO,Western Europe,Europe,2020,2020,69.9609237764287
MCO,Western Europe,Europe,2019,2010,83.2206111005272
MCO,Western Europe,Europe,2018,2010,86.8828968425368
MCO,Western Europe,Europe,2017,2010,83.5513202269354
MCO,Western Europe,Europe,2016,2010,86.6646454193796
MCO,Western Europe,Europe,2015,2010,88.4563274932849
MCO,Western Europe,Europe,2014,2010,85.4307096240823
MCO,Western Europe,Europe,2013,2010,91.3639992445591
MCO,Western Europe,Europe,2012,2010,89.3859387722297
MCO,Western Europe,Europe,2011,2010,86.5866095629938
MCO,Western Europe,Europe,2010,2010,88.0119333162984
MCO,Western Europe,Europe,2009,2000,90.4130777237957
MCO,Western Europe,Europe,2008,2000,94.1014719984226
MCO,Western Europe,Europe,2007,2000,93.4433070656283
MCO,Western Europe,Europe,2006,2000,93.6005959121767
MCO,Western Europe,Europe,2005,2000,98.1370119500541
MCO,Western Europe,Europe,2004,2000,99.1583534727639
MCO,Western Europe,Europe,2003,2000,104.374044758596
MCO,Western Europe,Europe,2002,2000,107.371856521847
MCO,Western Europe,Europe,2001,2000,107.006366079713
MCO,Western Europe,Europe,2000,2000,106.546799024299
MCO,Western Europe,Europe,1999,1990,108.431497805715
MCO,Western Europe,Europe,1998,1990,107.229145990767
MCO,Western Europe,Europe,1997,1990,108.091340752966
MCO,Western Europe,Europe,1996,1990,109.479862129494
MCO,Western Europe,Europe,1995,1990,105.677540338265
MCO,Western Europe,Europe,1994,1990,109.039253685113
MCO,Western Europe,Europe,1993,1990,108.33751240227
MCO,Western Europe,Europe,1992,1990,109.189484579442
MCO,Western Europe,Europe,1991,1990,103.54459201535
MCO,Western Europe,Europe,1990,1990,102.694441053256
NLD,Western Europe,Europe,2021,2020,167655.901232581
NLD,Western Europe,Europe,2020,2020,164787.111619137
NLD,Western Europe,Europe,2019,2010,181367.993363146
NLD,Western Europe,Europe,2018,2010,187200.03425793
NLD,Western Europe,Europe,2017,2010,192444.211411126
NLD,Western Europe,Europe,2016,2010,195095.215946077
NLD,Western Europe,Europe,2015,2010,194467.633481531
NLD,Western Europe,Europe,2014,2010,187482.935799228
NLD,Western Europe,Europe,2013,2010,195727.374482471
NLD,Western Europe,Europe,2012,2010,196034.782606536
NLD,Western Europe,Europe,2011,2010,200379.593666255
NLD,Western Europe,Europe,2010,2010,214694.840353937
NLD,Western Europe,Europe,2009,2000,202730.421728615
NLD,Western Europe,Europe,2008,2000,208364.803934824
NLD,Western Europe,Europe,2007,2000,208515.727315576
NLD,Western Europe,Europe,2006,2000,209950.175471419
NLD,Western Europe,Europe,2005,2000,215105.179654716
NLD,Western Europe,Europe,2004,2000,220899.129037483
NLD,Western Europe,Europe,2003,2000,219442.257385507
NLD,Western Europe,Europe,2002,2000,218719.154584335
NLD,Western Europe,Europe,2001,2000,221064.266056136
NLD,Western Europe,Europe,2000,2000,219986.479513915
NLD,Western Europe,Europe,1999,1990,221624.086684063
NLD,Western Europe,Europe,1998,1990,234140.260087411
NLD,Western Europe,Europe,1997,1990,233919.54664632
NLD,Western Europe,Europe,1996,1990,242287.949409068
NLD,Western Europe,Europe,1995,1990,231957.510324002
NLD,Western Europe,Europe,1994,1990,231914.565460878
NLD,Western Europe,Europe,1993,1990,231234.052140639
NLD,Western Europe,Europe,1992,1990,230954.270602923
NLD,Western Europe,Europe,1991,1990,230597.977132268
NLD,Western Europe,Europe,1990,1990,222698.226959268
NOR,Northern Europe,Europe,2021,2020,49158.8176273313
NOR,Northern Europe,Europe,2020,2020,49497.6082436891
NOR,Northern Europe,Europe,2019,2010,51218.5763685476
NOR,Northern Europe,Europe,2018,2010,53000.7394937217
NOR,Northern Europe,Europe,2017,2010,52981.0080048159
NOR,Northern Europe,Europe,2016,2010,53765.3761516539
NOR,Northern Europe,Europe,2015,2010,54690.5539162218
NOR,Northern Europe,Europe,2014,2010,54246.1410058876
NOR,Northern Europe,Europe,2013,2010,53916.3874754575
NOR,Northern Europe,Europe,2012,2010,53671.1106750626
NOR,Northern Europe,Europe,2011,2010,54288.9559447761
NOR,Northern Europe,Europe,2010,2010,55232.907223118
NOR,Northern Europe,Europe,2009,2000,52854.7773535747
NOR,Northern Europe,Europe,2008,2000,55231.5177034848
NOR,Northern Europe,Europe,2007,2000,56712.425919013
NOR,Northern Europe,Europe,2006,2000,55015.2024515231
NOR,Northern Europe,Europe,2005,2000,55002.9443786052
NOR,Northern Europe,Europe,2004,2000,56101.2017056541
NOR,Northern Europe,Europe,2003,2000,55717.4508401952
NOR,Northern Europe,Europe,2002,2000,55077.5714318997
NOR,Northern Europe,Europe,2001,2000,56338.9005912943
NOR,Northern Europe,Europe,2000,2000,55070.2895054568
NOR,Northern Europe,Europe,1999,1990,55682.6176062786
NOR,Northern Europe,Europe,1998,1990,54671.9264720069
NOR,Northern Europe,Europe,1997,1990,54606.4272913251
NOR,Northern Europe,Europe,1996,1990,54616.5083317469
NOR,Northern Europe,Europe,1995,1990,51717.1896774224
NOR,Northern Europe,Europe,1994,1990,51330.2645620917
NOR,Northern Europe,Europe,1993,1990,49378.4493346858
NOR,Northern Europe,Europe,1992,1990,47419.3146158436
NOR,Northern Europe,Europe,1991,1990,48955.0740613908
NOR,Northern Europe,Europe,1990,1990,51305.154955761
POL,Eastern Europe,Europe,2021,2020,399937.607573592
POL,Eastern Europe,Europe,2020,2020,371894.952366352
POL,Eastern Europe,Europe,2019,2010,386870.644066039
POL,Eastern Europe,Europe,2018,2010,409494.442899512
POL,Eastern Europe,Europe,2017,2010,409543.494272131
POL,Eastern Europe,Europe,2016,2010,394859.784895614
POL,Eastern Europe,Europe,2015,2010,383941.516552689
POL,Eastern Europe,Europe,2014,2010,381565.3012858
POL,Eastern Europe,Europe,2013,2010,394345.189010383
POL,Eastern Europe,Europe,2012,2010,398442.340026243
POL,Eastern Europe,Europe,2011,2010,406388.176871353
POL,Eastern Europe,Europe,2010,2010,407804.83206217
POL,Eastern Europe,Europe,2009,2000,390486.81293599
POL,Eastern Europe,Europe,2008,2000,408587.858299203
POL,Eastern Europe,Europe,2007,2000,415314.43070061
POL,Eastern Europe,Europe,2006,2000,416003.244155754
POL,Eastern Europe,Europe,2005,2000,401273.615091378
POL,Eastern Europe,Europe,2004,2000,401377.281944484
POL,Eastern Europe,Europe,2003,2000,396038.138292278
POL,Eastern Europe,Europe,2002,2000,382809.47370273
POL,Eastern Europe,Europe,2001,2000,393002.473749268
POL,Eastern Europe,Europe,2000,2000,394474.582936351
POL,Eastern Europe,Europe,1999,1990,407951.714901491
POL,Eastern Europe,Europe,1998,1990,419808.842168716
POL,Eastern Europe,Europe,1997,1990,450430.421778072
POL,Eastern Europe,Europe,1996,1990,460799.208804612
POL,Eastern Europe,Europe,1995,1990,447129.758362597
POL,Eastern Europe,Europe,1994,1990,445250.790975217
POL,Eastern Europe,Europe,1993,1990,451322.722361964
POL,Eastern Europe,Europe,1992,1990,451206.083249038
POL,Eastern Europe,Europe,1991,1990,463502.252959403
POL,Eastern Europe,Europe,1990,1990,474838.249248258
PRT,Southern Europe,Europe,2021,2020,56523.8296889984
PRT,Southern Europe,Europe,2020,2020,58149.9223208808
PRT,Southern Europe,Europe,2019,2010,64259.3856362299
PRT,Southern Europe,Europe,2018,2010,67888.7605941327
PRT,Southern Europe,Europe,2017,2010,71545.7578461738
PRT,Southern Europe,Europe,2016,2010,66486.7532728988
PRT,Southern Europe,Europe,2015,2010,68322.8345803614
PRT,Southern Europe,Europe,2014,2010,64181.0267272713
PRT,Southern Europe,Europe,2013,2010,64302.0484354875
PRT,Southern Europe,Europe,2012,2010,66238.5833571197
PRT,Southern Europe,Europe,2011,2010,68213.6147214774
PRT,Southern Europe,Europe,2010,2010,69694.7029978101
PRT,Southern Europe,Europe,2009,2000,73960.7090724246
PRT,Southern Europe,Europe,2008,2000,77067.0658381364
PRT,Southern Europe,Europe,2007,2000,79515.4841455307
PRT,Southern Europe,Europe,2006,2000,81836.5945927857
PRT,Southern Europe,Europe,2005,2000,86675.6429544404
PRT,Southern Europe,Europe,2004,2000,84716.935595304
PRT,Southern Europe,Europe,2003,2000,81490.7510697892
PRT,Southern Europe,Europe,2002,2000,86568.882150308
PRT,Southern Europe,Europe,2001,2000,82115.687422816
PRT,Southern Europe,Europe,2000,2000,82586.1757892772
PRT,Southern Europe,Europe,1999,1990,83345.1079839438
PRT,Southern Europe,Europe,1998,1990,75234.6866316857
PRT,Southern Europe,Europe,1997,1990,70382.8341893625
PRT,Southern Europe,Europe,1996,1990,67169.3381198969
PRT,Southern Europe,Europe,1995,1990,69474.6815259873
PRT,Southern Europe,Europe,1994,1990,64784.7095488301
PRT,Southern Europe,Europe,1993,1990,63826.026290841
PRT,Southern Europe,Europe,1992,1990,65324.9950122402
PRT,Southern Europe,Europe,1991,1990,61473.2624600393
PRT,Southern Europe,Europe,1990,1990,59551.6238974808
SVK,Eastern Europe,Europe,2021,2020,41270.1595788156
SVK,Eastern Europe,Europe,2020,2020,37233.7644792581
SVK,Eastern Europe,Europe,2019,2010,40001.028033574
SVK,Eastern Europe,Europe,2018,2010,42329.5440871677
SVK,Eastern Europe,Europe,2017,2010,42466.761835728
SVK,Eastern Europe,Europe,2016,2010,41371.1878632335
SVK,Eastern Europe,Europe,2015,2010,40925.9207207202
SVK,Eastern Europe,Europe,2014,2010,40189.7447869446
SVK,Eastern Europe,Europe,2013,2010,42177.6296372582
SVK,Eastern Europe,Europe,2012,2010,42497.8588675193
SVK,Eastern Europe,Europe,2011,2010,44897.5108950965
SVK,Eastern Europe,Europe,2010,2010,45815.8324883569
SVK,Eastern Europe,Europe,2009,2000,45014.2507696407
SVK,Eastern Europe,Europe,2008,2000,49276.8573314755
SVK,Eastern Europe,Europe,2007,2000,48756.336013194
SVK,Eastern Europe,Europe,2006,2000,50516.5426380639
SVK,Eastern Europe,Europe,2005,2000,50733.2418906944
SVK,Eastern Europe,Europe,2004,2000,50755.6502224476
SVK,Eastern Europe,Europe,2003,2000,50041.4868489444
SVK,Eastern Europe,Europe,2002,2000,49941.9113249361
SVK,Eastern Europe,Europe,2001,2000,51322.1494475739
SVK,Eastern Europe,Europe,2000,2000,49051.6543136143
SVK,Eastern Europe,Europe,1999,1990,50931.0938172369
SVK,Eastern Europe,Europe,1998,1990,52197.016595206
SVK,Eastern Europe,Europe,1997,1990,52899.4914555143
SVK,Eastern Europe,Europe,1996,1990,53078.9325861941
SVK,Eastern Europe,Europe,1995,1990,53262.0590708248
SVK,Eastern Europe,Europe,1994,1990,52769.832899758
SVK,Eastern Europe,Europe,1993,1990,55327.1326483009
SVK,Eastern Europe,Europe,1992,1990,58710.212148874
SVK,Eastern Europe,Europe,1991,1990,64429.9409729402
SVK,Eastern Europe,Europe,1990,1990,73826.4390575382
CHE,Western Europe,Europe,2021,2020,45248.5813591299
CHE,Western Europe,Europe,2020,2020,43906.5583122028
CHE,Western Europe,Europe,2019,2010,46590.7607641204
CHE,Western Europe,Europe,2018,2010,46858.1075161119
CHE,Western Europe,Europe,2017,2010,48368.4175194011
CHE,Western Europe,Europe,2016,2010,49336.1744778679
CHE,Western Europe,Europe,2015,2010,49026.8572022955
CHE,Western Europe,Europe,2014,2010,49553.8186819631
CHE,Western Europe,Europe,2013,2010,53494.4187732897
CHE,Western Europe,Europe,2012,2010,52655.7293289042
CHE,Western Europe,Europe,2011,2010,51332.100344199
CHE,Western Europe,Europe,2010,2010,55456.8455869687
CHE,Western Europe,Europe,2009,2000,53874.8277765096
CHE,Western Europe,Europe,2008,2000,55364.5967143712
CHE,Western Europe,Europe,2007,2000,53975.0080314225
CHE,Western Europe,Europe,2006,2000,55920.3497548199
CHE,Western Europe,Europe,2005,2000,56254.2681475578
CHE,Western Europe,Europe,2004,2000,55637.3391056769
CHE,Western Europe,Europe,2003,2000,55057.263724205
CHE,Western Europe,Europe,2002,2000,54009.0478246704
CHE,Western Europe,Europe,2001,2000,55578.9011083189
CHE,Western Europe,Europe,2000,2000,54068.9419776723
CHE,Western Europe,Europe,1999,1990,54827.5662407635
CHE,Western Europe,Europe,1998,1990,55040.9201235462
CHE,Western Europe,Europe,1997,1990,53528.2740520313
CHE,Western Europe,Europe,1996,1990,54764.0264624898
CHE,Western Europe,Europe,1995,1990,54131.259141463
CHE,Western Europe,Europe,1994,1990,53263.4905488976
CHE,Western Europe,Europe,1993,1990,54327.1891736438
CHE,Western Europe,Europe,1992,1990,56938.7970939641
CHE,Western Europe,Europe,1991,1990,57215.4977857896
CHE,Western Europe,Europe,1990,1990,55344.9841202819
