Country,Sub-region Name,Region Name,Year,Decade,Value
AUS,Australia and New Zealand,Oceania,2020,2020,97303.7351683072
AUS,Australia and New Zealand,Oceania,2019,2010,99367.7314000717
AUS,Australia and New Zealand,Oceania,2018,2010,105796.247541354
AUS,Australia and New Zealand,Oceania,2017,2010,105002.791862103
AUS,Australia and New Zealand,Oceania,2016,2010,103078.580409683
AUS,Australia and New Zealand,Oceania,2015,2010,103955.984361692
AUS,Australia and New Zealand,Oceania,2014,2010,103494.595325217
AUS,Australia and New Zealand,Oceania,2013,2010,106249.156436759
AUS,Australia and New Zealand,Oceania,2012,2010,106641.052870279
AUS,Australia and New Zealand,Oceania,2011,2010,106310.044405118
AUS,Australia and New Zealand,Oceania,2010,2010,104768.448533726
AUS,Australia and New Zealand,Oceania,2009,2000,107797.782980574
AUS,Australia and New Zealand,Oceania,2008,2000,109033.21001672
AUS,Australia and New Zealand,Oceania,2007,2000,111645.922019151
AUS,Australia and New Zealand,Oceania,2006,2000,111294.127712246
AUS,Australia and New Zealand,Oceania,2005,2000,112300.305724911
AUS,Australia and New Zealand,Oceania,2004,2000,110016.932516031
AUS,Australia and New Zealand,Oceania,2003,2000,108530.050761768
AUS,Australia and New Zealand,Oceania,2002,2000,115485.968550101
AUS,Australia and New Zealand,Oceania,2001,2000,117110.619052842
AUS,Australia and New Zealand,Oceania,2000,2000,118052.17644461
AUS,Australia and New Zealand,Oceania,1999,1990,114164.527759236
AUS,Australia and New Zealand,Oceania,1998,1990,117834.999257818
AUS,Australia and New Zealand,Oceania,1997,1990,118004.542337205
AUS,Australia and New Zealand,Oceania,1996,1990,115157.293442175
AUS,Australia and New Zealand,Oceania,1995,1990,115838.533863639
AUS,Australia and New Zealand,Oceania,1994,1990,117269.416880507
AUS,Australia and New Zealand,Oceania,1993,1990,120116.183306004
AUS,Australia and New Zealand,Oceania,1992,1990,123239.843554797
AUS,Australia and New Zealand,Oceania,1991,1990,124199.251540457
AUS,Australia and New Zealand,Oceania,1990,1990,125133.249408805
AUT,Western Europe,Europe,2021,2020,6499.26459036207
AUT,Western Europe,Europe,2020,2020,6502.90399748831
AUT,Western Europe,Europe,2019,2010,6608.55492437589
AUT,Western Europe,Europe,2018,2010,6757.86794870621
AUT,Western Europe,Europe,2017,2010,6993.400421791
AUT,Western Europe,Europe,2016,2010,7023.26696432911
AUT,Western Europe,Europe,2015,2010,7103.22155285219
AUT,Western Europe,Europe,2014,2010,7190.58111633656
AUT,Western Europe,Europe,2013,2010,7348.95288934358
AUT,Western Europe,Europe,2012,2010,7469.67356667963
AUT,Western Europe,Europe,2011,2010,7604.1183093934
AUT,Western Europe,Europe,2010,2010,7835.56451101436
AUT,Western Europe,Europe,2009,2000,7957.5447147166
AUT,Western Europe,Europe,2008,2000,8082.3725379367
AUT,Western Europe,Europe,2007,2000,8245.19136833339
AUT,Western Europe,Europe,2006,2000,8379.42530103999
AUT,Western Europe,Europe,2005,2000,8514.25420116871
AUT,Western Europe,Europe,2004,2000,8775.22246226698
AUT,Western Europe,Europe,2003,2000,8783.4923781595
AUT,Western Europe,Europe,2002,2000,8864.23625737509
AUT,Western Europe,Europe,2001,2000,9021.7376061709
AUT,Western Europe,Europe,2000,2000,9217.84581187168
AUT,Western Europe,Europe,1999,1990,9452.01111910417
AUT,Western Europe,Europe,1998,1990,9649.95785589969
AUT,Western Europe,Europe,1997,1990,9838.05375103599
AUT,Western Europe,Europe,1996,1990,10168.6049062721
AUT,Western Europe,Europe,1995,1990,10513.7923347018
AUT,Western Europe,Europe,1994,1990,10605.3993077022
AUT,Western Europe,Europe,1993,1990,10937.0334773225
AUT,Western Europe,Europe,1992,1990,10893.4981180531
AUT,Western Europe,Europe,1991,1990,11199.9213641497
AUT,Western Europe,Europe,1990,1990,11318.847159775
BLR,Eastern Europe,Europe,2021,2020,17875.9385994639
BLR,Eastern Europe,Europe,2020,2020,17678.0898385645
BLR,Eastern Europe,Europe,2019,2010,17531.6364146119
BLR,Eastern Europe,Europe,2018,2010,17480.7019196544
BLR,Eastern Europe,Europe,2017,2010,17278.9204664539
BLR,Eastern Europe,Europe,2016,2010,17089.2541481099
BLR,Eastern Europe,Europe,2015,2010,17221.8007078392
BLR,Eastern Europe,Europe,2014,2010,17334.213747643
BLR,Eastern Europe,Europe,2013,2010,17423.0104733757
BLR,Eastern Europe,Europe,2012,2010,17074.9191640812
BLR,Eastern Europe,Europe,2011,2010,16763.8036262264
BLR,Eastern Europe,Europe,2010,2010,16727.6602077316
BLR,Eastern Europe,Europe,2009,2000,16298.3016203319
BLR,Eastern Europe,Europe,2008,2000,16280.7656836972
BLR,Eastern Europe,Europe,2007,2000,16058.4574234465
BLR,Eastern Europe,Europe,2006,2000,15995.6465795177
BLR,Eastern Europe,Europe,2005,2000,15606.6409616497
BLR,Eastern Europe,Europe,2004,2000,15116.764366821
BLR,Eastern Europe,Europe,2003,2000,14881.4015718123
BLR,Eastern Europe,Europe,2002,2000,14918.6706126283
BLR,Eastern Europe,Europe,2001,2000,14990.8627743102
BLR,Eastern Europe,Europe,2000,2000,15093.4779528177
BLR,Eastern Europe,Europe,1999,1990,15168.7302856079
BLR,Eastern Europe,Europe,1998,1990,15526.2315157759
BLR,Eastern Europe,Europe,1997,1990,15534.5706550462
BLR,Eastern Europe,Europe,1996,1990,15498.9284886851
BLR,Eastern Europe,Europe,1995,1990,15952.5191230317
BLR,Eastern Europe,Europe,1994,1990,16793.3088406692
BLR,Eastern Europe,Europe,1993,1990,17482.150450699
BLR,Eastern Europe,Europe,1992,1990,18337.9466489137
BLR,Eastern Europe,Europe,1991,1990,19739.7590855256
BLR,Eastern Europe,Europe,1990,1990,20770.3444355306
BEL,Western Europe,Europe,2021,2020,7870.0988320078
BEL,Western Europe,Europe,2020,2020,7971.60760675944
BEL,Western Europe,Europe,2019,2010,8095.9414953694
BEL,Western Europe,Europe,2018,2010,8181.19653592443
BEL,Western Europe,Europe,2017,2010,8263.19317244112
BEL,Western Europe,Europe,2016,2010,8446.15473793036
BEL,Western Europe,Europe,2015,2010,8487.18832618972
BEL,Western Europe,Europe,2014,2010,8477.62744488272
BEL,Western Europe,Europe,2013,2010,8650.40972336463
BEL,Western Europe,Europe,2012,2010,8819.24892718146
BEL,Western Europe,Europe,2011,2010,8861.15725626442
BEL,Western Europe,Europe,2010,2010,9123.26236497711
BEL,Western Europe,Europe,2009,2000,9157.08878287873
BEL,Western Europe,Europe,2008,2000,9228.77722540732
BEL,Western Europe,Europe,2007,2000,9416.096479799
BEL,Western Europe,Europe,2006,2000,9532.71826515205
BEL,Western Europe,Europe,2005,2000,9630.15364481411
BEL,Western Europe,Europe,2004,2000,9876.94701648661
BEL,Western Europe,Europe,2003,2000,9941.88339304698
BEL,Western Europe,Europe,2002,2000,10523.4769561045
BEL,Western Europe,Europe,2001,2000,10972.5966945724
BEL,Western Europe,Europe,2000,2000,11443.9432170105
BEL,Western Europe,Europe,1999,1990,11905.5133935568
BEL,Western Europe,Europe,1998,1990,12174.4377802763
BEL,Western Europe,Europe,1997,1990,12368.9253514447
BEL,Western Europe,Europe,1996,1990,12500.4015191337
BEL,Western Europe,Europe,1995,1990,12653.8127202203
BEL,Western Europe,Europe,1994,1990,12582.3517358113
BEL,Western Europe,Europe,1993,1990,12547.6829314078
BEL,Western Europe,Europe,1992,1990,12768.7039910165
BEL,Western Europe,Europe,1991,1990,12855.2717454567
BEL,Western Europe,Europe,1990,1990,12899.9861722137
BGR,Eastern Europe,Europe,2021,2020,6560.59971145466
BGR,Eastern Europe,Europe,2020,2020,6406.8323891111
BGR,Eastern Europe,Europe,2019,2010,6527.15408981666
BGR,Eastern Europe,Europe,2018,2010,6801.94174796498
BGR,Eastern Europe,Europe,2017,2010,7125.41585012255
BGR,Eastern Europe,Europe,2016,2010,7260.0006101485
BGR,Eastern Europe,Europe,2015,2010,7440.42848600287
BGR,Eastern Europe,Europe,2014,2010,7405.00406355537
BGR,Eastern Europe,Europe,2013,2010,7466.39265788863
BGR,Eastern Europe,Europe,2012,2010,7561.51483576702
BGR,Eastern Europe,Europe,2011,2010,7876.34152582209
BGR,Eastern Europe,Europe,2010,2010,7586.15451947416
BGR,Eastern Europe,Europe,2009,2000,7441.69071573075
BGR,Eastern Europe,Europe,2008,2000,7691.43598681683
BGR,Eastern Europe,Europe,2007,2000,7772.65473227634
BGR,Eastern Europe,Europe,2006,2000,7761.49953401938
BGR,Eastern Europe,Europe,2005,2000,7931.83015234619
BGR,Eastern Europe,Europe,2004,2000,8317.18857281103
BGR,Eastern Europe,Europe,2003,2000,8822.07312113839
BGR,Eastern Europe,Europe,2002,2000,8110.60421290763
BGR,Eastern Europe,Europe,2001,2000,7776.69009533048
BGR,Eastern Europe,Europe,2000,2000,8495.95725139827
BGR,Eastern Europe,Europe,1999,1990,8566.44857023938
BGR,Eastern Europe,Europe,1998,1990,8998.54532646603
BGR,Eastern Europe,Europe,1997,1990,9618.35067181351
BGR,Eastern Europe,Europe,1996,1990,9973.20614649032
BGR,Eastern Europe,Europe,1995,1990,9968.17970082954
BGR,Eastern Europe,Europe,1994,1990,9834.01328949902
BGR,Eastern Europe,Europe,1993,1990,11822.5956635052
BGR,Eastern Europe,Europe,1992,1990,13072.4533979885
BGR,Eastern Europe,Europe,1991,1990,13462.7327372513
BGR,Eastern Europe,Europe,1990,1990,14631.8094562071
CAN,Northern America,Americas,2021,2020,90509.759899685
CAN,Northern America,Americas,2020,2020,91379.8196667903
CAN,Northern America,Americas,2019,2010,101367.689417077
CAN,Northern America,Americas,2018,2010,103864.664920584
CAN,Northern America,Americas,2017,2010,104067.299141371
CAN,Northern America,Americas,2016,2010,104732.076591537
CAN,Northern America,Americas,2015,2010,109975.157853482
CAN,Northern America,Americas,2014,2010,112564.717134026
CAN,Northern America,Americas,2013,2010,111504.033241653
CAN,Northern America,Americas,2012,2010,110506.668335065
CAN,Northern America,Americas,2011,2010,107989.501730127
CAN,Northern America,Americas,2010,2010,107761.32435633
CAN,Northern America,Americas,2009,2000,106879.812392432
CAN,Northern America,Americas,2008,2000,112880.54695375
CAN,Northern America,Americas,2007,2000,113921.261020961
CAN,Northern America,Americas,2006,2000,116412.194432084
CAN,Northern America,Americas,2005,2000,114807.904933934
CAN,Northern America,Americas,2004,2000,113213.176638027
CAN,Northern America,Americas,2003,2000,110839.468677149
CAN,Northern America,Americas,2002,2000,110408.27156546
CAN,Northern America,Americas,2001,2000,110703.555470685
CAN,Northern America,Americas,2000,2000,110824.41525594
CAN,Northern America,Americas,1999,1990,108681.188555635
CAN,Northern America,Americas,1998,1990,107494.102714927
CAN,Northern America,Americas,1997,1990,106312.594744348
CAN,Northern America,Americas,1996,1990,104068.177545049
CAN,Northern America,Americas,1995,1990,100379.041957051
CAN,Northern America,Americas,1994,1990,96100.9775585294
CAN,Northern America,Americas,1993,1990,92593.8662741751
CAN,Northern America,Americas,1992,1990,89611.5046237305
CAN,Northern America,Americas,1991,1990,85490.8008552617
CAN,Northern America,Americas,1990,1990,83913.8547579155
HRV,Southern Europe,Europe,2021,2020,3887.15610467487
HRV,Southern Europe,Europe,2020,2020,4001.92922146943
HRV,Southern Europe,Europe,2019,2010,4049.49762573895
HRV,Southern Europe,Europe,2018,2010,4103.61364575574
HRV,Southern Europe,Europe,2017,2010,4272.83775576744
HRV,Southern Europe,Europe,2016,2010,4284.31328780622
HRV,Southern Europe,Europe,2015,2010,4265.87638474419
HRV,Southern Europe,Europe,2014,2010,4167.23143071918
HRV,Southern Europe,Europe,2013,2010,4203.11159354863
HRV,Southern Europe,Europe,2012,2010,4316.98480876876
HRV,Southern Europe,Europe,2011,2010,4372.96902619313
HRV,Southern Europe,Europe,2010,2010,4420.01122803787
HRV,Southern Europe,Europe,2009,2000,4350.32587270002
HRV,Southern Europe,Europe,2008,2000,4265.34436485629
HRV,Southern Europe,Europe,2007,2000,4291.77239013506
HRV,Southern Europe,Europe,2006,2000,4288.49513866491
HRV,Southern Europe,Europe,2005,2000,4155.72334886723
HRV,Southern Europe,Europe,2004,2000,4141.43418336984
HRV,Southern Europe,Europe,2003,2000,4026.50578276653
HRV,Southern Europe,Europe,2002,2000,3833.94760335765
HRV,Southern Europe,Europe,2001,2000,3821.07337862016
HRV,Southern Europe,Europe,2000,2000,3734.9257999896
HRV,Southern Europe,Europe,1999,1990,3787.12589823408
HRV,Southern Europe,Europe,1998,1990,3726.43267494906
HRV,Southern Europe,Europe,1997,1990,3750.00852811619
HRV,Southern Europe,Europe,1996,1990,3776.62157815759
HRV,Southern Europe,Europe,1995,1990,3814.81935134095
HRV,Southern Europe,Europe,1994,1990,3861.30032681661
HRV,Southern Europe,Europe,1993,1990,4062.19152065843
HRV,Southern Europe,Europe,1992,1990,4146.8324009397
HRV,Southern Europe,Europe,1991,1990,4661.53213163526
HRV,Southern Europe,Europe,1990,1990,4821.38262191547
CYP,Western Asia,Asia,2021,2020,1097.40095763803
CYP,Western Asia,Asia,2020,2020,1064.83267345146
CYP,Western Asia,Asia,2019,2010,1034.05336443387
CYP,Western Asia,Asia,2018,2010,1013.25106964142
CYP,Western Asia,Asia,2017,2010,999.058541839055
CYP,Western Asia,Asia,2016,2010,980.386395049634
CYP,Western Asia,Asia,2015,2010,957.01209185498
CYP,Western Asia,Asia,2014,2010,949.373579238993
CYP,Western Asia,Asia,2013,2010,948.40219682242
CYP,Western Asia,Asia,2012,2010,963.139047168444
CYP,Western Asia,Asia,2011,2010,973.255864805782
CYP,Western Asia,Asia,2010,2010,973.732840133294
CYP,Western Asia,Asia,2009,2000,964.613218904935
CYP,Western Asia,Asia,2008,2000,962.364995940455
CYP,Western Asia,Asia,2007,2000,964.653605169765
CYP,Western Asia,Asia,2006,2000,962.620617413605
CYP,Western Asia,Asia,2005,2000,960.064055810794
CYP,Western Asia,Asia,2004,2000,984.948386425321
CYP,Western Asia,Asia,2003,2000,994.648751944308
CYP,Western Asia,Asia,2002,2000,1003.66051834994
CYP,Western Asia,Asia,2001,2000,975.92292375296
CYP,Western Asia,Asia,2000,2000,938.336465320068
CYP,Western Asia,Asia,1999,1990,919.570421011346
CYP,Western Asia,Asia,1998,1990,917.447647262224
CYP,Western Asia,Asia,1997,1990,914.779073627738
CYP,Western Asia,Asia,1996,1990,909.383257208261
CYP,Western Asia,Asia,1995,1990,887.562309030471
CYP,Western Asia,Asia,1994,1990,861.384248328841
CYP,Western Asia,Asia,1993,1990,847.165667795858
CYP,Western Asia,Asia,1992,1990,816.304329965439
CYP,Western Asia,Asia,1991,1990,791.347981011437
CYP,Western Asia,Asia,1990,1990,776.447324020094
CZE,Eastern Europe,Europe,2021,2020,13223.9900175251
CZE,Eastern Europe,Europe,2020,2020,13098.133945115
CZE,Eastern Europe,Europe,2019,2010,13798.8677114323
CZE,Eastern Europe,Europe,2018,2010,14165.5487491501
CZE,Eastern Europe,Europe,2017,2010,14273.4423625821
CZE,Eastern Europe,Europe,2016,2010,14513.7243606076
CZE,Eastern Europe,Europe,2015,2010,14938.4986490832
CZE,Eastern Europe,Europe,2014,2010,14881.7015443358
CZE,Eastern Europe,Europe,2013,2010,14893.8617356153
CZE,Eastern Europe,Europe,2012,2010,15580.3762688573
CZE,Eastern Europe,Europe,2011,2010,15646.1095095858
CZE,Eastern Europe,Europe,2010,2010,15709.8718543046
CZE,Eastern Europe,Europe,2009,2000,15447.726584432
CZE,Eastern Europe,Europe,2008,2000,16265.1577981665
CZE,Eastern Europe,Europe,2007,2000,16196.9122568752
CZE,Eastern Europe,Europe,2006,2000,16753.8627426574
CZE,Eastern Europe,Europe,2005,2000,16531.5698564545
CZE,Eastern Europe,Europe,2004,2000,15896.4705517257
CZE,Eastern Europe,Europe,2003,2000,16439.9242029856
CZE,Eastern Europe,Europe,2002,2000,16586.8889202263
CZE,Eastern Europe,Europe,2001,2000,16951.0122292252
CZE,Eastern Europe,Europe,2000,2000,17614.6994206362
CZE,Eastern Europe,Europe,1999,1990,18686.7037470754
CZE,Eastern Europe,Europe,1998,1990,19653.1558687785
CZE,Eastern Europe,Europe,1997,1990,20547.8784396059
CZE,Eastern Europe,Europe,1996,1990,21155.5767290314
CZE,Eastern Europe,Europe,1995,1990,21157.0346041929
CZE,Eastern Europe,Europe,1994,1990,21514.8812081802
CZE,Eastern Europe,Europe,1993,1990,22927.4484994037
CZE,Eastern Europe,Europe,1992,1990,23474.5515419247
CZE,Eastern Europe,Europe,1991,1990,25429.833263468
CZE,Eastern Europe,Europe,1990,1990,26813.5709678121
DNK,Northern Europe,Europe,2021,2020,8644.69913581677
DNK,Northern Europe,Europe,2020,2020,8613.03644167601
DNK,Northern Europe,Europe,2019,2010,8471.83532089407
DNK,Northern Europe,Europe,2018,2010,8658.41624240605
DNK,Northern Europe,Europe,2017,2010,8586.01980446307
DNK,Northern Europe,Europe,2016,2010,8585.81517770987
DNK,Northern Europe,Europe,2015,2010,8503.37872548266
DNK,Northern Europe,Europe,2014,2010,8586.31421597867
DNK,Northern Europe,Europe,2013,2010,8614.23549731089
DNK,Northern Europe,Europe,2012,2010,8719.20581662134
DNK,Northern Europe,Europe,2011,2010,8831.962099791
DNK,Northern Europe,Europe,2010,2010,9015.27070637594
DNK,Northern Europe,Europe,2009,2000,8918.19152680284
DNK,Northern Europe,Europe,2008,2000,9070.82014666185
DNK,Northern Europe,Europe,2007,2000,9223.18317923032
DNK,Northern Europe,Europe,2006,2000,9251.72621783084
DNK,Northern Europe,Europe,2005,2000,9405.71081826368
DNK,Northern Europe,Europe,2004,2000,9684.04491457671
DNK,Northern Europe,Europe,2003,2000,9863.76123416454
DNK,Northern Europe,Europe,2002,2000,9825.9004717323
DNK,Northern Europe,Europe,2001,2000,9874.23981537876
DNK,Northern Europe,Europe,2000,2000,9632.01565869795
DNK,Northern Europe,Europe,1999,1990,9640.72569129748
DNK,Northern Europe,Europe,1998,1990,9769.43148147216
DNK,Northern Europe,Europe,1997,1990,9687.05261793259
DNK,Northern Europe,Europe,1996,1990,9801.76086648628
DNK,Northern Europe,Europe,1995,1990,9671.43586592299
DNK,Northern Europe,Europe,1994,1990,9588.14839828604
DNK,Northern Europe,Europe,1993,1990,9735.82505515295
DNK,Northern Europe,Europe,1992,1990,9495.60366659121
DNK,Northern Europe,Europe,1991,1990,9393.40183813724
DNK,Northern Europe,Europe,1990,1990,9161.07323086463
EST,Northern Europe,Europe,2021,2020,1152.94077636597
EST,Northern Europe,Europe,2020,2020,1144.51397209763
EST,Northern Europe,Europe,2019,2010,1156.23236717043
EST,Northern Europe,Europe,2018,2010,1143.58287445534
EST,Northern Europe,Europe,2017,2010,1146.17163473416
EST,Northern Europe,Europe,2016,2010,1132.24614629645
EST,Northern Europe,Europe,2015,2010,1151.48062041693
EST,Northern Europe,Europe,2014,2010,1253.97992048451
EST,Northern Europe,Europe,2013,2010,1280.43725076093
EST,Northern Europe,Europe,2012,2010,1279.97091592427
EST,Northern Europe,Europe,2011,2010,1267.35545537586
EST,Northern Europe,Europe,2010,2010,1298.22216913007
EST,Northern Europe,Europe,2009,2000,1289.50212162535
EST,Northern Europe,Europe,2008,2000,1279.55299535872
EST,Northern Europe,Europe,2007,2000,1297.78921288226
EST,Northern Europe,Europe,2006,2000,1304.10534736549
EST,Northern Europe,Europe,2005,2000,1312.32346331266
EST,Northern Europe,Europe,2004,2000,1331.10767090867
EST,Northern Europe,Europe,2003,2000,1309.96878304275
EST,Northern Europe,Europe,2002,2000,1309.55967475522
EST,Northern Europe,Europe,2001,2000,1362.69380664654
EST,Northern Europe,Europe,2000,2000,1323.80341028385
EST,Northern Europe,Europe,1999,1990,1287.04027251292
EST,Northern Europe,Europe,1998,1990,1380.72086126396
EST,Northern Europe,Europe,1997,1990,1400.26468568331
EST,Northern Europe,Europe,1996,1990,1343.4657809322
EST,Northern Europe,Europe,1995,1990,1349.31756432513
EST,Northern Europe,Europe,1994,1990,1457.80145934946
EST,Northern Europe,Europe,1993,1990,1525.41520003737
EST,Northern Europe,Europe,1992,1990,1798.01968042007
EST,Northern Europe,Europe,1991,1990,2077.99022240648
EST,Northern Europe,Europe,1990,1990,2152.37788424663
european union,european union,european union,2021,2020,401658.555492058
european union,european union,european union,2020,2020,405668.777595617
european union,european union,european union,2019,2010,409823.111980726
european union,european union,european union,2018,2010,419510.262427317
european union,european union,european union,2017,2010,425299.119611277
european union,european union,european union,2016,2010,427051.440643852
european union,european union,european union,2015,2010,431827.739277019
european union,european union,european union,2014,2010,430594.636866632
european union,european union,european union,2013,2010,438057.659726532
european union,european union,european union,2012,2010,446196.416827222
european union,european union,european union,2011,2010,448820.580904495
european union,european union,european union,2010,2010,458733.510512192
european union,european union,european union,2009,2000,465554.716264428
european union,european union,european union,2008,2000,474992.669022734
european union,european union,european union,2007,2000,481805.349103066
european union,european union,european union,2006,2000,487622.590646785
european union,european union,european union,2005,2000,496915.825866178
european union,european union,european union,2004,2000,505199.524329052
european union,european union,european union,2003,2000,522102.612819992
european union,european union,european union,2002,2000,525792.596640214
european union,european union,european union,2001,2000,536404.26161685
european union,european union,european union,2000,2000,542790.261814886
european union,european union,european union,1999,1990,563519.319726284
european union,european union,european union,1998,1990,571539.310731765
european union,european union,european union,1997,1990,584616.35230634
european union,european union,european union,1996,1990,588866.536992559
european union,european union,european union,1995,1990,591985.350677926
european union,european union,european union,1994,1990,594503.832159852
european union,european union,european union,1993,1990,605144.393290781
european union,european union,european union,1992,1990,611826.573517838
european union,european union,european union,1991,1990,627352.442936245
european union,european union,european union,1990,1990,648411.628836414
FIN,Northern Europe,Europe,2021,2020,4819.21681748269
FIN,Northern Europe,Europe,2020,2020,4937.91394139328
FIN,Northern Europe,Europe,2019,2010,5041.9363975537
FIN,Northern Europe,Europe,2018,2010,5098.89233103478
FIN,Northern Europe,Europe,2017,2010,5177.53469560228
FIN,Northern Europe,Europe,2016,2010,5305.2419380264
FIN,Northern Europe,Europe,2015,2010,5469.50835968538
FIN,Northern Europe,Europe,2014,2010,5508.39642805102
FIN,Northern Europe,Europe,2013,2010,5614.36546627005
FIN,Northern Europe,Europe,2012,2010,5752.26391918944
FIN,Northern Europe,Europe,2011,2010,5818.71064938788
FIN,Northern Europe,Europe,2010,2010,5993.42393476509
FIN,Northern Europe,Europe,2009,2000,5922.41589877669
FIN,Northern Europe,Europe,2008,2000,6016.01322130337
FIN,Northern Europe,Europe,2007,2000,6192.27406746589
FIN,Northern Europe,Europe,2006,2000,6336.47711269369
FIN,Northern Europe,Europe,2005,2000,6258.1793280932
FIN,Northern Europe,Europe,2004,2000,6537.16895107761
FIN,Northern Europe,Europe,2003,2000,6748.71860326297
FIN,Northern Europe,Europe,2002,2000,6972.14693607
FIN,Northern Europe,Europe,2001,2000,7218.16256657991
FIN,Northern Europe,Europe,2000,2000,7364.1863539836
FIN,Northern Europe,Europe,1999,1990,7651.81364269502
FIN,Northern Europe,Europe,1998,1990,7868.40598689608
FIN,Northern Europe,Europe,1997,1990,8153.98176012567
FIN,Northern Europe,Europe,1996,1990,8246.88954563311
FIN,Northern Europe,Europe,1995,1990,8322.50815234453
FIN,Northern Europe,Europe,1994,1990,8557.79561311247
FIN,Northern Europe,Europe,1993,1990,8584.88620868106
FIN,Northern Europe,Europe,1992,1990,8538.87650332195
FIN,Northern Europe,Europe,1991,1990,8592.7518818771
FIN,Northern Europe,Europe,1990,1990,8611.47088743084
FRA,Western Europe,Europe,2021,2020,62196.306195502
FRA,Western Europe,Europe,2020,2020,63774.3314706699
FRA,Western Europe,Europe,2019,2010,64979.6376701825
FRA,Western Europe,Europe,2018,2010,64990.9408911099
FRA,Western Europe,Europe,2017,2010,66080.6274916821
FRA,Western Europe,Europe,2016,2010,66737.8770065073
FRA,Western Europe,Europe,2015,2010,66819.0187892193
FRA,Western Europe,Europe,2014,2010,67438.2490999569
FRA,Western Europe,Europe,2013,2010,68636.6062787625
FRA,Western Europe,Europe,2012,2010,70262.3454156688
FRA,Western Europe,Europe,2011,2010,71004.5926941536
FRA,Western Europe,Europe,2010,2010,73731.3877028836
FRA,Western Europe,Europe,2009,2000,73747.3964594718
FRA,Western Europe,Europe,2008,2000,75150.6769172269
FRA,Western Europe,Europe,2007,2000,74611.3743375674
FRA,Western Europe,Europe,2006,2000,74733.1069099886
FRA,Western Europe,Europe,2005,2000,75397.4509881154
FRA,Western Europe,Europe,2004,2000,76381.9047176573
FRA,Western Europe,Europe,2003,2000,77519.7103475787
FRA,Western Europe,Europe,2002,2000,78585.1457442384
FRA,Western Europe,Europe,2001,2000,80328.1212600483
FRA,Western Europe,Europe,2000,2000,80044.7443625675
FRA,Western Europe,Europe,1999,1990,79256.251790132
FRA,Western Europe,Europe,1998,1990,79237.2201034068
FRA,Western Europe,Europe,1997,1990,78784.9112044428
FRA,Western Europe,Europe,1996,1990,80176.4255341962
FRA,Western Europe,Europe,1995,1990,80846.440647392
FRA,Western Europe,Europe,1994,1990,80323.5675934525
FRA,Western Europe,Europe,1993,1990,80398.0429626578
FRA,Western Europe,Europe,1992,1990,79955.7343925787
FRA,Western Europe,Europe,1991,1990,79823.5213727624
FRA,Western Europe,Europe,1990,1990,79256.3293414455
DEU,Western Europe,Europe,2021,2020,45687.7487317312
DEU,Western Europe,Europe,2020,2020,47051.4093588268
DEU,Western Europe,Europe,2019,2010,48261.4341916901
DEU,Western Europe,Europe,2018,2010,51097.5251753717
DEU,Western Europe,Europe,2017,2010,53339.0069062907
DEU,Western Europe,Europe,2016,2010,54177.9569190279
DEU,Western Europe,Europe,2015,2010,55895.2773154482
DEU,Western Europe,Europe,2014,2010,56368.1006702616
DEU,Western Europe,Europe,2013,2010,57898.5065111973
DEU,Western Europe,Europe,2012,2010,58892.5701367588
DEU,Western Europe,Europe,2011,2010,58550.675147301
DEU,Western Europe,Europe,2010,2010,60100.1120054787
DEU,Western Europe,Europe,2009,2000,61476.9333077313
DEU,Western Europe,Europe,2008,2000,64295.7584458547
DEU,Western Europe,Europe,2007,2000,65669.9412387939
DEU,Western Europe,Europe,2006,2000,68158.9091992546
DEU,Western Europe,Europe,2005,2000,72573.5925200961
DEU,Western Europe,Europe,2004,2000,76468.8784697047
DEU,Western Europe,Europe,2003,2000,83233.980019856
DEU,Western Europe,Europe,2002,2000,87213.2558950818
DEU,Western Europe,Europe,2001,2000,91917.7629477661
DEU,Western Europe,Europe,2000,2000,96046.3943503297
DEU,Western Europe,Europe,1999,1990,100615.603679316
DEU,Western Europe,Europe,1998,1990,101789.292874879
DEU,Western Europe,Europe,1997,1990,107421.923140498
DEU,Western Europe,Europe,1996,1990,112543.942182327
DEU,Western Europe,Europe,1995,1990,115631.707421664
DEU,Western Europe,Europe,1994,1990,118428.746818463
DEU,Western Europe,Europe,1993,1990,122908.958734814
DEU,Western Europe,Europe,1992,1990,122193.125566051
DEU,Western Europe,Europe,1991,1990,126230.500363625
DEU,Western Europe,Europe,1990,1990,132605.600250998
GRC,Southern Europe,Europe,2021,2020,11323.4215669907
GRC,Southern Europe,Europe,2020,2020,10959.0545014084
GRC,Southern Europe,Europe,2019,2010,11210.5337507418
GRC,Southern Europe,Europe,2018,2010,11463.057570083
GRC,Southern Europe,Europe,2017,2010,11324.03317899
GRC,Southern Europe,Europe,2016,2010,10988.6694664877
GRC,Southern Europe,Europe,2015,2010,11378.5553081513
GRC,Southern Europe,Europe,2014,2010,11597.5915876486
GRC,Southern Europe,Europe,2013,2010,11812.4455373586
GRC,Southern Europe,Europe,2012,2010,12086.3562415345
GRC,Southern Europe,Europe,2011,2010,12266.7672009086
GRC,Southern Europe,Europe,2010,2010,12431.6003804858
GRC,Southern Europe,Europe,2009,2000,12186.9127484913
GRC,Southern Europe,Europe,2008,2000,12607.0429308761
GRC,Southern Europe,Europe,2007,2000,12749.2170475372
GRC,Southern Europe,Europe,2006,2000,12883.7873979695
GRC,Southern Europe,Europe,2005,2000,12799.113206806
GRC,Southern Europe,Europe,2004,2000,12707.4729892307
GRC,Southern Europe,Europe,2003,2000,12680.8776542668
GRC,Southern Europe,Europe,2002,2000,12565.2305002924
GRC,Southern Europe,Europe,2001,2000,12469.8092766019
GRC,Southern Europe,Europe,2000,2000,13244.4643591349
GRC,Southern Europe,Europe,1999,1990,13237.9018351096
GRC,Southern Europe,Europe,1998,1990,13279.7233739177
GRC,Southern Europe,Europe,1997,1990,13041.51956176
GRC,Southern Europe,Europe,1996,1990,13093.0629927039
GRC,Southern Europe,Europe,1995,1990,12913.1478334047
GRC,Southern Europe,Europe,1994,1990,12714.4069302859
GRC,Southern Europe,Europe,1993,1990,12639.3646203138
GRC,Southern Europe,Europe,1992,1990,12588.5815791361
GRC,Southern Europe,Europe,1991,1990,12513.8569027114
GRC,Southern Europe,Europe,1990,1990,12526.7591923293
HUN,Eastern Europe,Europe,2021,2020,9206.95476478559
HUN,Eastern Europe,Europe,2020,2020,9207.07338452403
HUN,Eastern Europe,Europe,2019,2010,9219.78236641327
HUN,Eastern Europe,Europe,2018,2010,9298.43086589179
HUN,Eastern Europe,Europe,2017,2010,9369.32140052762
HUN,Eastern Europe,Europe,2016,2010,9347.59068487483
HUN,Eastern Europe,Europe,2015,2010,9451.01471941571
HUN,Eastern Europe,Europe,2014,2010,9422.6688687872
HUN,Eastern Europe,Europe,2013,2010,9633.62999608653
HUN,Eastern Europe,Europe,2012,2010,9783.34437649799
HUN,Eastern Europe,Europe,2011,2010,9662.02152746947
HUN,Eastern Europe,Europe,2010,2010,9780.51363353637
HUN,Eastern Europe,Europe,2009,2000,9745.4143365379
HUN,Eastern Europe,Europe,2008,2000,9779.49340815293
HUN,Eastern Europe,Europe,2007,2000,10013.0920947858
HUN,Eastern Europe,Europe,2006,2000,10204.4100144427
HUN,Eastern Europe,Europe,2005,2000,10470.0727862983
HUN,Eastern Europe,Europe,2004,2000,10781.3659730019
HUN,Eastern Europe,Europe,2003,2000,11218.6845230195
HUN,Eastern Europe,Europe,2002,2000,11151.7904209767
HUN,Eastern Europe,Europe,2001,2000,11299.4292800484
HUN,Eastern Europe,Europe,2000,2000,11520.6000855398
HUN,Eastern Europe,Europe,1999,1990,11430.9781398994
HUN,Eastern Europe,Europe,1998,1990,11395.6110018926
HUN,Eastern Europe,Europe,1997,1990,11525.7439542638
HUN,Eastern Europe,Europe,1996,1990,11610.0093258732
HUN,Eastern Europe,Europe,1995,1990,11537.6001914369
HUN,Eastern Europe,Europe,1994,1990,11636.2715410927
HUN,Eastern Europe,Europe,1993,1990,11959.08764172
HUN,Eastern Europe,Europe,1992,1990,12341.211463149
HUN,Eastern Europe,Europe,1991,1990,13586.2782123443
HUN,Eastern Europe,Europe,1990,1990,13801.4772634484
ISL,Northern Europe,Europe,2021,2020,654.079269297736
ISL,Northern Europe,Europe,2020,2020,651.909614892776
ISL,Northern Europe,Europe,2019,2010,632.396439925642
ISL,Northern Europe,Europe,2018,2010,685.072185621673
ISL,Northern Europe,Europe,2017,2010,686.79234031976
ISL,Northern Europe,Europe,2016,2010,700.918890341489
ISL,Northern Europe,Europe,2015,2010,714.625387512397
ISL,Northern Europe,Europe,2014,2010,709.02609173625
ISL,Northern Europe,Europe,2013,2010,700.822795081954
ISL,Northern Europe,Europe,2012,2010,699.264357363761
ISL,Northern Europe,Europe,2011,2010,731.948140032621
ISL,Northern Europe,Europe,2010,2010,755.448821727189
ISL,Northern Europe,Europe,2009,2000,759.522631892552
ISL,Northern Europe,Europe,2008,2000,767.425209006122
ISL,Northern Europe,Europe,2007,2000,781.562298703777
ISL,Northern Europe,Europe,2006,2000,772.350717370619
ISL,Northern Europe,Europe,2005,2000,734.661587077418
ISL,Northern Europe,Europe,2004,2000,747.260295322416
ISL,Northern Europe,Europe,2003,2000,754.799571174119
ISL,Northern Europe,Europe,2002,2000,767.775454015072
ISL,Northern Europe,Europe,2001,2000,763.320764212812
ISL,Northern Europe,Europe,2000,2000,755.252356204154
ISL,Northern Europe,Europe,1999,1990,756.312706325757
ISL,Northern Europe,Europe,1998,1990,754.426326329654
ISL,Northern Europe,Europe,1997,1990,754.264718267621
ISL,Northern Europe,Europe,1996,1990,752.373624003167
ISL,Northern Europe,Europe,1995,1990,731.619357699284
ISL,Northern Europe,Europe,1994,1990,734.082721692899
ISL,Northern Europe,Europe,1993,1990,728.144562542616
ISL,Northern Europe,Europe,1992,1990,714.573022890148
ISL,Northern Europe,Europe,1991,1990,712.135854930674
ISL,Northern Europe,Europe,1990,1990,717.891236008398
IRL,Northern Europe,Europe,2021,2020,17649.700240153
IRL,Northern Europe,Europe,2020,2020,17286.8298683263
IRL,Northern Europe,Europe,2019,2010,17043.0557564843
IRL,Northern Europe,Europe,2018,2010,17543.2656982606
IRL,Northern Europe,Europe,2017,2010,17177.2149544904
IRL,Northern Europe,Europe,2016,2010,16685.945513601
IRL,Northern Europe,Europe,2015,2010,16233.3835188692
IRL,Northern Europe,Europe,2014,2010,15642.7571413214
IRL,Northern Europe,Europe,2013,2010,15545.3181879879
IRL,Northern Europe,Europe,2012,2010,15230.3803724874
IRL,Northern Europe,Europe,2011,2010,14490.8495050737
IRL,Northern Europe,Europe,2010,2010,14535.08834976
IRL,Northern Europe,Europe,2009,2000,14854.8999598501
IRL,Northern Europe,Europe,2008,2000,15292.740794752
IRL,Northern Europe,Europe,2007,2000,15469.0601809603
IRL,Northern Europe,Europe,2006,2000,16451.2770851145
IRL,Northern Europe,Europe,2005,2000,16331.524662098
IRL,Northern Europe,Europe,2004,2000,16615.7959935872
IRL,Northern Europe,Europe,2003,2000,17729.1857523924
IRL,Northern Europe,Europe,2002,2000,16976.7426077517
IRL,Northern Europe,Europe,2001,2000,17010.900101806
IRL,Northern Europe,Europe,2000,2000,16885.6137554483
IRL,Northern Europe,Europe,1999,1990,17473.9361881965
IRL,Northern Europe,Europe,1998,1990,17937.3247473334
IRL,Northern Europe,Europe,1997,1990,17543.7484548449
IRL,Northern Europe,Europe,1996,1990,17458.1218040292
IRL,Northern Europe,Europe,1995,1990,17100.7326447889
IRL,Northern Europe,Europe,1994,1990,16973.742964239
IRL,Northern Europe,Europe,1993,1990,16959.0969491057
IRL,Northern Europe,Europe,1992,1990,16777.8781306992
IRL,Northern Europe,Europe,1991,1990,16513.9617622511
IRL,Northern Europe,Europe,1990,1990,16138.0389000643
ITA,Southern Europe,Europe,2021,2020,47087.0541894855
ITA,Southern Europe,Europe,2020,2020,47513.4093154766
ITA,Southern Europe,Europe,2019,2010,46762.3230853085
ITA,Southern Europe,Europe,2018,2010,47972.4340845334
ITA,Southern Europe,Europe,2017,2010,48783.9679589814
ITA,Southern Europe,Europe,2016,2010,48816.0201319111
ITA,Southern Europe,Europe,2015,2010,49315.5591501065
ITA,Southern Europe,Europe,2014,2010,49268.0551926014
ITA,Southern Europe,Europe,2013,2010,50332.1176483274
ITA,Southern Europe,Europe,2012,2010,51997.2601207308
ITA,Southern Europe,Europe,2011,2010,51386.9522301905
ITA,Southern Europe,Europe,2010,2010,52690.4568894696
ITA,Southern Europe,Europe,2009,2000,53177.2893317705
ITA,Southern Europe,Europe,2008,2000,53312.2589329848
ITA,Southern Europe,Europe,2007,2000,53932.209998516
ITA,Southern Europe,Europe,2006,2000,53157.8210427257
ITA,Southern Europe,Europe,2005,2000,54702.5562189407
ITA,Southern Europe,Europe,2004,2000,54173.8849236588
ITA,Southern Europe,Europe,2003,2000,56556.3658722735
ITA,Southern Europe,Europe,2002,2000,56276.9155981807
ITA,Southern Europe,Europe,2001,2000,58154.2849833338
ITA,Southern Europe,Europe,2000,2000,57706.2945464038
ITA,Southern Europe,Europe,1999,1990,57761.6951839096
ITA,Southern Europe,Europe,1998,1990,57745.8157675617
ITA,Southern Europe,Europe,1997,1990,58214.0980443073
ITA,Southern Europe,Europe,1996,1990,57656.6517689821
ITA,Southern Europe,Europe,1995,1990,57033.5724828753
ITA,Southern Europe,Europe,1994,1990,56518.4749222122
ITA,Southern Europe,Europe,1993,1990,56087.9828089079
ITA,Southern Europe,Europe,1992,1990,55749.3854043327
ITA,Southern Europe,Europe,1991,1990,55980.6004836795
ITA,Southern Europe,Europe,1990,1990,54975.3404829517
JPN,Eastern Asia,Asia,2021,2020,27361.3633177281
JPN,Eastern Asia,Asia,2020,2020,27379.8897505428
JPN,Eastern Asia,Asia,2019,2010,27483.882213975
JPN,Eastern Asia,Asia,2018,2010,27660.3435939688
JPN,Eastern Asia,Asia,2017,2010,28043.8395211533
JPN,Eastern Asia,Asia,2016,2010,28233.9125760622
JPN,Eastern Asia,Asia,2015,2010,28273.038754273
JPN,Eastern Asia,Asia,2014,2010,28644.6692412369
JPN,Eastern Asia,Asia,2013,2010,29143.2576800454
JPN,Eastern Asia,Asia,2012,2010,29202.0630299759
JPN,Eastern Asia,Asia,2011,2010,29857.2272806643
JPN,Eastern Asia,Asia,2010,2010,31072.985051965
JPN,Eastern Asia,Asia,2009,2000,31519.6188498435
JPN,Eastern Asia,Asia,2008,2000,32056.308041674
JPN,Eastern Asia,Asia,2007,2000,32854.3231104742
JPN,Eastern Asia,Asia,2006,2000,33481.7834735081
JPN,Eastern Asia,Asia,2005,2000,34053.7515477759
JPN,Eastern Asia,Asia,2004,2000,34068.2993038764
JPN,Eastern Asia,Asia,2003,2000,34381.5169914258
JPN,Eastern Asia,Asia,2002,2000,35288.3793823117
JPN,Eastern Asia,Asia,2001,2000,36115.4460935372
JPN,Eastern Asia,Asia,2000,2000,37285.6766251637
JPN,Eastern Asia,Asia,1999,1990,37937.0316590275
JPN,Eastern Asia,Asia,1998,1990,38321.5749169561
JPN,Eastern Asia,Asia,1997,1990,40014.5463699326
JPN,Eastern Asia,Asia,1996,1990,40490.2911103626
JPN,Eastern Asia,Asia,1995,1990,41755.9305948581
JPN,Eastern Asia,Asia,1994,1990,42944.6803234063
JPN,Eastern Asia,Asia,1993,1990,42911.7176163689
JPN,Eastern Asia,Asia,1992,1990,43812.1488318993
JPN,Eastern Asia,Asia,1991,1990,43880.709274968
JPN,Eastern Asia,Asia,1990,1990,44542.0260943465
LVA,Northern Europe,Europe,2021,2020,1889.56980311644
LVA,Northern Europe,Europe,2020,2020,1897.99318191421
LVA,Northern Europe,Europe,2019,2010,1920.8982486193
LVA,Northern Europe,Europe,2018,2010,1923.77566374815
LVA,Northern Europe,Europe,2017,2010,2019.58549472323
LVA,Northern Europe,Europe,2016,2010,1993.16656848127
LVA,Northern Europe,Europe,2015,2010,1967.73841736617
LVA,Northern Europe,Europe,2014,2010,2081.11651361722
LVA,Northern Europe,Europe,2013,2010,2028.3224083982
LVA,Northern Europe,Europe,2012,2010,2000.0177866387
LVA,Northern Europe,Europe,2011,2010,1950.7484266797
LVA,Northern Europe,Europe,2010,2010,2002.51501447289
LVA,Northern Europe,Europe,2009,2000,2084.56206764388
LVA,Northern Europe,Europe,2008,2000,2062.35797301834
LVA,Northern Europe,Europe,2007,2000,2086.25307971855
LVA,Northern Europe,Europe,2006,2000,2033.29239445749
LVA,Northern Europe,Europe,2005,2000,2091.50518868337
LVA,Northern Europe,Europe,2004,2000,2055.3458315015
LVA,Northern Europe,Europe,2003,2000,2113.65834462605
LVA,Northern Europe,Europe,2002,2000,2175.00178456347
LVA,Northern Europe,Europe,2001,2000,2207.6935474913
LVA,Northern Europe,Europe,2000,2000,2107.90280954182
LVA,Northern Europe,Europe,1999,1990,2115.58086976787
LVA,Northern Europe,Europe,1998,1990,2265.75666761409
LVA,Northern Europe,Europe,1997,1990,2363.12221191568
LVA,Northern Europe,Europe,1996,1990,2402.29841397058
LVA,Northern Europe,Europe,1995,1990,2443.50433710136
LVA,Northern Europe,Europe,1994,1990,2456.00534843786
LVA,Northern Europe,Europe,1993,1990,2648.44581984401
LVA,Northern Europe,Europe,1992,1990,3456.22586575714
LVA,Northern Europe,Europe,1991,1990,4007.84707958508
LVA,Northern Europe,Europe,1990,1990,4061.20773750298
LIE,Western Europe,Europe,2021,2020,21.8077411831664
LIE,Western Europe,Europe,2020,2020,22.0784812178045
LIE,Western Europe,Europe,2019,2010,21.9144648936063
LIE,Western Europe,Europe,2018,2010,21.1627104431504
LIE,Western Europe,Europe,2017,2010,20.8642468326698
LIE,Western Europe,Europe,2016,2010,21.4135840363374
LIE,Western Europe,Europe,2015,2010,21.285635205609
LIE,Western Europe,Europe,2014,2010,21.4773862228243
LIE,Western Europe,Europe,2013,2010,21.3216389058134
LIE,Western Europe,Europe,2012,2010,22.2574937749637
LIE,Western Europe,Europe,2011,2010,21.786921116506
LIE,Western Europe,Europe,2010,2010,21.3844565031317
LIE,Western Europe,Europe,2009,2000,22.0595343168152
LIE,Western Europe,Europe,2008,2000,22.2201011590516
LIE,Western Europe,Europe,2007,2000,22.0388421789438
LIE,Western Europe,Europe,2006,2000,21.7433775207365
LIE,Western Europe,Europe,2005,2000,20.7795719034425
LIE,Western Europe,Europe,2004,2000,20.2311052721882
LIE,Western Europe,Europe,2003,2000,20.1240338870046
LIE,Western Europe,Europe,2002,2000,19.9353699671661
LIE,Western Europe,Europe,2001,2000,19.7042978707851
LIE,Western Europe,Europe,2000,2000,18.6978816509988
LIE,Western Europe,Europe,1999,1990,19.1827798294185
LIE,Western Europe,Europe,1998,1990,19.9576469942758
LIE,Western Europe,Europe,1997,1990,20.0884058987912
LIE,Western Europe,Europe,1996,1990,20.411113549813
LIE,Western Europe,Europe,1995,1990,20.0759445758264
LIE,Western Europe,Europe,1994,1990,20.0861989775345
LIE,Western Europe,Europe,1993,1990,20.0170123742212
LIE,Western Europe,Europe,1992,1990,20.9584743755708
LIE,Western Europe,Europe,1991,1990,21.4654985871698
LIE,Western Europe,Europe,1990,1990,21.5448472789875
LTU,Northern Europe,Europe,2021,2020,3301.10271867869
LTU,Northern Europe,Europe,2020,2020,3321.77587604124
LTU,Northern Europe,Europe,2019,2010,3425.2800368403
LTU,Northern Europe,Europe,2018,2010,3487.21530458265
LTU,Northern Europe,Europe,2017,2010,3689.2527459906
LTU,Northern Europe,Europe,2016,2010,3767.37414383568
LTU,Northern Europe,Europe,2015,2010,3861.96853416284
LTU,Northern Europe,Europe,2014,2010,3888.76001800826
LTU,Northern Europe,Europe,2013,2010,3875.12134651509
LTU,Northern Europe,Europe,2012,2010,3948.95316400711
LTU,Northern Europe,Europe,2011,2010,3937.00999316109
LTU,Northern Europe,Europe,2010,2010,4092.5893073369
LTU,Northern Europe,Europe,2009,2000,4116.35505848871
LTU,Northern Europe,Europe,2008,2000,4213.07464850725
LTU,Northern Europe,Europe,2007,2000,4356.5083081987
LTU,Northern Europe,Europe,2006,2000,4397.39704685547
LTU,Northern Europe,Europe,2005,2000,4390.58328259329
LTU,Northern Europe,Europe,2004,2000,4401.09979931265
LTU,Northern Europe,Europe,2003,2000,4382.58935102043
LTU,Northern Europe,Europe,2002,2000,4312.37303343178
LTU,Northern Europe,Europe,2001,2000,4242.02337036497
LTU,Northern Europe,Europe,2000,2000,4339.00737706371
LTU,Northern Europe,Europe,1999,1990,4517.46966570527
LTU,Northern Europe,Europe,1998,1990,4755.48949138695
LTU,Northern Europe,Europe,1997,1990,4918.02080934802
LTU,Northern Europe,Europe,1996,1990,4889.33009857015
LTU,Northern Europe,Europe,1995,1990,4978.05451078868
LTU,Northern Europe,Europe,1994,1990,5269.74029634985
LTU,Northern Europe,Europe,1993,1990,5805.95331677745
LTU,Northern Europe,Europe,1992,1990,6644.70173442483
LTU,Northern Europe,Europe,1991,1990,7589.60395721401
LTU,Northern Europe,Europe,1990,1990,7808.49155343463
LUX,Western Europe,Europe,2021,2020,663.177117543914
LUX,Western Europe,Europe,2020,2020,667.828422038227
LUX,Western Europe,Europe,2019,2010,657.85052010985
LUX,Western Europe,Europe,2018,2010,674.308426282024
LUX,Western Europe,Europe,2017,2010,672.537247899723
LUX,Western Europe,Europe,2016,2010,671.972410411471
LUX,Western Europe,Europe,2015,2010,657.401413097704
LUX,Western Europe,Europe,2014,2010,655.573990706497
LUX,Western Europe,Europe,2013,2010,644.19845652434
LUX,Western Europe,Europe,2012,2010,638.837192452368
LUX,Western Europe,Europe,2011,2010,642.801616759372
LUX,Western Europe,Europe,2010,2010,672.559047589553
LUX,Western Europe,Europe,2009,2000,672.9908228016
LUX,Western Europe,Europe,2008,2000,672.070788761713
LUX,Western Europe,Europe,2007,2000,657.579326557052
LUX,Western Europe,Europe,2006,2000,649.056828528716
LUX,Western Europe,Europe,2005,2000,652.490866212625
LUX,Western Europe,Europe,2004,2000,648.110357642397
LUX,Western Europe,Europe,2003,2000,659.564749693657
LUX,Western Europe,Europe,2002,2000,668.684977183868
LUX,Western Europe,Europe,2001,2000,668.561131647332
LUX,Western Europe,Europe,2000,2000,665.016345302377
LUX,Western Europe,Europe,1999,1990,670.476735070654
LUX,Western Europe,Europe,1998,1990,670.851299709336
LUX,Western Europe,Europe,1997,1990,673.407809834032
LUX,Western Europe,Europe,1996,1990,677.050934859484
LUX,Western Europe,Europe,1995,1990,670.761428408413
LUX,Western Europe,Europe,1994,1990,654.279648293769
LUX,Western Europe,Europe,1993,1990,677.897998495124
LUX,Western Europe,Europe,1992,1990,667.99385352031
LUX,Western Europe,Europe,1991,1990,680.123144740309
LUX,Western Europe,Europe,1990,1990,677.029377260265
MLT,Southern Europe,Europe,2021,2020,241.701851538507
MLT,Southern Europe,Europe,2020,2020,232.556651209949
MLT,Southern Europe,Europe,2019,2010,224.825402454213
MLT,Southern Europe,Europe,2018,2010,209.422602851645
MLT,Southern Europe,Europe,2017,2010,201.122283614506
MLT,Southern Europe,Europe,2016,2010,204.392725559247
MLT,Southern Europe,Europe,2015,2010,192.566413557413
MLT,Southern Europe,Europe,2014,2010,179.350216421075
MLT,Southern Europe,Europe,2013,2010,166.165100095803
MLT,Southern Europe,Europe,2012,2010,168.443986278762
MLT,Southern Europe,Europe,2011,2010,163.991896769022
MLT,Southern Europe,Europe,2010,2010,166.072318395642
MLT,Southern Europe,Europe,2009,2000,180.013798306993
MLT,Southern Europe,Europe,2008,2000,164.966480778561
MLT,Southern Europe,Europe,2007,2000,257.561235031443
MLT,Southern Europe,Europe,2006,2000,252.139254905289
MLT,Southern Europe,Europe,2005,2000,245.491775720133
MLT,Southern Europe,Europe,2004,2000,243.512137477666
MLT,Southern Europe,Europe,2003,2000,231.841598418432
MLT,Southern Europe,Europe,2002,2000,224.824715861891
MLT,Southern Europe,Europe,2001,2000,217.380879473646
MLT,Southern Europe,Europe,2000,2000,212.90603086194
MLT,Southern Europe,Europe,1999,1990,207.835088732605
MLT,Southern Europe,Europe,1998,1990,199.089218095908
MLT,Southern Europe,Europe,1997,1990,193.332527331365
MLT,Southern Europe,Europe,1996,1990,185.304702202205
MLT,Southern Europe,Europe,1995,1990,175.650288696378
MLT,Southern Europe,Europe,1994,1990,170.94796500628
MLT,Southern Europe,Europe,1993,1990,164.9051255321
MLT,Southern Europe,Europe,1992,1990,156.992068155661
MLT,Southern Europe,Europe,1991,1990,148.798946547815
MLT,Southern Europe,Europe,1990,1990,139.733069063685
MCO,Western Europe,Europe,2021,2020,0.661563651731
MCO,Western Europe,Europe,2020,2020,0.719914906343
MCO,Western Europe,Europe,2019,2010,1.077272743602
MCO,Western Europe,Europe,2018,2010,1.33462172986175
MCO,Western Europe,Europe,2017,2010,1.356052424101
MCO,Western Europe,Europe,2016,2010,1.3332960469725
MCO,Western Europe,Europe,2015,2010,1.35543460750125
MCO,Western Europe,Europe,2014,2010,1.30881440372825
MCO,Western Europe,Europe,2013,2010,1.269526589165
MCO,Western Europe,Europe,2012,2010,1.30059486798175
MCO,Western Europe,Europe,2011,2010,1.15798398268425
MCO,Western Europe,Europe,2010,2010,1.25320399616975
MCO,Western Europe,Europe,2009,2000,1.01772577181175
MCO,Western Europe,Europe,2008,2000,1.89546622681725
MCO,Western Europe,Europe,2007,2000,1.854207521544
MCO,Western Europe,Europe,2006,2000,1.95361865051125
MCO,Western Europe,Europe,2005,2000,1.740462780462
MCO,Western Europe,Europe,2004,2000,1.5926441421605
MCO,Western Europe,Europe,2003,2000,1.281190711683
MCO,Western Europe,Europe,2002,2000,1.329202385137
MCO,Western Europe,Europe,2001,2000,1.29614235965175
MCO,Western Europe,Europe,2000,2000,1.464692285991
MCO,Western Europe,Europe,1999,1990,1.3911015703135
MCO,Western Europe,Europe,1998,1990,1.1359226312575
MCO,Western Europe,Europe,1997,1990,1.08596641961675
MCO,Western Europe,Europe,1996,1990,1.22040366650975
MCO,Western Europe,Europe,1995,1990,1.2132843845395
MCO,Western Europe,Europe,1994,1990,1.33442855421
MCO,Western Europe,Europe,1993,1990,1.58408825936825
MCO,Western Europe,Europe,1992,1990,1.887306805717
MCO,Western Europe,Europe,1991,1990,2.040297977156
MCO,Western Europe,Europe,1990,1990,2.199675828141
NLD,Western Europe,Europe,2021,2020,18715.262036838
NLD,Western Europe,Europe,2020,2020,18973.5695919547
NLD,Western Europe,Europe,2019,2010,19271.7370525398
NLD,Western Europe,Europe,2018,2010,19394.8096057902
NLD,Western Europe,Europe,2017,2010,20063.7270446338
NLD,Western Europe,Europe,2016,2010,20427.8661233751
NLD,Western Europe,Europe,2015,2010,20292.9203722861
NLD,Western Europe,Europe,2014,2010,20068.282452707
NLD,Western Europe,Europe,2013,2010,20558.0519814447
NLD,Western Europe,Europe,2012,2010,20578.0926433488
NLD,Western Europe,Europe,2011,2010,21045.0417073732
NLD,Western Europe,Europe,2010,2010,21680.9833567121
NLD,Western Europe,Europe,2009,2000,21760.9405589413
NLD,Western Europe,Europe,2008,2000,21950.0131101016
NLD,Western Europe,Europe,2007,2000,21691.6607930136
NLD,Western Europe,Europe,2006,2000,21639.7734473327
NLD,Western Europe,Europe,2005,2000,22141.6444634717
NLD,Western Europe,Europe,2004,2000,23787.0230659772
NLD,Western Europe,Europe,2003,2000,24241.8809799178
NLD,Western Europe,Europe,2002,2000,25107.8629009359
NLD,Western Europe,Europe,2001,2000,26385.8745867922
NLD,Western Europe,Europe,2000,2000,27117.4373147209
NLD,Western Europe,Europe,1999,1990,28369.6094309186
NLD,Western Europe,Europe,1998,1990,29799.5151906421
NLD,Western Europe,Europe,1997,1990,30610.7811702168
NLD,Western Europe,Europe,1996,1990,32464.0050339924
NLD,Western Europe,Europe,1995,1990,33227.4169578545
NLD,Western Europe,Europe,1994,1990,34059.6369380936
NLD,Western Europe,Europe,1993,1990,35221.0934840809
NLD,Western Europe,Europe,1992,1990,35721.5001810781
NLD,Western Europe,Europe,1991,1990,36181.1775754152
NLD,Western Europe,Europe,1990,1990,35730.769064472
NZL,Australia and New Zealand,Oceania,2021,2020,33019.3455811991
NZL,Australia and New Zealand,Oceania,2020,2020,33404.3671135728
NZL,Australia and New Zealand,Oceania,2019,2010,33557.2873622812
NZL,Australia and New Zealand,Oceania,2018,2010,33579.325223069
NZL,Australia and New Zealand,Oceania,2017,2010,33506.9289709128
NZL,Australia and New Zealand,Oceania,2016,2010,33558.1318867302
NZL,Australia and New Zealand,Oceania,2015,2010,34048.883213916
NZL,Australia and New Zealand,Oceania,2014,2010,34545.5471507529
NZL,Australia and New Zealand,Oceania,2013,2010,34294.3956562404
NZL,Australia and New Zealand,Oceania,2012,2010,34292.9562772483
NZL,Australia and New Zealand,Oceania,2011,2010,34111.9230497516
NZL,Australia and New Zealand,Oceania,2010,2010,33983.9134831853
NZL,Australia and New Zealand,Oceania,2009,2000,33677.9049650373
NZL,Australia and New Zealand,Oceania,2008,2000,33552.7428057709
NZL,Australia and New Zealand,Oceania,2007,2000,35040.7349594873
NZL,Australia and New Zealand,Oceania,2006,2000,36082.0475703506
NZL,Australia and New Zealand,Oceania,2005,2000,35845.3930488778
NZL,Australia and New Zealand,Oceania,2004,2000,35490.4254012574
NZL,Australia and New Zealand,Oceania,2003,2000,35431.4694246454
NZL,Australia and New Zealand,Oceania,2002,2000,35349.0137752339
NZL,Australia and New Zealand,Oceania,2001,2000,35725.7145686641
NZL,Australia and New Zealand,Oceania,2000,2000,35368.2781042923
NZL,Australia and New Zealand,Oceania,1999,1990,34599.4270835209
NZL,Australia and New Zealand,Oceania,1998,1990,34478.1182372325
NZL,Australia and New Zealand,Oceania,1997,1990,35118.1435203017
NZL,Australia and New Zealand,Oceania,1996,1990,34353.7286004768
NZL,Australia and New Zealand,Oceania,1995,1990,33712.1269998212
NZL,Australia and New Zealand,Oceania,1994,1990,33496.4623220969
NZL,Australia and New Zealand,Oceania,1993,1990,32671.84556299
NZL,Australia and New Zealand,Oceania,1992,1990,32376.5348291645
NZL,Australia and New Zealand,Oceania,1991,1990,32800.7258950351
NZL,Australia and New Zealand,Oceania,1990,1990,32580.698159399
NOR,Northern Europe,Europe,2021,2020,5256.60733871831
NOR,Northern Europe,Europe,2020,2020,5288.47391253243
NOR,Northern Europe,Europe,2019,2010,5299.85906450666
NOR,Northern Europe,Europe,2018,2010,5504.5857960773
NOR,Northern Europe,Europe,2017,2010,5593.08895526207
NOR,Northern Europe,Europe,2016,2010,5751.26501626163
NOR,Northern Europe,Europe,2015,2010,5848.43465548209
NOR,Northern Europe,Europe,2014,2010,5851.68018129706
NOR,Northern Europe,Europe,2013,2010,5913.73588419825
NOR,Northern Europe,Europe,2012,2010,6004.24486601479
NOR,Northern Europe,Europe,2011,2010,6109.46901046159
NOR,Northern Europe,Europe,2010,2010,6247.54494902274
NOR,Northern Europe,Europe,2009,2000,6239.38177216214
NOR,Northern Europe,Europe,2008,2000,6194.98613403161
NOR,Northern Europe,Europe,2007,2000,6364.40060424105
NOR,Northern Europe,Europe,2006,2000,6270.14930112487
NOR,Northern Europe,Europe,2005,2000,6432.41301839518
NOR,Northern Europe,Europe,2004,2000,6604.25122488245
NOR,Northern Europe,Europe,2003,2000,6726.95451997819
NOR,Northern Europe,Europe,2002,2000,6758.73894313135
NOR,Northern Europe,Europe,2001,2000,6907.86373876261
NOR,Northern Europe,Europe,2000,2000,6919.69449536801
NOR,Northern Europe,Europe,1999,1990,6910.3889547812
NOR,Northern Europe,Europe,1998,1990,6965.09631319147
NOR,Northern Europe,Europe,1997,1990,7222.45149920076
NOR,Northern Europe,Europe,1996,1990,7196.45384511138
NOR,Northern Europe,Europe,1995,1990,7189.84903228668
NOR,Northern Europe,Europe,1994,1990,7183.74465554206
NOR,Northern Europe,Europe,1993,1990,7087.27779985663
NOR,Northern Europe,Europe,1992,1990,6924.23942410504
NOR,Northern Europe,Europe,1991,1990,6828.33577032759
NOR,Northern Europe,Europe,1990,1990,6982.07704641314
POL,Eastern Europe,Europe,2021,2020,42704.7105092958
POL,Eastern Europe,Europe,2020,2020,43188.1075551609
POL,Eastern Europe,Europe,2019,2010,43534.4984870151
POL,Eastern Europe,Europe,2018,2010,46444.8183802051
POL,Eastern Europe,Europe,2017,2010,45871.7519932482
POL,Eastern Europe,Europe,2016,2010,45468.0546350435
POL,Eastern Europe,Europe,2015,2010,45941.2287281747
POL,Eastern Europe,Europe,2014,2010,45169.2784000748
POL,Eastern Europe,Europe,2013,2010,45834.0347878708
POL,Eastern Europe,Europe,2012,2010,45607.7326601984
POL,Eastern Europe,Europe,2011,2010,46170.0254805526
POL,Eastern Europe,Europe,2010,2010,47759.4314195983
POL,Eastern Europe,Europe,2009,2000,48085.4595701405
POL,Eastern Europe,Europe,2008,2000,49855.3080482466
POL,Eastern Europe,Europe,2007,2000,50350.2675390084
POL,Eastern Europe,Europe,2006,2000,51599.7190610424
POL,Eastern Europe,Europe,2005,2000,51776.8762011722
POL,Eastern Europe,Europe,2004,2000,51679.0420914904
POL,Eastern Europe,Europe,2003,2000,52320.6799058444
POL,Eastern Europe,Europe,2002,2000,52209.3223384056
POL,Eastern Europe,Europe,2001,2000,54294.3156943018
POL,Eastern Europe,Europe,2000,2000,52447.0096176575
POL,Eastern Europe,Europe,1999,1990,54736.8303580129
POL,Eastern Europe,Europe,1998,1990,56425.0998537848
POL,Eastern Europe,Europe,1997,1990,58799.6343113512
POL,Eastern Europe,Europe,1996,1990,59321.1437882153
POL,Eastern Europe,Europe,1995,1990,60267.9957725216
POL,Eastern Europe,Europe,1994,1990,61754.1268372788
POL,Eastern Europe,Europe,1993,1990,62905.3780362954
POL,Eastern Europe,Europe,1992,1990,64263.8984905859
POL,Eastern Europe,Europe,1991,1990,65671.8075127129
POL,Eastern Europe,Europe,1990,1990,69949.2253588715
PRT,Southern Europe,Europe,2021,2020,10272.7780764246
PRT,Southern Europe,Europe,2020,2020,10235.3573417197
PRT,Southern Europe,Europe,2019,2010,10431.7917191534
PRT,Southern Europe,Europe,2018,2010,10389.4855746152
PRT,Southern Europe,Europe,2017,2010,10422.9342131538
PRT,Southern Europe,Europe,2016,2010,10369.9637033881
PRT,Southern Europe,Europe,2015,2010,10437.9063978803
PRT,Southern Europe,Europe,2014,2010,10660.6890770819
PRT,Southern Europe,Europe,2013,2010,10800.5177593678
PRT,Southern Europe,Europe,2012,2010,11061.7823399108
PRT,Southern Europe,Europe,2011,2010,11331.4381794414
PRT,Southern Europe,Europe,2010,2010,11442.1960236152
PRT,Southern Europe,Europe,2009,2000,11656.224179323
PRT,Southern Europe,Europe,2008,2000,11829.9483253405
PRT,Southern Europe,Europe,2007,2000,12086.3847278252
PRT,Southern Europe,Europe,2006,2000,12295.7365866909
PRT,Southern Europe,Europe,2005,2000,12396.0570079843
PRT,Southern Europe,Europe,2004,2000,12472.7592716188
PRT,Southern Europe,Europe,2003,2000,12478.9772874827
PRT,Southern Europe,Europe,2002,2000,12473.4726121934
PRT,Southern Europe,Europe,2001,2000,12449.9655947196
PRT,Southern Europe,Europe,2000,2000,12452.605149754
PRT,Southern Europe,Europe,1999,1990,12228.0809700454
PRT,Southern Europe,Europe,1998,1990,11961.2817427979
PRT,Southern Europe,Europe,1997,1990,11736.0750265532
PRT,Southern Europe,Europe,1996,1990,11520.6015714136
PRT,Southern Europe,Europe,1995,1990,11313.0269013867
PRT,Southern Europe,Europe,1994,1990,11137.5875022215
PRT,Southern Europe,Europe,1993,1990,10993.9141097441
PRT,Southern Europe,Europe,1992,1990,10927.8502974451
PRT,Southern Europe,Europe,1991,1990,10872.7866313732
PRT,Southern Europe,Europe,1990,1990,10736.4749169206
ROU,Eastern Europe,Europe,2021,2020,25785.3487833688
ROU,Eastern Europe,Europe,2020,2020,26340.5800006445
ROU,Eastern Europe,Europe,2019,2010,26678.4367506101
ROU,Eastern Europe,Europe,2018,2010,26446.6298704092
ROU,Eastern Europe,Europe,2017,2010,26956.6851335651
ROU,Eastern Europe,Europe,2016,2010,27424.6442906296
ROU,Eastern Europe,Europe,2015,2010,28061.7725271453
ROU,Eastern Europe,Europe,2014,2010,28235.5306466274
ROU,Eastern Europe,Europe,2013,2010,28464.3108749501
ROU,Eastern Europe,Europe,2012,2010,29080.6130555763
ROU,Eastern Europe,Europe,2011,2010,28930.5255146477
ROU,Eastern Europe,Europe,2010,2010,29798.931801357
ROU,Eastern Europe,Europe,2009,2000,32156.907793196
ROU,Eastern Europe,Europe,2008,2000,33794.8203127945
ROU,Eastern Europe,Europe,2007,2000,35008.633319413
ROU,Eastern Europe,Europe,2006,2000,36056.3643857402
ROU,Eastern Europe,Europe,2005,2000,36857.2815238005
ROU,Eastern Europe,Europe,2004,2000,36548.1600441333
ROU,Eastern Europe,Europe,2003,2000,38144.7868229103
ROU,Eastern Europe,Europe,2002,2000,36865.4369971846
ROU,Eastern Europe,Europe,2001,2000,34466.5107946507
ROU,Eastern Europe,Europe,2000,2000,35995.7939910106
ROU,Eastern Europe,Europe,1999,1990,47955.8775919827
ROU,Eastern Europe,Europe,1998,1990,49257.9052695244
ROU,Eastern Europe,Europe,1997,1990,51824.0770915038
ROU,Eastern Europe,Europe,1996,1990,46816.6742810189
ROU,Eastern Europe,Europe,1995,1990,46832.551934695
ROU,Eastern Europe,Europe,1994,1990,45625.8791279111
ROU,Eastern Europe,Europe,1993,1990,45617.508631244
ROU,Eastern Europe,Europe,1992,1990,47349.9958030037
ROU,Eastern Europe,Europe,1991,1990,51199.438725976
ROU,Eastern Europe,Europe,1990,1990,59043.1278089874
RUS,Eastern Europe,Europe,2021,2020,314778.311701588
RUS,Eastern Europe,Europe,2020,2020,299884.330955944
RUS,Eastern Europe,Europe,2019,2010,308733.012598769
RUS,Eastern Europe,Europe,2018,2010,305211.847405378
RUS,Eastern Europe,Europe,2017,2010,295603.693475846
RUS,Eastern Europe,Europe,2016,2010,289469.961409929
RUS,Eastern Europe,Europe,2015,2010,289930.20317483
RUS,Eastern Europe,Europe,2014,2010,292561.731223869
RUS,Eastern Europe,Europe,2013,2010,295763.703865609
RUS,Eastern Europe,Europe,2012,2010,299471.005419169
RUS,Eastern Europe,Europe,2011,2010,298550.971561171
RUS,Eastern Europe,Europe,2010,2010,296460.619736534
RUS,Eastern Europe,Europe,2009,2000,288117.540180829
RUS,Eastern Europe,Europe,2008,2000,308380.98914575
RUS,Eastern Europe,Europe,2007,2000,310264.919336688
RUS,Eastern Europe,Europe,2006,2000,311076.267235907
RUS,Eastern Europe,Europe,2005,2000,309480.991830741
RUS,Eastern Europe,Europe,2004,2000,310990.466917603
RUS,Eastern Europe,Europe,2003,2000,309278.923456904
RUS,Eastern Europe,Europe,2002,2000,300953.219117448
RUS,Eastern Europe,Europe,2001,2000,304587.769262954
RUS,Eastern Europe,Europe,2000,2000,304963.235169955
RUS,Eastern Europe,Europe,1999,1990,301362.032163904
RUS,Eastern Europe,Europe,1998,1990,299329.058694425
RUS,Eastern Europe,Europe,1997,1990,310152.004772476
RUS,Eastern Europe,Europe,1996,1990,323227.07725441
RUS,Eastern Europe,Europe,1995,1990,333981.3553487
RUS,Eastern Europe,Europe,1994,1990,350439.452756203
RUS,Eastern Europe,Europe,1993,1990,377175.593257316
RUS,Eastern Europe,Europe,1992,1990,395283.327708852
RUS,Eastern Europe,Europe,1991,1990,416940.059426458
RUS,Eastern Europe,Europe,1990,1990,438513.496193039
SVK,Eastern Europe,Europe,2021,2020,3700.76466857207
SVK,Eastern Europe,Europe,2020,2020,3699.93648230423
SVK,Eastern Europe,Europe,2019,2010,3756.24494982632
SVK,Eastern Europe,Europe,2018,2010,3783.44410098597
SVK,Eastern Europe,Europe,2017,2010,3897.02139599509
SVK,Eastern Europe,Europe,2016,2010,3927.50078749763
SVK,Eastern Europe,Europe,2015,2010,3980.85237890414
SVK,Eastern Europe,Europe,2014,2010,3974.11827629994
SVK,Eastern Europe,Europe,2013,2010,4181.46156847958
SVK,Eastern Europe,Europe,2012,2010,4198.18234976183
SVK,Eastern Europe,Europe,2011,2010,4335.43284903288
SVK,Eastern Europe,Europe,2010,2010,4379.65544949883
SVK,Eastern Europe,Europe,2009,2000,4394.70842844198
SVK,Eastern Europe,Europe,2008,2000,4566.17474062607
SVK,Eastern Europe,Europe,2007,2000,4578.24375408137
SVK,Eastern Europe,Europe,2006,2000,4699.69908160012
SVK,Eastern Europe,Europe,2005,2000,4865.34100482801
SVK,Eastern Europe,Europe,2004,2000,4893.12885871298
SVK,Eastern Europe,Europe,2003,2000,4914.14161759322
SVK,Eastern Europe,Europe,2002,2000,5140.1182329411
SVK,Eastern Europe,Europe,2001,2000,5259.5368950307
SVK,Eastern Europe,Europe,2000,2000,5414.10215473477
SVK,Eastern Europe,Europe,1999,1990,5652.92028095861
SVK,Eastern Europe,Europe,1998,1990,5756.42571050782
SVK,Eastern Europe,Europe,1997,1990,5911.50447550381
SVK,Eastern Europe,Europe,1996,1990,6168.30763587443
SVK,Eastern Europe,Europe,1995,1990,6321.98806592346
SVK,Eastern Europe,Europe,1994,1990,6333.41856778301
SVK,Eastern Europe,Europe,1993,1990,6687.5555417442
SVK,Eastern Europe,Europe,1992,1990,7022.54670157572
SVK,Eastern Europe,Europe,1991,1990,7784.1593167926
SVK,Eastern Europe,Europe,1990,1990,8176.89695162167
SVN,Southern Europe,Europe,2021,2020,2085.1196505767
SVN,Southern Europe,Europe,2020,2020,2131.29003900218
SVN,Southern Europe,Europe,2019,2010,2163.67876410247
SVN,Southern Europe,Europe,2018,2010,2176.33120974369
SVN,Southern Europe,Europe,2017,2010,2248.22332665545
SVN,Southern Europe,Europe,2016,2010,2297.66799157522
SVN,Southern Europe,Europe,2015,2010,2258.08161385324
SVN,Southern Europe,Europe,2014,2010,2187.67027464797
SVN,Southern Europe,Europe,2013,2010,2298.54201836812
SVN,Southern Europe,Europe,2012,2010,2362.94540279647
SVN,Southern Europe,Europe,2011,2010,2419.9736888494
SVN,Southern Europe,Europe,2010,2010,2431.02960204295
SVN,Southern Europe,Europe,2009,2000,2465.6654411007
SVN,Southern Europe,Europe,2008,2000,2566.52269483736
SVN,Southern Europe,Europe,2007,2000,2695.51419404307
SVN,Southern Europe,Europe,2006,2000,2673.93286708396
SVN,Southern Europe,Europe,2005,2000,2752.95408553097
SVN,Southern Europe,Europe,2004,2000,2752.35161331288
SVN,Southern Europe,Europe,2003,2000,2790.2276460215
SVN,Southern Europe,Europe,2002,2000,2825.85195676515
SVN,Southern Europe,Europe,2001,2000,2796.00053542606
SVN,Southern Europe,Europe,2000,2000,2790.01293212236
SVN,Southern Europe,Europe,1999,1990,2686.11453654814
SVN,Southern Europe,Europe,1998,1990,2680.79827351954
SVN,Southern Europe,Europe,1997,1990,2620.86811205248
SVN,Southern Europe,Europe,1996,1990,2601.73328242711
SVN,Southern Europe,Europe,1995,1990,2648.28030117661
SVN,Southern Europe,Europe,1994,1990,2616.01426990258
SVN,Southern Europe,Europe,1993,1990,2622.66020534437
SVN,Southern Europe,Europe,1992,1990,2745.38624536592
SVN,Southern Europe,Europe,1991,1990,2726.73031155374
SVN,Southern Europe,Europe,1990,1990,2833.71256439222
ESP,Southern Europe,Europe,2021,2020,41492.4676364968
ESP,Southern Europe,Europe,2020,2020,41467.049323032
ESP,Southern Europe,Europe,2019,2010,41433.0838216104
ESP,Southern Europe,Europe,2018,2010,42044.3255082839
ESP,Southern Europe,Europe,2017,2010,41995.9296016419
ESP,Southern Europe,Europe,2016,2010,41823.871240802
ESP,Southern Europe,Europe,2015,2010,42287.8626831104
ESP,Southern Europe,Europe,2014,2010,40716.5830699435
ESP,Southern Europe,Europe,2013,2010,41536.2978659364
ESP,Southern Europe,Europe,2012,2010,42934.1269046506
ESP,Southern Europe,Europe,2011,2010,44170.3520957107
ESP,Southern Europe,Europe,2010,2010,43789.8561851972
ESP,Southern Europe,Europe,2009,2000,45904.227878249
ESP,Southern Europe,Europe,2008,2000,44403.0845092679
ESP,Southern Europe,Europe,2007,2000,46065.5625846709
ESP,Southern Europe,Europe,2006,2000,44939.3134362037
ESP,Southern Europe,Europe,2005,2000,45439.0292569378
ESP,Southern Europe,Europe,2004,2000,46519.1503981506
ESP,Southern Europe,Europe,2003,2000,47445.458395336
ESP,Southern Europe,Europe,2002,2000,47239.6555582869
ESP,Southern Europe,Europe,2001,2000,47223.7846216446
ESP,Southern Europe,Europe,2000,2000,46910.0455377982
ESP,Southern Europe,Europe,1999,1990,45406.2928780706
ESP,Southern Europe,Europe,1998,1990,44718.2543853672
ESP,Southern Europe,Europe,1997,1990,44508.5784034761
ESP,Southern Europe,Europe,1996,1990,43683.8554708217
ESP,Southern Europe,Europe,1995,1990,41989.6828651305
ESP,Southern Europe,Europe,1994,1990,41128.4832328741
ESP,Southern Europe,Europe,1993,1990,39949.1152767671
ESP,Southern Europe,Europe,1992,1990,40328.6597380246
ESP,Southern Europe,Europe,1991,1990,39599.1457063849
ESP,Southern Europe,Europe,1990,1990,40972.967062181
SWE,Northern Europe,Europe,2021,2020,4519.67604866978
SWE,Northern Europe,Europe,2020,2020,4588.7140166631
SWE,Northern Europe,Europe,2019,2010,4675.48778322772
SWE,Northern Europe,Europe,2018,2010,4832.65007115087
SWE,Northern Europe,Europe,2017,2010,4932.13875489557
SWE,Northern Europe,Europe,2016,2010,4971.15825769929
SWE,Northern Europe,Europe,2015,2010,5058.33011107743
SWE,Northern Europe,Europe,2014,2010,5188.47092652102
SWE,Northern Europe,Europe,2013,2010,5350.97587167894
SWE,Northern Europe,Europe,2012,2010,5455.4187192554
SWE,Northern Europe,Europe,2011,2010,5660.48701084747
SWE,Northern Europe,Europe,2010,2010,5833.32611312949
SWE,Northern Europe,Europe,2009,2000,5962.42658824409
SWE,Northern Europe,Europe,2008,2000,6131.99357153737
SWE,Northern Europe,Europe,2007,2000,6438.74952203346
SWE,Northern Europe,Europe,2006,2000,6731.43790197352
SWE,Northern Europe,Europe,2005,2000,6864.03231127422
SWE,Northern Europe,Europe,2004,2000,7079.71795937317
SWE,Northern Europe,Europe,2003,2000,7055.12453711218
SWE,Northern Europe,Europe,2002,2000,7295.21782083583
SWE,Northern Europe,Europe,2001,2000,7578.93775729388
SWE,Northern Europe,Europe,2000,2000,7658.10941120221
SWE,Northern Europe,Europe,1999,1990,7842.30024873473
SWE,Northern Europe,Europe,1998,1990,8059.34236706545
SWE,Northern Europe,Europe,1997,1990,8175.55320398757
SWE,Northern Europe,Europe,1996,1990,8245.75346152538
SWE,Northern Europe,Europe,1995,1990,8232.41002398216
SWE,Northern Europe,Europe,1994,1990,8329.41329801677
SWE,Northern Europe,Europe,1993,1990,8402.99842996636
SWE,Northern Europe,Europe,1992,1990,8433.9293535465
SWE,Northern Europe,Europe,1991,1990,8287.86262605582
SWE,Northern Europe,Europe,1990,1990,8297.43516801874
CHE,Western Europe,Europe,2021,2020,5103.99734581896
CHE,Western Europe,Europe,2020,2020,5092.86457177067
CHE,Western Europe,Europe,2019,2010,5149.372321699
CHE,Western Europe,Europe,2018,2010,5238.85619945319
CHE,Western Europe,Europe,2017,2010,5271.97404966116
CHE,Western Europe,Europe,2016,2010,5335.96895158876
CHE,Western Europe,Europe,2015,2010,5375.06460603219
CHE,Western Europe,Europe,2014,2010,5405.68539376496
CHE,Western Europe,Europe,2013,2010,5418.00547088694
CHE,Western Europe,Europe,2012,2010,5497.89839340102
CHE,Western Europe,Europe,2011,2010,5520.07026953351
CHE,Western Europe,Europe,2010,2010,5580.80342892038
CHE,Western Europe,Europe,2009,2000,5609.91755432588
CHE,Western Europe,Europe,2008,2000,5727.27915790019
CHE,Western Europe,Europe,2007,2000,5644.77454897786
CHE,Western Europe,Europe,2006,2000,5667.80745942673
CHE,Western Europe,Europe,2005,2000,5654.43821372858
CHE,Western Europe,Europe,2004,2000,5609.78016655212
CHE,Western Europe,Europe,2003,2000,5627.58096368195
CHE,Western Europe,Europe,2002,2000,5717.48394654493
CHE,Western Europe,Europe,2001,2000,5772.31042146469
CHE,Western Europe,Europe,2000,2000,5739.32941857841
CHE,Western Europe,Europe,1999,1990,5791.86084079705
CHE,Western Europe,Europe,1998,1990,5885.49684874287
CHE,Western Europe,Europe,1997,1990,5955.17613478396
CHE,Western Europe,Europe,1996,1990,6118.67539199713
CHE,Western Europe,Europe,1995,1990,6176.64741275339
CHE,Western Europe,Europe,1994,1990,6170.14520201846
CHE,Western Europe,Europe,1993,1990,6246.58413639192
CHE,Western Europe,Europe,1992,1990,6364.34466865653
CHE,Western Europe,Europe,1991,1990,6440.51706403353
CHE,Western Europe,Europe,1990,1990,6512.69819762558
TUR,Western Asia,Asia,2021,2020,64020.2295680268
TUR,Western Asia,Asia,2020,2020,63893.7581784642
TUR,Western Asia,Asia,2019,2010,63216.5015367444
TUR,Western Asia,Asia,2018,2010,60409.2275369735
TUR,Western Asia,Asia,2017,2010,56817.0864752698
TUR,Western Asia,Asia,2016,2010,55581.9903949828
TUR,Western Asia,Asia,2015,2010,52784.7986675397
TUR,Western Asia,Asia,2014,2010,58545.0588814237
TUR,Western Asia,Asia,2013,2010,56663.0330444977
TUR,Western Asia,Asia,2012,2010,57830.0166268763
TUR,Western Asia,Asia,2011,2010,54165.5577230848
TUR,Western Asia,Asia,2010,2010,51645.2791405137
TUR,Western Asia,Asia,2009,2000,49885.8416754784
TUR,Western Asia,Asia,2008,2000,50158.793329519
TUR,Western Asia,Asia,2007,2000,49089.6520569444
TUR,Western Asia,Asia,2006,2000,46610.1519737983
TUR,Western Asia,Asia,2005,2000,45171.9450474981
TUR,Western Asia,Asia,2004,2000,43501.2386789512
TUR,Western Asia,Asia,2003,2000,42958.0616453848
TUR,Western Asia,Asia,2002,2000,40956.3292655993
TUR,Western Asia,Asia,2001,2000,42902.485767771
TUR,Western Asia,Asia,2000,2000,43667.2890116799
TUR,Western Asia,Asia,1999,1990,43789.4827555542
TUR,Western Asia,Asia,1998,1990,42421.87482441
TUR,Western Asia,Asia,1997,1990,42231.3140320838
TUR,Western Asia,Asia,1996,1990,42968.9464362747
TUR,Western Asia,Asia,1995,1990,42613.4712368347
TUR,Western Asia,Asia,1994,1990,42787.8783923212
TUR,Western Asia,Asia,1993,1990,43065.5401742494
TUR,Western Asia,Asia,1992,1990,43288.202232832
TUR,Western Asia,Asia,1991,1990,43377.4289281148
TUR,Western Asia,Asia,1990,1990,42487.5434745666
UKR,Eastern Europe,Europe,2021,2020,71536.7055844066
UKR,Eastern Europe,Europe,2020,2020,71698.7367096507
UKR,Eastern Europe,Europe,2019,2010,70052.0024305109
UKR,Eastern Europe,Europe,2018,2010,67923.0910617137
UKR,Eastern Europe,Europe,2017,2010,64127.740686916
UKR,Eastern Europe,Europe,2016,2010,66375.0069364493
UKR,Eastern Europe,Europe,2015,2010,61552.6320795045
UKR,Eastern Europe,Europe,2014,2010,68919.9016692944
UKR,Eastern Europe,Europe,2013,2010,75456.8938942615
UKR,Eastern Europe,Europe,2012,2010,80661.0053836231
UKR,Eastern Europe,Europe,2011,2010,86193.9622581016
UKR,Eastern Europe,Europe,2010,2010,84818.3933490205
UKR,Eastern Europe,Europe,2009,2000,85419.2075731244
UKR,Eastern Europe,Europe,2008,2000,93533.1880910147
UKR,Eastern Europe,Europe,2007,2000,100253.177472531
UKR,Eastern Europe,Europe,2006,2000,100457.005832326
UKR,Eastern Europe,Europe,2005,2000,102794.221048875
UKR,Eastern Europe,Europe,2004,2000,106877.960084931
UKR,Eastern Europe,Europe,2003,2000,110032.772492528
UKR,Eastern Europe,Europe,2002,2000,109420.194688997
UKR,Eastern Europe,Europe,2001,2000,116858.723732208
UKR,Eastern Europe,Europe,2000,2000,118324.335085966
UKR,Eastern Europe,Europe,1999,1990,127287.580025725
UKR,Eastern Europe,Europe,1998,1990,126023.187198675
UKR,Eastern Europe,Europe,1997,1990,129743.832852196
UKR,Eastern Europe,Europe,1996,1990,135049.881651786
UKR,Eastern Europe,Europe,1995,1990,139031.652653031
UKR,Eastern Europe,Europe,1994,1990,149257.110000002
UKR,Eastern Europe,Europe,1993,1990,158689.729062666
UKR,Eastern Europe,Europe,1992,1990,167120.335584975
UKR,Eastern Europe,Europe,1991,1990,175031.951045144
UKR,Eastern Europe,Europe,1990,1990,182891.68139629
GBR,Northern Europe,Europe,2021,2020,51738.6580955582
GBR,Northern Europe,Europe,2020,2020,52265.8076272561
GBR,Northern Europe,Europe,2019,2010,54691.2854269825
GBR,Northern Europe,Europe,2018,2010,55171.6634832871
GBR,Northern Europe,Europe,2017,2010,55679.3551386904
GBR,Northern Europe,Europe,2016,2010,55295.4670130961
GBR,Northern Europe,Europe,2015,2010,57334.2867764761
GBR,Northern Europe,Europe,2014,2010,58440.2498800096
GBR,Northern Europe,Europe,2013,2010,60648.0425106848
GBR,Northern Europe,Europe,2012,2010,65358.1530526688
GBR,Northern Europe,Europe,2011,2010,67146.2015341169
GBR,Northern Europe,Europe,2010,2010,70128.1227350461
GBR,Northern Europe,Europe,2009,2000,75358.8200959434
GBR,Northern Europe,Europe,2008,2000,80218.2298182346
GBR,Northern Europe,Europe,2007,2000,86689.07109695
GBR,Northern Europe,Europe,2006,2000,90983.2606305213
GBR,Northern Europe,Europe,2005,2000,95710.6028938608
GBR,Northern Europe,Europe,2004,2000,100635.344950231
GBR,Northern Europe,Europe,2003,2000,105678.727835003
GBR,Northern Europe,Europe,2002,2000,111197.237233435
GBR,Northern Europe,Europe,2001,2000,113866.170194892
GBR,Northern Europe,Europe,2000,2000,118800.294622013
GBR,Northern Europe,Europe,1999,1990,124864.525011363
GBR,Northern Europe,Europe,1998,1990,131171.187251971
GBR,Northern Europe,Europe,1997,1990,135013.995930201
GBR,Northern Europe,Europe,1996,1990,137770.02139424
GBR,Northern Europe,Europe,1995,1990,138616.55161535
GBR,Northern Europe,Europe,1994,1990,136756.202150671
GBR,Northern Europe,Europe,1993,1990,144399.804472036
GBR,Northern Europe,Europe,1992,1990,146004.779544641
GBR,Northern Europe,Europe,1991,1990,146184.121457022
GBR,Northern Europe,Europe,1990,1990,145315.661611159
USA,Northern America,Americas,2021,2020,727444.742370365
USA,Northern America,Americas,2020,2020,742248.620059557
USA,Northern America,Americas,2019,2010,767779.397441959
USA,Northern America,Americas,2018,2010,774039.875466981
USA,Northern America,Americas,2017,2010,762657.938651917
USA,Northern America,Americas,2016,2010,745432.535415428
USA,Northern America,Americas,2015,2010,771325.761077485
USA,Northern America,Americas,2014,2010,772049.542555228
USA,Northern America,Americas,2013,2010,774799.726947997
USA,Northern America,Americas,2012,2010,771384.364246333
USA,Northern America,Americas,2011,2010,783604.704439019
USA,Northern America,Americas,2010,2010,808183.754701139
USA,Northern America,Americas,2009,2000,803348.256834018
USA,Northern America,Americas,2008,2000,814669.966436698
USA,Northern America,Americas,2007,2000,803478.219264289
USA,Northern America,Americas,2006,2000,798538.963111416
USA,Northern America,Americas,2005,2000,791054.415064394
USA,Northern America,Americas,2004,2000,790812.766596655
USA,Northern America,Americas,2003,2000,794486.575111768
USA,Northern America,Americas,2002,2000,794450.442161131
USA,Northern America,Americas,2001,2000,801082.984387746
USA,Northern America,Americas,2000,2000,809526.092211587
USA,Northern America,Americas,1999,1990,812531.895753909
USA,Northern America,Americas,1998,1990,830142.364807475
USA,Northern America,Americas,1997,1990,845140.466310385
USA,Northern America,Americas,1996,1990,859731.313580896
USA,Northern America,Americas,1995,1990,865942.359711799
USA,Northern America,Americas,1994,1990,871453.854052478
USA,Northern America,Americas,1993,1990,863427.392311813
USA,Northern America,Americas,1992,1990,874449.600461164
USA,Northern America,Americas,1991,1990,874354.993104547
USA,Northern America,Americas,1990,1990,868661.001476945
